"response","method","Pick","fitted_value_raw","fitted_value_scaled","shift_value","epsilon_added","raw_sum","adjusted_sum"
"GP_sum","Loess",1,331.408526054758,20.4203534213144,0,0,16229.3237152713,16229.3237152713
"GP_sum","Loess",2,326.057787845856,20.0906577234051,0,0,16229.3237152713,16229.3237152713
"GP_sum","Loess",3,320.737627721099,19.7628461510873,0,0,16229.3237152713,16229.3237152713
"GP_sum","Loess",4,315.448242901674,19.4369308565117,0,0,16229.3237152713,16229.3237152713
"GP_sum","Loess",5,310.189587784882,19.1129090297831,0,0,16229.3237152713,16229.3237152713
"GP_sum","Loess",6,304.961450388281,18.7907676092086,0,0,16229.3237152713,16229.3237152713
"GP_sum","Loess",7,299.763485049909,18.4704852961828,0,0,16229.3237152713,16229.3237152713
"GP_sum","Loess",8,294.595164385859,18.1520295949643,0,0,16229.3237152713,16229.3237152713
"GP_sum","Loess",9,289.455812293704,17.8353588462429,0,0,16229.3237152713,16229.3237152713
"GP_sum","Loess",10,284.344664553913,17.5204259612096,0,0,16229.3237152713,16229.3237152713
"GP_sum","Loess",11,279.260816548206,17.2071752001244,0,0,16229.3237152713,16229.3237152713
"GP_sum","Loess",12,274.203325953323,16.8955484999851,0,0,16229.3237152713,16229.3237152713
"GP_sum","Loess",13,269.171317843107,16.5854919505873,0,0,16229.3237152713,16229.3237152713
"GP_sum","Loess",14,264.163888496929,16.2769498675018,0,0,16229.3237152713,16229.3237152713
"GP_sum","Loess",15,259.180132371843,15.9698664540139,0,0,16229.3237152713,16229.3237152713
"GP_sum","Loess",16,254.219050665214,15.6641801670394,0,0,16229.3237152713,16229.3237152713
"GP_sum","Loess",17,249.279595210702,15.3598264218575,0,0,16229.3237152713,16229.3237152713
"GP_sum","Loess",18,244.360631414276,15.0567353083444,0,0,16229.3237152713,16229.3237152713
"GP_sum","Loess",19,239.460997898355,14.7548352660579,0,0,16229.3237152713,16229.3237152713
"GP_sum","Loess",20,234.57960600706,14.454059215439,0,0,16229.3237152713,16229.3237152713
"GP_sum","Loess",21,229.715451597621,14.1543452843612,0,0,16229.3237152713,16229.3237152713
"GP_sum","Loess",22,224.867478781196,13.8556284122673,0,0,16229.3237152713,16229.3237152713
"GP_sum","Loess",23,220.034638204814,13.5578439413202,0,0,16229.3237152713,16229.3237152713
"GP_sum","Loess",24,215.215956886022,13.2609319193942,0,0,16229.3237152713,16229.3237152713
"GP_sum","Loess",25,210.410498248984,12.9648346376254,0,0,16229.3237152713,16229.3237152713
"GP_sum","Loess",26,205.617368343782,12.6694970136249,0,0,16229.3237152713,16229.3237152713
"GP_sum","Loess",27,200.835764750435,12.3748696047917,0,0,16229.3237152713,16229.3237152713
"GP_sum","Loess",28,196.064975391321,12.0809085351369,0,0,16229.3237152713,16229.3237152713
"GP_sum","Loess",29,191.304420048454,11.7875780534492,0,0,16229.3237152713,16229.3237152713
"GP_sum","Loess",30,186.553637414735,11.4948497354326,0,0,16229.3237152713,16229.3237152713
"GP_sum","Loess",31,181.812221402755,11.2026985592552,0,0,16229.3237152713,16229.3237152713
"GP_sum","Loess",32,177.079795111134,10.9111013014367,0,0,16229.3237152713,16229.3237152713
"GP_sum","Loess",33,172.356240103468,10.6200506642976,0,0,16229.3237152713,16229.3237152713
"GP_sum","Loess",34,167.641714563611,10.3295563946306,0,0,16229.3237152713,16229.3237152713
"GP_sum","Loess",35,162.936619256082,10.0396431862878,0,0,16229.3237152713,16229.3237152713
"GP_sum","Loess",36,158.241666466877,9.75035492809701,0,0,16229.3237152713,16229.3237152713
"GP_sum","Loess",37,153.557934232605,9.46175804529134,0,0,16229.3237152713,16229.3237152713
"GP_sum","Loess",38,148.887169295739,9.17396016666059,0,0,16229.3237152713,16229.3237152713
"GP_sum","Loess",39,144.231948654982,8.88712007877843,0,0,16229.3237152713,16229.3237152713
"GP_sum","Loess",40,139.596055570508,8.60147089426486,0,0,16229.3237152713,16229.3237152713
"GP_sum","Loess",41,134.985169609713,8.31736257024044,0,0,16229.3237152713,16229.3237152713
"GP_sum","Loess",42,130.407960447765,8.03532930488381,0,0,16229.3237152713,16229.3237152713
"GP_sum","Loess",43,125.8775563574,7.75618002116463,0,0,16229.3237152713,16229.3237152713
"GP_sum","Loess",44,121.413503506094,7.48111909258719,0,0,16229.3237152713,16229.3237152713
"GP_sum","Loess",45,117.04420452985,7.21189660045511,0,0,16229.3237152713,16229.3237152713
"GP_sum","Loess",46,112.809018271503,6.95093771315644,0,0,16229.3237152713,16229.3237152713
"GP_sum","Loess",47,108.757168059175,6.70127541770815,0,0,16229.3237152713,16229.3237152713
"GP_sum","Loess",48,104.937744325252,6.46593451250895,0,0,16229.3237152713,16229.3237152713
"GP_sum","Loess",49,102.007714298858,6.28539525666569,0,0,16229.3237152713,16229.3237152713
"GP_sum","Loess",50,99.1991515798177,6.1123404351393,0,0,16229.3237152713,16229.3237152713
"GP_sum","Loess",51,96.506050869711,5.94640002028562,0,0,16229.3237152713,16229.3237152713
"GP_sum","Loess",52,93.9234213743011,5.78726649502482,0,0,16229.3237152713,16229.3237152713
"GP_sum","Loess",53,91.4476425052363,5.63471677006399,0,0,16229.3237152713,16229.3237152713
"GP_sum","Loess",54,89.0755086515953,5.48855332571733,0,0,16229.3237152713,16229.3237152713
"GP_sum","Loess",55,86.8036145810951,5.34856634225712,0,0,16229.3237152713,16229.3237152713
"GP_sum","Loess",56,84.6292679919219,5.21458992849397,0,0,16229.3237152713,16229.3237152713
"GP_sum","Loess",57,82.5499709321374,5.08647016846799,0,0,16229.3237152713,16229.3237152713
"GP_sum","Loess",58,80.5637430032356,4.96408503623769,0,0,16229.3237152713,16229.3237152713
"GP_sum","Loess",59,78.6690242340516,4.84733841127505,0,0,16229.3237152713,16229.3237152713
"GP_sum","Loess",60,76.8634587430158,4.73608513155048,0,0,16229.3237152713,16229.3237152713
"GP_sum","Loess",61,75.1423929070267,4.63003845541143,0,0,16229.3237152713,16229.3237152713
"GP_sum","Loess",62,73.5001590215347,4.52884915668873,0,0,16229.3237152713,16229.3237152713
"GP_sum","Loess",63,71.9301389769377,4.43210944823621,0,0,16229.3237152713,16229.3237152713
"GP_sum","Loess",64,70.4268271563316,4.33948009121676,0,0,16229.3237152713,16229.3237152713
"GP_sum","Loess",65,68.985109777006,4.25064599038672,0,0,16229.3237152713,16229.3237152713
"GP_sum","Loess",66,67.6011737408422,4.16537219460548,0,0,16229.3237152713,16229.3237152713
"GP_sum","Loess",67,66.2717843031648,4.08345938905669,0,0,16229.3237152713,16229.3237152713
"GP_sum","Loess",68,64.9927901798223,4.00465178463759,0,0,16229.3237152713,16229.3237152713
"GP_sum","Loess",69,63.7589644646015,3.92862731578928,0,0,16229.3237152713,16229.3237152713
"GP_sum","Loess",70,62.5663813056133,3.8551440838376,0,0,16229.3237152713,16229.3237152713
"GP_sum","Loess",71,61.4119467383691,3.78401144839957,0,0,16229.3237152713,16229.3237152713
"GP_sum","Loess",72,60.2923707419098,3.71502668870771,0,0,16229.3237152713,16229.3237152713
"GP_sum","Loess",73,59.2048933517415,3.64801974441064,0,0,16229.3237152713,16229.3237152713
"GP_sum","Loess",74,58.1482432947556,3.58291228364864,0,0,16229.3237152713,16229.3237152713
"GP_sum","Loess",75,57.1214936358309,3.51964719158824,0,0,16229.3237152713,16229.3237152713
"GP_sum","Loess",76,56.1235726489142,3.4581584318331,0,0,16229.3237152713,16229.3237152713
"GP_sum","Loess",77,55.1532511371375,3.39837026512941,0,0,16229.3237152713,16229.3237152713
"GP_sum","Loess",78,54.2089680849831,3.34018650659942,0,0,16229.3237152713,16229.3237152713
"GP_sum","Loess",79,53.289666250022,3.28354201228226,0,0,16229.3237152713,16229.3237152713
"GP_sum","Loess",80,52.3960767171721,3.22848182933643,0,0,16229.3237152713,16229.3237152713
"GP_sum","Loess",81,51.5277779968401,3.17497998689583,0,0,16229.3237152713,16229.3237152713
"GP_sum","Loess",82,50.6832113498818,3.12294044034568,0,0,16229.3237152713,16229.3237152713
"GP_sum","Loess",83,49.8609805532277,3.07227715880176,0,0,16229.3237152713,16229.3237152713
"GP_sum","Loess",84,49.0597982365345,3.02291081854328,0,0,16229.3237152713,16229.3237152713
"GP_sum","Loess",85,48.2798119639572,2.9748505120104,0,0,16229.3237152713,16229.3237152713
"GP_sum","Loess",86,47.5205807743395,2.92806906856039,0,0,16229.3237152713,16229.3237152713
"GP_sum","Loess",87,46.7820091233382,2.88256060105067,0,0,16229.3237152713,16229.3237152713
"GP_sum","Loess",88,46.0643835087952,2.8383427625792,0,0,16229.3237152713,16229.3237152713
"GP_sum","Loess",89,45.3682883158465,2.79545156112429,0,0,16229.3237152713,16229.3237152713
"GP_sum","Loess",90,44.6939342553892,2.7538999800302,0,0,16229.3237152713,16229.3237152713
"GP_sum","Loess",91,44.0419037885906,2.71372390872631,0,0,16229.3237152713,16229.3237152713
"GP_sum","Loess",92,43.4134405884765,2.67499997844185,0,0,16229.3237152713,16229.3237152713
"GP_sum","Loess",93,42.8107299715269,2.63786284152083,0,0,16229.3237152713,16229.3237152713
"GP_sum","Loess",94,42.2349332503152,2.60238405439985,0,0,16229.3237152713,16229.3237152713
"GP_sum","Loess",95,41.6865906342399,2.56859690308686,0,0,16229.3237152713,16229.3237152713
"GP_sum","Loess",96,41.1660645706001,2.53652372044709,0,0,16229.3237152713,16229.3237152713
"GP_sum","Loess",97,40.6739300125312,2.50619993328855,0,0,16229.3237152713,16229.3237152713
"GP_sum","Loess",98,40.209535217897,2.47758538330597,0,0,16229.3237152713,16229.3237152713
"GP_sum","Loess",99,39.7720779482694,2.45063063908481,0,0,16229.3237152713,16229.3237152713
"GP_sum","Loess",100,39.360718952796,2.42528398862109,0,0,16229.3237152713,16229.3237152713
"GP_sum","Loess",101,38.9745307251626,2.40148828188625,0,0,16229.3237152713,16229.3237152713
"GP_sum","Loess",102,38.6127064650345,2.37919380637538,0,0,16229.3237152713,16229.3237152713
"GP_sum","Loess",103,38.2740806283679,2.35832874492196,0,0,16229.3237152713,16229.3237152713
"GP_sum","Loess",104,37.9561521622516,2.33873899049386,0,0,16229.3237152713,16229.3237152713
"GP_sum","Loess",105,37.6569610494653,2.32030377298047,0,0,16229.3237152713,16229.3237152713
"GP_sum","Loess",106,37.3742103422033,2.30288156166578,0,0,16229.3237152713,16229.3237152713
"GP_sum","Loess",107,37.1053098991958,2.28631276017256,0,0,16229.3237152713,16229.3237152713
"GP_sum","Loess",108,36.8487151237536,2.27050219529974,0,0,16229.3237152713,16229.3237152713
"GP_sum","Loess",109,36.602672859977,2.25534184308216,0,0,16229.3237152713,16229.3237152713
"GP_sum","Loess",110,36.3665387531419,2.2407920004037,0,0,16229.3237152713,16229.3237152713
"GP_sum","Loess",111,36.1396373841188,2.22681105005704,0,0,16229.3237152713,16229.3237152713
"GP_sum","Loess",112,35.9201197182315,2.21328506032768,0,0,16229.3237152713,16229.3237152713
"GP_sum","Loess",113,35.7060627821647,2.20009554363417,0,0,16229.3237152713,16229.3237152713
"GP_sum","Loess",114,35.4953376902826,2.18711132472407,0,0,16229.3237152713,16229.3237152713
"GP_sum","Loess",115,35.2854444493299,2.17417836185789,0,0,16229.3237152713,16229.3237152713
"GP_sum","Loess",116,35.075662659659,2.16125226626997,0,0,16229.3237152713,16229.3237152713
"GP_sum","Loess",117,34.8658800761705,2.1483261217695,0,0,16229.3237152713,16229.3237152713
"GP_sum","Loess",118,34.6556164717383,2.13537033826792,0,0,16229.3237152713,16229.3237152713
"GP_sum","Loess",119,34.4445055623705,2.12236234649503,0,0,16229.3237152713,16229.3237152713
"GP_sum","Loess",120,34.2320903654594,2.10927398861655,0,0,16229.3237152713,16229.3237152713
"GP_sum","Loess",121,34.017419462221,2.09604664119256,0,0,16229.3237152713,16229.3237152713
"GP_sum","Loess",122,33.7994314175492,2.08261490192256,0,0,16229.3237152713,16229.3237152713
"GP_sum","Loess",123,33.57689073762,2.0689026435541,0,0,16229.3237152713,16229.3237152713
"GP_sum","Loess",124,33.3485919213383,2.05483558689253,0,0,16229.3237152713,16229.3237152713
"GP_sum","Loess",125,33.113748348038,2.04036526284081,0,0,16229.3237152713,16229.3237152713
"GP_sum","Loess",126,32.8710813176848,2.02541288191535,0,0,16229.3237152713,16229.3237152713
"GP_sum","Loess",127,32.6191459663423,2.00988941613437,0,0,16229.3237152713,16229.3237152713
"GP_sum","Loess",128,32.356708891197,1.99371886708689,0,0,16229.3237152713,16229.3237152713
"GP_sum","Loess",129,32.0838072090122,1.97690352179139,0,0,16229.3237152713,16229.3237152713
"GP_sum","Loess",130,31.8012721165557,1.95949459598441,0,0,16229.3237152713,16229.3237152713
"GP_sum","Loess",131,31.5098482591297,1.94153797237281,0,0,16229.3237152713,16229.3237152713
"GP_sum","Loess",132,31.2105549691385,1.92309645902068,0,0,16229.3237152713,16229.3237152713
"GP_sum","Loess",133,30.9039949547543,1.9042071929143,0,0,16229.3237152713,16229.3237152713
"GP_sum","Loess",134,30.5904952725631,1.88489032625422,0,0,16229.3237152713,16229.3237152713
"GP_sum","Loess",135,30.2714329617249,1.86523070787235,0,0,16229.3237152713,16229.3237152713
"GP_sum","Loess",136,29.948934782364,1.84535938205379,0,0,16229.3237152713,16229.3237152713
"GP_sum","Loess",137,29.6248901777212,1.82539277036203,0,0,16229.3237152713,16229.3237152713
"GP_sum","Loess",138,29.3008419131742,1.80542593315845,0,0,16229.3237152713,16229.3237152713
"GP_sum","Loess",139,28.978536738047,1.78556649965513,0,0,16229.3237152713,16229.3237152713
"GP_sum","Loess",140,28.6596912999202,1.76592024428919,0,0,16229.3237152713,16229.3237152713
"GP_sum","Loess",141,28.3452448881067,1.7465450431206,0,0,16229.3237152713,16229.3237152713
"GP_sum","Loess",142,28.0362063738487,1.7275030596295,0,0,16229.3237152713,16229.3237152713
"GP_sum","Loess",143,27.7332847095612,1.70883797723901,0,0,16229.3237152713,16229.3237152713
"GP_sum","Loess",144,27.436426504619,1.69054650618635,0,0,16229.3237152713,16229.3237152713
"GP_sum","Loess",145,27.1451672160468,1.6726000227911,0,0,16229.3237152713,16229.3237152713
"GP_sum","Loess",146,26.8590087222829,1.65496783436573,0,0,16229.3237152713,16229.3237152713
"GP_sum","Loess",147,26.5771231668396,1.63759893099128,0,0,16229.3237152713,16229.3237152713
"GP_sum","Loess",148,26.2986652404447,1.62044122736294,0,0,16229.3237152713,16229.3237152713
"GP_sum","Loess",149,26.0229914999599,1.60345507653366,0,0,16229.3237152713,16229.3237152713
"GP_sum","Loess",150,25.7492997823751,1.58659105173593,0,0,16229.3237152713,16229.3237152713
"GP_sum","Loess",151,25.4766851556156,1.56979339389496,0,0,16229.3237152713,16229.3237152713
"GP_sum","Loess",152,25.2044174053392,1.55301710949438,0,0,16229.3237152713,16229.3237152713
"GP_sum","Loess",153,24.9316017868876,1.53620706717605,0,0,16229.3237152713,16229.3237152713
"GP_sum","Loess",154,24.6583951622744,1.51937293228501,0,0,16229.3237152713,16229.3237152713
"GP_sum","Loess",155,24.3852719269549,1.50254393558058,0,0,16229.3237152713,16229.3237152713
"GP_sum","Loess",156,24.1128894403387,1.48576058148679,0,0,16229.3237152713,16229.3237152713
"GP_sum","Loess",157,23.8415872331245,1.46904379081984,0,0,16229.3237152713,16229.3237152713
"GP_sum","Loess",158,23.5716600271918,1.45241172341714,0,0,16229.3237152713,16229.3237152713
"GP_sum","Loess",159,23.3032821023478,1.43587511785351,0,0,16229.3237152713,16229.3237152713
"GP_sum","Loess",160,23.0367944868921,1.41945498722262,0,0,16229.3237152713,16229.3237152713
"GP_sum","Loess",161,22.7723086597945,1.40315820050878,0,0,16229.3237152713,16229.3237152713
"GP_sum","Loess",162,22.5102106596971,1.38700854420174,0,0,16229.3237152713,16229.3237152713
"GP_sum","Loess",163,22.2507303192536,1.37102017986839,0,0,16229.3237152713,16229.3237152713
"GP_sum","Loess",164,21.9937589837631,1.35518641254704,0,0,16229.3237152713,16229.3237152713
"GP_sum","Loess",165,21.6945108079109,1.33674767898659,0,0,16229.3237152713,16229.3237152713
"GP_sum","Loess",166,21.4427542801667,1.32123523175459,0,0,16229.3237152713,16229.3237152713
"GP_sum","Loess",167,21.156965011872,1.30362579384402,0,0,16229.3237152713,16229.3237152713
"GP_sum","Loess",168,20.8786399965721,1.28647627978028,0,0,16229.3237152713,16229.3237152713
"GP_sum","Loess",169,20.6052956582711,1.26963365940395,0,0,16229.3237152713,16229.3237152713
"GP_sum","Loess",170,20.3350401857986,1.25298136524715,0,0,16229.3237152713,16229.3237152713
"GP_sum","Loess",171,20.066500731985,1.23643480677529,0,0,16229.3237152713,16229.3237152713
"GP_sum","Loess",172,19.7987451673196,1.2199365490929,0,0,16229.3237152713,16229.3237152713
"GP_sum","Loess",173,19.5310946952362,1.20344476688564,0,0,16229.3237152713,16229.3237152713
"GP_sum","Loess",174,19.2631231350913,1.1869332002396,0,0,16229.3237152713,16229.3237152713
"GP_sum","Loess",175,18.9945913897432,1.17038711673918,0,0,16229.3237152713,16229.3237152713
"GP_sum","Loess",176,18.7253457863806,1.15379704754799,0,0,16229.3237152713,16229.3237152713
"GP_sum","Loess",177,18.4552714017927,1.1371559114584,0,0,16229.3237152713,16229.3237152713
"GP_sum","Loess",178,18.1843015225944,1.12045959780096,0,0,16229.3237152713,16229.3237152713
"GP_sum","Loess",179,17.9124212387416,1.10370718786554,0,0,16229.3237152713,16229.3237152713
"GP_sum","Loess",180,17.6396184499234,1.08689793606896,0,0,16229.3237152713,16229.3237152713
"GP_sum","Loess",181,17.3658960362664,1.07003201987558,0,0,16229.3237152713,16229.3237152713
"GP_sum","Loess",182,17.0912746642422,1.05311071268853,0,0,16229.3237152713,16229.3237152713
"GP_sum","Loess",183,16.8157566161977,1.03613415513886,0,0,16229.3237152713,16229.3237152713
"GP_sum","Loess",184,16.539358901373,1.01910339528257,0,0,16229.3237152713,16229.3237152713
"GP_sum","Loess",185,16.262116912645,1.00202061391769,0,0,16229.3237152713,16229.3237152713
"GP_sum","Loess",186,15.9840719979982,0.98488835877725,0,0,16229.3237152713,16229.3237152713
"GP_sum","Loess",187,15.7052549336346,0.967708526194254,0,0,16229.3237152713,16229.3237152713
"GP_sum","Loess",188,15.4257016914946,0.950483332646792,0,0,16229.3237152713,16229.3237152713
"GP_sum","Loess",189,15.145470880209,0.933216389414773,0,0,16229.3237152713,16229.3237152713
"GP_sum","Loess",190,14.864625180569,0.91591155869187,0,0,16229.3237152713,16229.3237152713
"GP_sum","Loess",191,14.5832142010524,0.898571897196804,0,0,16229.3237152713,16229.3237152713
"GP_sum","Loess",192,14.3013010928586,0.881201296108323,0,0,16229.3237152713,16229.3237152713
"GP_sum","Loess",193,14.0189557416425,0.863804061561178,0,0,16229.3237152713,16229.3237152713
"GP_sum","Loess",194,13.7362625415666,0.846385393658837,0,0,16229.3237152713,16229.3237152713
"GP_sum","Loess",195,13.453315089818,0.828951059566262,0,0,16229.3237152713,16229.3237152713
"GP_sum","Loess",196,13.17019151424,0.811505873275994,0,0,16229.3237152713,16229.3237152713
"GP_sum","Loess",197,12.8869590255522,0.794053976101662,0,0,16229.3237152713,16229.3237152713
"GP_sum","Loess",198,12.6036961781845,0.776600208320749,0,0,16229.3237152713,16229.3237152713
"GP_sum","Loess",199,12.3204937241948,0.759150161790266,0,0,16229.3237152713,16229.3237152713
"GP_sum","Loess",200,12.0374343263936,0.741708929933215,0,0,16229.3237152713,16229.3237152713
"GP_sum","Loess",201,11.7546109992331,0.724282244008255,0,0,16229.3237152713,16229.3237152713
"GP_sum","Loess",202,11.4721248025032,0.706876331002527,0,0,16229.3237152713,16229.3237152713
"GP_sum","Loess",203,11.1900859707722,0.6894979832242,0,0,16229.3237152713,16229.3237152713
"GP_sum","Loess",204,10.9086045873001,0.672153983658323,0,0,16229.3237152713,16229.3237152713
"GP_sum","Loess",205,10.6277966888754,0.654851482127684,0,0,16229.3237152713,16229.3237152713
"GP_sum","Loess",206,10.347755546986,0.637596225728682,0,0,16229.3237152713,16229.3237152713
"GP_sum","Loess",207,10.0685424373675,0.620391990079863,0,0,16229.3237152713,16229.3237152713
"GP_sum","Loess",208,9.79019962904389,0.603241379665847,0,0,16229.3237152713,16229.3237152713
"GP_sum","Loess",209,9.51275626492709,0.586146190181412,0,0,16229.3237152713,16229.3237152713
"GP_sum","Loess",210,9.2361968993389,0.569105469912338,0,0,16229.3237152713,16229.3237152713
"GP_sum","Loess",211,8.96048314103426,0.552116853310575,0,0,16229.3237152713,16229.3237152713
"GP_sum","Loess",212,8.6855691696203,0.535177517067298,0,0,16229.3237152713,16229.3237152713
"GP_sum","Loess",213,8.41141788471016,0.518285175173091,0,0,16229.3237152713,16229.3237152713
"GP_sum","Loess",214,8.13799715897089,0.50143784804251,0,0,16229.3237152713,16229.3237152713
"GP_sum","Loess",215,7.86527872187633,0.484633793734446,0,0,16229.3237152713,16229.3237152713
"GP_sum","Loess",216,7.59323836875954,0.467871520833277,0,0,16229.3237152713,16229.3237152713
"GP_sum","Loess",217,7.32185591976685,0.451149785919744,0,0,16229.3237152713,16229.3237152713
"GP_sum","B-spline",1,86.7968585008824,29.3016337717254,0,0,2962.18494767473,2962.18494767473
"GP_sum","B-spline",2,80.0489606746361,27.0236200941719,0,0,2962.18494767473,2962.18494767473
"GP_sum","B-spline",3,74.7205951251138,25.2248243931455,0,0,2962.18494767473,2962.18494767473
"GP_sum","B-spline",4,70.4646968452493,23.7880814635032,0,0,2962.18494767473,2962.18494767473
"GP_sum","B-spline",5,66.9342008279766,22.5962261001019,0,0,2962.18494767473,2962.18494767473
"GP_sum","B-spline",6,63.8329044085242,21.5492636469685,0,0,2962.18494767473,2962.18494767473
"GP_sum","B-spline",7,61.0680542913001,20.6158816448101,0,0,2962.18494767473,2962.18494767473
"GP_sum","B-spline",8,58.5977595230068,19.7819381835038,0,0,2962.18494767473,2962.18494767473
"GP_sum","B-spline",9,56.3801291503468,19.0332913529266,0,0,2962.18494767473,2962.18494767473
"GP_sum","B-spline",10,54.3732722200229,18.3557992429558,0,0,2962.18494767473,2962.18494767473
"GP_sum","B-spline",11,52.5352977787375,17.7353199434684,0,0,2962.18494767473,2962.18494767473
"GP_sum","B-spline",12,50.8243148731932,17.1577115443415,0,0,2962.18494767473,2962.18494767473
"GP_sum","B-spline",13,49.1984325500927,16.6088321354522,0,0,2962.18494767473,2962.18494767473
"GP_sum","B-spline",14,47.6157598561386,16.0745398066776,0,0,2962.18494767473,2962.18494767473
"GP_sum","B-spline",15,46.0344058380333,15.5406926478948,0,0,2962.18494767473,2962.18494767473
"GP_sum","B-spline",16,44.4210453875992,14.9960404810203,0,0,2962.18494767473,2962.18494767473
"GP_sum","B-spline",17,42.7766167771374,14.440900056128,0,0,2962.18494767473,2962.18494767473
"GP_sum","B-spline",18,41.1106241240685,13.878479855331,0,0,2962.18494767473,2962.18494767473
"GP_sum","B-spline",19,39.4325715458134,13.3119883607428,0,0,2962.18494767473,2962.18494767473
"GP_sum","B-spline",20,37.7519631597928,12.7446340544764,0,0,2962.18494767473,2962.18494767473
"GP_sum","B-spline",21,36.0783030834274,12.1796254186452,0,0,2962.18494767473,2962.18494767473
"GP_sum","B-spline",22,34.421095434138,11.6201709353624,0,0,2962.18494767473,2962.18494767473
"GP_sum","B-spline",23,32.7898443293453,11.0694790867413,0,0,2962.18494767473,2962.18494767473
"GP_sum","B-spline",24,31.1940538864702,10.5307583548951,0,0,2962.18494767473,2962.18494767473
"GP_sum","B-spline",25,29.6432282229332,10.007217221937,0,0,2962.18494767473,2962.18494767473
"GP_sum","B-spline",26,28.1468714561552,9.50206416998038,0,0,2962.18494767473,2962.18494767473
"GP_sum","B-spline",27,26.714487703557,9.01850768113837,0,0,2962.18494767473,2962.18494767473
"GP_sum","B-spline",28,25.3555810825592,8.55975623752426,0,0,2962.18494767473,2962.18494767473
"GP_sum","B-spline",29,24.0796557105827,8.1290183212513,0,0,2962.18494767473,2962.18494767473
"GP_sum","B-spline",30,22.8962157050481,7.72950241443274,0,0,2962.18494767473,2962.18494767473
"GP_sum","B-spline",31,21.8123336412423,7.36359613816978,0,0,2962.18494767473,2962.18494767473
"GP_sum","B-spline",32,20.825355925916,7.03040366951551,0,0,2962.18494767473,2962.18494767473
"GP_sum","B-spline",33,19.9301974236861,6.72820832451095,0,0,2962.18494767473,2962.18494767473
"GP_sum","B-spline",34,19.1217729991695,6.45529341919714,0,0,2962.18494767473,2962.18494767473
"GP_sum","B-spline",35,18.3949975169829,6.20994226961511,0,0,2962.18494767473,2962.18494767473
"GP_sum","B-spline",36,17.7447858417432,5.99043819180589,0,0,2962.18494767473,2962.18494767473
"GP_sum","B-spline",37,17.1660528380673,5.79506450181053,0,0,2962.18494767473,2962.18494767473
"GP_sum","B-spline",38,16.6537133705719,5.62210451567005,0,0,2962.18494767473,2962.18494767473
"GP_sum","B-spline",39,16.202682303874,5.46984154942549,0,0,2962.18494767473,2962.18494767473
"GP_sum","B-spline",40,15.8078745025903,5.33655891911789,0,0,2962.18494767473,2962.18494767473
"GP_sum","B-spline",41,15.4642048313377,5.22053994078827,0,0,2962.18494767473,2962.18494767473
"GP_sum","B-spline",42,15.1665881547331,5.12006793047767,0,0,2962.18494767473,2962.18494767473
"GP_sum","B-spline",43,14.9099393373931,5.03342620422713,0,0,2962.18494767473,2962.18494767473
"GP_sum","B-spline",44,14.6891732439348,4.95889807807768,0,0,2962.18494767473,2962.18494767473
"GP_sum","B-spline",45,14.499204738975,4.89476686807035,0,0,2962.18494767473,2962.18494767473
"GP_sum","B-spline",46,14.3349486871304,4.83931589024619,0,0,2962.18494767473,2962.18494767473
"GP_sum","B-spline",47,14.1913199530179,4.79082846064621,0,0,2962.18494767473,2962.18494767473
"GP_sum","B-spline",48,14.0632334012543,4.74758789531146,0,0,2962.18494767473,2962.18494767473
"GP_sum","B-spline",49,13.9456038964566,4.70787751028297,0,0,2962.18494767473,2962.18494767473
"GP_sum","B-spline",50,13.8333463032414,4.66998062160177,0,0,2962.18494767473,2962.18494767473
"GP_sum","B-spline",51,13.7222256047792,4.63246753567866,0,0,2962.18494767473,2962.18494767473
"GP_sum","B-spline",52,13.6114072584537,4.59505652040344,0,0,2962.18494767473,2962.18494767473
"GP_sum","B-spline",53,13.5009068402022,4.55775283403565,0,0,2962.18494767473,2962.18494767473
"GP_sum","B-spline",54,13.3907399259622,4.52056173483487,0,0,2962.18494767473,2962.18494767473
"GP_sum","B-spline",55,13.2809220916709,4.48348848106064,0,0,2962.18494767473,2962.18494767473
"GP_sum","B-spline",56,13.1714689132655,4.44653833097253,0,0,2962.18494767473,2962.18494767473
"GP_sum","B-spline",57,13.0623959666835,4.40971654283008,0,0,2962.18494767473,2962.18494767473
"GP_sum","B-spline",58,12.9537188278621,4.37302837489286,0,0,2962.18494767473,2962.18494767473
"GP_sum","B-spline",59,12.8454530727386,4.33647908542042,0,0,2962.18494767473,2962.18494767473
"GP_sum","B-spline",60,12.7376142772504,4.30007393267232,0,0,2962.18494767473,2962.18494767473
"GP_sum","B-spline",61,12.6302180173347,4.26381817490811,0,0,2962.18494767473,2962.18494767473
"GP_sum","B-spline",62,12.5232798689289,4.22771707038736,0,0,2962.18494767473,2962.18494767473
"GP_sum","B-spline",63,12.4168154079703,4.19177587736962,0,0,2962.18494767473,2962.18494767473
"GP_sum","B-spline",64,12.3108402103962,4.15599985411444,0,0,2962.18494767473,2962.18494767473
"GP_sum","B-spline",65,12.2053698521438,4.12039425888139,0,0,2962.18494767473,2962.18494767473
"GP_sum","B-spline",66,12.1004199091506,4.08496434993001,0,0,2962.18494767473,2962.18494767473
"GP_sum","B-spline",67,11.9960059573537,4.04971538551987,0,0,2962.18494767473,2962.18494767473
"GP_sum","B-spline",68,11.8921435726906,4.01465262391052,0,0,2962.18494767473,2962.18494767473
"GP_sum","B-spline",69,11.7888483310985,3.97978132336152,0,0,2962.18494767473,2962.18494767473
"GP_sum","B-spline",70,11.6861358085148,3.94510674213243,0,0,2962.18494767473,2962.18494767473
"GP_sum","B-spline",71,11.5840215808767,3.9106341384828,0,0,2962.18494767473,2962.18494767473
"GP_sum","B-spline",72,11.4825212241215,3.87636877067218,0,0,2962.18494767473,2962.18494767473
"GP_sum","B-spline",73,11.3816503141867,3.84231589696015,0,0,2962.18494767473,2962.18494767473
"GP_sum","B-spline",74,11.2814244270094,3.80848077560624,0,0,2962.18494767473,2962.18494767473
"GP_sum","B-spline",75,11.181859138527,3.77486866487003,0,0,2962.18494767473,2962.18494767473
"GP_sum","B-spline",76,11.0829700246768,3.74148482301106,0,0,2962.18494767473,2962.18494767473
"GP_sum","B-spline",77,10.9847726613961,3.70833450828889,0,0,2962.18494767473,2962.18494767473
"GP_sum","B-spline",78,10.8872826246222,3.67542297896308,0,0,2962.18494767473,2962.18494767473
"GP_sum","B-spline",79,10.7905154902925,3.64275549329319,0,0,2962.18494767473,2962.18494767473
"GP_sum","B-spline",80,10.6944868343442,3.61033730953877,0,0,2962.18494767473,2962.18494767473
"GP_sum","B-spline",81,10.5992122327147,3.57817368595937,0,0,2962.18494767473,2962.18494767473
"GP_sum","B-spline",82,10.5047072613412,3.54626988081457,0,0,2962.18494767473,2962.18494767473
"GP_sum","B-spline",83,10.410987496161,3.5146311523639,0,0,2962.18494767473,2962.18494767473
"GP_sum","B-spline",84,10.3180685131116,3.48326275886693,0,0,2962.18494767473,2962.18494767473
"GP_sum","B-spline",85,10.2259658881301,3.45216995858322,0,0,2962.18494767473,2962.18494767473
"GP_sum","B-spline",86,10.1346951971539,3.42135800977232,0,0,2962.18494767473,2962.18494767473
"GP_sum","B-spline",87,10.0442720161204,3.39083217069379,0,0,2962.18494767473,2962.18494767473
"GP_sum","B-spline",88,9.95471192096673,3.36059769960719,0,0,2962.18494767473,2962.18494767473
"GP_sum","B-spline",89,9.86603048763031,3.33065985477207,0,0,2962.18494767473,2962.18494767473
"GP_sum","B-spline",90,9.77824329204842,3.30102389444798,0,0,2962.18494767473,2962.18494767473
"GP_sum","B-spline",91,9.69136591015838,3.2716950768945,0,0,2962.18494767473,2962.18494767473
"GP_sum","B-spline",92,9.6054139178975,3.24267866037116,0,0,2962.18494767473,2962.18494767473
"GP_sum","B-spline",93,9.52040289120307,3.21397990313753,0,0,2962.18494767473,2962.18494767473
"GP_sum","B-spline",94,9.43634840601242,3.18560406345317,0,0,2962.18494767473,2962.18494767473
"GP_sum","B-spline",95,9.35326603826286,3.15755639957763,0,0,2962.18494767473,2962.18494767473
"GP_sum","B-spline",96,9.27117136389168,3.12984216977047,0,0,2962.18494767473,2962.18494767473
"GP_sum","B-spline",97,9.19007995883621,3.10246663229124,0,0,2962.18494767473,2962.18494767473
"GP_sum","B-spline",98,9.11000739903376,3.0754350453995,0,0,2962.18494767473,2962.18494767473
"GP_sum","B-spline",99,9.03096926042162,3.04875266735482,0,0,2962.18494767473,2962.18494767473
"GP_sum","B-spline",100,8.95298111893712,3.02242475641674,0,0,2962.18494767473,2962.18494767473
"GP_sum","B-spline",101,8.87605329447824,2.99645479646563,0,0,2962.18494767473,2962.18494767473
"GP_sum","B-spline",102,8.80017508278567,2.97083917386512,0,0,2962.18494767473,2962.18494767473
"GP_sum","B-spline",103,8.72533052356079,2.94557250059962,0,0,2962.18494767473,2962.18494767473
"GP_sum","B-spline",104,8.65150365650497,2.92064938865356,0,0,2962.18494767473,2962.18494767473
"GP_sum","B-spline",105,8.57867852131959,2.89606445001138,0,0,2962.18494767473,2962.18494767473
"GP_sum","B-spline",106,8.50683915770602,2.8718122966575,0,0,2962.18494767473,2962.18494767473
"GP_sum","B-spline",107,8.43596960536563,2.84788754057634,0,0,2962.18494767473,2962.18494767473
"GP_sum","B-spline",108,8.3660539039998,2.82428479375234,0,0,2962.18494767473,2962.18494767473
"GP_sum","B-spline",109,8.2970760933099,2.80099866816992,0,0,2962.18494767473,2962.18494767473
"GP_sum","B-spline",110,8.22902021299729,2.77802377581351,0,0,2962.18494767473,2962.18494767473
"GP_sum","B-spline",111,8.16187030276337,2.75535472866754,0,0,2962.18494767473,2962.18494767473
"GP_sum","B-spline",112,8.0956104023095,2.73298613871643,0,0,2962.18494767473,2962.18494767473
"GP_sum","B-spline",113,8.03022455133705,2.71091261794462,0,0,2962.18494767473,2962.18494767473
"GP_sum","B-spline",114,7.9656967895474,2.68912877833653,0,0,2962.18494767473,2962.18494767473
"GP_sum","B-spline",115,7.90201115664192,2.66762923187659,0,0,2962.18494767473,2962.18494767473
"GP_sum","B-spline",116,7.83915169232198,2.64640859054922,0,0,2962.18494767473,2962.18494767473
"GP_sum","B-spline",117,7.77710243628896,2.62546146633885,0,0,2962.18494767473,2962.18494767473
"GP_sum","B-spline",118,7.71584742824423,2.60478247122991,0,0,2962.18494767473,2962.18494767473
"GP_sum","B-spline",119,7.65537070788917,2.58436621720684,0,0,2962.18494767473,2962.18494767473
"GP_sum","B-spline",120,7.59565631492514,2.56420731625405,0,0,2962.18494767473,2962.18494767473
"GP_sum","B-spline",121,7.53668828905353,2.54430038035597,0,0,2962.18494767473,2962.18494767473
"GP_sum","B-spline",122,7.4784506699757,2.52464002149703,0,0,2962.18494767473,2962.18494767473
"GP_sum","B-spline",123,7.42092749739304,2.50522085166166,0,0,2962.18494767473,2962.18494767473
"GP_sum","B-spline",124,7.3641028110069,2.48603748283429,0,0,2962.18494767473,2962.18494767473
"GP_sum","B-spline",125,7.30796065051867,2.46708452699934,0,0,2962.18494767473,2962.18494767473
"GP_sum","B-spline",126,7.25248505562972,2.44835659614124,0,0,2962.18494767473,2962.18494767473
"GP_sum","B-spline",127,7.19766006604142,2.42984830224442,0,0,2962.18494767473,2962.18494767473
"GP_sum","B-spline",128,7.14346972145515,2.41155425729331,0,0,2962.18494767473,2962.18494767473
"GP_sum","B-spline",129,7.08989806157227,2.39346907327233,0,0,2962.18494767473,2962.18494767473
"GP_sum","B-spline",130,7.03692912609418,2.37558736216591,0,0,2962.18494767473,2962.18494767473
"GP_sum","B-spline",131,6.98454695472222,2.35790373595848,0,0,2962.18494767473,2962.18494767473
"GP_sum","B-spline",132,6.93273558715779,2.34041280663447,0,0,2962.18494767473,2962.18494767473
"GP_sum","B-spline",133,6.88147906310226,2.3231091861783,0,0,2962.18494767473,2962.18494767473
"GP_sum","B-spline",134,6.83076142225698,2.30598748657441,0,0,2962.18494767473,2962.18494767473
"GP_sum","B-spline",135,6.78056670432336,2.28904231980721,0,0,2962.18494767473,2962.18494767473
"GP_sum","B-spline",136,6.73087894900274,2.27226829786114,0,0,2962.18494767473,2962.18494767473
"GP_sum","B-spline",137,6.68168219599651,2.25566003272062,0,0,2962.18494767473,2962.18494767473
"GP_sum","B-spline",138,6.63296048500605,2.23921213637009,0,0,2962.18494767473,2962.18494767473
"GP_sum","B-spline",139,6.58469785573272,2.22291922079396,0,0,2962.18494767473,2962.18494767473
"GP_sum","B-spline",140,6.53687834787789,2.20677589797668,0,0,2962.18494767473,2962.18494767473
"GP_sum","B-spline",141,6.48948600114295,2.19077677990265,0,0,2962.18494767473,2962.18494767473
"GP_sum","B-spline",142,6.44250485522926,2.17491647855632,0,0,2962.18494767473,2962.18494767473
"GP_sum","B-spline",143,6.39591894983821,2.15918960592211,0,0,2962.18494767473,2962.18494767473
"GP_sum","B-spline",144,6.34971232467115,2.14359077398445,0,0,2962.18494767473,2962.18494767473
"GP_sum","B-spline",145,6.30386901942948,2.12811459472776,0,0,2962.18494767473,2962.18494767473
"GP_sum","B-spline",146,6.25837307381455,2.11275568013648,0,0,2962.18494767473,2962.18494767473
"GP_sum","B-spline",147,6.21320852752774,2.09750864219502,0,0,2962.18494767473,2962.18494767473
"GP_sum","B-spline",148,6.16835942027043,2.08236809288782,0,0,2962.18494767473,2962.18494767473
"GP_sum","B-spline",149,6.12380979174399,2.06732864419931,0,0,2962.18494767473,2962.18494767473
"GP_sum","B-spline",150,6.07954368164979,2.05238490811391,0,0,2962.18494767473,2962.18494767473
"GP_sum","B-spline",151,6.0355465367883,2.03753197163672,0,0,2962.18494767473,2962.18494767473
"GP_sum","B-spline",152,5.99180943235632,2.02276682185554,0,0,2962.18494767473,2962.18494767473
"GP_sum","B-spline",153,5.94832485064976,2.00808692087883,0,0,2962.18494767473,2962.18494767473
"GP_sum","B-spline",154,5.90508527396449,1.99348973081505,0,0,2962.18494767473,2962.18494767473
"GP_sum","B-spline",155,5.86208318459644,1.97897271377268,0,0,2962.18494767473,2962.18494767473
"GP_sum","B-spline",156,5.81931106484148,1.96453333186017,0,0,2962.18494767473,2962.18494767473
"GP_sum","B-spline",157,5.77676139699553,1.950169047186,0,0,2962.18494767473,2962.18494767473
"GP_sum","B-spline",158,5.73442666335446,1.93587732185862,0,0,2962.18494767473,2962.18494767473
"GP_sum","B-spline",159,5.6922993462142,1.9216556179865,0,0,2962.18494767473,2962.18494767473
"GP_sum","B-spline",160,5.65037192787061,1.90750139767811,0,0,2962.18494767473,2962.18494767473
"GP_sum","B-spline",161,5.60863689061962,1.89341212304192,0,0,2962.18494767473,2962.18494767473
"GP_sum","B-spline",162,5.5670867167571,1.87938525618638,0,0,2962.18494767473,2962.18494767473
"GP_sum","B-spline",163,5.52571388857897,1.86541825921996,0,0,2962.18494767473,2962.18494767473
"GP_sum","B-spline",164,5.48451088838111,1.85150859425114,0,0,2962.18494767473,2962.18494767473
"GP_sum","B-spline",165,5.44347019845942,1.83765372338836,0,0,2962.18494767473,2962.18494767473
"GP_sum","B-spline",166,5.40258430110981,1.82385110874011,0,0,2962.18494767473,2962.18494767473
"GP_sum","B-spline",167,5.36184567862816,1.81009821241484,0,0,2962.18494767473,2962.18494767473
"GP_sum","B-spline",168,5.32124681331037,1.79639249652101,0,0,2962.18494767473,2962.18494767473
"GP_sum","B-spline",169,5.28078018745235,1.78273142316711,0,0,2962.18494767473,2962.18494767473
"GP_sum","B-spline",170,5.24043828334998,1.76911245446158,0,0,2962.18494767473,2962.18494767473
"GP_sum","B-spline",171,5.20021358329917,1.7555330525129,0,0,2962.18494767473,2962.18494767473
"GP_sum","B-spline",172,5.1600985695958,1.74199067942952,0,0,2962.18494767473,2962.18494767473
"GP_sum","B-spline",173,5.12008572453579,1.72848279731992,0,0,2962.18494767473,2962.18494767473
"GP_sum","B-spline",174,5.08016753041502,1.71500686829257,0,0,2962.18494767473,2962.18494767473
"GP_sum","B-spline",175,5.04033646952939,1.70156035445592,0,0,2962.18494767473,2962.18494767473
"GP_sum","B-spline",176,5.0005850241748,1.68814071791844,0,0,2962.18494767473,2962.18494767473
"GP_sum","B-spline",177,4.96090567664714,1.67474542078859,0,0,2962.18494767473,2962.18494767473
"GP_sum","B-spline",178,4.92129090924232,1.66137192517485,0,0,2962.18494767473,2962.18494767473
"GP_sum","B-spline",179,4.88173320425622,1.64801769318567,0,0,2962.18494767473,2962.18494767473
"GP_sum","B-spline",180,4.84222504398476,1.63468018692953,0,0,2962.18494767473,2962.18494767473
"GP_sum","B-spline",181,4.80275891072381,1.62135686851488,0,0,2962.18494767473,2962.18494767473
"GP_sum","B-spline",182,4.76332728676928,1.6080452000502,0,0,2962.18494767473,2962.18494767473
"GP_sum","B-spline",183,4.72392265441707,1.59474264364394,0,0,2962.18494767473,2962.18494767473
"GP_sum","B-spline",184,4.68453749596308,1.58144666140457,0,0,2962.18494767473,2962.18494767473
"GP_sum","B-spline",185,4.64516429370319,1.56815471544057,0,0,2962.18494767473,2962.18494767473
"GP_sum","B-spline",186,4.60579552993331,1.55486426786038,0,0,2962.18494767473,2962.18494767473
"GP_sum","B-spline",187,4.56642368694933,1.54157278077249,0,0,2962.18494767473,2962.18494767473
"GP_sum","B-spline",188,4.52704124704716,1.52827771628535,0,0,2962.18494767473,2962.18494767473
"GP_sum","B-spline",189,4.48764069252268,1.51497653650742,0,0,2962.18494767473,2962.18494767473
"GP_sum","B-spline",190,4.4482145056718,1.50166670354718,0,0,2962.18494767473,2962.18494767473
"GP_sum","B-spline",191,4.4087551687904,1.4883456795131,0,0,2962.18494767473,2962.18494767473
"GP_sum","B-spline",192,4.3692551641744,1.47501092651362,0,0,2962.18494767473,2962.18494767473
"GP_sum","B-spline",193,4.32970697411968,1.46165990665723,0,0,2962.18494767473,2962.18494767473
"GP_sum","B-spline",194,4.29010308092214,1.44829008205238,0,0,2962.18494767473,2962.18494767473
"GP_sum","B-spline",195,4.25043596687768,1.43489891480754,0,0,2962.18494767473,2962.18494767473
"GP_sum","B-spline",196,4.2106981142822,1.42148386703117,0,0,2962.18494767473,2962.18494767473
"GP_sum","B-spline",197,4.17088200543159,1.40804240083175,0,0,2962.18494767473,2962.18494767473
"GP_sum","B-spline",198,4.13098012262175,1.39457197831773,0,0,2962.18494767473,2962.18494767473
"GP_sum","B-spline",199,4.09098494814858,1.38107006159759,0,0,2962.18494767473,2962.18494767473
"GP_sum","B-spline",200,4.05088896430796,1.36753411277977,0,0,2962.18494767473,2962.18494767473
"GP_sum","B-spline",201,4.0106460245388,1.35394855330931,0,0,2962.18494767473,2962.18494767473
"GP_sum","B-spline",202,3.97005546685193,1.34024564197734,0,0,2962.18494767473,2962.18494767473
"GP_sum","B-spline",203,3.92887800040119,1.32634459691158,0,0,2962.18494767473,2962.18494767473
"GP_sum","B-spline",204,3.88687433434042,1.31216463623973,0,0,2962.18494767473,2962.18494767473
"GP_sum","B-spline",205,3.84380517782344,1.29762497808949,0,0,2962.18494767473,2962.18494767473
"GP_sum","B-spline",206,3.7994312400041,1.28264484058857,0,0,2962.18494767473,2962.18494767473
"GP_sum","B-spline",207,3.75351323003622,1.26714344186465,0,0,2962.18494767473,2962.18494767473
"GP_sum","B-spline",208,3.70581185707365,1.25104000004546,0,0,2962.18494767473,2962.18494767473
"GP_sum","B-spline",209,3.65608783027022,1.23425373325869,0,0,2962.18494767473,2962.18494767473
"GP_sum","B-spline",210,3.60410185877976,1.21670385963203,0,0,2962.18494767473,2962.18494767473
"GP_sum","BNMR",1,467.530744380202,30.3850538935967,0,0,15386.8657273874,15386.8657273874
"GP_sum","BNMR",2,442.596069084765,28.7645370360891,0,0,15386.8657273874,15386.8657273874
"GP_sum","BNMR",3,419.450513268841,27.2602959368296,0,0,15386.8657273874,15386.8657273874
"GP_sum","BNMR",4,397.953595199989,25.863200618672,0,0,15386.8657273874,15386.8657273874
"GP_sum","BNMR",5,377.975781406831,24.5648326373619,0,0,15386.8657273874,15386.8657273874
"GP_sum","BNMR",6,359.397674225422,23.3574322797737,0,0,15386.8657273874,15386.8657273874
"GP_sum","BNMR",7,342.109255536085,22.2338494139946,0,0,15386.8657273874,15386.8657273874
"GP_sum","BNMR",8,326.009183156714,21.1874977615775,0,0,15386.8657273874,15386.8657273874
"GP_sum","BNMR",9,311.004136552315,20.2123123748817,0,0,15386.8657273874,15386.8657273874
"GP_sum","BNMR",10,297.008208705976,19.3027101144664,0,0,15386.8657273874,15386.8657273874
"GP_sum","BNMR",11,283.942341173506,18.4535529330129,0,0,15386.8657273874,15386.8657273874
"GP_sum","BNMR",12,271.733799513008,17.6601137832342,0,0,15386.8657273874,15386.8657273874
"GP_sum","BNMR",13,260.315686441881,16.9180449777072,0,0,15386.8657273874,15386.8657273874
"GP_sum","BNMR",14,249.626490227329,16.2233488385496,0,0,15386.8657273874,15386.8657273874
"GP_sum","BNMR",15,239.609665962729,15.5723504843643,0,0,15386.8657273874,15386.8657273874
"GP_sum","BNMR",16,230.213247521361,14.9616726109203,0,0,15386.8657273874,15386.8657273874
"GP_sum","BNMR",17,221.389488111242,14.3882121306347,0,0,15386.8657273874,15386.8657273874
"GP_sum","BNMR",18,213.094527480476,13.849118544083,0,0,15386.8657273874,15386.8657273874
"GP_sum","BNMR",19,205.288083941707,13.3417739245174,0,0,15386.8657273874,15386.8657273874
"GP_sum","BNMR",20,197.933169497402,12.8637744037174,0,0,15386.8657273874,15386.8657273874
"GP_sum","BNMR",21,190.995826454734,12.4129130544616,0,0,15386.8657273874,15386.8657273874
"GP_sum","BNMR",22,184.444884020376,11.9871640715028,0,0,15386.8657273874,15386.8657273874
"GP_sum","BNMR",23,178.251733461404,11.5846681591645,0,0,15386.8657273874,15386.8657273874
"GP_sum","BNMR",24,172.390120509308,11.2037190395746,0,0,15386.8657273874,15386.8657273874
"GP_sum","BNMR",25,166.83595376975,10.8427510011214,0,0,15386.8657273874,15386.8657273874
"GP_sum","BNMR",26,161.567127981663,10.5003274119749,0,0,15386.8657273874,15386.8657273874
"GP_sum","BNMR",27,156.563361045565,10.1751301284767,0,0,15386.8657273874,15386.8657273874
"GP_sum","BNMR",28,151.806043812866,9.86594973287271,0,0,15386.8657273874,15386.8657273874
"GP_sum","BNMR",29,147.278101695704,9.57167653926824,0,0,15386.8657273874,15386.8657273874
"GP_sum","BNMR",30,142.963867220557,9.29129231082409,0,0,15386.8657273874,15386.8657273874
"GP_sum","BNMR",31,138.848962708809,9.02386263510888,0,0,15386.8657273874,15386.8657273874
"GP_sum","BNMR",32,134.920192323792,8.76852990818297,0,0,15386.8657273874,15386.8657273874
"GP_sum","BNMR",33,131.165442776667,8.52450688142439,0,0,15386.8657273874,15386.8657273874
"GP_sum","BNMR",34,127.573592033128,8.29107072833275,0,0,15386.8657273874,15386.8657273874
"GP_sum","BNMR",35,124.13442540943,8.06755759156857,0,0,15386.8657273874,15386.8657273874
"GP_sum","BNMR",36,120.838558489806,7.85335757331807,0,0,15386.8657273874,15386.8657273874
"GP_sum","BNMR",37,117.67736633811,7.64791013472311,0,0,15386.8657273874,15386.8657273874
"GP_sum","BNMR",38,114.642918514702,7.45069987259635,0,0,15386.8657273874,15386.8657273874
"GP_sum","BNMR",39,111.727919445229,7.2612526439587,0,0,15386.8657273874,15386.8657273874
"GP_sum","BNMR",40,108.925653721256,7.0791320111007,0,0,15386.8657273874,15386.8657273874
"GP_sum","BNMR",41,106.229935943823,6.90393598189022,0,0,15386.8657273874,15386.8657273874
"GP_sum","BNMR",42,103.635064749949,6.7352940219324,0,0,15386.8657273874,15386.8657273874
"GP_sum","BNMR",43,101.135780689151,6.57286431694384,0,0,15386.8657273874,15386.8657273874
"GP_sum","BNMR",44,98.7272276421924,6.41633126533793,0,0,15386.8657273874,15386.8657273874
"GP_sum","BNMR",45,96.4049174976899,6.26540318254008,0,0,15386.8657273874,15386.8657273874
"GP_sum","BNMR",46,94.1646978239693,6.11981019996578,0,0,15386.8657273874,15386.8657273874
"GP_sum","BNMR",47,92.0027222938022,5.97930234290956,0,0,15386.8657273874,15386.8657273874
"GP_sum","BNMR",48,89.915423638416,5.84364777281274,0,0,15386.8657273874,15386.8657273874
"GP_sum","BNMR",49,87.8994889246149,5.71263118051137,0,0,15386.8657273874,15386.8657273874
"GP_sum","BNMR",50,85.951836964986,5.58605231811431,0,0,15386.8657273874,15386.8657273874
"GP_sum","BNMR",51,84.0695976861472,5.46372465813555,0,0,15386.8657273874,15386.8657273874
"GP_sum","BNMR",52,82.2500932938435,5.34547416940442,0,0,15386.8657273874,15386.8657273874
"GP_sum","BNMR",53,80.4908210865197,5.23113820011131,0,0,15386.8657273874,15386.8657273874
"GP_sum","BNMR",54,78.7894377808578,5.12056445911651,0,0,15386.8657273874,15386.8657273874
"GP_sum","BNMR",55,77.1437452237079,5.0136100873616,0,0,15386.8657273874,15386.8657273874
"GP_sum","BNMR",56,75.5516773749693,4.91014081188044,0,0,15386.8657273874,15386.8657273874
"GP_sum","BNMR",57,74.0112884552935,4.81003017551257,0,0,15386.8657273874,15386.8657273874
"GP_sum","BNMR",58,72.5207421610994,4.71315883598167,0,0,15386.8657273874,15386.8657273874
"GP_sum","BNMR",59,71.0783018573106,4.61941392851677,0,0,15386.8657273874,15386.8657273874
"GP_sum","BNMR",60,69.6823216655344,4.52868848666856,0,0,15386.8657273874,15386.8657273874
"GP_sum","BNMR",61,68.3312383721217,4.44088091641026,0,0,15386.8657273874,15386.8657273874
"GP_sum","BNMR",62,67.0235640867342,4.3558945190142,0,0,15386.8657273874,15386.8657273874
"GP_sum","BNMR",63,65.7578795877324,4.27363705856539,0,0,15386.8657273874,15386.8657273874
"GP_sum","BNMR",64,64.5328282959228,4.1940203703123,0,0,15386.8657273874,15386.8657273874
"GP_sum","BNMR",65,63.3471108230071,4.11696000636792,0,0,15386.8657273874,15386.8657273874
"GP_sum","BNMR",66,62.1994800454848,4.04237491556027,0,0,15386.8657273874,15386.8657273874
"GP_sum","BNMR",67,61.0887366588078,3.97018715449468,0,0,15386.8657273874,15386.8657273874
"GP_sum","BNMR",68,60.0137251702979,3.90032162713153,0,0,15386.8657273874,15386.8657273874
"GP_sum","BNMR",69,58.9733302927477,3.8327058504046,0,0,15386.8657273874,15386.8657273874
"GP_sum","BNMR",70,57.9664737037468,3.76726974360809,0,0,15386.8657273874,15386.8657273874
"GP_sum","BNMR",71,56.9921111386404,3.70394543946653,0,0,15386.8657273874,15386.8657273874
"GP_sum","BNMR",72,56.0492297876556,3.64266711497277,0,0,15386.8657273874,15386.8657273874
"GP_sum","BNMR",73,55.1368459701348,3.58337084023523,0,0,15386.8657273874,15386.8657273874
"GP_sum","BNMR",74,54.2540030610214,3.52599444371921,0,0,15386.8657273874,15386.8657273874
"GP_sum","BNMR",75,53.3997696467722,3.47047739239869,0,0,15386.8657273874,15386.8657273874
"GP_sum","BNMR",76,52.573237889715,3.41676068545518,0,0,15386.8657273874,15386.8657273874
"GP_sum","BNMR",77,51.7735220815781,3.36478676027083,0,0,15386.8657273874,15386.8657273874
"GP_sum","BNMR",78,50.9997573684754,3.31449940956461,0,0,15386.8657273874,15386.8657273874
"GP_sum","BNMR",79,50.2510986310554,3.26584370861263,0,0,15386.8657273874,15386.8657273874
"GP_sum","BNMR",80,49.5267195048461,3.2187659515799,0,0,15386.8657273874,15386.8657273874
"GP_sum","BNMR",81,48.8258115270203,3.17321359606812,0,0,15386.8657273874,15386.8657273874
"GP_sum","BNMR",82,48.1475833969211,3.12913521505698,0,0,15386.8657273874,15386.8657273874
"GP_sum","BNMR",83,47.4912603387031,3.08648045548175,0,0,15386.8657273874,15386.8657273874
"GP_sum","BNMR",84,46.8560835553743,3.04520000275132,0,0,15386.8657273874,15386.8657273874
"GP_sum","BNMR",85,46.2413097643949,3.00524555056648,0,0,15386.8657273874,15386.8657273874
"GP_sum","BNMR",86,45.6462108057702,2.9665697754497,0,0,15386.8657273874,15386.8657273874
"GP_sum","BNMR",87,45.0700733143182,2.92912631544559,0,0,15386.8657273874,15386.8657273874
"GP_sum","BNMR",88,44.5121984484512,2.89286975249437,0,0,15386.8657273874,15386.8657273874
"GP_sum","BNMR",89,43.9719016684498,2.85775559802172,0,0,15386.8657273874,15386.8657273874
"GP_sum","BNMR",90,43.4485125577675,2.8237402813253,0,0,15386.8657273874,15386.8657273874
"GP_sum","BNMR",91,42.9413746814477,2.79078114037322,0,0,15386.8657273874,15386.8657273874
"GP_sum","BNMR",92,42.4498454762192,2.75883641466123,0,0,15386.8657273874,15386.8657273874
"GP_sum","BNMR",93,41.9732961672968,2.72786523980564,0,0,15386.8657273874,15386.8657273874
"GP_sum","BNMR",94,41.5111117073359,2.69782764357587,0,0,15386.8657273874,15386.8657273874
"GP_sum","BNMR",95,41.0626907333844,2.66868454309679,0,0,15386.8657273874,15386.8657273874
"GP_sum","BNMR",96,40.6274455380358,2.64039774297388,0,0,15386.8657273874,15386.8657273874
"GP_sum","BNMR",97,40.2048020513341,2.6129299341173,0,0,15386.8657273874,15386.8657273874
"GP_sum","BNMR",98,39.7941998302915,2.58624469306059,0,0,15386.8657273874,15386.8657273874
"GP_sum","BNMR",99,39.3950920531776,2.56030648158952,0,0,15386.8657273874,15386.8657273874
"GP_sum","BNMR",100,39.0069455160125,2.5350806465142,0,0,15386.8657273874,15386.8657273874
"GP_sum","BNMR",101,38.6292406289552,2.51053341943436,0,0,15386.8657273874,15386.8657273874
"GP_sum","BNMR",102,38.2614714105123,2.48663191636293,0,0,15386.8657273874,15386.8657273874
"GP_sum","BNMR",103,37.9031454777237,2.46334413708824,0,0,15386.8657273874,15386.8657273874
"GP_sum","BNMR",104,37.5537840306829,2.440638964168,0,0,15386.8657273874,15386.8657273874
"GP_sum","BNMR",105,37.212921829953,2.41848616146152,0,0,15386.8657273874,15386.8657273874
"GP_sum","BNMR",106,36.8801071656158,2.39685637211821,0,0,15386.8657273874,15386.8657273874
"GP_sum","BNMR",107,36.5549018168672,2.37572111595166,0,0,15386.8657273874,15386.8657273874
"GP_sum","BNMR",108,36.2368810012286,2.35505278613889,0,0,15386.8657273874,15386.8657273874
"GP_sum","BNMR",109,35.9256333125993,2.33482464519428,0,0,15386.8657273874,15386.8657273874
"GP_sum","BNMR",110,35.6207606475083,2.31501082017673,0,0,15386.8657273874,15386.8657273874
"GP_sum","BNMR",111,35.3218781190619,2.29558629709699,0,0,15386.8657273874,15386.8657273874
"GP_sum","BNMR",112,35.0286139582012,2.2765269145004,0,0,15386.8657273874,15386.8657273874
"GP_sum","BNMR",113,34.740609402003,2.25780935620745,0,0,15386.8657273874,15386.8657273874
"GP_sum","BNMR",114,34.4575185688609,2.23941114320178,0,0,15386.8657273874,15386.8657273874
"GP_sum","BNMR",115,34.179008320486,2.22131062466153,0,0,15386.8657273874,15386.8657273874
"GP_sum","BNMR",116,33.9047581107605,2.20348696813626,0,0,15386.8657273874,15386.8657273874
"GP_sum","BNMR",117,33.6344598215623,2.18592014887708,0,0,15386.8657273874,15386.8657273874
"GP_sum","BNMR",118,33.3678175857613,2.16859093833316,0,0,15386.8657273874,15386.8657273874
"GP_sum","BNMR",119,33.1045475976645,2.15148089183238,0,0,15386.8657273874,15386.8657273874
"GP_sum","BNMR",120,32.8443779112513,2.13457233546862,0,0,15386.8657273874,15386.8657273874
"GP_sum","BNMR",121,32.587048226612,2.11784835222222,0,0,15386.8657273874,15386.8657273874
"GP_sum","BNMR",122,32.3323096650536,2.10129276734408,0,0,15386.8657273874,15386.8657273874
"GP_sum","BNMR",123,32.0799245333981,2.08489013303719,0,0,15386.8657273874,15386.8657273874
"GP_sum","BNMR",124,31.8296660780393,2.06862571247275,0,0,15386.8657273874,15386.8657273874
"GP_sum","BNMR",125,31.5813182293763,2.05248546318072,0,0,15386.8657273874,15386.8657273874
"GP_sum","BNMR",126,31.3346753372736,2.03645601985727,0,0,15386.8657273874,15386.8657273874
"GP_sum","BNMR",127,31.0895418982384,2.02052467663389,0,0,15386.8657273874,15386.8657273874
"GP_sum","BNMR",128,30.8457322750293,2.00467936885459,0,0,15386.8657273874,15386.8657273874
"GP_sum","BNMR",129,30.6030704094413,1.98890865440973,0,0,15386.8657273874,15386.8657273874
"GP_sum","BNMR",130,30.3613895290263,1.97320169467558,0,0,15386.8657273874,15386.8657273874
"GP_sum","BNMR",131,30.120531848531,1.95754823511061,0,0,15386.8657273874,15386.8657273874
"GP_sum","BNMR",132,29.8803482668352,1.94193858555941,0,0,15386.8657273874,15386.8657273874
"GP_sum","BNMR",133,29.6406980601872,1.92636360031589,0,0,15386.8657273874,15386.8657273874
"GP_sum","BNMR",134,29.4014485725307,1.91081465799747,0,0,15386.8657273874,15386.8657273874
"GP_sum","BNMR",135,29.1624749037099,1.89528364128134,0,0,15386.8657273874,15386.8657273874
"GP_sum","BNMR",136,28.923659596334,1.87976291655371,0,0,15386.8657273874,15386.8657273874
"GP_sum","BNMR",137,28.6848923220641,1.86424531352134,0,0,15386.8657273874,15386.8657273874
"GP_sum","BNMR",138,28.4460695680644,1.84872410483395,0,0,15386.8657273874,15386.8657273874
"GP_sum","BNMR",139,28.2070943243343,1.83319298576369,0,0,15386.8657273874,15386.8657273874
"GP_sum","BNMR",140,27.9678757726023,1.81764605398627,0,0,15386.8657273874,15386.8657273874
"GP_sum","BNMR",141,27.7283289774255,1.80207778950532,0,0,15386.8657273874,15386.8657273874
"GP_sum","BNMR",142,27.488374580093,1.78648303475905,0,0,15386.8657273874,15386.8657273874
"GP_sum","BNMR",143,27.247938495877,1.77085697494441,0,0,15386.8657273874,15386.8657273874
"GP_sum","BNMR",144,27.0069516151201,1.75519511859065,0,0,15386.8657273874,15386.8657273874
"GP_sum","BNMR",145,26.765349508578,1.73949327840938,0,0,15386.8657273874,15386.8657273874
"GP_sum","BNMR",146,26.523072137368,1.72374755244397,0,0,15386.8657273874,15386.8657273874
"GP_sum","BNMR",147,26.2800635677887,1.70795430553555,0,0,15386.8657273874,15386.8657273874
"GP_sum","BNMR",148,26.0362716911947,1.69211015111754,0,0,15386.8657273874,15386.8657273874
"GP_sum","BNMR",149,25.7916479490118,1.67621193334421,0,0,15386.8657273874,15386.8657273874
"GP_sum","BNMR",150,25.5461470628754,1.66025670955231,0,0,15386.8657273874,15386.8657273874
"GP_sum","BNMR",151,25.2997267697705,1.64424173304762,0,0,15386.8657273874,15386.8657273874
"GP_sum","BNMR",152,25.0523475619284,1.62816443620076,0,0,15386.8657273874,15386.8657273874
"GP_sum","BNMR",153,24.803972431115,1.6120224138283,0,0,15386.8657273874,15386.8657273874
"GP_sum","BNMR",154,24.5545666168115,1.59581340682699,0,0,15386.8657273874,15386.8657273874
"GP_sum","BNMR",155,24.3040973576526,1.57953528601951,0,0,15386.8657273874,15386.8657273874
"GP_sum","BNMR",156,24.0525336453368,1.56318603616104,0,0,15386.8657273874,15386.8657273874
"GP_sum","BNMR",157,23.7998459800754,1.54676374004575,0,0,15386.8657273874,15386.8657273874
"GP_sum","BNMR",158,23.5460061264849,1.53026656264211,0,0,15386.8657273874,15386.8657273874
"GP_sum","BNMR",159,23.2909868686641,1.5136927351753,0,0,15386.8657273874,15386.8657273874
"GP_sum","BNMR",160,23.0347617630266,1.49704053906356,0,0,15386.8657273874,15386.8657273874
"GP_sum","BNMR",161,22.7773048872823,1.48030828960446,0,0,15386.8657273874,15386.8657273874
"GP_sum","BNMR",162,22.5185905837846,1.46349431929489,0,0,15386.8657273874,15386.8657273874
"GP_sum","BNMR",163,22.2585931952731,1.44659696065682,0,0,15386.8657273874,15386.8657273874
"GP_sum","BNMR",164,21.9972867908578,1.4296145284289,0,0,15386.8657273874,15386.8657273874
"GP_sum","BNMR",165,21.7346448798993,1.41254530097142,0,0,15386.8657273874,15386.8657273874
"GP_sum","BNMR",166,21.4706401112512,1.39538750071986,0,0,15386.8657273874,15386.8657273874
"GP_sum","BNMR",167,21.2052439551388,1.37813927351008,0,0,15386.8657273874,15386.8657273874
"GP_sum","BNMR",168,20.9384263647588,1.3607986665855,0,0,15386.8657273874,15386.8657273874
"GP_sum","BNMR",169,20.670155414497,1.34336360508468,0,0,15386.8657273874,15386.8657273874
"GP_sum","BNMR",170,20.4003969114715,1.32583186679536,0,0,15386.8657273874,15386.8657273874
"GP_sum","BNMR",171,20.1291139769323,1.30820105494935,0,0,15386.8657273874,15386.8657273874
"GP_sum","BNMR",172,19.8562665938658,1.29046856882121,0,0,15386.8657273874,15386.8657273874
"GP_sum","BNMR",173,19.5818111169862,1.27263157188225,0,0,15386.8657273874,15386.8657273874
"GP_sum","BNMR",174,19.3056997411271,1.25468695725111,0,0,15386.8657273874,15386.8657273874
"GP_sum","BNMR",175,19.0278799238954,1.23663131017172,0,0,15386.8657273874,15386.8657273874
"GP_sum","BNMR",176,18.7482937583003,1.21846086724016,0,0,15386.8657273874,15386.8657273874
"GP_sum","BNMR",177,18.4668772909346,1.20017147209292,0,0,15386.8657273874,15386.8657273874
"GP_sum","BNMR",178,18.1835597811607,1.18175852726104,0,0,15386.8657273874,15386.8657273874
"GP_sum","BNMR",179,17.8982628966395,1.16321694188713,0,0,15386.8657273874,15386.8657273874
"GP_sum","BNMR",180,17.6108998404374,1.14454107499563,0,0,15386.8657273874,15386.8657273874
"GP_sum","BNMR",181,17.3213744048598,1.12572467400096,0,0,15386.8657273874,15386.8657273874
"GP_sum","BNMR",182,17.0295799470775,1.10676080813302,0,0,15386.8657273874,15386.8657273874
"GP_sum","BNMR",183,16.7353982815499,1.08764179645516,0,0,15386.8657273874,15386.8657273874
"GP_sum","BNMR",184,16.4386984841888,1.06835913014625,0,0,15386.8657273874,15386.8657273874
"GP_sum","BNMR",185,16.1393356031644,1.04890338871533,0,0,15386.8657273874,15386.8657273874
"GP_sum","BNMR",186,15.8371492712083,1.02926414981444,0,0,15386.8657273874,15386.8657273874
"GP_sum","BNMR",187,15.5319622142374,1.0094298923134,0,0,15386.8657273874,15386.8657273874
"GP_sum","BNMR",188,15.2235786510818,0.989387892297329,0,0,15386.8657273874,15386.8657273874
"GP_sum","BNMR",189,14.9117825790629,0.969124111645501,0,0,15386.8657273874,15386.8657273874
"GP_sum","BNMR",190,14.5963359401144,0.948623078846664,0,0,15386.8657273874,15386.8657273874
"GP_sum","BNMR",191,14.2769766620738,0.927867761701589,0,0,15386.8657273874,15386.8657273874
"GP_sum","BNMR",192,13.9534165696793,0.90683943155774,0,0,15386.8657273874,15386.8657273874
"GP_sum","BNMR",193,13.6253391596819,0.885517518712725,0,0,15386.8657273874,15386.8657273874
"GP_sum","BNMR",194,13.292397234311,0.863879458612006,0,0,15386.8657273874,15386.8657273874
"GP_sum","BNMR",195,12.9542103870997,0.841900528451499,0,0,15386.8657273874,15386.8657273874
"GP_sum","BNMR",196,12.6103623347758,0.819553673775834,0,0,15386.8657273874,15386.8657273874
"GP_sum","BNMR",197,12.2603980885265,0.796809324637441,0,0,15386.8657273874,15386.8657273874
"GP_sum","BNMR",198,11.9038209574384,0.773635200848642,0,0,15386.8657273874,15386.8657273874
"GP_sum","BNMR",199,11.5400893762747,0.749996105817333,0,0,15386.8657273874,15386.8657273874
"GP_sum","BNMR",200,11.168613548949,0.725853708404679,0,0,15386.8657273874,15386.8657273874
"GP_sum","BNMR",201,10.788751898064,0.70116631217889,0,0,15386.8657273874,15386.8657273874
"GP_sum","BNMR",202,10.399807309669,0.675888611360155,0,0,15386.8657273874,15386.8657273874
"GP_sum","BNMR",203,10.001023160915,0.649971432655969,0,0,15386.8657273874,15386.8657273874
"GP_sum","BNMR",204,9.5915791165063,0.623361462070476,0,0,15386.8657273874,15386.8657273874
"GP_sum","BNMR",205,9.17058667772265,0.596000955633202,0,0,15386.8657273874,15386.8657273874
"GP_sum","BNMR",206,8.73708446525183,0.567827432828021,0,0,15386.8657273874,15386.8657273874
"GP_sum","BNMR",207,8.2900332140829,0.538773351308792,0,0,15386.8657273874,15386.8657273874
"GP_sum","BNMR",208,7.8283104551916,0.508765761259477,0,0,15386.8657273874,15386.8657273874
"GP_sum","BNMR",209,7.35070485463268,0.477725937488947,0,0,15386.8657273874,15386.8657273874
"GP_sum","BNMR",210,6.85591017585873,0.445568987039106,0,0,15386.8657273874,15386.8657273874
"GP_sum","BNMR",211,6.34251882552291,0.412203429723425,0,0,15386.8657273874,15386.8657273874
"GP_sum","BNMR",212,5.80901493659662,0.377530748595345,0,0,15386.8657273874,15386.8657273874
"GP_sum","BNMR",213,5.25376693523286,0.341444906865053,0,0,15386.8657273874,15386.8657273874
"GP_sum","BNMR",214,4.67501952931819,0.303831827231522,0,0,15386.8657273874,15386.8657273874
"GP_sum","BNMR",215,4.07088504694545,0.264568828965577,0,0,15386.8657273874,15386.8657273874
"GP_sum","BNMR",216,3.43933404196676,0.223524017360145,0,0,15386.8657273874,15386.8657273874
"GP_sum","BNMR",217,2.77818507119566,0.180555619345577,0,0,15386.8657273874,15386.8657273874
"PS_sum","Loess",1,36.9985562532132,35.9312689777604,17.0419049568733,0,-2194.09803265669,1503.99534298482
"PS_sum","Loess",2,34.5513337360421,34.3041213083305,17.0419049568733,0,-2194.09803265669,1503.99534298482
"PS_sum","Loess",3,32.1506378174383,32.7079089730985,17.0419049568733,0,-2194.09803265669,1503.99534298482
"PS_sum","Loess",4,29.7884541685546,31.1373032794694,17.0419049568733,0,-2194.09803265669,1503.99534298482
"PS_sum","Loess",5,27.4572887979131,29.5873215049148,17.0419049568733,0,-2194.09803265669,1503.99534298482
"PS_sum","Loess",6,25.151385521762,28.0541363877489,17.0419049568733,0,-2194.09803265669,1503.99534298482
"PS_sum","Loess",7,22.8707933849246,26.5377805376627,17.0419049568733,0,-2194.09803265669,1503.99534298482
"PS_sum","Loess",8,20.6198742064105,25.0411541092544,17.0419049568733,0,-2194.09803265669,1503.99534298482
"PS_sum","Loess",9,18.4062765691915,23.569342612268,17.0419049568733,0,-2194.09803265669,1503.99534298482
"PS_sum","Loess",10,16.2555556497788,22.1393375730607,17.0419049568733,0,-2194.09803265669,1503.99534298482
"PS_sum","Loess",11,14.2680299760473,20.8178403470207,17.0419049568733,0,-2194.09803265669,1503.99534298482
"PS_sum","Loess",12,12.753224182421,19.8106525251355,17.0419049568733,0,-2194.09803265669,1503.99534298482
"PS_sum","Loess",13,11.3286151448845,18.8634361363472,17.0419049568733,0,-2194.09803265669,1503.99534298482
"PS_sum","Loess",14,9.97035766668777,17.9603366124477,17.0419049568733,0,-2194.09803265669,1503.99534298482
"PS_sum","Loess",15,8.69106200159242,17.109738456634,17.0419049568733,0,-2194.09803265669,1503.99534298482
"PS_sum","Loess",16,7.51672545130317,16.3289271623924,17.0419049568733,0,-2194.09803265669,1503.99534298482
"PS_sum","Loess",17,6.4868737845158,15.6441832424122,17.0419049568733,0,-2194.09803265669,1503.99534298482
"PS_sum","Loess",18,5.56614597551695,15.0319953036041,17.0419049568733,0,-2194.09803265669,1503.99534298482
"PS_sum","Loess",19,4.69028912695468,14.4496418723601,17.0419049568733,0,-2194.09803265669,1503.99534298482
"PS_sum","Loess",20,3.85145121476081,13.8919021718307,17.0419049568733,0,-2194.09803265669,1503.99534298482
"PS_sum","Loess",21,3.04146335811012,13.3533447484792,17.0419049568733,0,-2194.09803265669,1503.99534298482
"PS_sum","Loess",22,2.22208424160127,12.8085431170574,17.0419049568733,0,-2194.09803265669,1503.99534298482
"PS_sum","Loess",23,1.39335412872463,12.2575240485861,17.0419049568733,0,-2194.09803265669,1503.99534298482
"PS_sum","Loess",24,0.576761254594828,11.714574977674,17.0419049568733,0,-2194.09803265669,1503.99534298482
"PS_sum","Loess",25,-0.18789239142644,11.2061600749365,17.0419049568733,0,-2194.09803265669,1503.99534298482
"PS_sum","Loess",26,-0.876894292148213,10.7480456905167,17.0419049568733,0,-2194.09803265669,1503.99534298482
"PS_sum","Loess",27,-1.50130027863011,10.3328808501504,17.0419049568733,0,-2194.09803265669,1503.99534298482
"PS_sum","Loess",28,-2.0862870374809,9.94392568378011,17.0419049568733,0,-2194.09803265669,1503.99534298482
"PS_sum","Loess",29,-2.63509507851609,9.57902559044203,17.0419049568733,0,-2194.09803265669,1503.99534298482
"PS_sum","Loess",30,-3.1183436047768,9.2577157349862,17.0419049568733,0,-2194.09803265669,1503.99534298482
"PS_sum","Loess",31,-3.54563055129902,8.97361449191038,17.0419049568733,0,-2194.09803265669,1503.99534298482
"PS_sum","Loess",32,-3.96766202740657,8.69300758838767,17.0419049568733,0,-2194.09803265669,1503.99534298482
"PS_sum","Loess",33,-4.39171660064349,8.41105553633188,17.0419049568733,0,-2194.09803265669,1503.99534298482
"PS_sum","Loess",34,-4.80277163628389,8.13774682061164,17.0419049568733,0,-2194.09803265669,1503.99534298482
"PS_sum","Loess",35,-5.21190749211008,7.86571415925099,17.0419049568733,0,-2194.09803265669,1503.99534298482
"PS_sum","Loess",36,-5.61192770751778,7.59974244778689,17.0419049568733,0,-2194.09803265669,1503.99534298482
"PS_sum","Loess",37,-5.98188214718101,7.35376134060539,17.0419049568733,0,-2194.09803265669,1503.99534298482
"PS_sum","Loess",38,-6.29494178595052,7.14560934051461,17.0419049568733,0,-2194.09803265669,1503.99534298482
"PS_sum","Loess",39,-6.53749187033925,6.98433883823542,17.0419049568733,0,-2194.09803265669,1503.99534298482
"PS_sum","Loess",40,-6.70642513617273,6.87201584028104,17.0419049568733,0,-2194.09803265669,1503.99534298482
"PS_sum","Loess",41,-6.8561973620231,6.77243293495559,17.0419049568733,0,-2194.09803265669,1503.99534298482
"PS_sum","Loess",42,-7.04959106434732,6.64384629854991,17.0419049568733,0,-2194.09803265669,1503.99534298482
"PS_sum","Loess",43,-7.27132783767676,6.49641447679349,17.0419049568733,0,-2194.09803265669,1503.99534298482
"PS_sum","Loess",44,-7.49301495806552,6.3490156690626,17.0419049568733,0,-2194.09803265669,1503.99534298482
"PS_sum","Loess",45,-7.71646404101291,6.20044534004554,17.0419049568733,0,-2194.09803265669,1503.99534298482
"PS_sum","Loess",46,-7.90685558589296,6.07385482514261,17.0419049568733,0,-2194.09803265669,1503.99534298482
"PS_sum","Loess",47,-8.04490288636891,5.9820677719979,17.0419049568733,0,-2194.09803265669,1503.99534298482
"PS_sum","Loess",48,-8.10736629603665,5.94053612101301,17.0419049568733,0,-2194.09803265669,1503.99534298482
"PS_sum","Loess",49,-8.09713398888249,5.94733953779344,17.0419049568733,0,-2194.09803265669,1503.99534298482
"PS_sum","Loess",50,-8.0476644964418,5.98023158940214,17.0419049568733,0,-2194.09803265669,1503.99534298482
"PS_sum","Loess",51,-8.00012780089435,6.01183853271428,17.0419049568733,0,-2194.09803265669,1503.99534298482
"PS_sum","Loess",52,-7.9918231221158,6.01736027772319,17.0419049568733,0,-2194.09803265669,1503.99534298482
"PS_sum","Loess",53,-8.05800243545503,5.97335793845538,17.0419049568733,0,-2194.09803265669,1503.99534298482
"PS_sum","Loess",54,-8.21092984113973,5.87167716770166,17.0419049568733,0,-2194.09803265669,1503.99534298482
"PS_sum","Loess",55,-8.43528122714334,5.72250690128424,17.0419049568733,0,-2194.09803265669,1503.99534298482
"PS_sum","Loess",56,-8.67166478813316,5.56533649374781,17.0419049568733,0,-2194.09803265669,1503.99534298482
"PS_sum","Loess",57,-8.85195167675758,5.44546452109487,17.0419049568733,0,-2194.09803265669,1503.99534298482
"PS_sum","Loess",58,-8.9754418624634,5.36335643061319,17.0419049568733,0,-2194.09803265669,1503.99534298482
"PS_sum","Loess",59,-9.0911126334301,5.28644743517897,17.0419049568733,0,-2194.09803265669,1503.99534298482
"PS_sum","Loess",60,-9.2345783126459,5.1910577254402,17.0419049568733,0,-2194.09803265669,1503.99534298482
"PS_sum","Loess",61,-9.45655821655511,5.04346424721262,17.0419049568733,0,-2194.09803265669,1503.99534298482
"PS_sum","Loess",62,-9.78100404685275,4.82774161761076,17.0419049568733,0,-2194.09803265669,1503.99534298482
"PS_sum","Loess",63,-10.1887648354435,4.55662323250891,17.0419049568733,0,-2194.09803265669,1503.99534298482
"PS_sum","Loess",64,-10.6404898674618,4.25627321206149,17.0419049568733,0,-2194.09803265669,1503.99534298482
"PS_sum","Loess",65,-11.0897741289486,3.95754604938616,17.0419049568733,0,-2194.09803265669,1503.99534298482
"PS_sum","Loess",66,-11.4813315033618,3.69720124430444,17.0419049568733,0,-2194.09803265669,1503.99534298482
"PS_sum","Loess",67,-11.8072815492097,3.48047846828771,17.0419049568733,0,-2194.09803265669,1503.99534298482
"PS_sum","Loess",68,-12.070624107922,3.30538313974122,17.0419049568733,0,-2194.09803265669,1503.99534298482
"PS_sum","Loess",69,-12.2812238860061,3.165356257965,17.0419049568733,0,-2194.09803265669,1503.99534298482
"PS_sum","Loess",70,-12.4618298620378,3.04527212547474,17.0419049568733,0,-2194.09803265669,1503.99534298482
"PS_sum","Loess",71,-12.6341309231773,2.93070989498435,17.0419049568733,0,-2194.09803265669,1503.99534298482
"PS_sum","Loess",72,-12.8378676664613,2.79524621536972,17.0419049568733,0,-2194.09803265669,1503.99534298482
"PS_sum","Loess",73,-13.0721677281367,2.63946111751803,17.0419049568733,0,-2194.09803265669,1503.99534298482
"PS_sum","Loess",74,-13.3048372423298,2.48476016363655,17.0419049568733,0,-2194.09803265669,1503.99534298482
"PS_sum","Loess",75,-13.5074948681209,2.35001398457662,17.0419049568733,0,-2194.09803265669,1503.99534298482
"PS_sum","Loess",76,-13.6396891381044,2.26211858609673,17.0419049568733,0,-2194.09803265669,1503.99534298482
"PS_sum","Loess",77,-13.6756934228629,2.23817949284992,17.0419049568733,0,-2194.09803265669,1503.99534298482
"PS_sum","Loess",78,-13.6616578672099,2.24751167311131,17.0419049568733,0,-2194.09803265669,1503.99534298482
"PS_sum","Loess",79,-13.6388041181996,2.26270703200449,17.0419049568733,0,-2194.09803265669,1503.99534298482
"PS_sum","Loess",80,-13.6120355592507,2.28050533109744,17.0419049568733,0,-2194.09803265669,1503.99534298482
"PS_sum","Loess",81,-13.5967011072154,2.29070114194678,17.0419049568733,0,-2194.09803265669,1503.99534298482
"PS_sum","Loess",82,-13.6039064760042,2.28591032339643,17.0419049568733,0,-2194.09803265669,1503.99534298482
"PS_sum","Loess",83,-13.6334716052131,2.26625259683044,17.0419049568733,0,-2194.09803265669,1503.99534298482
"PS_sum","Loess",84,-13.6946226297634,2.22559354503516,17.0419049568733,0,-2194.09803265669,1503.99534298482
"PS_sum","Loess",85,-13.7888373660035,2.16295057431082,17.0419049568733,0,-2194.09803265669,1503.99534298482
"PS_sum","Loess",86,-13.8965723879105,2.0913180241108,17.0419049568733,0,-2194.09803265669,1503.99534298482
"PS_sum","Loess",87,-13.9827080797048,2.03404677510322,17.0419049568733,0,-2194.09803265669,1503.99534298482
"PS_sum","Loess",88,-14.017616039701,2.01083662345013,17.0419049568733,0,-2194.09803265669,1503.99534298482
"PS_sum","Loess",89,-13.9942449929,2.02637593140741,17.0419049568733,0,-2194.09803265669,1503.99534298482
"PS_sum","Loess",90,-13.9170313607719,2.07771494152359,17.0419049568733,0,-2194.09803265669,1503.99534298482
"PS_sum","Loess",91,-13.8200235851703,2.14221499204175,17.0419049568733,0,-2194.09803265669,1503.99534298482
"PS_sum","Loess",92,-13.737664526904,2.19697517374736,17.0419049568733,0,-2194.09803265669,1503.99534298482
"PS_sum","Loess",93,-13.6786259919657,2.23622964033445,17.0419049568733,0,-2194.09803265669,1503.99534298482
"PS_sum","Loess",94,-13.6336492549756,2.26613447827153,17.0419049568733,0,-2194.09803265669,1503.99534298482
"PS_sum","Loess",95,-13.5639333387144,2.31248828952927,17.0419049568733,0,-2194.09803265669,1503.99534298482
"PS_sum","Loess",96,-13.4544070674814,2.38531183366046,17.0419049568733,0,-2194.09803265669,1503.99534298482
"PS_sum","Loess",97,-13.3297105242257,2.46822202606055,17.0419049568733,0,-2194.09803265669,1503.99534298482
"PS_sum","Loess",98,-13.2284662521228,2.53553890478301,17.0419049568733,0,-2194.09803265669,1503.99534298482
"PS_sum","Loess",99,-13.1609538532378,2.58042760686571,17.0419049568733,0,-2194.09803265669,1503.99534298482
"PS_sum","Loess",100,-13.1230297659466,2.60564316851495,17.0419049568733,0,-2194.09803265669,1503.99534298482
"PS_sum","Loess",101,-13.11438621441,2.61139022855537,17.0419049568733,0,-2194.09803265669,1503.99534298482
"PS_sum","Loess",102,-13.138788405694,2.59516531709019,17.0419049568733,0,-2194.09803265669,1503.99534298482
"PS_sum","Loess",103,-13.1891676753035,2.56166835857599,17.0419049568733,0,-2194.09803265669,1503.99534298482
"PS_sum","Loess",104,-13.2727664120932,2.50608391998071,17.0419049568733,0,-2194.09803265669,1503.99534298482
"PS_sum","Loess",105,-13.3796825262829,2.43499585798077,17.0419049568733,0,-2194.09803265669,1503.99534298482
"PS_sum","Loess",106,-13.4971212316973,2.35691137057718,17.0419049568733,0,-2194.09803265669,1503.99534298482
"PS_sum","Loess",107,-13.6143089391574,2.27899377062803,17.0419049568733,0,-2194.09803265669,1503.99534298482
"PS_sum","Loess",108,-13.7255919300412,2.20500219119731,17.0419049568733,0,-2194.09803265669,1503.99534298482
"PS_sum","Loess",109,-13.8315109474309,2.13457709454813,17.0419049568733,0,-2194.09803265669,1503.99534298482
"PS_sum","Loess",110,-13.9288069087403,2.06988543059899,17.0419049568733,0,-2194.09803265669,1503.99534298482
"PS_sum","Loess",111,-13.9993403929254,2.02298802196401,17.0419049568733,0,-2194.09803265669,1503.99534298482
"PS_sum","Loess",112,-14.0316188786584,2.0015261963782,17.0419049568733,0,-2194.09803265669,1503.99534298482
"PS_sum","Loess",113,-14.0257493514963,2.00542881960737,17.0419049568733,0,-2194.09803265669,1503.99534298482
"PS_sum","Loess",114,-13.987018425406,2.03118084488522,17.0419049568733,0,-2194.09803265669,1503.99534298482
"PS_sum","Loess",115,-13.9393401315394,2.06288193630749,17.0419049568733,0,-2194.09803265669,1503.99534298482
"PS_sum","Loess",116,-13.9246324260549,2.07266102608533,17.0419049568733,0,-2194.09803265669,1503.99534298482
"PS_sum","Loess",117,-13.9483735756556,2.05687563837685,17.0419049568733,0,-2194.09803265669,1503.99534298482
"PS_sum","Loess",118,-14.006737029155,2.01807003051936,17.0419049568733,0,-2194.09803265669,1503.99534298482
"PS_sum","Loess",119,-14.0906592605853,1.96227050173642,17.0419049568733,0,-2194.09803265669,1503.99534298482
"PS_sum","Loess",120,-14.1834482593887,1.90057549766856,17.0419049568733,0,-2194.09803265669,1503.99534298482
"PS_sum","Loess",121,-14.2751312344202,1.83961588402411,17.0419049568733,0,-2194.09803265669,1503.99534298482
"PS_sum","Loess",122,-14.3597329944252,1.78336453963022,17.0419049568733,0,-2194.09803265669,1503.99534298482
"PS_sum","Loess",123,-14.4436863657586,1.72754430606036,17.0419049568733,0,-2194.09803265669,1503.99534298482
"PS_sum","Loess",124,-14.5391047112389,1.66410106075688,17.0419049568733,0,-2194.09803265669,1503.99534298482
"PS_sum","Loess",125,-14.6484819885753,1.59137658202319,17.0419049568733,0,-2194.09803265669,1503.99534298482
"PS_sum","Loess",126,-14.7710542153395,1.50987883847244,17.0419049568733,0,-2194.09803265669,1503.99534298482
"PS_sum","Loess",127,-14.9066413125413,1.41972756384631,17.0419049568733,0,-2194.09803265669,1503.99534298482
"PS_sum","Loess",128,-15.0342748592881,1.33486457052514,17.0419049568733,0,-2194.09803265669,1503.99534298482
"PS_sum","Loess",129,-15.1261811284326,1.27375648959043,17.0419049568733,0,-2194.09803265669,1503.99534298482
"PS_sum","Loess",130,-15.1491246351819,1.25850145116477,17.0419049568733,0,-2194.09803265669,1503.99534298482
"PS_sum","Loess",131,-15.1055342877579,1.28748448467436,17.0419049568733,0,-2194.09803265669,1503.99534298482
"PS_sum","Loess",132,-15.0247632996444,1.34118876540248,17.0419049568733,0,-2194.09803265669,1503.99534298482
"PS_sum","Loess",133,-14.9418620337343,1.39630945862594,17.0419049568733,0,-2194.09803265669,1503.99534298482
"PS_sum","Loess",134,-14.8815989315465,1.43637813468189,17.0419049568733,0,-2194.09803265669,1503.99534298482
"PS_sum","Loess",135,-14.867214697415,1.44594214975589,17.0419049568733,0,-2194.09803265669,1503.99534298482
"PS_sum","Loess",136,-14.8975376594831,1.42578054339885,17.0419049568733,0,-2194.09803265669,1503.99534298482
"PS_sum","Loess",137,-14.9496167452777,1.39115338445352,17.0419049568733,0,-2194.09803265669,1503.99534298482
"PS_sum","Loess",138,-14.9888063364877,1.36509639472094,17.0419049568733,0,-2194.09803265669,1503.99534298482
"PS_sum","Loess",139,-14.9819639020329,1.36964589980197,17.0419049568733,0,-2194.09803265669,1503.99534298482
"PS_sum","Loess",140,-14.9264921012393,1.40652886027942,17.0419049568733,0,-2194.09803265669,1503.99534298482
"PS_sum","Loess",141,-14.8405391241967,1.4636786230387,17.0419049568733,0,-2194.09803265669,1503.99534298482
"PS_sum","Loess",142,-14.7402107489101,1.5303865259285,17.0419049568733,0,-2194.09803265669,1503.99534298482
"PS_sum","Loess",143,-14.6746869558875,1.57395301257238,17.0419049568733,0,-2194.09803265669,1503.99534298482
"PS_sum","Loess",144,-14.6742443202975,1.57424731906214,17.0419049568733,0,-2194.09803265669,1503.99534298482
"PS_sum","Loess",145,-14.7380211902558,1.53184235400971,17.0419049568733,0,-2194.09803265669,1503.99534298482
"PS_sum","Loess",146,-14.8488280860844,1.45816732812255,17.0419049568733,0,-2194.09803265669,1503.99534298482
"PS_sum","Loess",147,-14.9701944991672,1.37747132487436,17.0419049568733,0,-2194.09803265669,1503.99534298482
"PS_sum","Loess",148,-15.0596159578076,1.31801538369905,17.0419049568733,0,-2194.09803265669,1503.99534298482
"PS_sum","Loess",149,-15.1074824236723,1.28618917752897,17.0419049568733,0,-2194.09803265669,1503.99534298482
"PS_sum","Loess",150,-15.1198055883481,1.27799555862363,17.0419049568733,0,-2194.09803265669,1503.99534298482
"PS_sum","Loess",151,-15.11970678915,1.27806124978319,17.0419049568733,0,-2194.09803265669,1503.99534298482
"PS_sum","Loess",152,-15.1260048531303,1.27387369427673,17.0419049568733,0,-2194.09803265669,1503.99534298482
"PS_sum","Loess",153,-15.1529691470336,1.25594525185895,17.0419049568733,0,-2194.09803265669,1503.99534298482
"PS_sum","Loess",154,-15.2180985594501,1.21264098717464,17.0419049568733,0,-2194.09803265669,1503.99534298482
"PS_sum","Loess",155,-15.3183919742673,1.14595632934973,17.0419049568733,0,-2194.09803265669,1503.99534298482
"PS_sum","Loess",156,-15.4329219783083,1.06980582491154,17.0419049568733,0,-2194.09803265669,1503.99534298482
"PS_sum","Loess",157,-15.5229761806484,1.00992917518648,17.0419049568733,0,-2194.09803265669,1503.99534298482
"PS_sum","Loess",158,-15.5724864390904,0.977010018439796,17.0419049568733,0,-2194.09803265669,1503.99534298482
"PS_sum","Loess",159,-15.5837594545105,0.969514639233501,17.0419049568733,0,-2194.09803265669,1503.99534298482
"PS_sum","Loess",160,-15.5678903565689,0.980065933833991,17.0419049568733,0,-2194.09803265669,1503.99534298482
"PS_sum","Loess",161,-15.5357812133485,1.00141516431549,17.0419049568733,0,-2194.09803265669,1503.99534298482
"PS_sum","Loess",162,-15.499285608878,1.0256809339142,17.0419049568733,0,-2194.09803265669,1503.99534298482
"PS_sum","Loess",163,-15.486857270133,1.03394448260335,17.0419049568733,0,-2194.09803265669,1503.99534298482
"PS_sum","Loess",164,-15.5148461894031,1.0153347712099,17.0419049568733,0,-2194.09803265669,1503.99534298482
"PS_sum","Loess",165,-15.5773456392648,0.973779157255851,17.0419049568733,0,-2194.09803265669,1503.99534298482
"PS_sum","Loess",166,-15.6647221723719,0.915682878225035,17.0419049568733,0,-2194.09803265669,1503.99534298482
"PS_sum","Loess",167,-15.7583457806163,0.853432945948939,17.0419049568733,0,-2194.09803265669,1503.99534298482
"PS_sum","Loess",168,-15.8479379217905,0.793863518695027,17.0419049568733,0,-2194.09803265669,1503.99534298482
"PS_sum","Loess",169,-15.9123953924484,0.75100602518047,17.0419049568733,0,-2194.09803265669,1503.99534298482
"PS_sum","Loess",170,-15.9437715137346,0.730144177813327,17.0419049568733,0,-2194.09803265669,1503.99534298482
"PS_sum","Loess",171,-15.9513737974527,0.725089452242833,17.0419049568733,0,-2194.09803265669,1503.99534298482
"PS_sum","Loess",172,-15.9387101250132,0.733509473287788,17.0419049568733,0,-2194.09803265669,1503.99534298482
"PS_sum","Loess",173,-15.9208915768824,0.74535694888931,17.0419049568733,0,-2194.09803265669,1503.99534298482
"PS_sum","Loess",174,-15.9232193310333,0.743809235220049,17.0419049568733,0,-2194.09803265669,1503.99534298482
"PS_sum","Loess",175,-15.9446380868655,0.729567997085801,17.0419049568733,0,-2194.09803265669,1503.99534298482
"PS_sum","Loess",176,-15.9755701078212,0.709001430108088,17.0419049568733,0,-2194.09803265669,1503.99534298482
"PS_sum","Loess",177,-16.013746095541,0.683618380953099,17.0419049568733,0,-2194.09803265669,1503.99534298482
"PS_sum","Loess",178,-16.0667048800137,0.648406314160668,17.0419049568733,0,-2194.09803265669,1503.99534298482
"PS_sum","Loess",179,-16.1228256266258,0.611091872414649,17.0419049568733,0,-2194.09803265669,1503.99534298482
"PS_sum","Loess",180,-16.1743187740062,0.576854301387179,17.0419049568733,0,-2194.09803265669,1503.99534298482
"PS_sum","Loess",181,-16.2283406984212,0.54093535744435,17.0419049568733,0,-2194.09803265669,1503.99534298482
"PS_sum","Loess",182,-16.2874404475345,0.50164018981703,17.0419049568733,0,-2194.09803265669,1503.99534298482
"PS_sum","Loess",183,-16.3669751466124,0.448757912322698,17.0419049568733,0,-2194.09803265669,1503.99534298482
"PS_sum","Loess",184,-16.4624269484177,0.385292422053358,17.0419049568733,0,-2194.09803265669,1503.99534298482
"PS_sum","Loess",185,-16.5553166228112,0.323530479221092,17.0419049568733,0,-2194.09803265669,1503.99534298482
"PS_sum","Loess",186,-16.6356460759133,0.270119773212717,17.0419049568733,0,-2194.09803265669,1503.99534298482
"PS_sum","Loess",187,-16.7063407662654,0.22311517929435,17.0419049568733,0,-2194.09803265669,1503.99534298482
"PS_sum","Loess",188,-16.7656018570301,0.183712736300669,17.0419049568733,0,-2194.09803265669,1503.99534298482
"PS_sum","Loess",189,-16.7995543878081,0.161137845403325,17.0419049568733,0,-2194.09803265669,1503.99534298482
"PS_sum","Loess",190,-16.8151260244208,0.150784331554137,17.0419049568733,0,-2194.09803265669,1503.99534298482
"PS_sum","Loess",191,-16.8180500518703,0.148840158346979,17.0419049568733,0,-2194.09803265669,1503.99534298482
"PS_sum","Loess",192,-16.8145437509346,0.151171482677253,17.0419049568733,0,-2194.09803265669,1503.99534298482
"PS_sum","Loess",193,-16.8169201148744,0.149591448569501,17.0419049568733,0,-2194.09803265669,1503.99534298482
"PS_sum","Loess",194,-16.8282683924581,0.142046027876155,17.0419049568733,0,-2194.09803265669,1503.99534298482
"PS_sum","Loess",195,-16.8372212050054,0.136093341527073,17.0419049568733,0,-2194.09803265669,1503.99534298482
"PS_sum","Loess",196,-16.832510264109,0.139225625758105,17.0419049568733,0,-2194.09803265669,1503.99534298482
"PS_sum","Loess",197,-16.8183115549478,0.148666286081598,17.0419049568733,0,-2194.09803265669,1503.99534298482
"PS_sum","Loess",198,-16.7978258449352,0.162287146085005,17.0419049568733,0,-2194.09803265669,1503.99534298482
"PS_sum","Loess",199,-16.7584756986223,0.188450888211221,17.0419049568733,0,-2194.09803265669,1503.99534298482
"PS_sum","Loess",200,-16.6999283170235,0.227378789066697,17.0419049568733,0,-2194.09803265669,1503.99534298482
"PS_sum","Loess",201,-16.6314298777437,0.272923105144062,17.0419049568733,0,-2194.09803265669,1503.99534298482
"PS_sum","Loess",202,-16.5604462163846,0.320119834635383,17.0419049568733,0,-2194.09803265669,1503.99534298482
"PS_sum","Loess",203,-16.4752115132693,0.376792020166325,17.0419049568733,0,-2194.09803265669,1503.99534298482
"PS_sum","Loess",204,-16.4300740221504,0.406803742828525,17.0419049568733,0,-2194.09803265669,1503.99534298482
"PS_sum","Loess",205,-16.425739148586,0.409685981516735,17.0419049568733,0,-2194.09803265669,1503.99534298482
"PS_sum","Loess",206,-16.4521555032103,0.392121861556146,17.0419049568733,0,-2194.09803265669,1503.99534298482
"PS_sum","Loess",207,-16.4913803893776,0.366041404359143,17.0419049568733,0,-2194.09803265669,1503.99534298482
"PS_sum","Loess",208,-16.5333734441338,0.338120403837361,17.0419049568733,0,-2194.09803265669,1503.99534298482
"PS_sum","Loess",209,-16.5742124153484,0.310966748471933,17.0419049568733,0,-2194.09803265669,1503.99534298482
"PS_sum","Loess",210,-16.6141764457654,0.284394837459463,17.0419049568733,0,-2194.09803265669,1503.99534298482
"PS_sum","Loess",211,-16.6552661921303,0.257074442780961,17.0419049568733,0,-2194.09803265669,1503.99534298482
"PS_sum","Loess",212,-16.7002949620217,0.227135008392818,17.0419049568733,0,-2194.09803265669,1503.99534298482
"PS_sum","Loess",213,-16.7514245009064,0.193139199081867,17.0419049568733,0,-2194.09803265669,1503.99534298482
"PS_sum","Loess",214,-16.8103201295588,0.153979750266305,17.0419049568733,0,-2194.09803265669,1503.99534298482
"PS_sum","Loess",215,-16.8780941120215,0.108917122393944,17.0419049568733,0,-2194.09803265669,1503.99534298482
"PS_sum","Loess",216,-16.9552855801796,0.0575928490056738,17.0419049568733,0,-2194.09803265669,1503.99534298482
"PS_sum","Loess",217,-17.0419049568733,0,17.0419049568733,0,-2194.09803265669,1503.99534298482
"PS_sum","B-spline",1,60.5091505242312,31.1769113923886,0,0,1940.83210368951,1940.83210368951
"PS_sum","B-spline",2,51.5016591006681,26.5358652109905,0,0,1940.83210368951,1940.83210368951
"PS_sum","B-spline",3,45.6591209247654,23.5255387820346,0,0,1940.83210368951,1940.83210368951
"PS_sum","B-spline",4,42.0098867228236,21.6452966966916,0,0,1940.83210368951,1940.83210368951
"PS_sum","B-spline",5,39.5823072211435,20.3945035461324,0,0,1940.83210368951,1940.83210368951
"PS_sum","B-spline",6,37.5623700475067,19.3537452189196,0,0,1940.83210368951,1940.83210368951
"PS_sum","B-spline",7,35.7666104356194,18.4284927931825,0,0,1940.83210368951,1940.83210368951
"PS_sum","B-spline",8,34.1692005206692,17.6054386444421,0,0,1940.83210368951,1940.83210368951
"PS_sum","B-spline",9,32.7443124378432,16.8712751482194,0,0,1940.83210368951,1940.83210368951
"PS_sum","B-spline",10,31.466118322329,16.2126946800354,0,0,1940.83210368951,1940.83210368951
"PS_sum","B-spline",11,30.3087903093138,15.6163896154113,0,0,1940.83210368951,1940.83210368951
"PS_sum","B-spline",12,29.2465005339851,15.069052329868,0,0,1940.83210368951,1940.83210368951
"PS_sum","B-spline",13,28.2534211315303,14.5573751989266,0,0,1940.83210368951,1940.83210368951
"PS_sum","B-spline",14,27.3037242371366,14.0680505981081,0,0,1940.83210368951,1940.83210368951
"PS_sum","B-spline",15,26.3715819859915,13.5877709029335,0,0,1940.83210368951,1940.83210368951
"PS_sum","B-spline",16,25.4361545409444,13.1057985348606,0,0,1940.83210368951,1940.83210368951
"PS_sum","B-spline",17,24.4965541754932,12.6216760990945,0,0,1940.83210368951,1940.83210368951
"PS_sum","B-spline",18,23.5568811907975,12.1375162467768,0,0,1940.83210368951,1940.83210368951
"PS_sum","B-spline",19,22.6212358880174,11.6554316290495,0,0,1940.83210368951,1940.83210368951
"PS_sum","B-spline",20,21.6937185683127,11.1775348970542,0,0,1940.83210368951,1940.83210368951
"PS_sum","B-spline",21,20.7784295328431,10.7059387019327,0,0,1940.83210368951,1940.83210368951
"PS_sum","B-spline",22,19.8794690827686,10.2427556948269,0,0,1940.83210368951,1940.83210368951
"PS_sum","B-spline",23,19.0009375192489,9.79009852687836,0,0,1940.83210368951,1940.83210368951
"PS_sum","B-spline",24,18.1469351434441,9.35007984922901,0,0,1940.83210368951,1940.83210368951
"PS_sum","B-spline",25,17.3215622565138,8.92481231302059,0,0,1940.83210368951,1940.83210368951
"PS_sum","B-spline",26,16.528919159618,8.51640856939486,0,0,1940.83210368951,1940.83210368951
"PS_sum","B-spline",27,15.7731061539165,8.1269812694936,0,0,1940.83210368951,1940.83210368951
"PS_sum","B-spline",28,15.0582235405692,7.75864306445858,0,0,1940.83210368951,1940.83210368951
"PS_sum","B-spline",29,14.3883716207359,7.41350660543158,0,0,1940.83210368951,1940.83210368951
"PS_sum","B-spline",30,13.7676506955764,7.09368454355437,0,0,1940.83210368951,1940.83210368951
"PS_sum","B-spline",31,13.1990355102353,6.80070959520094,0,0,1940.83210368951,1940.83210368951
"PS_sum","B-spline",32,12.6809985857956,6.53379473767416,0,0,1940.83210368951,1940.83210368951
"PS_sum","B-spline",33,12.2108868873251,6.29157301350913,0,0,1940.83210368951,1940.83210368951
"PS_sum","B-spline",34,11.7860473798914,6.07267746524091,0,0,1940.83210368951,1940.83210368951
"PS_sum","B-spline",35,11.4038270285623,5.87574113540461,0,0,1940.83210368951,1940.83210368951
"PS_sum","B-spline",36,11.0615727984056,5.69939706653531,0,0,1940.83210368951,1940.83210368951
"PS_sum","B-spline",37,10.7566316544888,5.5422783011681,0,0,1940.83210368951,1940.83210368951
"PS_sum","B-spline",38,10.4863505618798,5.40301788183806,0,0,1940.83210368951,1940.83210368951
"PS_sum","B-spline",39,10.2480764856463,5.28024885108027,0,0,1940.83210368951,1940.83210368951
"PS_sum","B-spline",40,10.0391563908559,5.17260425142984,0,0,1940.83210368951,1940.83210368951
"PS_sum","B-spline",41,9.85693724257643,5.07871712542184,0,0,1940.83210368951,1940.83210368951
"PS_sum","B-spline",42,9.69876600587558,4.99722051559136,0,0,1940.83210368951,1940.83210368951
"PS_sum","B-spline",43,9.56198964582106,4.92674746447349,0,0,1940.83210368951,1940.83210368951
"PS_sum","B-spline",44,9.4439551274806,4.86593101460331,0,0,1940.83210368951,1940.83210368951
"PS_sum","B-spline",45,9.34200941592191,4.81340420851592,0,0,1940.83210368951,1940.83210368951
"PS_sum","B-spline",46,9.25349947621271,4.76780008874639,0,0,1940.83210368951,1940.83210368951
"PS_sum","B-spline",47,9.17577227342072,4.72775169782982,0,0,1940.83210368951,1940.83210368951
"PS_sum","B-spline",48,9.10617477261366,4.69189207830129,0,0,1940.83210368951,1940.83210368951
"PS_sum","B-spline",49,9.04205393885925,4.6588542726959,0,0,1940.83210368951,1940.83210368951
"PS_sum","B-spline",50,8.98075673722521,4.62727132354871,0,0,1940.83210368951,1940.83210368951
"PS_sum","B-spline",51,8.92007361653269,4.59600477525885,0,0,1940.83210368951,1940.83210368951
"PS_sum","B-spline",52,8.85956896061658,4.56483017968148,0,0,1940.83210368951,1940.83210368951
"PS_sum","B-spline",53,8.79925063706523,4.53375159053578,0,0,1940.83210368951,1940.83210368951
"PS_sum","B-spline",54,8.73912651346697,4.50277306154094,0,0,1940.83210368951,1940.83210368951
"PS_sum","B-spline",55,8.67920445741011,4.47189864641613,0,0,1940.83210368951,1940.83210368951
"PS_sum","B-spline",56,8.61949233648301,4.44113239888056,0,0,1940.83210368951,1940.83210368951
"PS_sum","B-spline",57,8.55999801827399,4.4104783726534,0,0,1940.83210368951,1940.83210368951
"PS_sum","B-spline",58,8.50072937037139,4.37994062145383,0,0,1940.83210368951,1940.83210368951
"PS_sum","B-spline",59,8.44169426036354,4.34952319900104,0,0,1940.83210368951,1940.83210368951
"PS_sum","B-spline",60,8.38290055583876,4.31923015901422,0,0,1940.83210368951,1940.83210368951
"PS_sum","B-spline",61,8.3243561243854,4.28906555521255,0,0,1940.83210368951,1940.83210368951
"PS_sum","B-spline",62,8.26606883359179,4.25903344131521,0,0,1940.83210368951,1940.83210368951
"PS_sum","B-spline",63,8.20804655104626,4.22913787104139,0,0,1940.83210368951,1940.83210368951
"PS_sum","B-spline",64,8.15029714433714,4.19938289811028,0,0,1940.83210368951,1940.83210368951
"PS_sum","B-spline",65,8.09282848105277,4.16977257624105,0,0,1940.83210368951,1940.83210368951
"PS_sum","B-spline",66,8.03564842878147,4.1403109591529,0,0,1940.83210368951,1940.83210368951
"PS_sum","B-spline",67,7.97876485511159,4.111002100565,0,0,1940.83210368951,1940.83210368951
"PS_sum","B-spline",68,7.92218562763145,4.08185005419655,0,0,1940.83210368951,1940.83210368951
"PS_sum","B-spline",69,7.86591861392939,4.05285887376673,0,0,1940.83210368951,1940.83210368951
"PS_sum","B-spline",70,7.80997168159374,4.02403261299471,0,0,1940.83210368951,1940.83210368951
"PS_sum","B-spline",71,7.75435269821283,3.99537532559969,0,0,1940.83210368951,1940.83210368951
"PS_sum","B-spline",72,7.699069531375,3.96689106530086,0,0,1940.83210368951,1940.83210368951
"PS_sum","B-spline",73,7.64413004866857,3.93858388581738,0,0,1940.83210368951,1940.83210368951
"PS_sum","B-spline",74,7.58954211768189,3.91045784086846,0,0,1940.83210368951,1940.83210368951
"PS_sum","B-spline",75,7.53531360600328,3.88251698417327,0,0,1940.83210368951,1940.83210368951
"PS_sum","B-spline",76,7.48145238122108,3.854765369451,0,0,1940.83210368951,1940.83210368951
"PS_sum","B-spline",77,7.42796631092362,3.82720705042084,0,0,1940.83210368951,1940.83210368951
"PS_sum","B-spline",78,7.37486326269923,3.79984608080196,0,0,1940.83210368951,1940.83210368951
"PS_sum","B-spline",79,7.32215110413625,3.77268651431356,0,0,1940.83210368951,1940.83210368951
"PS_sum","B-spline",80,7.26983770282301,3.74573240467482,0,0,1940.83210368951,1940.83210368951
"PS_sum","B-spline",81,7.21793092634784,3.71898780560492,0,0,1940.83210368951,1940.83210368951
"PS_sum","B-spline",82,7.16643864229907,3.69245677082304,0,0,1940.83210368951,1940.83210368951
"PS_sum","B-spline",83,7.11536871826504,3.66614335404838,0,0,1940.83210368951,1940.83210368951
"PS_sum","B-spline",84,7.06472902183408,3.64005160900011,0,0,1940.83210368951,1940.83210368951
"PS_sum","B-spline",85,7.01452742059453,3.61418558939742,0,0,1940.83210368951,1940.83210368951
"PS_sum","B-spline",86,6.96477178213471,3.5885493489595,0,0,1940.83210368951,1940.83210368951
"PS_sum","B-spline",87,6.91546997404296,3.56314694140553,0,0,1940.83210368951,1940.83210368951
"PS_sum","B-spline",88,6.86662986390761,3.5379824204547,0,0,1940.83210368951,1940.83210368951
"PS_sum","B-spline",89,6.818259319317,3.51305983982618,0,0,1940.83210368951,1940.83210368951
"PS_sum","B-spline",90,6.77036620785945,3.48838325323917,0,0,1940.83210368951,1940.83210368951
"PS_sum","B-spline",91,6.72295839712331,3.46395671441285,0,0,1940.83210368951,1940.83210368951
"PS_sum","B-spline",92,6.6760437546969,3.4397842770664,0,0,1940.83210368951,1940.83210368951
"PS_sum","B-spline",93,6.62963014816855,3.41586999491901,0,0,1940.83210368951,1940.83210368951
"PS_sum","B-spline",94,6.5837254451266,3.39221792168986,0,0,1940.83210368951,1940.83210368951
"PS_sum","B-spline",95,6.53833751315939,3.36883211109814,0,0,1940.83210368951,1940.83210368951
"PS_sum","B-spline",96,6.49347421985524,3.34571661686303,0,0,1940.83210368951,1940.83210368951
"PS_sum","B-spline",97,6.44914343280249,3.32287549270372,0,0,1940.83210368951,1940.83210368951
"PS_sum","B-spline",98,6.40535301958947,3.30031279233939,0,0,1940.83210368951,1940.83210368951
"PS_sum","B-spline",99,6.36211084780451,3.27803256948922,0,0,1940.83210368951,1940.83210368951
"PS_sum","B-spline",100,6.31942478503595,3.25603887787241,0,0,1940.83210368951,1940.83210368951
"PS_sum","B-spline",101,6.27730004626215,3.23433440446962,0,0,1940.83210368951,1940.83210368951
"PS_sum","B-spline",102,6.23573123602159,3.21291636930752,0,0,1940.83210368951,1940.83210368951
"PS_sum","B-spline",103,6.1947103062428,3.19178062567425,0,0,1940.83210368951,1940.83210368951
"PS_sum","B-spline",104,6.15422920885427,3.17092302685797,0,0,1940.83210368951,1940.83210368951
"PS_sum","B-spline",105,6.11427989578455,3.15033942614682,0,0,1940.83210368951,1940.83210368951
"PS_sum","B-spline",106,6.07485431896213,3.13002567682895,0,0,1940.83210368951,1940.83210368951
"PS_sum","B-spline",107,6.03594443031553,3.10997763219252,0,0,1940.83210368951,1940.83210368951
"PS_sum","B-spline",108,5.99754218177328,3.09019114552566,0,0,1940.83210368951,1940.83210368951
"PS_sum","B-spline",109,5.95963952526388,3.07066207011654,0,0,1940.83210368951,1940.83210368951
"PS_sum","B-spline",110,5.92222841271585,3.0513862592533,0,0,1940.83210368951,1940.83210368951
"PS_sum","B-spline",111,5.88530079605771,3.03235956622408,0,0,1940.83210368951,1940.83210368951
"PS_sum","B-spline",112,5.84884862721797,3.01357784431705,0,0,1940.83210368951,1940.83210368951
"PS_sum","B-spline",113,5.81286385812515,2.99503694682034,0,0,1940.83210368951,1940.83210368951
"PS_sum","B-spline",114,5.77733844070776,2.97673272702212,0,0,1940.83210368951,1940.83210368951
"PS_sum","B-spline",115,5.74226432689432,2.95866103821052,0,0,1940.83210368951,1940.83210368951
"PS_sum","B-spline",116,5.70763346861335,2.9408177336737,0,0,1940.83210368951,1940.83210368951
"PS_sum","B-spline",117,5.67343781779336,2.9231986666998,0,0,1940.83210368951,1940.83210368951
"PS_sum","B-spline",118,5.63966932636286,2.90579969057698,0,0,1940.83210368951,1940.83210368951
"PS_sum","B-spline",119,5.60631994625038,2.88861665859339,0,0,1940.83210368951,1940.83210368951
"PS_sum","B-spline",120,5.57338162938442,2.87164542403717,0,0,1940.83210368951,1940.83210368951
"PS_sum","B-spline",121,5.54084632769352,2.85488184019648,0,0,1940.83210368951,1940.83210368951
"PS_sum","B-spline",122,5.50870599310617,2.83832176035946,0,0,1940.83210368951,1940.83210368951
"PS_sum","B-spline",123,5.47695257755089,2.82196103781426,0,0,1940.83210368951,1940.83210368951
"PS_sum","B-spline",124,5.44557803295621,2.80579552584904,0,0,1940.83210368951,1940.83210368951
"PS_sum","B-spline",125,5.41457431125064,2.78982107775194,0,0,1940.83210368951,1940.83210368951
"PS_sum","B-spline",126,5.38393336436268,2.77403354681111,0,0,1940.83210368951,1940.83210368951
"PS_sum","B-spline",127,5.35364714422087,2.7584287863147,0,0,1940.83210368951,1940.83210368951
"PS_sum","B-spline",128,5.32370760275372,2.74300264955086,0,0,1940.83210368951,1940.83210368951
"PS_sum","B-spline",129,5.29410669188972,2.72775098980775,0,0,1940.83210368951,1940.83210368951
"PS_sum","B-spline",130,5.26483636355742,2.7126696603735,0,0,1940.83210368951,1940.83210368951
"PS_sum","B-spline",131,5.23588856968532,2.69775451453628,0,0,1940.83210368951,1940.83210368951
"PS_sum","B-spline",132,5.20725526220194,2.68300140558422,0,0,1940.83210368951,1940.83210368951
"PS_sum","B-spline",133,5.17892839303579,2.66840618680548,0,0,1940.83210368951,1940.83210368951
"PS_sum","B-spline",134,5.15089991411539,2.65396471148821,0,0,1940.83210368951,1940.83210368951
"PS_sum","B-spline",135,5.12316177736925,2.63967283292055,0,0,1940.83210368951,1940.83210368951
"PS_sum","B-spline",136,5.09570593472589,2.62552640439066,0,0,1940.83210368951,1940.83210368951
"PS_sum","B-spline",137,5.06852433811383,2.61152127918669,0,0,1940.83210368951,1940.83210368951
"PS_sum","B-spline",138,5.04160893946159,2.59765331059678,0,0,1940.83210368951,1940.83210368951
"PS_sum","B-spline",139,5.01495169069766,2.58391835190909,0,0,1940.83210368951,1940.83210368951
"PS_sum","B-spline",140,4.98854454375059,2.57031225641177,0,0,1940.83210368951,1940.83210368951
"PS_sum","B-spline",141,4.96237945054887,2.55683087739295,0,0,1940.83210368951,1940.83210368951
"PS_sum","B-spline",142,4.93644836302103,2.5434700681408,0,0,1940.83210368951,1940.83210368951
"PS_sum","B-spline",143,4.91074323309557,2.53022568194347,0,0,1940.83210368951,1940.83210368951
"PS_sum","B-spline",144,4.88525601270103,2.51709357208909,0,0,1940.83210368951,1940.83210368951
"PS_sum","B-spline",145,4.8599786537659,2.50406959186583,0,0,1940.83210368951,1940.83210368951
"PS_sum","B-spline",146,4.83490310821872,2.49114959456183,0,0,1940.83210368951,1940.83210368951
"PS_sum","B-spline",147,4.81002132798798,2.47832943346524,0,0,1940.83210368951,1940.83210368951
"PS_sum","B-spline",148,4.78532526500222,2.46560496186421,0,0,1940.83210368951,1940.83210368951
"PS_sum","B-spline",149,4.76080687118994,2.45297203304689,0,0,1940.83210368951,1940.83210368951
"PS_sum","B-spline",150,4.73645809847966,2.44042650030143,0,0,1940.83210368951,1940.83210368951
"PS_sum","B-spline",151,4.71227156714869,2.42796456127796,0,0,1940.83210368951,1940.83210368951
"PS_sum","B-spline",152,4.6882425708695,2.41558379107455,0,0,1940.83210368951,1940.83210368951
"PS_sum","B-spline",153,4.66436707166335,2.40328210915123,0,0,1940.83210368951,1940.83210368951
"PS_sum","B-spline",154,4.6406410315515,2.39105743496805,0,0,1940.83210368951,1940.83210368951
"PS_sum","B-spline",155,4.61706041255521,2.37890768798507,0,0,1940.83210368951,1940.83210368951
"PS_sum","B-spline",156,4.59362117669575,2.36683078766231,0,0,1940.83210368951,1940.83210368951
"PS_sum","B-spline",157,4.57031928599437,2.35482465345983,0,0,1940.83210368951,1940.83210368951
"PS_sum","B-spline",158,4.54715070247234,2.34288720483767,0,0,1940.83210368951,1940.83210368951
"PS_sum","B-spline",159,4.52411138815092,2.33101636125588,0,0,1940.83210368951,1940.83210368951
"PS_sum","B-spline",160,4.50119730505137,2.3192100421745,0,0,1940.83210368951,1940.83210368951
"PS_sum","B-spline",161,4.47840441519496,2.30746616705357,0,0,1940.83210368951,1940.83210368951
"PS_sum","B-spline",162,4.45572868060293,2.29578265535314,0,0,1940.83210368951,1940.83210368951
"PS_sum","B-spline",163,4.43316606329656,2.28415742653325,0,0,1940.83210368951,1940.83210368951
"PS_sum","B-spline",164,4.41071252529711,2.27258840005396,0,0,1940.83210368951,1940.83210368951
"PS_sum","B-spline",165,4.38836402862584,2.2610734953753,0,0,1940.83210368951,1940.83210368951
"PS_sum","B-spline",166,4.366116535304,2.24961063195731,0,0,1940.83210368951,1940.83210368951
"PS_sum","B-spline",167,4.34396600735287,2.23819772926005,0,0,1940.83210368951,1940.83210368951
"PS_sum","B-spline",168,4.3219084067937,2.22683270674355,0,0,1940.83210368951,1940.83210368951
"PS_sum","B-spline",169,4.29993969564776,2.21551348386787,0,0,1940.83210368951,1940.83210368951
"PS_sum","B-spline",170,4.2780558359363,2.20423798009304,0,0,1940.83210368951,1940.83210368951
"PS_sum","B-spline",171,4.25625278968059,2.19300411487911,0,0,1940.83210368951,1940.83210368951
"PS_sum","B-spline",172,4.23452651890189,2.18180980768614,0,0,1940.83210368951,1940.83210368951
"PS_sum","B-spline",173,4.21287298562147,2.17065297797414,0,0,1940.83210368951,1940.83210368951
"PS_sum","B-spline",174,4.19128815186057,2.15953154520319,0,0,1940.83210368951,1940.83210368951
"PS_sum","B-spline",175,4.16976797964047,2.14844342883331,0,0,1940.83210368951,1940.83210368951
"PS_sum","B-spline",176,4.14830843098242,2.13738654832456,0,0,1940.83210368951,1940.83210368951
"PS_sum","B-spline",177,4.12690546790769,2.12635882313697,0,0,1940.83210368951,1940.83210368951
"PS_sum","B-spline",178,4.10555505243754,2.1153581727306,0,0,1940.83210368951,1940.83210368951
"PS_sum","B-spline",179,4.08425314659323,2.10438251656549,0,0,1940.83210368951,1940.83210368951
"PS_sum","B-spline",180,4.06299571239603,2.09342977410168,0,0,1940.83210368951,1940.83210368951
"PS_sum","B-spline",181,4.04177871186718,2.08249786479922,0,0,1940.83210368951,1940.83210368951
"PS_sum","B-spline",182,4.02059810702796,2.07158470811814,0,0,1940.83210368951,1940.83210368951
"PS_sum","B-spline",183,3.99944985989963,2.06068822351851,0,0,1940.83210368951,1940.83210368951
"PS_sum","B-spline",184,3.97832993250345,2.04980633046035,0,0,1940.83210368951,1940.83210368951
"PS_sum","B-spline",185,3.95723428686067,2.03893694840372,0,0,1940.83210368951,1940.83210368951
"PS_sum","B-spline",186,3.93615888499257,2.02807799680866,0,0,1940.83210368951,1940.83210368951
"PS_sum","B-spline",187,3.9150996889204,2.01722739513522,0,0,1940.83210368951,1940.83210368951
"PS_sum","B-spline",188,3.89405266066542,2.00638306284343,0,0,1940.83210368951,1940.83210368951
"PS_sum","B-spline",189,3.87301376224891,1.99554291939335,0,0,1940.83210368951,1940.83210368951
"PS_sum","B-spline",190,3.8519789556921,1.98470488424501,0,0,1940.83210368951,1940.83210368951
"PS_sum","B-spline",191,3.83094420301628,1.97386687685847,0,0,1940.83210368951,1940.83210368951
"PS_sum","B-spline",192,3.8099054662427,1.96302681669377,0,0,1940.83210368951,1940.83210368951
"PS_sum","B-spline",193,3.78885870739262,1.95218262321095,0,0,1940.83210368951,1940.83210368951
"PS_sum","B-spline",194,3.7677998884873,1.94133221587006,0,0,1940.83210368951,1940.83210368951
"PS_sum","B-spline",195,3.74672497154802,1.93047351413113,0,0,1940.83210368951,1940.83210368951
"PS_sum","B-spline",196,3.72562991859601,1.91960443745423,0,0,1940.83210368951,1940.83210368951
"PS_sum","B-spline",197,3.70451069165256,1.90872290529938,0,0,1940.83210368951,1940.83210368951
"PS_sum","B-spline",198,3.68336325273891,1.89782683712664,0,0,1940.83210368951,1940.83210368951
"PS_sum","B-spline",199,3.66218356387634,1.88691415239605,0,0,1940.83210368951,1940.83210368951
"PS_sum","B-spline",200,3.6409675870861,1.87598277056765,0,0,1940.83210368951,1940.83210368951
"PS_sum","B-spline",201,3.61968762433204,1.86501842042443,0,0,1940.83210368951,1940.83210368951
"PS_sum","B-spline",202,3.5982213373483,1.85395806804107,0,0,1940.83210368951,1940.83210368951
"PS_sum","B-spline",203,3.57642272781164,1.84272648881522,0,0,1940.83210368951,1940.83210368951
"PS_sum","B-spline",204,3.55414579739877,1.8312484581445,0,0,1940.83210368951,1940.83210368951
"PS_sum","B-spline",205,3.53124454778645,1.81944875142655,0,0,1940.83210368951,1940.83210368951
"PS_sum","B-spline",206,3.5075729806514,1.80725214405899,0,0,1940.83210368951,1940.83210368951
"PS_sum","B-spline",207,3.48298509767035,1.79458341143946,0,0,1940.83210368951,1940.83210368951
"PS_sum","B-spline",208,3.45733490052006,1.78136732896559,0,0,1940.83210368951,1940.83210368951
"PS_sum","B-spline",209,3.43047639087725,1.76752867203501,0,0,1940.83210368951,1940.83210368951
"PS_sum","B-spline",210,3.40226357041866,1.75299221604536,0,0,1940.83210368951,1940.83210368951
"PS_sum","BNMR",1,32.7480577921807,32.9436152158159,17.1934592377446,0,-2215.01111989456,1515.96953469602
"PS_sum","BNMR",2,30.6794636518036,31.5790797861564,17.1934592377446,0,-2215.01111989456,1515.96953469602
"PS_sum","BNMR",3,28.6953433008756,30.2702669732883,17.1934592377446,0,-2215.01111989456,1515.96953469602
"PS_sum","BNMR",4,26.7926047278509,29.0151371507709,17.1934592377446,0,-2215.01111989456,1515.96953469602
"PS_sum","BNMR",5,24.9682551809124,27.811716168235,17.1934592377446,0,-2215.01111989456,1515.96953469602
"PS_sum","BNMR",6,23.2193984238225,26.6580935412205,17.1934592377446,0,-2215.01111989456,1515.96953469602
"PS_sum","BNMR",7,21.5432320549088,25.5524206826628,17.1934592377446,0,-2215.01111989456,1515.96953469602
"PS_sum","BNMR",8,19.9370448880468,24.4929091752736,17.1934592377446,0,-2215.01111989456,1515.96953469602
"PS_sum","BNMR",9,18.398214394508,23.4778290840715,17.1934592377446,0,-2215.01111989456,1515.96953469602
"PS_sum","BNMR",10,16.9242042045601,22.5055073083285,17.1934592377446,0,-2215.01111989456,1515.96953469602
"PS_sum","BNMR",11,15.5125616677218,21.5743259722066,17.1934592377446,0,-2215.01111989456,1515.96953469602
"PS_sum","BNMR",12,14.1609154705859,20.6827208533697,17.1934592377446,0,-2215.01111989456,1515.96953469602
"PS_sum","BNMR",13,12.8669733111416,19.829179848864,17.1934592377446,0,-2215.01111989456,1515.96953469602
"PS_sum","BNMR",14,11.62851962854,19.0122414775729,17.1934592377446,0,-2215.01111989456,1515.96953469602
"PS_sum","BNMR",15,10.4434133872618,18.2304934185554,17.1934592377446,0,-2215.01111989456,1515.96953469602
"PS_sum","BNMR",16,9.30958591465845,17.4825710845946,17.1934592377446,0,-2215.01111989456,1515.96953469602
"PS_sum","BNMR",17,8.22503879085449,16.767156230284,17.1934592377446,0,-2215.01111989456,1515.96953469602
"PS_sum","BNMR",18,7.1878417900107,16.0829755939945,17.1934592377446,0,-2215.01111989456,1515.96953469602
"PS_sum","BNMR",19,6.19613087196237,15.4287995730712,17.1934592377446,0,-2215.01111989456,1515.96953469602
"PS_sum","BNMR",20,5.24810622326023,14.8034409316179,17.1934592377446,0,-2215.01111989456,1515.96953469602
"PS_sum","BNMR",21,4.34203034665522,14.2057535402372,17.1934592377446,0,-2215.01111989456,1515.96953469602
"PS_sum","BNMR",22,3.47622619808169,13.6346311471034,17.1934592377446,0,-2215.01111989456,1515.96953469602
"PS_sum","BNMR",23,2.64907537020682,13.0890061797516,17.1934592377446,0,-2215.01111989456,1515.96953469602
"PS_sum","BNMR",24,1.85901632162725,12.5678485769783,17.1934592377446,0,-2215.01111989456,1515.96953469602
"PS_sum","BNMR",25,1.10454265080693,12.0701646502551,17.1934592377446,0,-2215.01111989456,1515.96953469602
"PS_sum","BNMR",26,0.384201413863232,11.5949959740665,17.1934592377446,0,-2215.01111989456,1515.96953469602
"PS_sum","BNMR",27,-0.303408514679097,11.1414183045916,17.1934592377446,0,-2215.01111989456,1515.96953469602
"PS_sum","BNMR",28,-0.959638039033243,10.7085405261568,17.1934592377446,0,-2215.01111989456,1515.96953469602
"PS_sum","BNMR",29,-1.58578939805023,10.2955036248957,17.1934592377446,0,-2215.01111989456,1515.96953469602
"PS_sum","BNMR",30,-2.18311768071552,9.90147968906177,17.1934592377446,0,-2215.01111989456,1515.96953469602
"PS_sum","BNMR",31,-2.75283230207239,9.52567093544384,17.1934592377446,0,-2215.01111989456,1515.96953469602
"PS_sum","BNMR",32,-3.29609844039005,9.16730876134739,17.1934592377446,0,-2215.01111989456,1515.96953469602
"PS_sum","BNMR",33,-3.81403843638157,8.82565282160888,17.1934592377446,0,-2215.01111989456,1515.96953469602
"PS_sum","BNMR",34,-4.30773315526586,8.49999013011997,17.1934592377446,0,-2215.01111989456,1515.96953469602
"PS_sum","BNMR",35,-4.77822331245464,8.18963418534624,17.1934592377446,0,-2215.01111989456,1515.96953469602
"PS_sum","BNMR",36,-5.2265107636345,7.89392411933245,17.1934592377446,0,-2215.01111989456,1515.96953469602
"PS_sum","BNMR",37,-5.65355976000219,7.6122238696943,17.1934592377446,0,-2215.01111989456,1515.96953469602
"PS_sum","BNMR",38,-6.06029816939901,7.34392137410466,17.1934592377446,0,-2215.01111989456,1515.96953469602
"PS_sum","BNMR",39,-6.44761866407987,7.08842778678892,17.1934592377446,0,-2215.01111989456,1515.96953469602
"PS_sum","BNMR",40,-6.81637987584003,6.8451767165528,17.1934592377446,0,-2215.01111989456,1515.96953469602
"PS_sum","BNMR",41,-7.167407519212,6.61362348587237,17.1934592377446,0,-2215.01111989456,1515.96953469602
"PS_sum","BNMR",42,-7.50149548343337,6.39324441058418,17.1934592377446,0,-2215.01111989456,1515.96953469602
"PS_sum","BNMR",43,-7.81940689387556,6.18353609972031,17.1934592377446,0,-2215.01111989456,1515.96953469602
"PS_sum","BNMR",44,-8.12187514361267,5.98401477504029,17.1934592377446,0,-2215.01111989456,1515.96953469602
"PS_sum","BNMR",45,-8.40960489579812,5.7942156098195,17.1934592377446,0,-2215.01111989456,1515.96953469602
"PS_sum","BNMR",46,-8.68327305750661,5.61369208646033,17.1934592377446,0,-2215.01111989456,1515.96953469602
"PS_sum","BNMR",47,-8.94352972568793,5.44201537249951,17.1934592377446,0,-2215.01111989456,1515.96953469602
"PS_sum","BNMR",48,-9.19099910586878,5.27877371459214,17.1934592377446,0,-2215.01111989456,1515.96953469602
"PS_sum","BNMR",49,-9.42628040422815,5.12357185005959,17.1934592377446,0,-2215.01111989456,1515.96953469602
"PS_sum","BNMR",50,-9.64994869366135,4.97603043559571,17.1934592377446,0,-2215.01111989456,1515.96953469602
"PS_sum","BNMR",51,-9.86255575443816,4.83578549273184,17.1934592377446,0,-2215.01111989456,1515.96953469602
"PS_sum","BNMR",52,-10.0646308900496,4.70248786966852,17.1934592377446,0,-2215.01111989456,1515.96953469602
"PS_sum","BNMR",53,-10.2566817188277,4.57580271908816,17.1934592377446,0,-2215.01111989456,1515.96953469602
"PS_sum","BNMR",54,-10.4391949419149,4.45540899156927,17.1934592377446,0,-2215.01111989456,1515.96953469602
"PS_sum","BNMR",55,-10.6126370881451,4.34099894422953,17.1934592377446,0,-2215.01111989456,1515.96953469602
"PS_sum","BNMR",56,-10.7774552363949,4.23227766423175,17.1934592377446,0,-2215.01111989456,1515.96953469602
"PS_sum","BNMR",57,-10.9340777159486,4.12896260679218,17.1934592377446,0,-2215.01111989456,1515.96953469602
"PS_sum","BNMR",58,-11.0829147854138,4.0307831473382,17.1934592377446,0,-2215.01111989456,1515.96953469602
"PS_sum","BNMR",59,-11.2243592907136,3.93748014746744,17.1934592377446,0,-2215.01111989456,1515.96953469602
"PS_sum","BNMR",60,-11.3587873026743,3.8488055343673,17.1934592377446,0,-2215.01111989456,1515.96953469602
"PS_sum","BNMR",61,-11.4865587347149,3.76452189335986,17.1934592377446,0,-2215.01111989456,1515.96953469602
"PS_sum","BNMR",62,-11.6080179411381,3.68440207324252,17.1934592377446,0,-2215.01111989456,1515.96953469602
"PS_sum","BNMR",63,-11.7234942965135,3.60822880410192,17.1934592377446,0,-2215.01111989456,1515.96953469602
"PS_sum","BNMR",64,-11.8333027566323,3.53579432728317,17.1934592377446,0,-2215.01111989456,1515.96953469602
"PS_sum","BNMR",65,-11.9377444015075,3.46690003720356,17.1934592377446,0,-2215.01111989456,1515.96953469602
"PS_sum","BNMR",66,-12.0371069608811,3.40135613470455,17.1934592377446,0,-2215.01111989456,1515.96953469602
"PS_sum","BNMR",67,-12.1316653226949,3.33898129164234,17.1934592377446,0,-2215.01111989456,1515.96953469602
"PS_sum","BNMR",68,-12.2216820249692,3.27960232642294,17.1934592377446,0,-2215.01111989456,1515.96953469602
"PS_sum","BNMR",69,-12.3074077315295,3.22305389019234,17.1934592377446,0,-2215.01111989456,1515.96953469602
"PS_sum","BNMR",70,-12.3890816920074,3.16917816339926,17.1934592377446,0,-2215.01111989456,1515.96953469602
"PS_sum","BNMR",71,-12.4669321865403,3.11782456245206,17.1934592377446,0,-2215.01111989456,1515.96953469602
"PS_sum","BNMR",72,-12.5411769555799,3.06884945619805,17.1934592377446,0,-2215.01111989456,1515.96953469602
"PS_sum","BNMR",73,-12.6120236152162,3.02211589195758,17.1934592377446,0,-2215.01111989456,1515.96953469602
"PS_sum","BNMR",74,-12.6796700584133,2.97749333085141,17.1934592377446,0,-2215.01111989456,1515.96953469602
"PS_sum","BNMR",75,-12.7443048425455,2.9348573921647,17.1934592377446,0,-2215.01111989456,1515.96953469602
"PS_sum","BNMR",76,-12.8061075636163,2.89408960649601,17.1934592377446,0,-2215.01111989456,1515.96953469602
"PS_sum","BNMR",77,-12.8652492175318,2.85507717744522,17.1934592377446,0,-2215.01111989456,1515.96953469602
"PS_sum","BNMR",78,-12.9218925487967,2.81771275159855,17.1934592377446,0,-2215.01111989456,1515.96953469602
"PS_sum","BNMR",79,-12.9761923869895,2.78189419657481,17.1934592377446,0,-2215.01111989456,1515.96953469602
"PS_sum","BNMR",80,-13.0282959713687,2.74752438690078,17.1934592377446,0,-2215.01111989456,1515.96953469602
"PS_sum","BNMR",81,-13.0783432639535,2.71451099748932,17.1934592377446,0,-2215.01111989456,1515.96953469602
"PS_sum","BNMR",82,-13.1264672514161,2.68276630449834,17.1934592377446,0,-2215.01111989456,1515.96953469602
"PS_sum","BNMR",83,-13.1727942361133,2.65220699335332,17.1934592377446,0,-2215.01111989456,1515.96953469602
"PS_sum","BNMR",84,-13.2174441165814,2.62275397372048,17.1934592377446,0,-2215.01111989456,1515.96953469602
"PS_sum","BNMR",85,-13.260530657809,2.59433220122345,17.1934592377446,0,-2215.01111989456,1515.96953469602
"PS_sum","BNMR",86,-13.3021617515956,2.56687050569875,17.1934592377446,0,-2215.01111989456,1515.96953469602
"PS_sum","BNMR",87,-13.3424396672983,2.54030142579254,17.1934592377446,0,-2215.01111989456,1515.96953469602
"PS_sum","BNMR",88,-13.381461293262,2.51456104970277,17.1934592377446,0,-2215.01111989456,1515.96953469602
"PS_sum","BNMR",89,-13.4193183692201,2.48958886187729,17.1934592377446,0,-2215.01111989456,1515.96953469602
"PS_sum","BNMR",90,-13.4560977099489,2.46532759548176,17.1934592377446,0,-2215.01111989456,1515.96953469602
"PS_sum","BNMR",91,-13.49188142045,2.44172309045566,17.1934592377446,0,-2215.01111989456,1515.96953469602
"PS_sum","BNMR",92,-13.5267471029315,2.41872415697873,17.1934592377446,0,-2215.01111989456,1515.96953469602
"PS_sum","BNMR",93,-13.5607680558485,2.39628244417492,17.1934592377446,0,-2215.01111989456,1515.96953469602
"PS_sum","BNMR",94,-13.5940134652617,2.37435231388386,17.1934592377446,0,-2215.01111989456,1515.96953469602
"PS_sum","BNMR",95,-13.6265485887636,2.35289071933514,17.1934592377446,0,-2215.01111989456,1515.96953469602
"PS_sum","BNMR",96,-13.6584349322176,2.33185708856335,17.1934592377446,0,-2215.01111989456,1515.96953469602
"PS_sum","BNMR",97,-13.6897304195484,2.31121321240719,17.1934592377446,0,-2215.01111989456,1515.96953469602
"PS_sum","BNMR",98,-13.7204895558162,2.29092313693814,17.1934592377446,0,-2215.01111989456,1515.96953469602
"PS_sum","BNMR",99,-13.7507635838031,2.27095306016943,17.1934592377446,0,-2215.01111989456,1515.96953469602
"PS_sum","BNMR",100,-13.7806006343325,2.25127123289879,17.1934592377446,0,-2215.01111989456,1515.96953469602
"PS_sum","BNMR",101,-13.8100458705377,2.23184786354255,17.1934592377446,0,-2215.01111989456,1515.96953469602
"PS_sum","BNMR",102,-13.83914162629,2.21265502682229,17.1934592377446,0,-2215.01111989456,1515.96953469602
"PS_sum","BNMR",103,-13.8679275389924,2.19366657616843,17.1934592377446,0,-2215.01111989456,1515.96953469602
"PS_sum","BNMR",104,-13.8964406769372,2.17485805970929,17.1934592377446,0,-2215.01111989456,1515.96953469602
"PS_sum","BNMR",105,-13.9247156614249,2.15620663971668,17.1934592377446,0,-2215.01111989456,1515.96953469602
"PS_sum","BNMR",106,-13.9527847838297,2.13769101538357,17.1934592377446,0,-2215.01111989456,1515.96953469602
"PS_sum","BNMR",107,-13.9806781178016,2.11929134881144,17.1934592377446,0,-2215.01111989456,1515.96953469602
"PS_sum","BNMR",108,-14.0084236267789,2.10098919408982,17.1934592377446,0,-2215.01111989456,1515.96953469602
"PS_sum","BNMR",109,-14.0360472669904,2.08276742935165,17.1934592377446,0,-2215.01111989456,1515.96953469602
"PS_sum","BNMR",110,-14.0635730861144,2.06461019169348,17.1934592377446,0,-2215.01111989456,1515.96953469602
"PS_sum","BNMR",111,-14.091023317761,2.0465028148509,17.1934592377446,0,-2215.01111989456,1515.96953469602
"PS_sum","BNMR",112,-14.1184184719372,2.02843176952365,17.1934592377446,0,-2215.01111989456,1515.96953469602
"PS_sum","BNMR",113,-14.1457774216517,2.01038460624738,17.1934592377446,0,-2215.01111989456,1515.96953469602
"PS_sum","BNMR",114,-14.17311748581,1.99234990071236,17.1934592377446,0,-2215.01111989456,1515.96953469602
"PS_sum","BNMR",115,-14.2004545085476,1.97431720143184,17.1934592377446,0,-2215.01111989456,1515.96953469602
"PS_sum","BNMR",116,-14.2278029351434,1.95627697966625,17.1934592377446,0,-2215.01111989456,1515.96953469602
"PS_sum","BNMR",117,-14.2551758846524,1.93822058151151,17.1934592377446,0,-2215.01111989456,1515.96953469602
"PS_sum","BNMR",118,-14.2825852193913,1.92014018206307,17.1934592377446,0,-2215.01111989456,1515.96953469602
"PS_sum","BNMR",119,-14.3100416114087,1.90202874156976,17.1934592377446,0,-2215.01111989456,1515.96953469602
"PS_sum","BNMR",120,-14.3375546060633,1.88387996349412,17.1934592377446,0,-2215.01111989456,1515.96953469602
"PS_sum","BNMR",121,-14.3651326828367,1.86568825439821,17.1934592377446,0,-2215.01111989456,1515.96953469602
"PS_sum","BNMR",122,-14.3927833134949,1.84744868557753,17.1934592377446,0,-2215.01111989456,1515.96953469602
"PS_sum","BNMR",123,-14.4205130177159,1.82915695636637,17.1934592377446,0,-2215.01111989456,1515.96953469602
"PS_sum","BNMR",124,-14.4483274162944,1.81080935904208,17.1934592377446,0,-2215.01111989456,1515.96953469602
"PS_sum","BNMR",125,-14.4762312820292,1.79240274525719,17.1934592377446,0,-2215.01111989456,1515.96953469602
"PS_sum","BNMR",126,-14.5042285883992,1.77393449393073,17.1934592377446,0,-2215.01111989456,1515.96953469602
"PS_sum","BNMR",127,-14.5323225561271,1.75540248053279,17.1934592377446,0,-2215.01111989456,1515.96953469602
"PS_sum","BNMR",128,-14.560515697728,1.7368050476981,17.1934592377446,0,-2215.01111989456,1515.96953469602
"PS_sum","BNMR",129,-14.588809860138,1.71814097710672,17.1934592377446,0,-2215.01111989456,1515.96953469602
"PS_sum","BNMR",130,-14.6172062655102,1.69940946257275,17.1934592377446,0,-2215.01111989456,1515.96953469602
"PS_sum","BNMR",131,-14.6457055502694,1.68061008428255,17.1934592377446,0,-2215.01111989456,1515.96953469602
"PS_sum","BNMR",132,-14.6743078025059,1.66174278412784,17.1934592377446,0,-2215.01111989456,1515.96953469602
"PS_sum","BNMR",133,-14.7030125977924,1.64280784207953,17.1934592377446,0,-2215.01111989456,1515.96953469602
"PS_sum","BNMR",134,-14.7318190335005,1.62380585355084,17.1934592377446,0,-2215.01111989456,1515.96953469602
"PS_sum","BNMR",135,-14.7607257616933,1.60473770770012,17.1934592377446,0,-2215.01111989456,1515.96953469602
"PS_sum","BNMR",136,-14.789731020666,1.58560456662518,17.1934592377446,0,-2215.01111989456,1515.96953469602
"PS_sum","BNMR",137,-14.8188326652042,1.56640784540344,17.1934592377446,0,-2215.01111989456,1515.96953469602
"PS_sum","BNMR",138,-14.8480281956282,1.54714919293334,17.1934592377446,0,-2215.01111989456,1515.96953469602
"PS_sum","BNMR",139,-14.8773147856866,1.52783047353418,17.1934592377446,0,-2215.01111989456,1515.96953469602
"PS_sum","BNMR",140,-14.9066893093621,1.50845374926418,17.1934592377446,0,-2215.01111989456,1515.96953469602
"PS_sum","BNMR",141,-14.9361483666491,1.48902126291621,17.1934592377446,0,-2215.01111989456,1515.96953469602
"PS_sum","BNMR",142,-14.9656883083591,1.46953542165492,17.1934592377446,0,-2215.01111989456,1515.96953469602
"PS_sum","BNMR",143,-14.9953052600123,1.44999878125722,17.1934592377446,0,-2215.01111989456,1515.96953469602
"PS_sum","BNMR",144,-15.0249951448633,1.43041403092319,17.1934592377446,0,-2215.01111989456,1515.96953469602
"PS_sum","BNMR",145,-15.0547537061161,1.41078397862224,17.1934592377446,0,-2215.01111989456,1515.96953469602
"PS_sum","BNMR",146,-15.0845765283733,1.39111153694403,17.1934592377446,0,-2215.01111989456,1515.96953469602
"PS_sum","BNMR",147,-15.1144590583691,1.37139970942255,17.1934592377446,0,-2215.01111989456,1515.96953469602
"PS_sum","BNMR",148,-15.1443966250275,1.35165157730432,17.1934592377446,0,-2215.01111989456,1515.96953469602
"PS_sum","BNMR",149,-15.1743844588914,1.33187028673244,17.1934592377446,0,-2215.01111989456,1515.96953469602
"PS_sum","BNMR",150,-15.2044177109608,1.31205903632008,17.1934592377446,0,-2215.01111989456,1515.96953469602
"PS_sum","BNMR",151,-15.2344914709809,1.2922210650866,17.1934592377446,0,-2215.01111989456,1515.96953469602
"PS_sum","BNMR",152,-15.264600785217,1.27235964073277,17.1934592377446,0,-2215.01111989456,1515.96953469602
"PS_sum","BNMR",153,-15.294740673751,1.25247804823094,17.1934592377446,0,-2215.01111989456,1515.96953469602
"PS_sum","BNMR",154,-15.3249061473357,1.23257957870742,17.1934592377446,0,-2215.01111989456,1515.96953469602
"PS_sum","BNMR",155,-15.3550922238377,1.21266751859599,17.1934592377446,0,-2215.01111989456,1515.96953469602
"PS_sum","BNMR",156,-15.385293944301,1.19274513904147,17.1934592377446,0,-2215.01111989456,1515.96953469602
"PS_sum","BNMR",157,-15.4155063886615,1.172815685534,17.1934592377446,0,-2215.01111989456,1515.96953469602
"PS_sum","BNMR",158,-15.4457246911405,1.15288236775458,17.1934592377446,0,-2215.01111989456,1515.96953469602
"PS_sum","BNMR",159,-15.475944055345,1.13294834961444,17.1934592377446,0,-2215.01111989456,1515.96953469602
"PS_sum","BNMR",160,-15.5061597691008,1.11301673947042,17.1934592377446,0,-2215.01111989456,1515.96953469602
"PS_sum","BNMR",161,-15.5363672190435,1.09309058049999,17.1934592377446,0,-2215.01111989456,1515.96953469602
"PS_sum","BNMR",162,-15.5665619049919,1.07317284122001,17.1934592377446,0,-2215.01111989456,1515.96953469602
"PS_sum","BNMR",163,-15.5967394541268,1.05326640613393,17.1934592377446,0,-2215.01111989456,1515.96953469602
"PS_sum","BNMR",164,-15.6268956349966,1.03337406649279,17.1934592377446,0,-2215.01111989456,1515.96953469602
"PS_sum","BNMR",165,-15.6570263713729,1.01349851115565,17.1934592377446,0,-2215.01111989456,1515.96953469602
"PS_sum","BNMR",166,-15.6871277559742,0.993642317536757,17.1934592377446,0,-2215.01111989456,1515.96953469602
"PS_sum","BNMR",167,-15.7171960640803,0.973807942624911,17.1934592377446,0,-2215.01111989456,1515.96953469602
"PS_sum","BNMR",168,-15.7472277670541,0.953997714063917,17.1934592377446,0,-2215.01111989456,1515.96953469602
"PS_sum","BNMR",169,-15.7772195457911,0.934213821280736,17.1934592377446,0,-2215.01111989456,1515.96953469602
"PS_sum","BNMR",170,-15.8071683041138,0.914458306649817,17.1934592377446,0,-2215.01111989456,1515.96953469602
"PS_sum","BNMR",171,-15.8370711821287,0.894733056682386,17.1934592377446,0,-2215.01111989456,1515.96953469602
"PS_sum","BNMR",172,-15.8669255695634,0.875039793228605,17.1934592377446,0,-2215.01111989456,1515.96953469602
"PS_sum","BNMR",173,-15.8967291190996,0.855380064682537,17.1934592377446,0,-2215.01111989456,1515.96953469602
"PS_sum","BNMR",174,-15.9264797597199,0.835755237178122,17.1934592377446,0,-2215.01111989456,1515.96953469602
"PS_sum","BNMR",175,-15.9561757100835,0.816166485765963,17.1934592377446,0,-2215.01111989456,1515.96953469602
"PS_sum","BNMR",176,-15.9858154919465,0.796614785560492,17.1934592377446,0,-2215.01111989456,1515.96953469602
"PS_sum","BNMR",177,-16.0153979436444,0.777100902846633,17.1934592377446,0,-2215.01111989456,1515.96953469602
"PS_sum","BNMR",178,-16.0449222336503,0.7576253861359,17.1934592377446,0,-2215.01111989456,1515.96953469602
"PS_sum","BNMR",179,-16.074387874227,0.73818855716121,17.1934592377446,0,-2215.01111989456,1515.96953469602
"PS_sum","BNMR",180,-16.1037947351866,0.718790501800253,17.1934592377446,0,-2215.01111989456,1515.96953469602
"PS_sum","BNMR",181,-16.1331430577745,0.699431060916868,17.1934592377446,0,-2215.01111989456,1515.96953469602
"PS_sum","BNMR",182,-16.162433468695,0.680109821109553,17.1934592377446,0,-2215.01111989456,1515.96953469602
"PS_sum","BNMR",183,-16.1916669942922,0.66082610535657,17.1934592377446,0,-2215.01111989456,1515.96953469602
"PS_sum","BNMR",184,-16.220845074905,0.641578963547322,17.1934592377446,0,-2215.01111989456,1515.96953469602
"PS_sum","BNMR",185,-16.2499695794121,0.622367162887435,17.1934592377446,0,-2215.01111989456,1515.96953469602
"PS_sum","BNMR",186,-16.2790428199841,0.603189178167689,17.1934592377446,0,-2215.01111989456,1515.96953469602
"PS_sum","BNMR",187,-16.3080675670607,0.584043181884549,17.1934592377446,0,-2215.01111989456,1515.96953469602
"PS_sum","BNMR",188,-16.3370470645715,0.564927034199824,17.1934592377446,0,-2215.01111989456,1515.96953469602
"PS_sum","BNMR",189,-16.3659850454174,0.545838272728335,17.1934592377446,0,-2215.01111989456,1515.96953469602
"PS_sum","BNMR",190,-16.3948857472339,0.526774102139752,17.1934592377446,0,-2215.01111989456,1515.96953469602
"PS_sum","BNMR",191,-16.4237539284555,0.507731383562059,17.1934592377446,0,-2215.01111989456,1515.96953469602
"PS_sum","BNMR",192,-16.4525948847003,0.488706623773207,17.1934592377446,0,-2215.01111989456,1515.96953469602
"PS_sum","BNMR",193,-16.4814144654989,0.469695964166241,17.1934592377446,0,-2215.01111989456,1515.96953469602
"PS_sum","BNMR",194,-16.5102190913869,0.450695169474314,17.1934592377446,0,-2215.01111989456,1515.96953469602
"PS_sum","BNMR",195,-16.5390157713859,0.431699616239304,17.1934592377446,0,-2215.01111989456,1515.96953469602
"PS_sum","BNMR",196,-16.5678121208959,0.412704281009325,17.1934592377446,0,-2215.01111989456,1515.96953469602
"PS_sum","BNMR",197,-16.5966163800243,0.393703728248064,17.1934592377446,0,-2215.01111989456,1515.96953469602
"PS_sum","BNMR",198,-16.6254374323773,0.374692097939308,17.1934592377446,0,-2215.01111989456,1515.96953469602
"PS_sum","BNMR",199,-16.6542848243396,0.355663092868892,17.1934592377446,0,-2215.01111989456,1515.96953469602
"PS_sum","BNMR",200,-16.6831687848723,0.336609965565465,17.1934592377446,0,-2215.01111989456,1515.96953469602
"PS_sum","BNMR",201,-16.712100245856,0.317525504881023,17.1934592377446,0,-2215.01111989456,1515.96953469602
"PS_sum","BNMR",202,-16.7410908630106,0.298402022191509,17.1934592377446,0,-2215.01111989456,1515.96953469602
"PS_sum","BNMR",203,-16.7701530374233,0.279231337195825,17.1934592377446,0,-2215.01111989456,1515.96953469602
"PS_sum","BNMR",204,-16.7992999377168,0.260004763292867,17.1934592377446,0,-2215.01111989456,1515.96953469602
"PS_sum","BNMR",205,-16.8285455228927,0.240713092512858,17.1934592377446,0,-2215.01111989456,1515.96953469602
"PS_sum","BNMR",206,-16.8579045658852,0.221346579980389,17.1934592377446,0,-2215.01111989456,1515.96953469602
"PS_sum","BNMR",207,-16.8873926778626,0.201894927884139,17.1934592377446,0,-2215.01111989456,1515.96953469602
"PS_sum","BNMR",208,-16.917026333314,0.182347268928516,17.1934592377446,0,-2215.01111989456,1515.96953469602
"PS_sum","BNMR",209,-16.946822895962,0.162692149240367,17.1934592377446,0,-2215.01111989456,1515.96953469602
"PS_sum","BNMR",210,-16.9768006455434,0.142917510703561,17.1934592377446,0,-2215.01111989456,1515.96953469602
"PS_sum","BNMR",211,-17.0069788054997,0.123010672692934,17.1934592377446,0,-2215.01111989456,1515.96953469602
"PS_sum","BNMR",212,-17.0373775716231,0.10295831317797,17.1934592377446,0,-2215.01111989456,1515.96953469602
"PS_sum","BNMR",213,-17.0680181417051,0.0827464491657393,17.1934592377446,0,-2215.01111989456,1515.96953469602
"PS_sum","BNMR",214,-17.0989227462344,0.062360416450717,17.1934592377446,0,-2215.01111989456,1515.96953469602
"PS_sum","BNMR",215,-17.1301146801957,0.0417848486392427,17.1934592377446,0,-2215.01111989456,1515.96953469602
"PS_sum","BNMR",216,-17.1616183360206,0.0210036554134584,17.1934592377446,0,-2215.01111989456,1515.96953469602
"PS_sum","BNMR",217,-17.1934592377446,0,17.1934592377446,0,-2215.01111989456,1515.96953469602
"TOI_sum_min","Loess",1,8499.02550625999,33.6100873568973,0,0,252871.270937529,252871.270937529
"TOI_sum_min","Loess",2,8144.64584868284,32.2086641890409,0,0,252871.270937529,252871.270937529
"TOI_sum_min","Loess",3,7795.32335085911,30.8272399705893,0,0,252871.270937529,252871.270937529
"TOI_sum_min","Loess",4,7450.51854711761,29.463681340686,0,0,252871.270937529,252871.270937529
"TOI_sum_min","Loess",5,7109.70253010589,28.115896692204,0,0,252871.270937529,252871.270937529
"TOI_sum_min","Loess",6,6772.53542599854,26.7825419664683,0,0,252871.270937529,252871.270937529
"TOI_sum_min","Loess",7,6439.2542265665,25.464554366705,0,0,252871.270937529,252871.270937529
"TOI_sum_min","Loess",8,6110.41492675234,24.1641326201184,0,0,252871.270937529,252871.270937529
"TOI_sum_min","Loess",9,5786.58945524823,22.8835384652209,0,0,252871.270937529,252871.270937529
"TOI_sum_min","Loess",10,5469.33426797121,21.6289270334802,0,0,252871.270937529,252871.270937529
"TOI_sum_min","Loess",11,5165.75918974213,20.4284147051973,0,0,252871.270937529,252871.270937529
"TOI_sum_min","Loess",12,4911.37911352762,19.4224480120597,0,0,252871.270937529,252871.270937529
"TOI_sum_min","Loess",13,4666.68914334331,18.4548016310489,0,0,252871.270937529,252871.270937529
"TOI_sum_min","Loess",14,4432.37990744923,17.5282067077689,0,0,252871.270937529,252871.270937529
"TOI_sum_min","Loess",15,4212.23795796908,16.6576374704491,0,0,252871.270937529,252871.270937529
"TOI_sum_min","Loess",16,4008.52290928738,15.8520297478857,0,0,252871.270937529,252871.270937529
"TOI_sum_min","Loess",17,3824.41504912065,15.1239602464191,0,0,252871.270937529,252871.270937529
"TOI_sum_min","Loess",18,3654.79577470057,14.4531870352464,0,0,252871.270937529,252871.270937529
"TOI_sum_min","Loess",19,3491.3903674011,13.8069870668054,0,0,252871.270937529,252871.270937529
"TOI_sum_min","Loess",20,3331.13017729284,13.1732251154612,0,0,252871.270937529,252871.270937529
"TOI_sum_min","Loess",21,3171.50374935874,12.5419694281611,0,0,252871.270937529,252871.270937529
"TOI_sum_min","Loess",22,3009.05300383393,11.8995447473245,0,0,252871.270937529,252871.270937529
"TOI_sum_min","Loess",23,2848.85670797127,11.2660354709693,0,0,252871.270937529,252871.270937529
"TOI_sum_min","Loess",24,2697.06833504625,10.6657760094564,0,0,252871.270937529,252871.270937529
"TOI_sum_min","Loess",25,2561.45633952315,10.1294873475601,0,0,252871.270937529,252871.270937529
"TOI_sum_min","Loess",26,2443.1982597095,9.66182615625438,0,0,252871.270937529,252871.270937529
"TOI_sum_min","Loess",27,2338.27926515875,9.24691546212231,0,0,252871.270937529,252871.270937529
"TOI_sum_min","Loess",28,2244.46512831442,8.87591983064344,0,0,252871.270937529,252871.270937529
"TOI_sum_min","Loess",29,2163.22537136866,8.55465060680253,0,0,252871.270937529,252871.270937529
"TOI_sum_min","Loess",30,2097.58718587827,8.29507906572936,0,0,252871.270937529,252871.270937529
"TOI_sum_min","Loess",31,2044.0733662217,8.08345431508778,0,0,252871.270937529,252871.270937529
"TOI_sum_min","Loess",32,1992.36848236279,7.87898314812914,0,0,252871.270937529,252871.270937529
"TOI_sum_min","Loess",33,1940.43508142994,7.67360829182262,0,0,252871.270937529,252871.270937529
"TOI_sum_min","Loess",34,1890.15313180357,7.47476423397474,0,0,252871.270937529,252871.270937529
"TOI_sum_min","Loess",35,1838.93112020807,7.2722026246405,0,0,252871.270937529,252871.270937529
"TOI_sum_min","Loess",36,1786.30231334122,7.06407772902967,0,0,252871.270937529,252871.270937529
"TOI_sum_min","Loess",37,1737.46936482757,6.8709638638895,0,0,252871.270937529,252871.270937529
"TOI_sum_min","Loess",38,1699.33990921867,6.72017783166238,0,0,252871.270937529,252871.270937529
"TOI_sum_min","Loess",39,1672.54950089716,6.61423298382661,0,0,252871.270937529,252871.270937529
"TOI_sum_min","Loess",40,1654.73904143238,6.54380007383747,0,0,252871.270937529,252871.270937529
"TOI_sum_min","Loess",41,1636.19101967711,6.47045041380494,0,0,252871.270937529,252871.270937529
"TOI_sum_min","Loess",42,1607.23073994149,6.35592463304603,0,0,252871.270937529,252871.270937529
"TOI_sum_min","Loess",43,1571.96946895335,6.2164810700924,0,0,252871.270937529,252871.270937529
"TOI_sum_min","Loess",44,1537.92952218375,6.08186733305776,0,0,252871.270937529,252871.270937529
"TOI_sum_min","Loess",45,1505.77244075845,5.95469954010888,0,0,252871.270937529,252871.270937529
"TOI_sum_min","Loess",46,1481.06961481378,5.85701020650811,0,0,252871.270937529,252871.270937529
"TOI_sum_min","Loess",47,1467.5751225062,5.80364513954122,0,0,252871.270937529,252871.270937529
"TOI_sum_min","Loess",48,1468.30097981938,5.80651560130024,0,0,252871.270937529,252871.270937529
"TOI_sum_min","Loess",49,1478.79132578463,5.84800052731162,0,0,252871.270937529,252871.270937529
"TOI_sum_min","Loess",50,1489.70171150272,5.89114653467591,0,0,252871.270937529,252871.270937529
"TOI_sum_min","Loess",51,1495.93428337269,5.91579374685969,0,0,252871.270937529,252871.270937529
"TOI_sum_min","Loess",52,1493.64085260048,5.90672418840921,0,0,252871.270937529,252871.270937529
"TOI_sum_min","Loess",53,1478.21803027808,5.84573338362061,0,0,252871.270937529,252871.270937529
"TOI_sum_min","Loess",54,1448.1856889483,5.72696804812622,0,0,252871.270937529,252871.270937529
"TOI_sum_min","Loess",55,1406.17136081301,5.56081897164348,0,0,252871.270937529,252871.270937529
"TOI_sum_min","Loess",56,1361.43548613475,5.38390731808789,0,0,252871.270937529,252871.270937529
"TOI_sum_min","Loess",57,1326.67910939095,5.24646040047272,0,0,252871.270937529,252871.270937529
"TOI_sum_min","Loess",58,1303.00652170659,5.15284522783332,0,0,252871.270937529,252871.270937529
"TOI_sum_min","Loess",59,1282.02437461715,5.06986962126622,0,0,252871.270937529,252871.270937529
"TOI_sum_min","Loess",60,1257.96069292397,4.97470783557198,0,0,252871.270937529,252871.270937529
"TOI_sum_min","Loess",61,1221.68200771324,4.83124082535675,0,0,252871.270937529,252871.270937529
"TOI_sum_min","Loess",62,1169.50722063278,4.62491138790417,0,0,252871.270937529,252871.270937529
"TOI_sum_min","Loess",63,1105.27256064921,4.37089020255789,0,0,252871.270937529,252871.270937529
"TOI_sum_min","Loess",64,1035.2045660236,4.09380062110473,0,0,252871.270937529,252871.270937529
"TOI_sum_min","Loess",65,966.985589006916,3.82402313011591,0,0,252871.270937529,252871.270937529
"TOI_sum_min","Loess",66,910.247808343255,3.59964896355557,0,0,252871.270937529,252871.270937529
"TOI_sum_min","Loess",67,866.005919780391,3.42469081825565,0,0,252871.270937529,252871.270937529
"TOI_sum_min","Loess",68,832.416118757987,3.29185721917629,0,0,252871.270937529,252871.270937529
"TOI_sum_min","Loess",69,807.010225658739,3.19138754935158,0,0,252871.270937529,252871.270937529
"TOI_sum_min","Loess",70,786.024105416222,3.10839623062759,0,0,252871.270937529,252871.270937529
"TOI_sum_min","Loess",71,765.297956292215,3.02643298882806,0,0,252871.270937529,252871.270937529
"TOI_sum_min","Loess",72,737.226709384701,2.91542296066852,0,0,252871.270937529,252871.270937529
"TOI_sum_min","Loess",73,701.510337082057,2.7741796625658,0,0,252871.270937529,252871.270937529
"TOI_sum_min","Loess",74,663.987644434277,2.62579312379979,0,0,252871.270937529,252871.270937529
"TOI_sum_min","Loess",75,631.222466660873,2.49622056440257,0,0,252871.270937529,252871.270937529
"TOI_sum_min","Loess",76,610.989940562512,2.41620939499077,0,0,252871.270937529,252871.270937529
"TOI_sum_min","Loess",77,606.871592419093,2.39992305242544,0,0,252871.270937529,252871.270937529
"TOI_sum_min","Loess",78,609.254274926096,2.40934556411753,0,0,252871.270937529,252871.270937529
"TOI_sum_min","Loess",79,610.459194422626,2.41411051622957,0,0,252871.270937529,252871.270937529
"TOI_sum_min","Loess",80,608.869679724032,2.4078246511224,0,0,252871.270937529,252871.270937529
"TOI_sum_min","Loess",81,601.914939722891,2.38032156634983,0,0,252871.270937529,252871.270937529
"TOI_sum_min","Loess",82,588.780457056984,2.32838018678066,0,0,252871.270937529,252871.270937529
"TOI_sum_min","Loess",83,571.002548433202,2.25807600173872,0,0,252871.270937529,252871.270937529
"TOI_sum_min","Loess",84,549.97037416596,2.17490255862964,0,0,252871.270937529,252871.270937529
"TOI_sum_min","Loess",85,528.643025181199,2.09056182310168,0,0,252871.270937529,252871.270937529
"TOI_sum_min","Loess",86,509.552184471534,2.0150655413814,0,0,252871.270937529,252871.270937529
"TOI_sum_min","Loess",87,496.321166725329,1.96274240598863,0,0,252871.270937529,252871.270937529
"TOI_sum_min","Loess",88,491.123320271005,1.94218709958687,0,0,252871.270937529,252871.270937529
"TOI_sum_min","Loess",89,494.413063467338,1.95519665652126,0,0,252871.270937529,252871.270937529
"TOI_sum_min","Loess",90,505.431462586823,1.99876981166314,0,0,252871.270937529,252871.270937529
"TOI_sum_min","Loess",91,519.324480015835,2.05371087862382,0,0,252871.270937529,252871.270937529
"TOI_sum_min","Loess",92,532.472439624313,2.10570555385811,0,0,252871.270937529,252871.270937529
"TOI_sum_min","Loess",93,545.320443613991,2.1565140302107,0,0,252871.270937529,252871.270937529
"TOI_sum_min","Loess",94,560.21283934159,2.21540721990514,0,0,252871.270937529,252871.270937529
"TOI_sum_min","Loess",95,582.351451563601,2.30295616186257,0,0,252871.270937529,252871.270937529
"TOI_sum_min","Loess",96,611.799248023402,2.41940986714361,0,0,252871.270937529,252871.270937529
"TOI_sum_min","Loess",97,642.533170117436,2.54094966081051,0,0,252871.270937529,252871.270937529
"TOI_sum_min","Loess",98,666.946191635032,2.63749293924259,0,0,252871.270937529,252871.270937529
"TOI_sum_min","Loess",99,683.359272469736,2.70239980182865,0,0,252871.270937529,252871.270937529
"TOI_sum_min","Loess",100,691.760005585214,2.73562118393478,0,0,252871.270937529,252871.270937529
"TOI_sum_min","Loess",101,692.324885833172,2.73785504880153,0,0,252871.270937529,252871.270937529
"TOI_sum_min","Loess",102,685.65134664713,2.71146399551461,0,0,252871.270937529,252871.270937529
"TOI_sum_min","Loess",103,674.539088706278,2.66751966803268,0,0,252871.270937529,252871.270937529
"TOI_sum_min","Loess",104,659.981038932182,2.60994867659454,0,0,252871.270937529,252871.270937529
"TOI_sum_min","Loess",105,644.045791857028,2.54693144645972,0,0,252871.270937529,252871.270937529
"TOI_sum_min","Loess",106,627.023873355687,2.4796168858209,0,0,252871.270937529,252871.270937529
"TOI_sum_min","Loess",107,608.638285651211,2.4069095844485,0,0,252871.270937529,252871.270937529
"TOI_sum_min","Loess",108,588.314271604774,2.32653661850782,0,0,252871.270937529,252871.270937529
"TOI_sum_min","Loess",109,566.947741479495,2.24204093797416,0,0,252871.270937529,252871.270937529
"TOI_sum_min","Loess",110,546.156706161924,2.15982109844677,0,0,252871.270937529,252871.270937529
"TOI_sum_min","Loess",111,530.810711998154,2.09913411685778,0,0,252871.270937529,252871.270937529
"TOI_sum_min","Loess",112,524.000663513643,2.07220322645152,0,0,252871.270937529,252871.270937529
"TOI_sum_min","Loess",113,526.430733680918,2.08181313649889,0,0,252871.270937529,252871.270937529
"TOI_sum_min","Loess",114,537.968165981774,2.12743885055522,0,0,252871.270937529,252871.270937529
"TOI_sum_min","Loess",115,554.642678515148,2.19337956604873,0,0,252871.270937529,252871.270937529
"TOI_sum_min","Loess",116,568.23831584951,2.24714461924736,0,0,252871.270937529,252871.270937529
"TOI_sum_min","Loess",117,575.781129208357,2.27697328792484,0,0,252871.270937529,252871.270937529
"TOI_sum_min","Loess",118,576.051607463966,2.27804291617722,0,0,252871.270937529,252871.270937529
"TOI_sum_min","Loess",119,569.353131772449,2.251553249452,0,0,252871.270937529,252871.270937529
"TOI_sum_min","Loess",120,556.974321705346,2.20260023861289,0,0,252871.270937529,252871.270937529
"TOI_sum_min","Loess",121,541.686585650081,2.14214364345052,0,0,252871.270937529,252871.270937529
"TOI_sum_min","Loess",122,526.304378552848,2.08131345487195,0,0,252871.270937529,252871.270937529
"TOI_sum_min","Loess",123,511.261352321268,2.02182458460287,0,0,252871.270937529,252871.270937529
"TOI_sum_min","Loess",124,495.722169691741,1.96037362351933,0,0,252871.270937529,252871.270937529
"TOI_sum_min","Loess",125,477.699759243052,1.88910253613218,0,0,252871.270937529,252871.270937529
"TOI_sum_min","Loess",126,455.079855933303,1.7996502894381,0,0,252871.270937529,252871.270937529
"TOI_sum_min","Loess",127,427.934090008912,1.69230015107028,0,0,252871.270937529,252871.270937529
"TOI_sum_min","Loess",128,400.294885510927,1.58299866974536,0,0,252871.270937529,252871.270937529
"TOI_sum_min","Loess",129,376.736639974242,1.48983567242525,0,0,252871.270937529,252871.270937529
"TOI_sum_min","Loess",130,363.579054476112,1.43780293082773,0,0,252871.270937529,252871.270937529
"TOI_sum_min","Loess",131,361.905990165341,1.4311866619864,0,0,252871.270937529,252871.270937529
"TOI_sum_min","Loess",132,367.890826649447,1.45485418444523,0,0,252871.270937529,252871.270937529
"TOI_sum_min","Loess",133,377.055251771313,1.49109564868072,0,0,252871.270937529,252871.270937529
"TOI_sum_min","Loess",134,385.756554123363,1.52550565626992,0,0,252871.270937529,252871.270937529
"TOI_sum_min","Loess",135,389.123333231252,1.53881985797977,0,0,252871.270937529,252871.270937529
"TOI_sum_min","Loess",136,385.658950421512,1.52511967449552,0,0,252871.270937529,252871.270937529
"TOI_sum_min","Loess",137,378.445338590937,1.49659286002652,0,0,252871.270937529,252871.270937529
"TOI_sum_min","Loess",138,373.38219348137,1.47657024104416,0,0,252871.270937529,252871.270937529
"TOI_sum_min","Loess",139,375.558287164546,1.48517578043623,0,0,252871.270937529,252871.270937529
"TOI_sum_min","Loess",140,385.704344039179,1.5252991872472,0,0,252871.270937529,252871.270937529
"TOI_sum_min","Loess",141,401.538736977003,1.58791758149625,0,0,252871.270937529,252871.270937529
"TOI_sum_min","Loess",142,420.426918662953,1.66261243163055,0,0,252871.270937529,252871.270937529
"TOI_sum_min","Loess",143,435.052446808078,1.72045027177309,0,0,252871.270937529,252871.270937529
"TOI_sum_min","Loess",144,441.032956882553,1.74410068509328,0,0,252871.270937529,252871.270937529
"TOI_sum_min","Loess",145,438.976158165701,1.73596690734452,0,0,252871.270937529,252871.270937529
"TOI_sum_min","Loess",146,431.822955601001,1.70767898622885,0,0,252871.270937529,252871.270937529
"TOI_sum_min","Loess",147,425.115969844201,1.68115566575859,0,0,252871.270937529,252871.270937529
"TOI_sum_min","Loess",148,423.838556713577,1.6761040316766,0,0,252871.270937529,252871.270937529
"TOI_sum_min","Loess",149,427.85618501482,1.69199206943726,0,0,252871.270937529,252871.270937529
"TOI_sum_min","Loess",150,436.739933258919,1.72712357413988,0,0,252871.270937529,252871.270937529
"TOI_sum_min","Loess",151,446.938452283997,1.76745444679009,0,0,252871.270937529,252871.270937529
"TOI_sum_min","Loess",152,455.16410501488,1.79998345928086,0,0,252871.270937529,252871.270937529
"TOI_sum_min","Loess",153,458.30736872059,1.81241375116042,0,0,252871.270937529,252871.270937529
"TOI_sum_min","Loess",154,453.354776105821,1.79282832100694,0,0,252871.270937529,252871.270937529
"TOI_sum_min","Loess",155,440.794630546417,1.7431582042205,0,0,252871.270937529,252871.270937529
"TOI_sum_min","Loess",156,423.547063944574,1.67495129982247,0,0,252871.270937529,252871.270937529
"TOI_sum_min","Loess",157,407.490714716419,1.6114551613777,0,0,252871.270937529,252871.270937529
"TOI_sum_min","Loess",158,395.26875884014,1.56312244318885,0,0,252871.270937529,252871.270937529
"TOI_sum_min","Loess",159,385.842395496576,1.52584512295941,0,0,252871.270937529,252871.270937529
"TOI_sum_min","Loess",160,378.170445969589,1.49550577480593,0,0,252871.270937529,252871.270937529
"TOI_sum_min","Loess",161,371.943054447719,1.47087904872992,0,0,252871.270937529,252871.270937529
"TOI_sum_min","Loess",162,366.678344276896,1.45005932432508,0,0,252871.270937529,252871.270937529
"TOI_sum_min","Loess",163,359.18201775078,1.42041449160714,0,0,252871.270937529,252871.270937529
"TOI_sum_min","Loess",164,347.624480262143,1.37470926995112,0,0,252871.270937529,252871.270937529
"TOI_sum_min","Loess",165,332.641729847135,1.31545876529925,0,0,252871.270937529,252871.270937529
"TOI_sum_min","Loess",166,314.846712108653,1.24508692087222,0,0,252871.270937529,252871.270937529
"TOI_sum_min","Loess",167,296.662937277788,1.17317770491642,0,0,252871.270937529,252871.270937529
"TOI_sum_min","Loess",168,279.436533099712,1.10505448904374,0,0,252871.270937529,252871.270937529
"TOI_sum_min","Loess",169,266.391626741069,1.05346734626442,0,0,252871.270937529,252871.270937529
"TOI_sum_min","Loess",170,259.440819275065,1.02597981302178,0,0,252871.270937529,252871.270937529
"TOI_sum_min","Loess",171,256.716807846996,1.01520748836042,0,0,252871.270937529,252871.270937529
"TOI_sum_min","Loess",172,257.441627610575,1.01807384704519,0,0,252871.270937529,252871.270937529
"TOI_sum_min","Loess",173,259.482857614991,1.02614605705484,0,0,252871.270937529,252871.270937529
"TOI_sum_min","Loess",174,258.984092624102,1.02417365034751,0,0,252871.270937529,252871.270937529
"TOI_sum_min","Loess",175,255.622128677497,1.01087849058444,0,0,252871.270937529,252871.270937529
"TOI_sum_min","Loess",176,250.614841935305,0.991076768057288,0,0,252871.270937529,252871.270937529
"TOI_sum_min","Loess",177,244.857951308461,0.968310676023584,0,0,252871.270937529,252871.270937529
"TOI_sum_min","Loess",178,237.870114291573,0.940676706411376,0,0,252871.270937529,252871.270937529
"TOI_sum_min","Loess",179,231.321602649169,0.914780084710837,0,0,252871.270937529,252871.270937529
"TOI_sum_min","Loess",180,226.409253694526,0.895353801383236,0,0,252871.270937529,252871.270937529
"TOI_sum_min","Loess",181,222.059331041011,0.878151678590131,0,0,252871.270937529,252871.270937529
"TOI_sum_min","Loess",182,217.607796273648,0.860547722431495,0,0,252871.270937529,252871.270937529
"TOI_sum_min","Loess",183,210.510745065419,0.832481856420238,0,0,252871.270937529,252871.270937529
"TOI_sum_min","Loess",184,201.115811811331,0.795328829034978,0,0,252871.270937529,252871.270937529
"TOI_sum_min","Loess",185,192.306734047594,0.76049261481785,0,0,252871.270937529,252871.270937529
"TOI_sum_min","Loess",186,185.370429932168,0.73306243625423,0,0,252871.270937529,252871.270937529
"TOI_sum_min","Loess",187,179.342829379576,0.709225799809745,0,0,252871.270937529,252871.270937529
"TOI_sum_min","Loess",188,173.914163983033,0.687757701134813,0,0,252871.270937529,252871.270937529
"TOI_sum_min","Loess",189,170.295673339179,0.673448085691199,0,0,252871.270937529,252871.270937529
"TOI_sum_min","Loess",190,167.636601073888,0.662932568228767,0,0,252871.270937529,252871.270937529
"TOI_sum_min","Loess",191,165.268121915275,0.65356622483265,0,0,252871.270937529,252871.270937529
"TOI_sum_min","Loess",192,162.786771889954,0.643753524417449,0,0,252871.270937529,252871.270937529
"TOI_sum_min","Loess",193,159.001078824096,0.62878269340204,0,0,252871.270937529,252871.270937529
"TOI_sum_min","Loess",194,154.212348049138,0.609845268216473,0,0,252871.270937529,252871.270937529
"TOI_sum_min","Loess",195,150.393441851963,0.594743093172957,0,0,252871.270937529,252871.270937529
"TOI_sum_min","Loess",196,149.050785916568,0.589433451115097,0,0,252871.270937529,252871.270937529
"TOI_sum_min","Loess",197,150.15671157286,0.593806924037473,0,0,252871.270937529,252871.270937529
"TOI_sum_min","Loess",198,153.518008392172,0.607099445591422,0,0,252871.270937529,252871.270937529
"TOI_sum_min","Loess",199,160.500563164894,0.634712526139616,0,0,252871.270937529,252871.270937529
"TOI_sum_min","Loess",200,169.975559002266,0.672182167519766,0,0,252871.270937529,252871.270937529
"TOI_sum_min","Loess",201,179.253472889718,0.708872432305694,0,0,252871.270937529,252871.270937529
"TOI_sum_min","Loess",202,187.198188881348,0.740290457620215,0,0,252871.270937529,252871.270937529
"TOI_sum_min","Loess",203,195.377646391475,0.772636787354712,0,0,252871.270937529,252871.270937529
"TOI_sum_min","Loess",204,199.565874479714,0.789199475843249,0,0,252871.270937529,252871.270937529
"TOI_sum_min","Loess",205,200.55995860048,0.793130662320385,0,0,252871.270937529,252871.270937529
"TOI_sum_min","Loess",206,199.426703881877,0.788649114399179,0,0,252871.270937529,252871.270937529
"TOI_sum_min","Loess",207,197.602195272317,0.781433946765483,0,0,252871.270937529,252871.270937529
"TOI_sum_min","Loess",208,195.743577602505,0.77408389207987,0,0,252871.270937529,252871.270937529
"TOI_sum_min","Loess",209,194.004603054766,0.767206975847779,0,0,252871.270937529,252871.270937529
"TOI_sum_min","Loess",210,192.165308386741,0.75993333554374,0,0,252871.270937529,252871.270937529
"TOI_sum_min","Loess",211,189.941223904508,0.751138012635026,0,0,252871.270937529,252871.270937529
"TOI_sum_min","Loess",212,187.079449786512,0.739820894215895,0,0,252871.270937529,252871.270937529
"TOI_sum_min","Loess",213,183.421562157962,0.725355480193223,0,0,252871.270937529,252871.270937529
"TOI_sum_min","Loess",214,178.867163621052,0.707344740894829,0,0,252871.270937529,252871.270937529
"TOI_sum_min","Loess",215,173.362964983029,0.685577939875417,0,0,252871.270937529,252871.270937529
"TOI_sum_min","Loess",216,166.900105103286,0.660020035034027,0,0,252871.270937529,252871.270937529
"TOI_sum_min","Loess",217,159.509356186224,0.630792717554816,0,0,252871.270937529,252871.270937529
"TOI_sum_min","B-spline",1,77.370876700719,34.1983962140869,0,0,2262.41243058202,2262.41243058202
"TOI_sum_min","B-spline",2,69.273760727553,30.619421901661,0,0,2262.41243058202,2262.41243058202
"TOI_sum_min","B-spline",3,63.4765794006395,28.0570326358708,0,0,2262.41243058202,2262.41243058202
"TOI_sum_min","B-spline",4,59.2999114526484,26.210920100626,0,0,2262.41243058202,2262.41243058202
"TOI_sum_min","B-spline",5,56.0643356162496,24.7807759798362,0,0,2262.41243058202,2262.41243058202
"TOI_sum_min","B-spline",6,53.1997160955968,23.5145967978575,0,0,2262.41243058202,2262.41243058202
"TOI_sum_min","B-spline",7,50.5730589807778,22.3535984408323,0,0,2262.41243058202,2262.41243058202
"TOI_sum_min","B-spline",8,48.1606558333647,21.28730163535,0,0,2262.41243058202,2262.41243058202
"TOI_sum_min","B-spline",9,45.9387982149289,20.3052271079995,0,0,2262.41243058202,2262.41243058202
"TOI_sum_min","B-spline",10,43.8837776870424,19.39689558537,0,0,2262.41243058202,2262.41243058202
"TOI_sum_min","B-spline",11,41.971885811277,18.5518277940506,0,0,2262.41243058202,2262.41243058202
"TOI_sum_min","B-spline",12,40.1794141492043,17.7595444606304,0,0,2262.41243058202,2262.41243058202
"TOI_sum_min","B-spline",13,38.4826542623961,17.0095663116986,0,0,2262.41243058202,2262.41243058202
"TOI_sum_min","B-spline",14,36.8578977124241,16.2914140738443,0,0,2262.41243058202,2262.41243058202
"TOI_sum_min","B-spline",15,35.2814360608603,15.5946084736566,0,0,2262.41243058202,2262.41243058202
"TOI_sum_min","B-spline",16,33.7340613852742,14.9106594930598,0,0,2262.41243058202,2262.41243058202
"TOI_sum_min","B-spline",17,32.2145678272278,14.2390341353192,0,0,2262.41243058202,2262.41243058202
"TOI_sum_min","B-spline",18,30.7262500442808,13.5811886590352,0,0,2262.41243058202,2262.41243058202
"TOI_sum_min","B-spline",19,29.272402693993,12.9385793228083,0,0,2262.41243058202,2262.41243058202
"TOI_sum_min","B-spline",20,27.8563204339243,12.312662385239,0,0,2262.41243058202,2262.41243058202
"TOI_sum_min","B-spline",21,26.4812979216344,11.7048941049276,0,0,2262.41243058202,2262.41243058202
"TOI_sum_min","B-spline",22,25.1506298146832,11.1167307404747,0,0,2262.41243058202,2262.41243058202
"TOI_sum_min","B-spline",23,23.8676107706306,10.5496285504807,0,0,2262.41243058202,2262.41243058202
"TOI_sum_min","B-spline",24,22.6355354470362,10.0050437935461,0,0,2262.41243058202,2262.41243058202
"TOI_sum_min","B-spline",25,21.4576985014599,9.48443272827132,0,0,2262.41243058202,2262.41243058202
"TOI_sum_min","B-spline",26,20.3373945914616,8.98925161325679,0,0,2262.41243058202,2262.41243058202
"TOI_sum_min","B-spline",27,19.277918374601,8.520956707103,0,0,2262.41243058202,2262.41243058202
"TOI_sum_min","B-spline",28,18.282564508438,8.08100426841039,0,0,2262.41243058202,2262.41243058202
"TOI_sum_min","B-spline",29,17.3546276505323,7.67085055577942,0,0,2262.41243058202,2262.41243058202
"TOI_sum_min","B-spline",30,16.4974024584438,7.29195182781055,0,0,2262.41243058202,2262.41243058202
"TOI_sum_min","B-spline",31,15.713019000094,6.94524958742903,0,0,2262.41243058202,2262.41243058202
"TOI_sum_min","B-spline",32,14.9989489848511,6.62962631485921,0,0,2262.41243058202,2262.41243058202
"TOI_sum_min","B-spline",33,14.351499532445,6.34344973465029,0,0,2262.41243058202,2262.41243058202
"TOI_sum_min","B-spline",34,13.7669777626056,6.08508757135142,0,0,2262.41243058202,2262.41243058202
"TOI_sum_min","B-spline",35,13.2416907950627,5.85290754951176,0,0,2262.41243058202,2262.41243058202
"TOI_sum_min","B-spline",36,12.7719457495464,5.64527739368048,0,0,2262.41243058202,2262.41243058202
"TOI_sum_min","B-spline",37,12.3540497457864,5.46056482840675,0,0,2262.41243058202,2262.41243058202
"TOI_sum_min","B-spline",38,11.9843099035127,5.29713757823974,0,0,2262.41243058202,2262.41243058202
"TOI_sum_min","B-spline",39,11.6590333424552,5.1533633677286,0,0,2262.41243058202,2262.41243058202
"TOI_sum_min","B-spline",40,11.3745271823437,5.0276099214225,0,0,2262.41243058202,2262.41243058202
"TOI_sum_min","B-spline",41,11.1270985429083,4.91824496387061,0,0,2262.41243058202,2262.41243058202
"TOI_sum_min","B-spline",42,10.9130545438787,4.8236362196221,0,0,2262.41243058202,2262.41243058202
"TOI_sum_min","B-spline",43,10.7287023049849,4.74215141322613,0,0,2262.41243058202,2262.41243058202
"TOI_sum_min","B-spline",44,10.5703489459567,4.67215826923186,0,0,2262.41243058202,2262.41243058202
"TOI_sum_min","B-spline",45,10.4343015865241,4.61202451218846,0,0,2262.41243058202,2262.41243058202
"TOI_sum_min","B-spline",46,10.316867346417,4.5601178666451,0,0,2262.41243058202,2262.41243058202
"TOI_sum_min","B-spline",47,10.2143533453653,4.51480605715095,0,0,2262.41243058202,2262.41243058202
"TOI_sum_min","B-spline",48,10.1230667030988,4.47445680825515,0,0,2262.41243058202,2262.41243058202
"TOI_sum_min","B-spline",49,10.0393145393475,4.4374378445069,0,0,2262.41243058202,2262.41243058202
"TOI_sum_min","B-spline",50,9.9594039738412,4.40211689045534,0,0,2262.41243058202,2262.41243058202
"TOI_sum_min","B-spline",51,9.88025977020846,4.36713467299449,0,0,2262.41243058202,2262.41243058202
"TOI_sum_min","B-spline",52,9.80127726767196,4.33222392839777,0,0,2262.41243058202,2262.41243058202
"TOI_sum_min","B-spline",53,9.72246944935301,4.29739039528344,0,0,2262.41243058202,2262.41243058202
"TOI_sum_min","B-spline",54,9.64384929837288,4.26263981226976,0,0,2262.41243058202,2262.41243058202
"TOI_sum_min","B-spline",55,9.56542979785288,4.22797791797499,0,0,2262.41243058202,2262.41243058202
"TOI_sum_min","B-spline",56,9.48722393091428,4.19341045101739,0,0,2262.41243058202,2262.41243058202
"TOI_sum_min","B-spline",57,9.40924468067839,4.15894315001523,0,0,2262.41243058202,2262.41243058202
"TOI_sum_min","B-spline",58,9.33150503026648,4.12458175358677,0,0,2262.41243058202,2262.41243058202
"TOI_sum_min","B-spline",59,9.25401796279986,4.09033200035027,0,0,2262.41243058202,2262.41243058202
"TOI_sum_min","B-spline",60,9.17679646139981,4.056199628924,0,0,2262.41243058202,2262.41243058202
"TOI_sum_min","B-spline",61,9.09985350918762,4.02219037792621,0,0,2262.41243058202,2262.41243058202
"TOI_sum_min","B-spline",62,9.02320208928459,3.98830998597516,0,0,2262.41243058202,2262.41243058202
"TOI_sum_min","B-spline",63,8.946855184812,3.95456419168913,0,0,2262.41243058202,2262.41243058202
"TOI_sum_min","B-spline",64,8.87082577889115,3.92095873368636,0,0,2262.41243058202,2262.41243058202
"TOI_sum_min","B-spline",65,8.79512685464332,3.88749935058513,0,0,2262.41243058202,2262.41243058202
"TOI_sum_min","B-spline",66,8.7197713951898,3.8541917810037,0,0,2262.41243058202,2262.41243058202
"TOI_sum_min","B-spline",67,8.6447723836519,3.82104176356032,0,0,2262.41243058202,2262.41243058202
"TOI_sum_min","B-spline",68,8.57014280315089,3.78805503687326,0,0,2262.41243058202,2262.41243058202
"TOI_sum_min","B-spline",69,8.49589563680806,3.75523733956079,0,0,2262.41243058202,2262.41243058202
"TOI_sum_min","B-spline",70,8.42204386774472,3.72259441024116,0,0,2262.41243058202,2262.41243058202
"TOI_sum_min","B-spline",71,8.34860047908214,3.69013198753263,0,0,2262.41243058202,2262.41243058202
"TOI_sum_min","B-spline",72,8.27557845394163,3.65785581005348,0,0,2262.41243058202,2262.41243058202
"TOI_sum_min","B-spline",73,8.20299077544446,3.62577161642195,0,0,2262.41243058202,2262.41243058202
"TOI_sum_min","B-spline",74,8.13085042671194,3.59388514525631,0,0,2262.41243058202,2262.41243058202
"TOI_sum_min","B-spline",75,8.05917039086534,3.56220213517483,0,0,2262.41243058202,2262.41243058202
"TOI_sum_min","B-spline",76,7.98796365102597,3.53072832479577,0,0,2262.41243058202,2262.41243058202
"TOI_sum_min","B-spline",77,7.91724319031511,3.49946945273739,0,0,2262.41243058202,2262.41243058202
"TOI_sum_min","B-spline",78,7.84702199185405,3.46843125761794,0,0,2262.41243058202,2262.41243058202
"TOI_sum_min","B-spline",79,7.77731303876408,3.4376194780557,0,0,2262.41243058202,2262.41243058202
"TOI_sum_min","B-spline",80,7.7081293141665,3.40703985266893,0,0,2262.41243058202,2262.41243058202
"TOI_sum_min","B-spline",81,7.63948380118259,3.37669812007588,0,0,2262.41243058202,2262.41243058202
"TOI_sum_min","B-spline",82,7.57138948293364,3.34660001889482,0,0,2262.41243058202,2262.41243058202
"TOI_sum_min","B-spline",83,7.50385934254096,3.31675128774401,0,0,2262.41243058202,2262.41243058202
"TOI_sum_min","B-spline",84,7.43690636312581,3.28715766524172,0,0,2262.41243058202,2262.41243058202
"TOI_sum_min","B-spline",85,7.37054352780951,3.2578248900062,0,0,2262.41243058202,2262.41243058202
"TOI_sum_min","B-spline",86,7.30478381971333,3.22875870065572,0,0,2262.41243058202,2262.41243058202
"TOI_sum_min","B-spline",87,7.23964022195857,3.19996483580853,0,0,2262.41243058202,2262.41243058202
"TOI_sum_min","B-spline",88,7.17512571766651,3.17144903408292,0,0,2262.41243058202,2262.41243058202
"TOI_sum_min","B-spline",89,7.11125328995846,3.14321703409712,0,0,2262.41243058202,2262.41243058202
"TOI_sum_min","B-spline",90,7.04803592195569,3.11527457446941,0,0,2262.41243058202,2262.41243058202
"TOI_sum_min","B-spline",91,6.98548659677951,3.08762739381805,0,0,2262.41243058202,2262.41243058202
"TOI_sum_min","B-spline",92,6.92361829755119,3.0602812307613,0,0,2262.41243058202,2262.41243058202
"TOI_sum_min","B-spline",93,6.86244400739204,3.03324182391742,0,0,2262.41243058202,2262.41243058202
"TOI_sum_min","B-spline",94,6.80197670942334,3.00651491190468,0,0,2262.41243058202,2262.41243058202
"TOI_sum_min","B-spline",95,6.74222938676638,2.98010623334133,0,0,2262.41243058202,2262.41243058202
"TOI_sum_min","B-spline",96,6.68321502254245,2.95402152684564,0,0,2262.41243058202,2262.41243058202
"TOI_sum_min","B-spline",97,6.62494659987284,2.92826653103588,0,0,2262.41243058202,2262.41243058202
"TOI_sum_min","B-spline",98,6.56743710187885,2.90284698453029,0,0,2262.41243058202,2262.41243058202
"TOI_sum_min","B-spline",99,6.51069951168177,2.87776862594715,0,0,2262.41243058202,2262.41243058202
"TOI_sum_min","B-spline",100,6.45474681240287,2.85303719390472,0,0,2262.41243058202,2262.41243058202
"TOI_sum_min","B-spline",101,6.3995876822263,2.82865652421295,0,0,2262.41243058202,2262.41243058202
"TOI_sum_min","B-spline",102,6.34521357958746,2.80462284144855,0,0,2262.41243058202,2262.41243058202
"TOI_sum_min","B-spline",103,6.29161165798462,2.78093046737994,0,0,2262.41243058202,2262.41243058202
"TOI_sum_min","B-spline",104,6.23876907091604,2.75757372377551,0,0,2262.41243058202,2262.41243058202
"TOI_sum_min","B-spline",105,6.18667297187997,2.73454693240367,0,0,2262.41243058202,2262.41243058202
"TOI_sum_min","B-spline",106,6.13531051437467,2.71184441503282,0,0,2262.41243058202,2262.41243058202
"TOI_sum_min","B-spline",107,6.0846688518984,2.68946049343138,0,0,2262.41243058202,2262.41243058202
"TOI_sum_min","B-spline",108,6.0347351379494,2.66738948936775,0,0,2262.41243058202,2262.41243058202
"TOI_sum_min","B-spline",109,5.98549652602595,2.64562572461033,0,0,2262.41243058202,2262.41243058202
"TOI_sum_min","B-spline",110,5.9369401696263,2.62416352092752,0,0,2262.41243058202,2262.41243058202
"TOI_sum_min","B-spline",111,5.8890532222487,2.60299720008775,0,0,2262.41243058202,2262.41243058202
"TOI_sum_min","B-spline",112,5.8418228373914,2.5821210838594,0,0,2262.41243058202,2262.41243058202
"TOI_sum_min","B-spline",113,5.79523616855268,2.56152949401088,0,0,2262.41243058202,2262.41243058202
"TOI_sum_min","B-spline",114,5.74928036923078,2.54121675231061,0,0,2262.41243058202,2262.41243058202
"TOI_sum_min","B-spline",115,5.70394259292395,2.52117718052698,0,0,2262.41243058202,2262.41243058202
"TOI_sum_min","B-spline",116,5.65920999313047,2.5014051004284,0,0,2262.41243058202,2262.41243058202
"TOI_sum_min","B-spline",117,5.61506972334858,2.48189483378328,0,0,2262.41243058202,2262.41243058202
"TOI_sum_min","B-spline",118,5.57150893707654,2.46264070236002,0,0,2262.41243058202,2262.41243058202
"TOI_sum_min","B-spline",119,5.5285147878126,2.44363702792703,0,0,2262.41243058202,2262.41243058202
"TOI_sum_min","B-spline",120,5.48607442905503,2.42487813225271,0,0,2262.41243058202,2262.41243058202
"TOI_sum_min","B-spline",121,5.44417501430208,2.40635833710547,0,0,2262.41243058202,2262.41243058202
"TOI_sum_min","B-spline",122,5.40280369705201,2.38807196425371,0,0,2262.41243058202,2262.41243058202
"TOI_sum_min","B-spline",123,5.36194763080307,2.37001333546584,0,0,2262.41243058202,2262.41243058202
"TOI_sum_min","B-spline",124,5.32159396905352,2.35217677251027,0,0,2262.41243058202,2262.41243058202
"TOI_sum_min","B-spline",125,5.28172986530163,2.3345565971554,0,0,2262.41243058202,2262.41243058202
"TOI_sum_min","B-spline",126,5.24234247304563,2.31714713116963,0,0,2262.41243058202,2262.41243058202
"TOI_sum_min","B-spline",127,5.2034189457838,2.29994269632138,0,0,2262.41243058202,2262.41243058202
"TOI_sum_min","B-spline",128,5.16494643701438,2.28293761437904,0,0,2262.41243058202,2262.41243058202
"TOI_sum_min","B-spline",129,5.12691210023564,2.26612620711102,0,0,2262.41243058202,2262.41243058202
"TOI_sum_min","B-spline",130,5.08930308894583,2.24950279628573,0,0,2262.41243058202,2262.41243058202
"TOI_sum_min","B-spline",131,5.05210655664322,2.23306170367157,0,0,2262.41243058202,2262.41243058202
"TOI_sum_min","B-spline",132,5.01530965682604,2.21679725103695,0,0,2262.41243058202,2262.41243058202
"TOI_sum_min","B-spline",133,4.97889954299257,2.20070376015028,0,0,2262.41243058202,2262.41243058202
"TOI_sum_min","B-spline",134,4.94286336864105,2.18477555277995,0,0,2262.41243058202,2262.41243058202
"TOI_sum_min","B-spline",135,4.90718828726975,2.16900695069438,0,0,2262.41243058202,2262.41243058202
"TOI_sum_min","B-spline",136,4.87186145237692,2.15339227566197,0,0,2262.41243058202,2262.41243058202
"TOI_sum_min","B-spline",137,4.83687001746083,2.13792584945112,0,0,2262.41243058202,2262.41243058202
"TOI_sum_min","B-spline",138,4.80220113601972,2.12260199383024,0,0,2262.41243058202,2262.41243058202
"TOI_sum_min","B-spline",139,4.76784196155185,2.10741503056774,0,0,2262.41243058202,2262.41243058202
"TOI_sum_min","B-spline",140,4.73377964755548,2.09235928143203,0,0,2262.41243058202,2262.41243058202
"TOI_sum_min","B-spline",141,4.70000134752886,2.0774290681915,0,0,2262.41243058202,2262.41243058202
"TOI_sum_min","B-spline",142,4.66649421497026,2.06261871261456,0,0,2262.41243058202,2262.41243058202
"TOI_sum_min","B-spline",143,4.63324540337793,2.04792253646962,0,0,2262.41243058202,2262.41243058202
"TOI_sum_min","B-spline",144,4.60024206625012,2.03333486152509,0,0,2262.41243058202,2262.41243058202
"TOI_sum_min","B-spline",145,4.5674713570851,2.01885000954936,0,0,2262.41243058202,2262.41243058202
"TOI_sum_min","B-spline",146,4.53492042938111,2.00446230231085,0,0,2262.41243058202,2262.41243058202
"TOI_sum_min","B-spline",147,4.50257643663643,1.99016606157796,0,0,2262.41243058202,2262.41243058202
"TOI_sum_min","B-spline",148,4.47042653234929,1.97595560911909,0,0,2262.41243058202,2262.41243058202
"TOI_sum_min","B-spline",149,4.43845787001797,1.96182526670266,0,0,2262.41243058202,2262.41243058202
"TOI_sum_min","B-spline",150,4.40665760314072,1.94776935609706,0,0,2262.41243058202,2262.41243058202
"TOI_sum_min","B-spline",151,4.3750140609118,1.93378271873546,0,0,2262.41243058202,2262.41243058202
"TOI_sum_min","B-spline",152,4.34352027530953,1.91986227471007,0,0,2262.41243058202,2262.41243058202
"TOI_sum_min","B-spline",153,4.31217045400825,1.90600546377785,0,0,2262.41243058202,2262.41243058202
"TOI_sum_min","B-spline",154,4.28095880468229,1.89220972569577,0,0,2262.41243058202,2262.41243058202
"TOI_sum_min","B-spline",155,4.24987953500598,1.87847250022078,0,0,2262.41243058202,2262.41243058202
"TOI_sum_min","B-spline",156,4.21892685265364,1.86479122710986,0,0,2262.41243058202,2262.41243058202
"TOI_sum_min","B-spline",157,4.18809496529962,1.85116334611997,0,0,2262.41243058202,2262.41243058202
"TOI_sum_min","B-spline",158,4.15737808061824,1.83758629700807,0,0,2262.41243058202,2262.41243058202
"TOI_sum_min","B-spline",159,4.12677040628383,1.82405751953113,0,0,2262.41243058202,2262.41243058202
"TOI_sum_min","B-spline",160,4.09626614997073,1.81057445344611,0,0,2262.41243058202,2262.41243058202
"TOI_sum_min","B-spline",161,4.06585951935326,1.79713453850998,0,0,2262.41243058202,2262.41243058202
"TOI_sum_min","B-spline",162,4.03554472210576,1.7837352144797,0,0,2262.41243058202,2262.41243058202
"TOI_sum_min","B-spline",163,4.00531596590255,1.77037392111224,0,0,2262.41243058202,2262.41243058202
"TOI_sum_min","B-spline",164,3.97516745841798,1.75704809816455,0,0,2262.41243058202,2262.41243058202
"TOI_sum_min","B-spline",165,3.94509340732636,1.74375518539362,0,0,2262.41243058202,2262.41243058202
"TOI_sum_min","B-spline",166,3.91508802030204,1.73049262255639,0,0,2262.41243058202,2262.41243058202
"TOI_sum_min","B-spline",167,3.88514550501934,1.71725784940983,0,0,2262.41243058202,2262.41243058202
"TOI_sum_min","B-spline",168,3.85526006915259,1.70404830571091,0,0,2262.41243058202,2262.41243058202
"TOI_sum_min","B-spline",169,3.82542592037613,1.6908614312166,0,0,2262.41243058202,2262.41243058202
"TOI_sum_min","B-spline",170,3.79563726636429,1.67769466568385,0,0,2262.41243058202,2262.41243058202
"TOI_sum_min","B-spline",171,3.76588831479139,1.66454544886964,0,0,2262.41243058202,2262.41243058202
"TOI_sum_min","B-spline",172,3.73617327333177,1.65141122053092,0,0,2262.41243058202,2262.41243058202
"TOI_sum_min","B-spline",173,3.70648634965976,1.63828942042466,0,0,2262.41243058202,2262.41243058202
"TOI_sum_min","B-spline",174,3.67682175144969,1.62517748830783,0,0,2262.41243058202,2262.41243058202
"TOI_sum_min","B-spline",175,3.6471736863759,1.61207286393739,0,0,2262.41243058202,2262.41243058202
"TOI_sum_min","B-spline",176,3.6175363621127,1.5989729870703,0,0,2262.41243058202,2262.41243058202
"TOI_sum_min","B-spline",177,3.58790398633444,1.58587529746353,0,0,2262.41243058202,2262.41243058202
"TOI_sum_min","B-spline",178,3.55827076671545,1.57277723487405,0,0,2262.41243058202,2262.41243058202
"TOI_sum_min","B-spline",179,3.52863091093005,1.55967623905881,0,0,2262.41243058202,2262.41243058202
"TOI_sum_min","B-spline",180,3.49897862665259,1.54656974977478,0,0,2262.41243058202,2262.41243058202
"TOI_sum_min","B-spline",181,3.46930812155738,1.53345520677893,0,0,2262.41243058202,2262.41243058202
"TOI_sum_min","B-spline",182,3.43961360331876,1.52033004982823,0,0,2262.41243058202,2262.41243058202
"TOI_sum_min","B-spline",183,3.40988927961106,1.50719171867963,0,0,2262.41243058202,2262.41243058202
"TOI_sum_min","B-spline",184,3.38012935810862,1.4940376530901,0,0,2262.41243058202,2262.41243058202
"TOI_sum_min","B-spline",185,3.35032804648576,1.4808652928166,0,0,2262.41243058202,2262.41243058202
"TOI_sum_min","B-spline",186,3.32047955241681,1.46767207761611,0,0,2262.41243058202,2262.41243058202
"TOI_sum_min","B-spline",187,3.29057808357611,1.45445544724557,0,0,2262.41243058202,2262.41243058202
"TOI_sum_min","B-spline",188,3.26061784763799,1.44121284146197,0,0,2262.41243058202,2262.41243058202
"TOI_sum_min","B-spline",189,3.23059305227678,1.42794170002226,0,0,2262.41243058202,2262.41243058202
"TOI_sum_min","B-spline",190,3.2004979051668,1.41463946268341,0,0,2262.41243058202,2262.41243058202
"TOI_sum_min","B-spline",191,3.1703266139824,1.40130356920238,0,0,2262.41243058202,2262.41243058202
"TOI_sum_min","B-spline",192,3.1400733863979,1.38793145933613,0,0,2262.41243058202,2262.41243058202
"TOI_sum_min","B-spline",193,3.10973243008764,1.37452057284164,0,0,2262.41243058202,2262.41243058202
"TOI_sum_min","B-spline",194,3.07929795272594,1.36106834947586,0,0,2262.41243058202,2262.41243058202
"TOI_sum_min","B-spline",195,3.04876416198713,1.34757222899576,0,0,2262.41243058202,2262.41243058202
"TOI_sum_min","B-spline",196,3.01812526554555,1.33402965115831,0,0,2262.41243058202,2262.41243058202
"TOI_sum_min","B-spline",197,2.98737547107553,1.32043805572047,0,0,2262.41243058202,2262.41243058202
"TOI_sum_min","B-spline",198,2.9565089862514,1.3067948824392,0,0,2262.41243058202,2262.41243058202
"TOI_sum_min","B-spline",199,2.92552001874749,1.29309757107146,0,0,2262.41243058202,2262.41243058202
"TOI_sum_min","B-spline",200,2.89440277623813,1.27934356137423,0,0,2262.41243058202,2262.41243058202
"TOI_sum_min","B-spline",201,2.8631202913061,1.26551651352515,0,0,2262.41243058202,2262.41243058202
"TOI_sum_min","B-spline",202,2.83151089616796,1.25154496938453,0,0,2262.41243058202,2262.41243058202
"TOI_sum_min","B-spline",203,2.79938174794869,1.23734369123341,0,0,2262.41243058202,2262.41243058202
"TOI_sum_min","B-spline",204,2.76654000377332,1.22282744135277,0,0,2262.41243058202,2262.41243058202
"TOI_sum_min","B-spline",205,2.73279282076683,1.20791098202365,0,0,2262.41243058202,2262.41243058202
"TOI_sum_min","B-spline",206,2.69794735605423,1.19250907552703,0,0,2262.41243058202,2262.41243058202
"TOI_sum_min","B-spline",207,2.66181076676052,1.17653648414394,0,0,2262.41243058202,2262.41243058202
"TOI_sum_min","B-spline",208,2.62419021001069,1.15990797015538,0,0,2262.41243058202,2262.41243058202
"TOI_sum_min","B-spline",209,2.58489284292976,1.14253829584237,0,0,2262.41243058202,2262.41243058202
"TOI_sum_min","B-spline",210,2.54372582264272,1.1243422234859,0,0,2262.41243058202,2262.41243058202
"TOI_sum_min","B-spline",211,2.50049630627458,1.10523451536699,0,0,2262.41243058202,2262.41243058202
"TOI_sum_min","B-spline",212,2.45501145095033,1.08512993376666,0,0,2262.41243058202,2262.41243058202
"TOI_sum_min","B-spline",213,2.40707841379497,1.0639432409659,0,0,2262.41243058202,2262.41243058202
"TOI_sum_min","B-spline",214,2.35650435193351,1.04158919924573,0,0,2262.41243058202,2262.41243058202
"TOI_sum_min","B-spline",215,2.30309642249094,1.01798257088716,0,0,2262.41243058202,2262.41243058202
"TOI_sum_min","B-spline",216,2.24666178259228,0.993038118171193,0,0,2262.41243058202,2262.41243058202
"TOI_sum_min","B-spline",217,2.18700758936251,0.966670603378843,0,0,2262.41243058202,2262.41243058202
"TOI_sum_min","B-spline",218,2.12394099992665,0.938794788791119,0,0,2262.41243058202,2262.41243058202
"TOI_sum_min","B-spline",219,2.05726917140968,0.909325436689029,0,0,2262.41243058202,2262.41243058202
"TOI_sum_min","B-spline",220,1.98679926093662,0.878177309353584,0,0,2262.41243058202,2262.41243058202
"TOI_sum_min","BNMR",1,9022.78589358418,36.2681088169279,0,0,248780.159426809,248780.159426809
"TOI_sum_min","BNMR",2,8448.73874482329,33.9606613497203,0,0,248780.159426809,248780.159426809
"TOI_sum_min","BNMR",3,7919.2930421387,31.8324944416179,0,0,248780.159426809,248780.159426809
"TOI_sum_min","BNMR",4,7430.95334183945,29.8695577611994,0,0,248780.159426809,248780.159426809
"TOI_sum_min","BNMR",5,6980.48556118554,28.0588515469587,0,0,248780.159426809,248780.159426809
"TOI_sum_min","BNMR",6,6564.89840978536,26.3883519687057,0,0,248780.159426809,248780.159426809
"TOI_sum_min","BNMR",7,6181.42608886726,24.846941585331,0,0,248780.159426809,248780.159426809
"TOI_sum_min","BNMR",8,5827.51217499159,23.4243445635625,0,0,248780.159426809,248780.159426809
"TOI_sum_min","BNMR",9,5500.79460995221,22.1110663431765,0,0,248780.159426809,248780.159426809
"TOI_sum_min","BNMR",10,5199.09172350882,20.8983374537888,0,0,248780.159426809,248780.159426809
"TOI_sum_min","BNMR",11,4920.38922020952,19.7780612069151,0,0,248780.159426809,248780.159426809
"TOI_sum_min","BNMR",12,4662.82806591574,18.742765004488,0,0,248780.159426809,248780.159426809
"TOI_sum_min","BNMR",13,4424.69321374569,17.7855550215106,0,0,248780.159426809,248780.159426809
"TOI_sum_min","BNMR",14,4204.4031130166,16.9000740360629,0,0,248780.159426809,248780.159426809
"TOI_sum_min","BNMR",15,4000.49994840384,16.0804621944974,0,0,248780.159426809,248780.159426809
"TOI_sum_min","BNMR",16,3811.64055995713,15.321320513417,0,0,248780.159426809,248780.159426809
"TOI_sum_min","BNMR",17,3636.58799783088,14.617676932958,0,0,248780.159426809,248780.159426809
"TOI_sum_min","BNMR",18,3474.20366860948,13.9649547480558,0,0,248780.159426809,248780.159426809
"TOI_sum_min","BNMR",19,3323.44003294641,13.3589432557791,0,0,248780.159426809,248780.159426809
"TOI_sum_min","BNMR",20,3183.33381690095,12.7957704675299,0,0,248780.159426809,248780.159426809
"TOI_sum_min","BNMR",21,3052.9997018554,12.2718777449517,0,0,248780.159426809,248780.159426809
"TOI_sum_min","BNMR",22,2931.62446023893,11.7839962278078,0,0,248780.159426809,248780.159426809
"TOI_sum_min","BNMR",23,2818.46150647922,11.3291249309148,0,0,248780.159426809,248780.159426809
"TOI_sum_min","BNMR",24,2712.82583465978,10.9045103954839,0,0,248780.159426809,248780.159426809
"TOI_sum_min","BNMR",25,2614.08931628474,10.5076277879539,0,0,248780.159426809,248780.159426809
"TOI_sum_min","BNMR",26,2521.67633335375,10.1361633466419,0,0,248780.159426809,248780.159426809
"TOI_sum_min","BNMR",27,2435.05972363282,9.78799808330059,0,0,248780.159426809,248780.159426809
"TOI_sum_min","BNMR",28,2353.7570165808,9.46119265299881,0,0,248780.159426809,248780.159426809
"TOI_sum_min","BNMR",29,2277.32693986054,9.153973311648,0,0,248780.159426809,248780.159426809
"TOI_sum_min","BNMR",30,2205.366177737,8.8647188860164,0,0,248780.159426809,248780.159426809
"TOI_sum_min","BNMR",31,2137.50636394461,8.59194868621933,0,0,248780.159426809,248780.159426809
"TOI_sum_min","BNMR",32,2073.41129280236,8.33431129548078,0,0,248780.159426809,248780.159426809
"TOI_sum_min","BNMR",33,2012.7743334687,8.09057417643813,0,0,248780.159426809,248780.159426809
"TOI_sum_min","BNMR",34,1955.31603326771,7.85961403744081,0,0,248780.159426809,248780.159426809
"TOI_sum_min","BNMR",35,1900.78189698601,7.64040790618281,0,0,248780.159426809,248780.159426809
"TOI_sum_min","BNMR",36,1848.9403299418,7.43202486163597,0,0,248780.159426809,248780.159426809
"TOI_sum_min","BNMR",37,1799.58073346713,7.23361837862544,0,0,248780.159426809,248780.159426809
"TOI_sum_min","BNMR",38,1752.51174222632,7.04441924253171,0,0,248780.159426809,248780.159426809
"TOI_sum_min","BNMR",39,1707.55959352143,6.86372899452936,0,0,248780.159426809,248780.159426809
"TOI_sum_min","BNMR",40,1664.56661941225,6.6909138704928,0,0,248780.159426809,248780.159426809
"TOI_sum_min","BNMR",41,1623.38985310863,6.5253991992325,0,0,248780.159426809,248780.159426809
"TOI_sum_min","BNMR",42,1583.89974167857,6.36666422807947,0,0,248780.159426809,248780.159426809
"TOI_sum_min","BNMR",43,1545.97895766024,6.21423734602544,0,0,248780.159426809,248780.159426809
"TOI_sum_min","BNMR",44,1509.52130267314,6.0676916766638,0,0,248780.159426809,248780.159426809
"TOI_sum_min","BNMR",45,1474.43069659413,5.92664101506818,0,0,248780.159426809,248780.159426809
"TOI_sum_min","BNMR",46,1440.62024630235,5.7907360845075,0,0,248780.159426809,248780.159426809
"TOI_sum_min","BNMR",47,1408.01138840423,5.6596610905319,0,0,248780.159426809,248780.159426809
"TOI_sum_min","BNMR",48,1376.53310072826,5.53313055148692,0,0,248780.159426809,248780.159426809
"TOI_sum_min","BNMR",49,1346.12117773137,5.4108863859274,0,0,248780.159426809,248780.159426809
"TOI_sum_min","BNMR",50,1316.71756528607,5.29269523871918,0,0,248780.159426809,248780.159426809
"TOI_sum_min","BNMR",51,1288.2697506221,5.17834602884042,0,0,248780.159426809,248780.159426809
"TOI_sum_min","BNMR",52,1260.73020347957,5.06764770303348,0,0,248780.159426809,248780.159426809
"TOI_sum_min","BNMR",53,1234.05586479413,4.96042718051713,0,0,248780.159426809,248780.159426809
"TOI_sum_min","BNMR",54,1208.20767948025,4.85652747495606,0,0,248780.159426809,248780.159426809
"TOI_sum_min","BNMR",55,1183.15017010696,4.75580598080226,0,0,248780.159426809,248780.159426809
"TOI_sum_min","BNMR",56,1158.85104847326,4.65813291197844,0,0,248780.159426809,248780.159426809
"TOI_sum_min","BNMR",57,1135.28086228878,4.56338988167095,0,0,248780.159426809,248780.159426809
"TOI_sum_min","BNMR",58,1112.41267434993,4.47146861274201,0,0,248780.159426809,248780.159426809
"TOI_sum_min","BNMR",59,1090.22177177436,4.38226976896483,0,0,248780.159426809,248780.159426809
"TOI_sum_min","BNMR",60,1068.6854030174,4.29570189793133,0,0,248780.159426809,248780.159426809
"TOI_sum_min","BNMR",61,1047.7825405442,4.21168047708586,0,0,248780.159426809,248780.159426809
"TOI_sum_min","BNMR",62,1027.49366717168,4.13012705490274,0,0,248780.159426809,248780.159426809
"TOI_sum_min","BNMR",63,1007.80058422579,4.05096847975243,0,0,248780.159426809,248780.159426809
"TOI_sum_min","BNMR",64,988.686239781652,3.97413620949352,0,0,248780.159426809,248780.159426809
"TOI_sum_min","BNMR",65,970.134575369637,3.8995656952903,0,0,248780.159426809,248780.159426809
"TOI_sum_min","BNMR",66,952.13038963732,3.82719583358671,0,0,248780.159426809,248780.159426809
"TOI_sum_min","BNMR",67,934.659217558322,3.7569684805725,0,0,248780.159426809,248780.159426809
"TOI_sum_min","BNMR",68,917.707223873299,3.6888280238573,0,0,248780.159426809,248780.159426809
"TOI_sum_min","BNMR",69,901.261109536889,3.6227210064235,0,0,248780.159426809,248780.159426809
"TOI_sum_min","BNMR",70,885.308030027653,3.55859579826385,0,0,248780.159426809,248780.159426809
"TOI_sum_min","BNMR",71,869.835524455935,3.49640231142243,0,0,248780.159426809,248780.159426809
"TOI_sum_min","BNMR",72,854.831454478046,3.43609175445334,0,0,248780.159426809,248780.159426809
"TOI_sum_min","BNMR",73,840.283952094007,3.37761642258782,0,0,248780.159426809,248780.159426809
"TOI_sum_min","BNMR",74,826.181375470955,3.32092952016142,0,0,248780.159426809,248780.159426809
"TOI_sum_min","BNMR",75,812.512271995222,3.26598501209765,0,0,248780.159426809,248780.159426809
"TOI_sum_min","BNMR",76,799.265347813573,3.21273750147554,0,0,248780.159426809,248780.159426809
"TOI_sum_min","BNMR",77,786.429443177955,3.16114213042508,0,0,248780.159426809,248780.159426809
"TOI_sum_min","BNMR",78,773.993512959046,3.11115450179923,0,0,248780.159426809,248780.159426809
"TOI_sum_min","BNMR",79,761.946611741675,3.06273061926323,0,0,248780.159426809,248780.159426809
"TOI_sum_min","BNMR",80,750.277882960267,3.01582684362335,0,0,248780.159426809,248780.159426809
"TOI_sum_min","BNMR",81,738.976551574852,2.97039986338725,0,0,248780.159426809,248780.159426809
"TOI_sum_min","BNMR",82,728.031919828114,2.92640667770896,0,0,248780.159426809,248780.159426809
"TOI_sum_min","BNMR",83,717.433365661476,2.88380459002216,0,0,248780.159426809,248780.159426809
"TOI_sum_min","BNMR",84,707.170343403581,2.84255121080759,0,0,248780.159426809,248780.159426809
"TOI_sum_min","BNMR",85,697.23238637772,2.80260446807393,0,0,248780.159426809,248780.159426809
"TOI_sum_min","BNMR",86,687.60911110598,2.76392262425684,0,0,248780.159426809,248780.159426809
"TOI_sum_min","BNMR",87,678.290222817182,2.72646429835871,0,0,248780.159426809,248780.159426809
"TOI_sum_min","BNMR",88,669.265521993191,2.69018849226234,0,0,248780.159426809,248780.159426809
"TOI_sum_min","BNMR",89,660.524911713955,2.65505462025512,0,0,248780.159426809,248780.159426809
"TOI_sum_min","BNMR",90,652.058405585756,2.62102254089757,0,0,248780.159426809,248780.159426809
"TOI_sum_min","BNMR",91,643.856136059789,2.58805259046074,0,0,248780.159426809,248780.159426809
"TOI_sum_min","BNMR",92,635.908362969196,2.55610561724188,0,0,248780.159426809,248780.159426809
"TOI_sum_min","BNMR",93,628.205482132452,2.52514301614663,0,0,248780.159426809,248780.159426809
"TOI_sum_min","BNMR",94,620.738033889278,2.49512676300016,0,0,248780.159426809,248780.159426809
"TOI_sum_min","BNMR",95,613.496711452291,2.46601944811753,0,0,248780.159426809,248780.159426809
"TOI_sum_min","BNMR",96,606.472368973436,2.43778430872764,0,0,248780.159426809,248780.159426809
"TOI_sum_min","BNMR",97,599.656029238874,2.41038525990371,0,0,248780.159426809,248780.159426809
"TOI_sum_min","BNMR",98,593.038890919517,2.38378692370759,0,0,248780.159426809,248780.159426809
"TOI_sum_min","BNMR",99,586.612335316879,2.35795465630554,0,0,248780.159426809,248780.159426809
"TOI_sum_min","BNMR",100,580.367932555301,2.33285457285851,0,0,248780.159426809,248780.159426809
"TOI_sum_min","BNMR",101,574.297447182207,2.30845357003305,0,0,248780.159426809,248780.159426809
"TOI_sum_min","BNMR",102,568.392843147468,2.28471934601637,0,0,248780.159426809,248780.159426809
"TOI_sum_min","BNMR",103,562.646288141782,2.26162041795504,0,0,248780.159426809,248780.159426809
"TOI_sum_min","BNMR",104,557.050157281761,2.23912613676753,0,0,248780.159426809,248780.159426809
"TOI_sum_min","BNMR",105,551.597036136565,2.21720669931014,0,0,248780.159426809,248780.159426809
"TOI_sum_min","BNMR",106,546.27972309726,2.1958331579009,0,0,248780.159426809,248780.159426809
"TOI_sum_min","BNMR",107,541.091231095735,2.17497742722898,0,0,248780.159426809,248780.159426809
"TOI_sum_min","BNMR",108,536.024788685028,2.15461228869711,0,0,248780.159426809,248780.159426809
"TOI_sum_min","BNMR",109,531.073840497302,2.13471139226255,0,0,248780.159426809,248780.159426809
"TOI_sum_min","BNMR",110,526.23204709952,2.1152492558569,0,0,248780.159426809,248780.159426809
"TOI_sum_min","BNMR",111,521.493284270123,2.09620126247867,0,0,248780.159426809,248780.159426809
"TOI_sum_min","BNMR",112,516.851641722817,2.07754365506336,0,0,248780.159426809,248780.159426809
"TOI_sum_min","BNMR",113,512.301421305833,2.05925352924517,0,0,248780.159426809,248780.159426809
"TOI_sum_min","BNMR",114,507.837134706901,2.04130882413196,0,0,248780.159426809,248780.159426809
"TOI_sum_min","BNMR",115,503.453500695639,2.02368831122063,0,0,248780.159426809,248780.159426809
"TOI_sum_min","BNMR",116,499.145441936129,2.00637158158498,0,0,248780.159426809,248780.159426809
"TOI_sum_min","BNMR",117,494.908081403193,1.98933903147045,0,0,248780.159426809,248780.159426809
"TOI_sum_min","BNMR",118,490.736738436328,1.97257184643256,0,0,248780.159426809,248780.159426809
"TOI_sum_min","BNMR",119,486.626924465399,1.95605198415577,0,0,248780.159426809,248780.159426809
"TOI_sum_min","BNMR",120,482.574338442045,1.93976215608954,0,0,248780.159426809,248780.159426809
"TOI_sum_min","BNMR",121,478.574862010476,1.92368580803677,0,0,248780.159426809,248780.159426809
"TOI_sum_min","BNMR",122,474.624554450698,1.90780709982756,0,0,248780.159426809,248780.159426809
"TOI_sum_min","BNMR",123,470.719647426567,1.8921108842084,0,0,248780.159426809,248780.159426809
"TOI_sum_min","BNMR",124,466.856539570073,1.87658268507309,0,0,248780.159426809,248780.159426809
"TOI_sum_min","BNMR",125,463.031790932285,1.86120867515767,0,0,248780.159426809,248780.159426809
"TOI_sum_min","BNMR",126,459.242117330185,1.8459756533169,0,0,248780.159426809,248780.159426809
"TOI_sum_min","BNMR",127,455.484384617345,1.83087102149457,0,0,248780.159426809,248780.159426809
"TOI_sum_min","BNMR",128,451.755602905063,1.81588276149477,0,0,248780.159426809,248780.159426809
"TOI_sum_min","BNMR",129,448.052920759095,1.8009994116549,0,0,248780.159426809,248780.159426809
"TOI_sum_min","BNMR",130,444.373619395634,1.78621004351583,0,0,248780.159426809,248780.159426809
"TOI_sum_min","BNMR",131,440.715106898668,1.77150423857786,0,0,248780.159426809,248780.159426809
"TOI_sum_min","BNMR",132,437.07491247919,1.75687206522503,0,0,248780.159426809,248780.159426809
"TOI_sum_min","BNMR",133,433.450680795169,1.74230405589353,0,0,248780.159426809,248780.159426809
"TOI_sum_min","BNMR",134,429.840166349542,1.72779118455385,0,0,248780.159426809,248780.159426809
"TOI_sum_min","BNMR",135,426.241227981801,1.71332484456905,0,0,248780.159426809,248780.159426809
"TOI_sum_min","BNMR",136,422.651823467135,1.69889682698543,0,0,248780.159426809,248780.159426809
"TOI_sum_min","BNMR",137,419.070004235378,1.68449929930473,0,0,248780.159426809,248780.159426809
"TOI_sum_min","BNMR",138,415.493910220402,1.67012478478068,0,0,248780.159426809,248780.159426809
"TOI_sum_min","BNMR",139,411.921764848895,1.65576614227584,0,0,248780.159426809,248780.159426809
"TOI_sum_min","BNMR",140,408.351870175837,1.64141654670807,0,0,248780.159426809,248780.159426809
"TOI_sum_min","BNMR",141,404.782602172353,1.62706947010957,0,0,248780.159426809,248780.159426809
"TOI_sum_min","BNMR",142,401.212406169978,1.61271866331452,0,0,248780.159426809,248780.159426809
"TOI_sum_min","BNMR",143,397.63979246376,1.59835813828532,0,0,248780.159426809,248780.159426809
"TOI_sum_min","BNMR",144,394.063332075004,1.58398215108041,0,0,248780.159426809,248780.159426809
"TOI_sum_min","BNMR",145,390.481652672871,1.5695851854607,0,0,248780.159426809,248780.159426809
"TOI_sum_min","BNMR",146,386.893434652425,1.55516193712485,0,0,248780.159426809,248780.159426809
"TOI_sum_min","BNMR",147,383.297407365169,1.54070729855744,0,0,248780.159426809,248780.159426809
"TOI_sum_min","BNMR",148,379.692345496454,1.52621634446761,0,0,248780.159426809,248780.159426809
"TOI_sum_min","BNMR",149,376.077065582628,1.5116843177893,0,0,248780.159426809,248780.159426809
"TOI_sum_min","BNMR",150,372.450422659147,1.49710661620796,0,0,248780.159426809,248780.159426809
"TOI_sum_min","BNMR",151,368.811307029284,1.48247877917205,0,0,248780.159426809,248780.159426809
"TOI_sum_min","BNMR",152,365.158641141499,1.46779647534123,0,0,248780.159426809,248780.159426809
"TOI_sum_min","BNMR",153,361.491376561887,1.45305549041678,0,0,248780.159426809,248780.159426809
"TOI_sum_min","BNMR",154,357.80849102651,1.43825171529314,0,0,248780.159426809,248780.159426809
"TOI_sum_min","BNMR",155,354.108985556836,1.42338113446308,0,0,248780.159426809,248780.159426809
"TOI_sum_min","BNMR",156,350.391881619818,1.40843981460227,0,0,248780.159426809,248780.159426809
"TOI_sum_min","BNMR",157,346.656218312531,1.3934238932527,0,0,248780.159426809,248780.159426809
"TOI_sum_min","BNMR",158,342.901049549667,1.37832956751741,0,0,248780.159426809,248780.159426809
"TOI_sum_min","BNMR",159,339.125441230469,1.36315308267274,0,0,248780.159426809,248780.159426809
"TOI_sum_min","BNMR",160,335.328468360112,1.3478907205973,0,0,248780.159426809,248780.159426809
"TOI_sum_min","BNMR",161,331.509212098837,1.33253878791073,0,0,248780.159426809,248780.159426809
"TOI_sum_min","BNMR",162,327.666756710542,1.31709360370814,0,0,248780.159426809,248780.159426809
"TOI_sum_min","BNMR",163,323.800186380865,1.3015514867701,0,0,248780.159426809,248780.159426809
"TOI_sum_min","BNMR",164,319.90858187328,1.28590874212136,0,0,248780.159426809,248780.159426809
"TOI_sum_min","BNMR",165,315.991016990047,1.27016164680532,0,0,248780.159426809,248780.159426809
"TOI_sum_min","BNMR",166,312.046554803425,1.25430643473492,0,0,248780.159426809,248780.159426809
"TOI_sum_min","BNMR",167,308.074243621035,1.23833928047494,0,0,248780.159426809,248780.159426809
"TOI_sum_min","BNMR",168,304.073112647835,1.22225628180487,0,0,248780.159426809,248780.159426809
"TOI_sum_min","BNMR",169,300.04216730587,1.2060534409061,0,0,248780.159426809,248780.159426809
"TOI_sum_min","BNMR",170,295.980384171669,1.18972664401217,0,0,248780.159426809,248780.159426809
"TOI_sum_min","BNMR",171,291.886705490023,1.17327163935634,0,0,248780.159426809,248780.159426809
"TOI_sum_min","BNMR",172,287.760033221866,1.15668401324634,0,0,248780.159426809,248780.159426809
"TOI_sum_min","BNMR",173,283.599222583045,1.13995916409274,0,0,248780.159426809,248780.159426809
"TOI_sum_min","BNMR",174,279.403075030037,1.12309227421424,0,0,248780.159426809,248780.159426809
"TOI_sum_min","BNMR",175,275.170330648081,1.1060782792409,0,0,248780.159426809,248780.159426809
"TOI_sum_min","BNMR",176,270.899659896783,1.08891183493466,0,0,248780.159426809,248780.159426809
"TOI_sum_min","BNMR",177,266.589654668021,1.0715872812456,0,0,248780.159426809,248780.159426809
"TOI_sum_min","BNMR",178,262.238818611032,1.05409860342252,0,0,248780.159426809,248780.159426809
"TOI_sum_min","BNMR",179,257.845556679728,1.0364393899972,0,0,248780.159426809,248780.159426809
"TOI_sum_min","BNMR",180,253.408163857794,1.01860278746363,0,0,248780.159426809,248780.159426809
"TOI_sum_min","BNMR",181,248.924813017867,1.00058145147664,0,0,248780.159426809,248780.159426809
"TOI_sum_min","BNMR",182,244.393541872013,0.982367494397854,0,0,248780.159426809,248780.159426809
"TOI_sum_min","BNMR",183,239.812238972083,0.963952429022521,0,0,248780.159426809,248780.159426809
"TOI_sum_min","BNMR",184,235.178628719998,0.945327108326691,0,0,248780.159426809,248780.159426809
"TOI_sum_min","BNMR",185,230.490255349919,0.926481661081695,0,0,248780.159426809,248780.159426809
"TOI_sum_min","BNMR",186,225.744465846333,0.907405423191504,0,0,248780.159426809,248780.159426809
"TOI_sum_min","BNMR",187,220.938391764586,0.88808686461826,0,0,248780.159426809,248780.159426809
"TOI_sum_min","BNMR",188,216.068929923027,0.868513511772207,0,0,248780.159426809,248780.159426809
"TOI_sum_min","BNMR",189,211.13272193901,0.848671865254291,0,0,248780.159426809,248780.159426809
"TOI_sum_min","BNMR",190,206.126132584187,0.828547312852855,0,0,248780.159426809,248780.159426809
"TOI_sum_min","BNMR",191,201.045226938122,0.808124037709966,0,0,248780.159426809,248780.159426809
"TOI_sum_min","BNMR",192,195.885746322939,0.787384921588043,0,0,248780.159426809,248780.159426809
"TOI_sum_min","BNMR",193,190.643083005755,0.766311443183402,0,0,248780.159426809,248780.159426809
"TOI_sum_min","BNMR",194,185.312253659711,0.744883571449877,0,0,248780.159426809,248780.159426809
"TOI_sum_min","BNMR",195,179.88787157876,0.72307965391301,0,0,248780.159426809,248780.159426809
"TOI_sum_min","BNMR",196,174.364117645708,0.700876299972812,0,0,248780.159426809,248780.159426809
"TOI_sum_min","BNMR",197,168.73471005746,0.678248259210966,0,0,248780.159426809,248780.159426809
"TOI_sum_min","BNMR",198,162.992872815839,0.655168294736105,0,0,248780.159426809,248780.159426809
"TOI_sum_min","BNMR",199,157.131302996731,0.631607051618435,0,0,248780.159426809,248780.159426809
"TOI_sum_min","BNMR",200,151.142136814538,0.607532920481965,0,0,248780.159426809,248780.159426809
"TOI_sum_min","BNMR",201,145.016914502996,0.582911896338983,0,0,248780.159426809,248780.159426809
"TOI_sum_min","BNMR",202,138.746544037189,0.55770743276659,0,0,248780.159426809,248780.159426809
"TOI_sum_min","BNMR",203,132.321263725049,0.531880291538995,0,0,248780.159426809,248780.159426809
"TOI_sum_min","BNMR",204,125.730603699633,0.505388387841365,0,0,248780.159426809,248780.159426809
"TOI_sum_min","BNMR",205,118.963346345991,0.478186631201151,0,0,248780.159426809,248780.159426809
"TOI_sum_min","BNMR",206,112.007485698355,0.450226762280485,0,0,248780.159426809,248780.159426809
"TOI_sum_min","BNMR",207,104.850185844593,0.421457185678186,0,0,248780.159426809,248780.159426809
"TOI_sum_min","BNMR",208,97.4777383753688,0.391822798891834,0,0,248780.159426809,248780.159426809
"TOI_sum_min","BNMR",209,89.8755189150307,0.361264817588768,0,0,248780.159426809,248780.159426809
"TOI_sum_min","BNMR",210,82.0279427699831,0.329720597329691,0,0,248780.159426809,248780.159426809
"TOI_sum_min","BNMR",211,73.9184197279719,0.297123451879283,0,0,248780.159426809,248780.159426809
"TOI_sum_min","BNMR",212,65.5293080383731,0.263402468224769,0,0,248780.159426809,248780.159426809
"TOI_sum_min","BNMR",213,56.8418675991263,0.228482318405496,0,0,248780.159426809,248780.159426809
"TOI_sum_min","BNMR",214,47.8362123703819,0.192283068234207,0,0,248780.159426809,248780.159426809
"TOI_sum_min","BNMR",215,38.491262028217,0.154719982963678,0,0,248780.159426809,248780.159426809
"TOI_sum_min","BNMR",216,28.7846928639582,0.115703329920997,0,0,248780.159426809,248780.159426809
"TOI_sum_min","BNMR",217,18.6928879257551,0.075138178095969,0,0,248780.159426809,248780.159426809
