Selection,Response,Method,fitted_raw,fitted_adjusted,scaled_value,shift_applied,shift_value
1,TOI_sum_min,Loess,8499.025506259986,8499.025506259986,33.49782852404868,FALSE,0
2,TOI_sum_min,Loess,8144.645848682842,8144.645848682842,32.101086157151826,FALSE,0
3,TOI_sum_min,Loess,7795.3233508591065,7795.3233508591065,30.7242759424898,FALSE,0
4,TOI_sum_min,Loess,7450.518547117614,7450.518547117614,29.365271644703725,FALSE,0
5,TOI_sum_min,Loess,7109.702530105887,7109.702530105887,28.02198864270554,FALSE,0
6,TOI_sum_min,Loess,6772.535425998544,6772.535425998544,26.693087367021764,FALSE,0
7,TOI_sum_min,Loess,6439.254226566496,6439.254226566496,25.379501890587907,FALSE,0
8,TOI_sum_min,Loess,6110.414926752342,6110.414926752342,24.083423596784773,FALSE,0
9,TOI_sum_min,Loess,5786.589455248229,5786.589455248229,22.807106669841293,FALSE,0
10,TOI_sum_min,Loess,5469.33426797121,5469.33426797121,21.55668568287721,FALSE,0
11,TOI_sum_min,Loess,5165.759189742127,5165.759189742127,20.36018310652862,FALSE,0
12,TOI_sum_min,Loess,4911.379113527616,4911.379113527616,19.357576376299157,FALSE,0
13,TOI_sum_min,Loess,4666.689143343308,4666.689143343308,18.393161967052908,FALSE,0
14,TOI_sum_min,Loess,4432.379907449229,4432.379907449229,17.469661902274932,FALSE,0
15,TOI_sum_min,Loess,4212.237957969075,4212.237957969075,16.602000395764048,FALSE,0
16,TOI_sum_min,Loess,4008.522909287376,4008.522909287376,15.799083430344716,FALSE,0
17,TOI_sum_min,Loess,3824.415049120648,3824.415049120648,15.073445705731215,FALSE,0
18,TOI_sum_min,Loess,3654.7957747005703,3654.7957747005703,14.404912899856907,FALSE,0
19,TOI_sum_min,Loess,3491.390367401104,3491.390367401104,13.76087126124926,FALSE,0
20,TOI_sum_min,Loess,3331.130177292843,3331.130177292843,13.129226096339016,FALSE,0
21,TOI_sum_min,Loess,3171.5037493587365,3171.5037493587365,12.500078824465945,FALSE,0
22,TOI_sum_min,Loess,3009.0530038339307,3009.0530038339307,11.859799863873853,FALSE,0
23,TOI_sum_min,Loess,2848.8567079712734,2848.8567079712734,11.228406530009572,FALSE,0
24,TOI_sum_min,Loess,2697.068335046251,2697.068335046251,10.630151955477269,FALSE,0
25,TOI_sum_min,Loess,2561.4563395231457,2561.4563395231457,10.095654515918923,FALSE,0
26,TOI_sum_min,Loess,2443.1982597095007,2443.1982597095007,9.629555328869422,FALSE,0
27,TOI_sum_min,Loess,2338.279265158754,2338.279265158754,9.216030450542155,FALSE,0
28,TOI_sum_min,Loess,2244.46512831442,2244.46512831442,8.846273957067877,FALSE,0
29,TOI_sum_min,Loess,2163.2253713686564,2163.2253713686564,8.526077783341824,FALSE,0
30,TOI_sum_min,Loess,2097.587185878271,2097.587185878271,8.267373220028404,FALSE,0
31,TOI_sum_min,Loess,2044.0733662216965,2044.0733662216965,8.05645530323871,FALSE,0
32,TOI_sum_min,Loess,1992.368482362786,1992.368482362786,7.852667076919596,FALSE,0
33,TOI_sum_min,Loess,1940.4350814299426,1940.4350814299426,7.6479781796056985,FALSE,0
34,TOI_sum_min,Loess,1890.153131803575,1890.153131803575,7.449798267661875,FALSE,0
35,TOI_sum_min,Loess,1838.931120208073,1838.931120208073,7.247913220979857,FALSE,0
36,TOI_sum_min,Loess,1786.3023133412241,1786.3023133412241,7.040483469586303,FALSE,0
37,TOI_sum_min,Loess,1737.4693648275697,1737.4693648275697,6.848014611311995,FALSE,0
38,TOI_sum_min,Loess,1699.3399092186721,1699.3399092186721,6.697732209551767,FALSE,0
39,TOI_sum_min,Loess,1672.5495008971566,1672.5495008971566,6.592141221104636,FALSE,0
40,TOI_sum_min,Loess,1654.7390414323752,1654.7390414323752,6.521943559426091,FALSE,0
41,TOI_sum_min,Loess,1636.1910196771123,1636.1910196771123,6.448838889748315,FALSE,0
42,TOI_sum_min,Loess,1607.230739941494,1607.230739941494,6.3346956289853384,FALSE,0
43,TOI_sum_min,Loess,1571.9694689533542,1571.9694689533542,6.195717812266149,FALSE,0
44,TOI_sum_min,Loess,1537.9295221837538,1537.9295221837538,6.061553689683395,FALSE,0
45,TOI_sum_min,Loess,1505.77244075845,1505.77244075845,5.934810641480364,FALSE,0
46,TOI_sum_min,Loess,1481.0696148137822,1481.0696148137822,5.837447593570411,FALSE,0
47,TOI_sum_min,Loess,1467.5751225061974,1467.5751225061974,5.784260767738953,FALSE,0
48,TOI_sum_min,Loess,1468.3009798193807,1468.3009798193807,5.787121642058254,FALSE,0
49,TOI_sum_min,Loess,1478.7913257846262,1478.7913257846262,5.828468007008319,FALSE,0
50,TOI_sum_min,Loess,1489.7017115027152,1489.7017115027152,5.871469905243191,FALSE,0
51,TOI_sum_min,Loess,1495.9342833726942,1495.9342833726942,5.896034794901492,FALSE,0
52,TOI_sum_min,Loess,1493.6408526004789,1493.6408526004789,5.886995529084151,FALSE,0
53,TOI_sum_min,Loess,1478.2180302780826,1478.2180302780826,5.826208435654207,FALSE,0
54,TOI_sum_min,Loess,1448.1856889482951,1448.1856889482951,5.707839780412505,FALSE,0
55,TOI_sum_min,Loess,1406.1713608130062,1406.1713608130062,5.542245647486043,FALSE,0
56,TOI_sum_min,Loess,1361.4354861347465,1361.4354861347465,5.36592488485956,FALSE,0
57,TOI_sum_min,Loess,1326.679109390951,1326.679109390951,5.228937044615599,FALSE,0
58,TOI_sum_min,Loess,1303.00652170659,1303.00652170659,5.135634549831091,FALSE,0
59,TOI_sum_min,Loess,1282.0243746171545,1282.0243746171545,5.052936084606979,FALSE,0
60,TOI_sum_min,Loess,1257.960692923968,1257.960692923968,4.958092142507743,FALSE,0
61,TOI_sum_min,Loess,1221.6820077132368,1221.6820077132368,4.815104316977403,FALSE,0
62,TOI_sum_min,Loess,1169.507220632776,1169.507220632776,4.60946402685088,FALSE,0
63,TOI_sum_min,Loess,1105.2725606492052,1105.2725606492052,4.356291280887785,FALSE,0
64,TOI_sum_min,Loess,1035.204566023596,1035.204566023596,4.080127188043983,FALSE,0
65,TOI_sum_min,Loess,966.9855890069158,966.9855890069158,3.8112507630341264,FALSE,0
66,TOI_sum_min,Loess,910.2478083432553,910.2478083432553,3.587626013807701,FALSE,0
67,TOI_sum_min,Loess,866.0059197803911,866.0059197803911,3.4132522346529828,FALSE,0
68,TOI_sum_min,Loess,832.4161187579873,832.4161187579873,3.280862304304305,FALSE,0
69,TOI_sum_min,Loess,807.0102256587387,807.0102256587387,3.1807282065877955,FALSE,0
70,TOI_sum_min,Loess,786.0241054162223,786.0241054162223,3.0980140816859354,FALSE,0
71,TOI_sum_min,Loess,765.2979562922153,765.2979562922153,3.016324599896703,FALSE,0
72,TOI_sum_min,Loess,737.2267093847014,737.2267093847014,2.905685349000052,FALSE,0
73,TOI_sum_min,Loess,701.5103370820568,701.5103370820568,2.764913808308259,FALSE,0
74,TOI_sum_min,Loess,663.9876444342768,663.9876444342768,2.6170228856195195,FALSE,0
75,TOI_sum_min,Loess,631.2224666608727,631.2224666608727,2.4878831029697266,FALSE,0
76,TOI_sum_min,Loess,610.9899405625118,610.9899405625118,2.408139173580171,FALSE,0
77,TOI_sum_min,Loess,606.871592419093,606.871592419093,2.391907227951937,FALSE,0
78,TOI_sum_min,Loess,609.2542749260964,609.2542749260964,2.401298268135081,FALSE,0
79,TOI_sum_min,Loess,610.4591944226256,610.4591944226256,2.4060473051452997,FALSE,0
80,TOI_sum_min,Loess,608.8696797240324,608.8696797240324,2.3997824350409904,FALSE,0
81,TOI_sum_min,Loess,601.9149397228906,601.9149397228906,2.3723712115053046,FALSE,0
82,TOI_sum_min,Loess,588.7804570569845,588.7804570569845,2.3206033179073207,FALSE,0
83,TOI_sum_min,Loess,571.0025484332022,571.0025484332022,2.2505339512302784,FALSE,0
84,TOI_sum_min,Loess,549.9703741659603,549.9703741659603,2.1676383102449615,FALSE,0
85,TOI_sum_min,Loess,528.6430251811989,528.6430251811989,2.083579275637068,FALSE,0
86,TOI_sum_min,Loess,509.55218447153374,509.55218447153374,2.0083351540608634,FALSE,0
87,TOI_sum_min,Loess,496.32116672532874,496.32116672532874,1.956186779716702,FALSE,0
88,TOI_sum_min,Loess,491.1233202710046,491.1233202710046,1.9357001287361824,FALSE,0
89,TOI_sum_min,Loess,494.4130634673379,494.4130634673379,1.9486662333087315,FALSE,0
90,TOI_sum_min,Loess,505.4314625868227,505.4314625868227,1.9920938526331085,FALSE,0
91,TOI_sum_min,Loess,519.3244800158346,519.3244800158346,2.046851414564871,FALSE,0
92,TOI_sum_min,Loess,532.4724396243133,532.4724396243133,2.0986724258186364,FALSE,0
93,TOI_sum_min,Loess,545.3204436139906,545.3204436139906,2.1493112001352337,FALSE,0
94,TOI_sum_min,Loess,560.2128393415895,560.2128393415895,2.2080076845766494,FALSE,0
95,TOI_sum_min,Loess,582.3514515636006,582.3514515636006,2.2952642100956173,FALSE,0
96,TOI_sum_min,Loess,611.7992480234025,611.7992480234025,2.4113289560473703,FALSE,0
97,TOI_sum_min,Loess,642.5331701174356,642.5331701174356,2.532462802677092,FALSE,0
98,TOI_sum_min,Loess,666.946191635032,666.946191635032,2.628683623281527,FALSE,0
99,TOI_sum_min,Loess,683.3592724697355,683.3592724697355,2.6933736947429296,FALSE,0
100,TOI_sum_min,Loess,691.7600055852145,691.7600055852145,2.726484116304948,FALSE,0
101,TOI_sum_min,Loess,692.3248858331723,692.3248858331723,2.728710519987202,FALSE,0
102,TOI_sum_min,Loess,685.6513466471296,685.6513466471296,2.7024076137142514,FALSE,0
103,TOI_sum_min,Loess,674.5390887062784,674.5390887062784,2.6586100617780373,FALSE,0
104,TOI_sum_min,Loess,659.9810389321818,659.9810389321818,2.601231359405858,FALSE,0
105,TOI_sum_min,Loess,644.0457918570283,644.0457918570283,2.538424608959154,FALSE,0
106,TOI_sum_min,Loess,627.0238733556868,627.0238733556868,2.471334881238218,FALSE,0
107,TOI_sum_min,Loess,608.6382856512113,608.6382856512113,2.39887042472085,FALSE,0
108,TOI_sum_min,Loess,588.3142716047737,588.3142716047737,2.3187659072151114,FALSE,0
109,TOI_sum_min,Loess,566.9477414794952,566.9477414794952,2.234552445123096,FALSE,0
110,TOI_sum_min,Loess,546.1567061619236,546.1567061619236,2.1526072226511217,FALSE,0
111,TOI_sum_min,Loess,530.8107119981545,530.8107119981545,2.0921229376409927,FALSE,0
112,TOI_sum_min,Loess,524.0006635136425,524.0006635136425,2.0652819973229977,FALSE,0
113,TOI_sum_min,Loess,526.4307336809176,526.4307336809176,2.074859809944554,FALSE,0
114,TOI_sum_min,Loess,537.9681659817738,537.9681659817738,2.120333132566923,FALSE,0
115,TOI_sum_min,Loess,554.6426785151482,554.6426785151482,2.186053603831972,FALSE,0
116,TOI_sum_min,Loess,568.2383158495097,568.2383158495097,2.2396390799275725,FALSE,0
117,TOI_sum_min,Loess,575.7811292083571,575.7811292083571,2.2693681198389686,FALSE,0
118,TOI_sum_min,Loess,576.0516074639662,576.0516074639662,2.2704341754966677,FALSE,0
119,TOI_sum_min,Loess,569.3531317724487,569.3531317724487,2.244032985157647,FALSE,0
120,TOI_sum_min,Loess,556.9743217053456,556.9743217053456,2.1952434790367197,FALSE,0
121,TOI_sum_min,Loess,541.6865856500808,541.6865856500808,2.134988810954716,FALSE,0
122,TOI_sum_min,Loess,526.3043785528479,526.3043785528479,2.074361797271208,FALSE,0
123,TOI_sum_min,Loess,511.261352321268,511.261352321268,2.015071621848499,FALSE,0
124,TOI_sum_min,Loess,495.7221696917411,495.7221696917411,1.9538259090612662,FALSE,0
125,TOI_sum_min,Loess,477.69975924305186,477.69975924305186,1.8827928695256686,FALSE,0
126,TOI_sum_min,Loess,455.07985593330307,455.07985593330307,1.7936393963724904,FALSE,0
127,TOI_sum_min,Loess,427.93409000891216,427.93409000891216,1.6866478111113987,FALSE,0
128,TOI_sum_min,Loess,400.29488551092675,400.29488551092675,1.5777114004449415,FALSE,0
129,TOI_sum_min,Loess,376.73663997424165,376.73663997424165,1.4848595706988064,FALSE,0
130,TOI_sum_min,Loess,363.5790544761116,363.5790544761116,1.433000620224751,FALSE,0
131,TOI_sum_min,Loess,361.90599016534134,361.90599016534134,1.426406449945981,FALSE,0
132,TOI_sum_min,Loess,367.8908266494471,367.8908266494471,1.449994922076272,FALSE,0
133,TOI_sum_min,Loess,377.0552517713129,377.0552517713129,1.4861153385908041,FALSE,0
134,TOI_sum_min,Loess,385.7565541233633,385.7565541233633,1.5204104155864198,FALSE,0
135,TOI_sum_min,Loess,389.12333323125193,389.12333323125193,1.533680147410537,FALSE,0
136,TOI_sum_min,Loess,385.6589504215125,385.6589504215125,1.5200257230042522,FALSE,0
137,TOI_sum_min,Loess,378.44533859093747,378.44533859093747,1.4915941890640765,FALSE,0
138,TOI_sum_min,Loess,373.38219348137034,373.38219348137034,1.4716384463088943,FALSE,0
139,TOI_sum_min,Loess,375.55828716454613,375.55828716454613,1.4802152429072335,FALSE,0
140,TOI_sum_min,Loess,385.7043440391788,385.7043440391788,1.520204636177245,FALSE,0
141,TOI_sum_min,Loess,401.5387369770027,401.5387369770027,1.58261388286358,FALSE,0
142,TOI_sum_min,Loess,420.4269186629527,420.4269186629527,1.6570592496625152,FALSE,0
143,TOI_sum_min,Loess,435.05244680807766,435.05244680807766,1.7147039094553571,FALSE,0
144,TOI_sum_min,Loess,441.0329568825528,441.0329568825528,1.7382753295921196,FALSE,0
145,TOI_sum_min,Loess,438.97615816570084,438.97615816570084,1.730168718937187,FALSE,0
146,TOI_sum_min,Loess,431.82295560100056,431.82295560100056,1.7019752804384292,FALSE,0
147,TOI_sum_min,Loess,425.115969844201,425.115969844201,1.6755405487590116,FALSE,0
148,TOI_sum_min,Loess,423.83855671357685,423.83855671357685,1.6705057873063607,FALSE,0
149,TOI_sum_min,Loess,427.8561850148203,427.8561850148203,1.686340758481502,FALSE,0
150,TOI_sum_min,Loess,436.7399332589188,436.7399332589188,1.7213549227656826,FALSE,0
151,TOI_sum_min,Loess,446.9384522839973,446.9384522839973,1.761551088931992,FALSE,0
152,TOI_sum_min,Loess,455.16410501487996,455.16410501487996,1.793971453416665,FALSE,0
153,TOI_sum_min,Loess,458.3073687205899,458.3073687205899,1.8063602276993382,FALSE,0
154,TOI_sum_min,Loess,453.35477610582075,453.35477610582075,1.7868402135475023,FALSE,0
155,TOI_sum_min,Loess,440.7946305464173,440.7946305464173,1.737335996637447,FALSE,0
156,TOI_sum_min,Loess,423.54706394457355,423.54706394457355,1.669356905615762,FALSE,0
157,TOI_sum_min,Loess,407.4907147164188,407.4907147164188,1.606072846429116,FALSE,0
158,TOI_sum_min,Loess,395.26875884014044,395.26875884014044,1.557901561159939,FALSE,0
159,TOI_sum_min,Loess,385.8423954965764,385.8423954965764,1.5207487484456448,FALSE,0
160,TOI_sum_min,Loess,378.17044596958897,378.17044596958897,1.4905107347450282,FALSE,0
161,TOI_sum_min,Loess,371.943054447719,371.943054447719,1.465966262770204,FALSE,0
162,TOI_sum_min,Loess,366.67834427689615,366.67834427689615,1.445216076951707,FALSE,0
163,TOI_sum_min,Loess,359.18201775078,359.18201775078,1.4156702589814985,FALSE,0
164,TOI_sum_min,Loess,347.62448026214287,347.62448026214287,1.3701176943175293,FALSE,0
165,TOI_sum_min,Loess,332.64172984713457,332.64172984713457,1.3110650883627761,FALSE,0
166,TOI_sum_min,Loess,314.84671210865304,314.84671210865304,1.2409282882852846,FALSE,0
167,TOI_sum_min,Loess,296.66293727778776,296.66293727778776,1.1692592515521216,FALSE,0
168,TOI_sum_min,Loess,279.43653309971194,279.43653309971194,1.1013635695332697,FALSE,0
169,TOI_sum_min,Loess,266.3916267410691,266.3916267410691,1.049948729562236,FALSE,0
170,TOI_sum_min,Loess,259.4408192750651,259.4408192750651,1.0225530056138397,FALSE,0
171,TOI_sum_min,Loess,256.71680784699623,256.71680784699623,1.0118166608825772,FALSE,0
172,TOI_sum_min,Loess,257.44162761057504,257.44162761057504,1.0146734458320188,FALSE,0
173,TOI_sum_min,Loess,259.4828576149913,259.4828576149913,1.0227186943861872,FALSE,0
174,TOI_sum_min,Loess,258.98409262410223,258.98409262410223,1.0207528755842206,FALSE,0
175,TOI_sum_min,Loess,255.62212867749705,255.62212867749705,1.0075021221061347,FALSE,0
176,TOI_sum_min,Loess,250.61484193530475,250.61484193530475,0.9877665380045038,FALSE,0
177,TOI_sum_min,Loess,244.85795130846108,244.85795130846108,0.96507648549111,FALSE,0
178,TOI_sum_min,Loess,237.87011429157317,237.87011429157317,0.9375348142755925,FALSE,0
179,TOI_sum_min,Loess,231.32160264916936,231.32160264916936,0.9117246881707338,FALSE,0
180,TOI_sum_min,Loess,226.40925369452629,226.40925369452629,0.8923632892889772,FALSE,0
181,TOI_sum_min,Loess,222.05933104101064,222.05933104101064,0.8752186221700214,FALSE,0
182,TOI_sum_min,Loess,217.60779627364772,217.60779627364772,0.8576734638226166,FALSE,0
183,TOI_sum_min,Loess,210.51074506541872,210.51074506541872,0.8297013387566848,FALSE,0
184,TOI_sum_min,Loess,201.11581181133127,201.11581181133127,0.7926724037442527,FALSE,0
185,TOI_sum_min,Loess,192.3067340475941,192.3067340475941,0.7579525436653141,FALSE,0
186,TOI_sum_min,Loess,185.37042993216815,185.37042993216815,0.7306139828293626,FALSE,0
187,TOI_sum_min,Loess,179.3428293795755,179.3428293795755,0.7068569615598664,FALSE,0
188,TOI_sum_min,Loess,173.91416398303303,173.91416398303303,0.6854605670633591,FALSE,0
189,TOI_sum_min,Loess,170.29567333917916,170.29567333917916,0.6711987462211446,FALSE,0
190,TOI_sum_min,Loess,167.63660107388807,167.63660107388807,0.6607183509440429,FALSE,0
191,TOI_sum_min,Loess,165.26812191527486,165.26812191527486,0.651383291452861,FALSE,0
192,TOI_sum_min,Loess,162.78677188995363,162.78677188995363,0.6416033657901916,FALSE,0
193,TOI_sum_min,Loess,159.0010788240961,159.0010788240961,0.6266825378586397,FALSE,0
194,TOI_sum_min,Loess,154.21234804913755,154.21234804913755,0.6078083643161266,FALSE,0
195,TOI_sum_min,Loess,150.3934418519627,150.3934418519627,0.5927566310499814,FALSE,0
196,TOI_sum_min,Loess,149.05078591656826,149.05078591656826,0.5874647233768592,FALSE,0
197,TOI_sum_min,Loess,150.15671157286033,150.15671157286033,0.5918235887511931,FALSE,0
198,TOI_sum_min,Loess,153.51800839217188,153.51800839217188,0.6050717128318651,FALSE,0
199,TOI_sum_min,Loess,160.50056316489406,160.50056316489406,0.6325925647535525,FALSE,0
200,TOI_sum_min,Loess,169.97555900226595,169.97555900226595,0.6699370562593825,FALSE,0
201,TOI_sum_min,Loess,179.25347288971813,179.25347288971813,0.706504774315276,FALSE,0
202,TOI_sum_min,Loess,187.19818888134836,187.19818888134836,0.7378178623585908,FALSE,0
203,TOI_sum_min,Loess,195.37764639147503,195.37764639147503,0.7700561542536033,FALSE,0
204,TOI_sum_min,Loess,199.56587447971378,199.56587447971378,0.7865635228002784,FALSE,0
205,TOI_sum_min,Loess,200.55995860047955,200.55995860047955,0.7904815789811153,FALSE,0
206,TOI_sum_min,Loess,199.42670388187668,199.42670388187668,0.7860149995821161,FALSE,0
207,TOI_sum_min,Loess,197.6021952723166,197.6021952723166,0.7788239308532745,FALSE,0
208,TOI_sum_min,Loess,195.74357760250533,195.74357760250533,0.771498425599849,FALSE,0
209,TOI_sum_min,Loess,194.00460305476554,194.00460305476554,0.7646444785014473,FALSE,0
210,TOI_sum_min,Loess,192.16530838674086,192.16530838674086,0.7573951324029673,FALSE,0
211,TOI_sum_min,Loess,189.94122390450838,189.94122390450838,0.7486291861713732,FALSE,0
212,TOI_sum_min,Loess,187.0794497865123,187.0794497865123,0.7373498673119835,FALSE,0
213,TOI_sum_min,Loess,183.42156215796177,183.42156215796177,0.7229327682632545,FALSE,0
214,TOI_sum_min,Loess,178.86716362105227,178.86716362105227,0.7049821854455888,FALSE,0
215,TOI_sum_min,Loess,173.36296498302931,173.36296498302931,0.6832880862805738,FALSE,0
216,TOI_sum_min,Loess,166.90010510328645,166.90010510328645,0.6578155457090551,FALSE,0
217,TOI_sum_min,Loess,159.50935618622378,159.50935618622378,0.6286858484625046,FALSE,0
218,TOI_sum_min,Loess,151.25576178389136,151.25576178389136,0.5961553554321285,FALSE,0
219,TOI_sum_min,Loess,142.2272440631905,142.2272440631905,0.560570600660936,FALSE,0
220,TOI_sum_min,Loess,132.5076972670558,132.5076972670558,0.5222622426417045,FALSE,0
221,TOI_sum_min,Loess,122.17140659346408,122.17140659346408,0.4815230670381401,FALSE,0
222,TOI_sum_min,Loess,111.28395115112248,111.28395115112248,0.4386115455699254,FALSE,0
223,TOI_sum_min,Loess,99.9031339040953,99.9031339040953,0.3937555012712403,FALSE,0
224,TOI_sum_min,Loess,88.07987712525583,88.07987712525583,0.34715563780670006,FALSE,0
1,TOI_sum_min,B-spline,77.37087670071905,77.37087670071905,34.09051102590267,FALSE,0
2,TOI_sum_min,B-spline,69.27376072755295,69.27376072755295,30.522827252213883,FALSE,0
3,TOI_sum_min,B-spline,63.47657940063945,63.47657940063945,27.968521518949974,FALSE,0
4,TOI_sum_min,B-spline,59.29991145264838,59.29991145264838,26.12823288834175,FALSE,0
5,TOI_sum_min,B-spline,56.06433561624964,56.06433561624964,24.702600422620055,FALSE,0
6,TOI_sum_min,B-spline,53.19971609559677,53.19971609559677,23.44041563787759,FALSE,0
7,TOI_sum_min,B-spline,50.57305898077784,50.57305898077784,22.283079865654546,FALSE,0
8,TOI_sum_min,B-spline,48.16065583336465,48.16065583336465,21.220146891353025,FALSE,0
9,TOI_sum_min,B-spline,45.93879821492892,45.93879821492892,20.241170500375087,FALSE,0
10,TOI_sum_min,B-spline,43.88377768704244,43.88377768704244,19.33570447812282,FALSE,0
11,TOI_sum_min,B-spline,41.97188581127698,41.97188581127698,18.49330260999832,FALSE,0
12,TOI_sum_min,B-spline,40.179414149204256,40.179414149204256,17.703518681403644,FALSE,0
13,TOI_sum_min,B-spline,38.48265426239605,38.48265426239605,16.955906477740882,FALSE,0
14,TOI_sum_min,B-spline,36.85789771242415,36.85789771242415,16.240019784412123,FALSE,0
15,TOI_sum_min,B-spline,35.28143606086028,35.28143606086028,15.545412386819441,FALSE,0
16,TOI_sum_min,B-spline,33.734061385274224,33.734061385274224,14.863621050224973,FALSE,0
17,TOI_sum_min,B-spline,32.21456782722778,32.21456782722778,14.194114459331077,FALSE,0
18,TOI_sum_min,B-spline,30.726250044280764,30.726250044280764,13.538344278700167,FALSE,0
19,TOI_sum_min,B-spline,29.272402693993,29.272402693993,12.897762172894668,FALSE,0
20,TOI_sum_min,B-spline,27.85632043392427,27.85632043392427,12.273819806476974,FALSE,0
21,TOI_sum_min,B-spline,26.481297921634415,26.481297921634415,11.667968844009517,FALSE,0
22,TOI_sum_min,B-spline,25.15062981468325,25.15062981468325,11.081660950054706,FALSE,0
23,TOI_sum_min,B-spline,23.86761077063057,23.86761077063057,10.516347789174954,FALSE,0
24,TOI_sum_min,B-spline,22.63553544703619,22.63553544703619,9.973481025932678,FALSE,0
25,TOI_sum_min,B-spline,21.457698501459937,21.457698501459937,9.45451232489029,FALSE,0
26,TOI_sum_min,B-spline,20.337394591461607,20.337394591461607,8.960893350610204,FALSE,0
27,TOI_sum_min,B-spline,19.27791837460102,19.27791837460102,8.494075767654836,FALSE,0
28,TOI_sum_min,B-spline,18.28256450843799,18.28256450843799,8.0555112405866,FALSE,0
29,TOI_sum_min,B-spline,17.354627650532326,17.354627650532326,7.64665143396791,FALSE,0
30,TOI_sum_min,B-spline,16.497402458443844,16.497402458443844,7.2689480123611805,FALSE,0
31,TOI_sum_min,B-spline,15.713019000094045,15.713019000094045,6.923339508545934,FALSE,0
32,TOI_sum_min,B-spline,14.998948984851127,14.998948984851127,6.608711928170087,FALSE,0
33,TOI_sum_min,B-spline,14.35149953244501,14.35149953244501,6.323438145098682,FALSE,0
34,TOI_sum_min,B-spline,13.766977762605576,13.766977762605576,6.065891033196741,FALSE,0
35,TOI_sum_min,B-spline,13.24169079506273,13.24169079506273,5.834443466329298,FALSE,0
36,TOI_sum_min,B-spline,12.771945749546369,12.771945749546369,5.627468318361382,FALSE,0
37,TOI_sum_min,B-spline,12.35404974578639,12.35404974578639,5.443338463158025,FALSE,0
38,TOI_sum_min,B-spline,11.98430990351269,11.98430990351269,5.280426774584255,FALSE,0
39,TOI_sum_min,B-spline,11.659033342455176,11.659033342455176,5.137106126505107,FALSE,0
40,TOI_sum_min,B-spline,11.374527182343734,11.374527182343734,5.011749392785607,FALSE,0
41,TOI_sum_min,B-spline,11.127098542908271,11.127098542908271,4.902729447290787,FALSE,0
42,TOI_sum_min,B-spline,10.913054543878683,10.913054543878683,4.80841916388568,FALSE,0
43,TOI_sum_min,B-spline,10.728702304984864,10.728702304984864,4.727191416435312,FALSE,0
44,TOI_sum_min,B-spline,10.570348945956711,10.570348945956711,4.657419078804713,FALSE,0
45,TOI_sum_min,B-spline,10.434301586524136,10.434301586524136,4.5974750248589205,FALSE,0
46,TOI_sum_min,B-spline,10.316867346417023,10.316867346417023,4.5457321284629595,FALSE,0
47,TOI_sum_min,B-spline,10.214353345365277,10.214353345365277,4.500563263481861,FALSE,0
48,TOI_sum_min,B-spline,10.12306670309879,10.12306670309879,4.4603413037806545,FALSE,0
49,TOI_sum_min,B-spline,10.039314539347464,10.039314539347464,4.423439123224373,FALSE,0
50,TOI_sum_min,B-spline,9.9594039738412,9.9594039738412,4.388229595678046,FALSE,0
51,TOI_sum_min,B-spline,9.88025977020846,9.88025977020846,4.353357736114987,FALSE,0
52,TOI_sum_min,B-spline,9.8012772676719635,9.8012772676719635,4.318557123941637,FALSE,0
53,TOI_sum_min,B-spline,9.72246944935301,9.72246944935301,4.283833479672726,FALSE,0
54,TOI_sum_min,B-spline,9.643849298372883,9.643849298372883,4.249192523822974,FALSE,0
55,TOI_sum_min,B-spline,9.565429797852875,9.565429797852875,4.214639976907111,FALSE,0
56,TOI_sum_min,B-spline,9.487223930914285,9.487223930914285,4.1801815594398635,FALSE,0
57,TOI_sum_min,B-spline,9.409244680678386,9.409244680678386,4.14582299193595,FALSE,0
58,TOI_sum_min,B-spline,9.331505030266484,9.331505030266484,4.111569994910106,FALSE,0
59,TOI_sum_min,B-spline,9.25401796279986,9.25401796279986,4.077428288877049,FALSE,0
60,TOI_sum_min,B-spline,9.176796461399812,9.176796461399812,4.043403594351511,FALSE,0
61,TOI_sum_min,B-spline,9.099853509187623,9.099853509187623,4.009501631848211,FALSE,0
62,TOI_sum_min,B-spline,9.02320208928459,9.02320208928459,3.9757281218818816,FALSE,0
63,TOI_sum_min,B-spline,8.946855184812,8.946855184812,3.9420887849672437,FALSE,0
64,TOI_sum_min,B-spline,8.870825778891147,8.870825778891147,3.908589341619026,FALSE,0
65,TOI_sum_min,B-spline,8.795126854643318,8.795126854643318,3.8752355123519524,FALSE,0
66,TOI_sum_min,B-spline,8.719771395189804,8.719771395189804,3.842033017680749,FALSE,0
67,TOI_sum_min,B-spline,8.644772383651897,8.644772383651897,3.8089875781201417,FALSE,0
68,TOI_sum_min,B-spline,8.570142803150887,8.570142803150887,3.7761049141848555,FALSE,0
69,TOI_sum_min,B-spline,8.495895636808065,8.495895636808065,3.743390746389618,FALSE,0
70,TOI_sum_min,B-spline,8.422043867744723,8.422043867744723,3.7108507952491534,FALSE,0
71,TOI_sum_min,B-spline,8.348600479082144,8.348600479082144,3.6784907812781853,FALSE,0
72,TOI_sum_min,B-spline,8.27557845394163,8.27557845394163,3.646316424991445,FALSE,0
73,TOI_sum_min,B-spline,8.20299077544446,8.20299077544446,3.6143334469036517,FALSE,0
74,TOI_sum_min,B-spline,8.130850426711937,8.130850426711937,3.582547567529537,FALSE,0
75,TOI_sum_min,B-spline,8.059170390865342,8.059170390865342,3.5509645073838225,FALSE,0
76,TOI_sum_min,B-spline,7.987963651025968,7.987963651025968,3.5195899869812357,FALSE,0
77,TOI_sum_min,B-spline,7.917243190315107,7.917243190315107,3.488429726836502,FALSE,0
78,TOI_sum_min,B-spline,7.847021991854047,7.847021991854047,3.457489447464346,FALSE,0
79,TOI_sum_min,B-spline,7.7773130387640785,7.7773130387640785,3.4267748693794937,FALSE,0
80,TOI_sum_min,B-spline,7.708129314166496,7.708129314166496,3.396291713096673,FALSE,0
81,TOI_sum_min,B-spline,7.639483801182587,7.639483801182587,3.3660456991306074,FALSE,0
82,TOI_sum_min,B-spline,7.571389482933643,7.571389482933643,3.336042547996023,FALSE,0
83,TOI_sum_min,B-spline,7.503859342540956,7.503859342540956,3.306287980207647,FALSE,0
84,TOI_sum_min,B-spline,7.436906363125814,7.436906363125814,3.276787716280203,FALSE,0
85,TOI_sum_min,B-spline,7.370543527809507,7.370543527809507,3.2475474767284167,FALSE,0
86,TOI_sum_min,B-spline,7.304783819713328,7.304783819713328,3.2185729820670153,FALSE,0
87,TOI_sum_min,B-spline,7.239640221958567,7.239640221958567,3.1898699528107235,FALSE,0
88,TOI_sum_min,B-spline,7.175125717666513,7.175125717666513,3.161444109474268,FALSE,0
89,TOI_sum_min,B-spline,7.11125328995846,7.11125328995846,3.1333011725723736,FALSE,0
90,TOI_sum_min,B-spline,7.048035921955694,7.048035921955694,3.1054468626197655,FALSE,0
91,TOI_sum_min,B-spline,6.985486596779508,6.985486596779508,3.077886900131171,FALSE,0
92,TOI_sum_min,B-spline,6.923618297551194,6.923618297551194,3.0506270056213145,FALSE,0
93,TOI_sum_min,B-spline,6.86244400739204,6.86244400739204,3.023672899604922,FALSE,0
94,TOI_sum_min,B-spline,6.801976709423338,6.801976709423338,2.9970303025967193,FALSE,0
95,TOI_sum_min,B-spline,6.742229386766376,6.742229386766376,2.970704935111432,FALSE,0
96,TOI_sum_min,B-spline,6.6832150225424485,6.6832150225424485,2.944702517663786,FALSE,0
97,TOI_sum_min,B-spline,6.624946599872844,6.624946599872844,2.9190287707685068,FALSE,0
98,TOI_sum_min,B-spline,6.567437101878851,6.567437101878851,2.893689414940319,FALSE,0
99,TOI_sum_min,B-spline,6.510699511681765,6.510699511681765,2.8686901706939514,FALSE,0
100,TOI_sum_min,B-spline,6.454746812402875,6.454746812402875,2.844036758544127,FALSE,0
101,TOI_sum_min,B-spline,6.3995876822262945,6.3995876822262945,2.819733002200024,FALSE,0
102,TOI_sum_min,B-spline,6.345213579587459,6.345213579587459,2.795775138148633,FALSE,0
103,TOI_sum_min,B-spline,6.291611657984622,6.291611657984622,2.772157506071393,FALSE,0
104,TOI_sum_min,B-spline,6.238769070916041,6.238769070916041,2.748874445649745,FALSE,0
105,TOI_sum_min,B-spline,6.186672971879971,6.186672971879971,2.72592029656513,FALSE,0
106,TOI_sum_min,B-spline,6.135310514374671,6.135310514374671,2.70328939849899,FALSE,0
107,TOI_sum_min,B-spline,6.084668851898398,6.084668851898398,2.680976091132765,FALSE,0
108,TOI_sum_min,B-spline,6.034735137949405,6.034735137949405,2.6589747141478957,FALSE,0
109,TOI_sum_min,B-spline,5.985496526025955,5.985496526025955,2.6372796072258238,FALSE,0
110,TOI_sum_min,B-spline,5.9369401696263,5.9369401696263,2.615885110047989,FALSE,0
111,TOI_sum_min,B-spline,5.889053222248696,5.889053222248696,2.5947855622958333,FALSE,0
112,TOI_sum_min,B-spline,5.841822837391405,5.841822837391405,2.5739753036507977,FALSE,0
113,TOI_sum_min,B-spline,5.7952361685526785,5.7952361685526785,2.5534486737943216,FALSE,0
114,TOI_sum_min,B-spline,5.749280369230776,5.749280369230776,2.533200012407848,FALSE,0
115,TOI_sum_min,B-spline,5.703942592923955,5.703942592923955,2.5132236591728168,FALSE,0
116,TOI_sum_min,B-spline,5.659209993130467,5.659209993130467,2.4935139537706674,FALSE,0
117,TOI_sum_min,B-spline,5.615069723348577,5.615069723348577,2.4740652358828443,FALSE,0
118,TOI_sum_min,B-spline,5.571508937076535,5.571508937076535,2.454871845190785,FALSE,0
119,TOI_sum_min,B-spline,5.5285147878126,5.5285147878126,2.435928121375932,FALSE,0
120,TOI_sum_min,B-spline,5.48607442905503,5.48607442905503,2.4172284041197263,FALSE,0
121,TOI_sum_min,B-spline,5.44417501430208,5.44417501430208,2.398767033103608,FALSE,0
122,TOI_sum_min,B-spline,5.4028036970520095,5.4028036970520095,2.3805383480090194,FALSE,0
123,TOI_sum_min,B-spline,5.361947630803071,5.361947630803071,2.3625366885173995,FALSE,0
124,TOI_sum_min,B-spline,5.3215939690535246,5.3215939690535246,2.3447563943101906,FALSE,0
125,TOI_sum_min,B-spline,5.281729865301625,5.281729865301625,2.3271918050688334,FALSE,0
126,TOI_sum_min,B-spline,5.242342473045632,5.242342473045632,2.309837260474769,FALSE,0
127,TOI_sum_min,B-spline,5.203418945783798,5.203418945783798,2.292687100209437,FALSE,0
128,TOI_sum_min,B-spline,5.164946437014384,5.164946437014384,2.27573566395428,FALSE,0
129,TOI_sum_min,B-spline,5.126912100235642,5.126912100235642,2.2589772913907367,FALSE,0
130,TOI_sum_min,B-spline,5.089303088945834,5.089303088945834,2.242406322200251,FALSE,0
131,TOI_sum_min,B-spline,5.052106556643215,5.052106556643215,2.2260170960642625,FALSE,0
132,TOI_sum_min,B-spline,5.015309656826039,5.015309656826039,2.2098039526642106,FALSE,0
133,TOI_sum_min,B-spline,4.978899542992566,4.978899542992566,2.1937612316815382,FALSE,0
134,TOI_sum_min,B-spline,4.942863368641051,4.942863368641051,2.1778832727976853,FALSE,0
135,TOI_sum_min,B-spline,4.907188287269753,4.907188287269753,2.162164415694094,FALSE,0
136,TOI_sum_min,B-spline,4.871861452376924,4.871861452376924,2.1465990000522024,FALSE,0
137,TOI_sum_min,B-spline,4.836870017460828,4.836870017460828,2.131181365553455,FALSE,0
138,TOI_sum_min,B-spline,4.802201136019716,4.802201136019716,2.1159058518792904,FALSE,0
139,TOI_sum_min,B-spline,4.767841961551845,4.767841961551845,2.1007667987111494,FALSE,0
140,TOI_sum_min,B-spline,4.733779647555475,4.733779647555475,2.0857585457304744,FALSE,0
141,TOI_sum_min,B-spline,4.70000134752886,4.70000134752886,2.070875432618705,FALSE,0
142,TOI_sum_min,B-spline,4.666494214970259,4.666494214970259,2.0561117990572826,FALSE,0
143,TOI_sum_min,B-spline,4.633245403377927,4.633245403377927,2.0414619847276487,FALSE,0
144,TOI_sum_min,B-spline,4.600242066250121,4.600242066250121,2.0269203293112428,FALSE,0
145,TOI_sum_min,B-spline,4.567471357085098,4.567471357085098,2.0124811724895073,FALSE,0
146,TOI_sum_min,B-spline,4.534920429381114,4.534920429381114,1.9981388539438822,FALSE,0
147,TOI_sum_min,B-spline,4.502576436636428,4.502576436636428,1.9838877133558086,FALSE,0
148,TOI_sum_min,B-spline,4.470426532349294,4.470426532349294,1.9697220904067274,FALSE,0
149,TOI_sum_min,B-spline,4.438457870017972,4.438457870017972,1.9556363247780801,FALSE,0
150,TOI_sum_min,B-spline,4.406657603140716,4.406657603140716,1.9416247561513065,FALSE,0
151,TOI_sum_min,B-spline,4.375014060911795,4.375014060911795,1.9276822422332287,FALSE,0
152,TOI_sum_min,B-spline,4.3435202753095306,4.3435202753095306,1.9138057128321935,FALSE,0
153,TOI_sum_min,B-spline,4.3121704540082515,4.3121704540082515,1.8999926157819258,FALSE,0
154,TOI_sum_min,B-spline,4.28095880468229,4.28095880468229,1.8862403989161522,FALSE,0
155,TOI_sum_min,B-spline,4.249879535005977,4.249879535005977,1.8725465100685998,FALSE,0
156,TOI_sum_min,B-spline,4.218926852653642,4.218926852653642,1.858908397072993,FALSE,0
157,TOI_sum_min,B-spline,4.1880949652996184,4.1880949652996184,1.8453235077630603,FALSE,0
158,TOI_sum_min,B-spline,4.157378080618238,4.157378080618238,1.8317892899725277,FALSE,0
159,TOI_sum_min,B-spline,4.12677040628383,4.12677040628383,1.8183031915351209,FALSE,0
160,TOI_sum_min,B-spline,4.0962661499707265,4.0962661499707265,1.8048626602845663,FALSE,0
161,TOI_sum_min,B-spline,4.065859519353259,4.065859519353259,1.7914651440545906,FALSE,0
162,TOI_sum_min,B-spline,4.035544722105756,4.035544722105756,1.7781080906789193,FALSE,0
163,TOI_sum_min,B-spline,4.005315965902552,4.005315965902552,1.7647889479912795,FALSE,0
164,TOI_sum_min,B-spline,3.975167458417978,3.975167458417978,1.751505163825398,FALSE,0
165,TOI_sum_min,B-spline,3.9450934073263633,3.9450934073263633,1.738254186015,FALSE,0
166,TOI_sum_min,B-spline,3.915088020302041,3.915088020302041,1.7250334623938133,FALSE,0
167,TOI_sum_min,B-spline,3.88514550501934,3.88514550501934,1.7118404407955627,FALSE,0
168,TOI_sum_min,B-spline,3.8552600691525942,3.8552600691525942,1.6986725690539757,FALSE,0
169,TOI_sum_min,B-spline,3.825425920376132,3.825425920376132,1.6855272950027778,FALSE,0
170,TOI_sum_min,B-spline,3.7956372663642872,3.7956372663642872,1.672402066475696,FALSE,0
171,TOI_sum_min,B-spline,3.7658883147913897,3.7658883147913897,1.6592943313064565,FALSE,0
172,TOI_sum_min,B-spline,3.7361732733317705,3.7361732733317705,1.6462015373287855,FALSE,0
173,TOI_sum_min,B-spline,3.70648634965976,3.70648634965976,1.6331211323764088,FALSE,0
174,TOI_sum_min,B-spline,3.676821751449691,3.676821751449691,1.6200505642830536,FALSE,0
175,TOI_sum_min,B-spline,3.6471736863758952,3.6471736863758952,1.6069872808824466,FALSE,0
176,TOI_sum_min,B-spline,3.6175363621127015,3.6175363621127015,1.5939287300083131,FALSE,0
177,TOI_sum_min,B-spline,3.587903986334443,3.587903986334443,1.58087235949438,FALSE,0
178,TOI_sum_min,B-spline,3.55827076671545,3.55827076671545,1.5678156171743738,FALSE,0
179,TOI_sum_min,B-spline,3.528630910930053,3.528630910930053,1.55475595088202,FALSE,0
180,TOI_sum_min,B-spline,3.498978626652585,3.498978626652585,1.541690808451046,FALSE,0
181,TOI_sum_min,B-spline,3.4693081215573756,3.4693081215573756,1.5286176377151772,FALSE,0
182,TOI_sum_min,B-spline,3.4396136033187568,3.4396136033187568,1.515533886508141,FALSE,0
183,TOI_sum_min,B-spline,3.4098892796110603,3.4098892796110603,1.502437002663663,FALSE,0
184,TOI_sum_min,B-spline,3.3801293581086167,3.3801293581086167,1.4893244340154703,FALSE,0
185,TOI_sum_min,B-spline,3.350328046485755,3.350328046485755,1.4761936283972874,FALSE,0
186,TOI_sum_min,B-spline,3.3204795524168107,3.3204795524168107,1.463042033642843,FALSE,0
187,TOI_sum_min,B-spline,3.2905780835761114,3.2905780835761114,1.449867097585862,FALSE,0
188,TOI_sum_min,B-spline,3.2606178476379903,3.2606178476379903,1.4366662680600712,FALSE,0
189,TOI_sum_min,B-spline,3.2305930522767774,3.2305930522767774,1.4234369928991968,FALSE,0
190,TOI_sum_min,B-spline,3.200497905166805,3.200497905166805,1.4101767199369655,FALSE,0
191,TOI_sum_min,B-spline,3.1703266139824047,3.1703266139824047,1.3968828970071039,FALSE,0
192,TOI_sum_min,B-spline,3.1400733863979045,3.1400733863979045,1.3835529719433368,FALSE,0
193,TOI_sum_min,B-spline,3.1097324300876377,3.1097324300876377,1.3701843925793915,FALSE,0
194,TOI_sum_min,B-spline,3.0792979527259368,3.0792979527259368,1.356774606748995,FALSE,0
195,TOI_sum_min,B-spline,3.048764161987132,3.048764161987132,1.3433210622858736,FALSE,0
196,TOI_sum_min,B-spline,3.018125265545553,3.018125265545553,1.3298212070237523,FALSE,0
197,TOI_sum_min,B-spline,2.987375471075533,2.987375471075533,1.3162724887963584,FALSE,0
198,TOI_sum_min,B-spline,2.9565089862514013,2.9565089862514013,1.3026723554374182,FALSE,0
199,TOI_sum_min,B-spline,2.925520018747492,2.925520018747492,1.2890182547806583,FALSE,0
200,TOI_sum_min,B-spline,2.894402776238133,2.894402776238133,1.2753076346598045,FALSE,0
201,TOI_sum_min,B-spline,2.863120291306102,2.863120291306102,1.2615242067994976,FALSE,0
202,TOI_sum_min,B-spline,2.831510896167955,2.831510896167955,1.2475967384880382,FALSE,0
203,TOI_sum_min,B-spline,2.799381747948694,2.799381747948694,1.2334402609046402,FALSE,0
204,TOI_sum_min,B-spline,2.766540003773318,2.766540003773318,1.2189698052285172,FALSE,0
205,TOI_sum_min,B-spline,2.732792820766829,2.732792820766829,1.2041004026388842,FALSE,0
206,TOI_sum_min,B-spline,2.6979473560542284,2.6979473560542284,1.1887470843149548,FALSE,0
207,TOI_sum_min,B-spline,2.661810766760517,2.661810766760517,1.1728248814359439,FALSE,0
208,TOI_sum_min,B-spline,2.624190210010694,2.624190210010694,1.156248825181065,FALSE,0
209,TOI_sum_min,B-spline,2.5848928429297637,2.5848928429297637,1.138933946729533,FALSE,0
210,TOI_sum_min,B-spline,2.543725822642724,2.543725822642724,1.1207952772605616,FALSE,0
211,TOI_sum_min,B-spline,2.500496306274578,2.500496306274578,1.1017478479533656,FALSE,0
212,TOI_sum_min,B-spline,2.4550114509503267,2.4550114509503267,1.0817066899871595,FALSE,0
213,TOI_sum_min,B-spline,2.4070784137949697,2.4070784137949697,1.0605868345411564,FALSE,0
214,TOI_sum_min,B-spline,2.3565043519335087,2.3565043519335087,1.0383033127945716,FALSE,0
215,TOI_sum_min,B-spline,2.303096422490945,2.303096422490945,1.0147711559266186,FALSE,0
216,TOI_sum_min,B-spline,2.2466617825922786,2.2466617825922786,0.9899053951165121,FALSE,0
217,TOI_sum_min,B-spline,2.1870075893625116,2.1870075893625116,0.9636210615434663,FALSE,0
218,TOI_sum_min,B-spline,2.123940999926645,2.123940999926645,0.9358331863866955,FALSE,0
219,TOI_sum_min,B-spline,2.057269171409679,2.057269171409679,0.9064568008254136,FALSE,0
220,TOI_sum_min,B-spline,1.9867992609366152,1.9867992609366152,0.8754069360388352,FALSE,0
221,TOI_sum_min,B-spline,1.9123384256324547,1.9123384256324547,0.8425986232061745,FALSE,0
222,TOI_sum_min,B-spline,1.8336938226221984,1.8336938226221984,0.8079468935066457,FALSE,0
223,TOI_sum_min,B-spline,1.7506726090308466,1.7506726090308466,0.771366778119463,FALSE,0
224,TOI_sum_min,B-spline,1.6630819419834015,1.6630819419834015,0.7327733082238408,FALSE,0
1,TOI_sum_min,BNMR,9022.785905368697,9022.785905368697,36.24904304700356,FALSE,0
2,TOI_sum_min,BNMR,8448.73875498489,8448.73875498489,33.942808577570915,FALSE,0
3,TOI_sum_min,BNMR,7919.293050841081,7919.293050841081,31.815760421730204,FALSE,0
4,TOI_sum_min,BNMR,7430.953349232846,7430.953349232846,29.853855634138505,FALSE,0
5,TOI_sum_min,BNMR,6980.485567407595,6980.485567407595,28.044101287096343,FALSE,0
6,TOI_sum_min,BNMR,6564.898414962035,6564.898414962035,26.374479871185645,FALSE,0
7,TOI_sum_min,BNMR,6181.4260931136505,6181.4260931136505,24.833879789591613,FALSE,0
8,TOI_sum_min,BNMR,5827.5121784127305,5827.5121784127305,23.41203061091458,FALSE,0
9,TOI_sum_min,BNMR,5500.794612643707,5500.794612643707,22.099442766097532,FALSE,0
10,TOI_sum_min,BNMR,5199.091725557639,5199.091725557639,20.887351394752812,FALSE,0
11,TOI_sum_min,BNMR,4920.389221694583,4920.389221694583,19.767664064720044,FALSE,0
12,TOI_sum_min,BNMR,4662.828066908591,4662.828066908591,18.732912106179374,FALSE,0
13,TOI_sum_min,BNMR,4424.693214311011,4424.693214311011,17.77620531812789,FALSE,0
14,TOI_sum_min,BNMR,4204.403113212793,4204.403113212793,16.891189820554498,FALSE,0
15,TOI_sum_min,BNMR,4000.4999482835415,4000.4999482835415,16.072008840260732,FALSE,0
16,TOI_sum_min,BNMR,3811.64055956764,3811.64055956764,15.313266232024839,FALSE,0
17,TOI_sum_min,BNMR,3636.587997214661,3636.587997214661,14.609992549730576,FALSE,0
18,TOI_sum_min,BNMR,3474.2036678045447,3474.2036678045447,13.957613494228031,FALSE,0
19,TOI_sum_min,BNMR,3323.440031986707,3323.440031986707,13.351920576098188,FALSE,0
20,TOI_sum_min,BNMR,3183.3338158167167,3183.3338158167167,12.789043842197538,FALSE,0
21,TOI_sum_min,BNMR,3052.9997006735284,3052.9997006735284,12.265426524900072,FALSE,0
22,TOI_sum_min,BNMR,2931.6244589832427,2931.6244589832427,11.777801482367064,FALSE,0
23,TOI_sum_min,BNMR,2818.4615051707665,2818.4615051707665,11.32316930699496,FALSE,0
24,TOI_sum_min,BNMR,2712.825833317099,2712.825833317099,10.898777987453142,FALSE,0
25,TOI_sum_min,BNMR,2614.0893149241306,2614.0893149241306,10.50210401745366,FALSE,0
26,TOI_sum_min,BNMR,2521.676331989443,2521.676331989443,10.130834851628917,FALSE,0
27,TOI_sum_min,BNMR,2435.0597222772435,2435.0597222772435,9.78285261565734,FALSE,0
28,TOI_sum_min,BNMR,2353.7570152446906,2353.7570152446906,9.456218984097122,FALSE,0
29,TOI_sum_min,BNMR,2277.3269385532144,2277.3269385532144,9.149161145295183,FALSE,0
30,TOI_sum_min,BNMR,2205.3661764663916,2205.3661764663916,8.860058778250396,FALSE,0
31,TOI_sum_min,BNMR,2137.5063627175136,2137.5063627175136,8.58743197145882,FALSE,0
32,TOI_sum_min,BNMR,2073.411291624516,2073.411291624516,8.329930018567708,FALSE,0
33,TOI_sum_min,BNMR,2012.7743323449206,2012.7743323449206,8.086321030144566,FALSE,0
34,TOI_sum_min,BNMR,1955.3160322019608,1955.3160322019608,7.855482305039664,FALSE,0
35,TOI_sum_min,BNMR,1900.78189598154,1900.78189598154,7.636391408711407,FALSE,0
36,TOI_sum_min,BNMR,1848.940329001216,1848.940329001216,7.428117909505832,FALSE,0
37,TOI_sum_min,BNMR,1799.5807325924434,1799.5807325924434,7.2298157272563675,FALSE,0
38,TOI_sum_min,BNMR,1752.5117414190609,1752.5117414190609,7.04071605171073,FALSE,0
39,TOI_sum_min,BNMR,1707.5595927826719,1707.5595927826719,6.860120791215166,FALSE,0
40,TOI_sum_min,BNMR,1664.566618742683,1664.566618742683,6.687396514806594,FALSE,0
41,TOI_sum_min,BNMR,1623.3898525086156,1623.3898525086156,6.521968853393617,FALSE,0
42,TOI_sum_min,BNMR,1583.8997411481328,1583.8997411481328,6.36331732806092,FALSE,0
43,TOI_sum_min,BNMR,1545.978957199173,1545.978957199173,6.210970575720929,FALSE,0
44,TOI_sum_min,BNMR,1509.5213022810012,1509.5213022810012,6.06450194437113,FALSE,0
45,TOI_sum_min,BNMR,1474.4306962702738,1474.4306962702738,5.923525432108832,FALSE,0
46,TOI_sum_min,BNMR,1440.6202460459524,1440.6202460459524,5.78769194581379,FALSE,0
47,TOI_sum_min,BNMR,1408.0113882143137,1408.0113882143137,5.656685857045868,FALSE,0
48,TOI_sum_min,BNMR,1376.5331006037184,1376.5331006037184,5.5302218342252125,FALSE,0
49,TOI_sum_min,BNMR,1346.1211776709627,1346.1211776709627,5.4080419315772215,FALSE,0
50,TOI_sum_min,BNMR,1316.7175652884675,1316.7175652884675,5.28991291664002,FALSE,0
51,TOI_sum_min,BNMR,1288.2697506858785,1288.2697506858785,5.175623819354796,FALSE,0
52,TOI_sum_min,BNMR,1260.7302036032156,1260.7302036032156,5.0649836868985405,FALSE,0
53,TOI_sum_min,BNMR,1234.0558649760658,1234.0558649760658,4.957819529476765,FALSE,0
54,TOI_sum_min,BNMR,1208.207679718839,1208.207679718839,4.853974443280204,FALSE,0
55,TOI_sum_min,BNMR,1183.1501704005093,1183.1501704005093,4.753305897727064,FALSE,0
56,TOI_sum_min,BNMR,1158.8510488200286,1158.8510488200286,4.6556841749672335,FALSE,0
57,TOI_sum_min,BNMR,1135.2808626869846,1135.2808626869846,4.560990950421784,FALSE,0
58,TOI_sum_min,BNMR,1112.4126747977377,1112.4126747977377,4.469118003873086,FALSE,0
59,TOI_sum_min,BNMR,1090.2217722699243,1090.2217722699243,4.379966051314405,FALSE,0
60,TOI_sum_min,BNMR,1068.6854035588462,1068.6854035588462,4.29344368841322,FALSE,0
61,TOI_sum_min,BNMR,1047.7825411296146,1047.7825411296146,4.209466437046547,FALSE,0
62,TOI_sum_min,BNMR,1027.493667799155,1027.493667799155,4.127955886929934,FALSE,0
63,TOI_sum_min,BNMR,1007.8005848933797,1007.8005848933797,4.048838924888875,FALSE,0
64,TOI_sum_min,BNMR,988.6862404874145,988.6862404874145,3.972047044813918,FALSE,0
65,TOI_sum_min,BNMR,970.1345761116139,970.1345761116139,3.8975157318020663,FALSE,0
66,TOI_sum_min,BNMR,952.1303904135556,952.1303904135556,3.8251839144188304,FALSE,0
67,TOI_sum_min,BNMR,934.6592183668608,934.6592183668608,3.7549934794196567,FALSE,0
68,TOI_sum_min,BNMR,917.7072247121816,917.7072247121816,3.6868888436490836,FALSE,0
69,TOI_sum_min,BNMR,901.2611104041724,901.2611104041724,3.620816578191444,FALSE,0
70,TOI_sum_min,BNMR,885.3080309213964,885.3080309213964,3.5567250801809096,FALSE,0
71,TOI_sum_min,BNMR,869.8355253742158,869.8355253742158,3.4945642879924317,FALSE,0
72,TOI_sum_min,BNMR,854.8314554189566,854.8314554189566,3.4342854358293957,FALSE,0
73,TOI_sum_min,BNMR,840.2839530556608,840.2839530556608,3.3758408440010865,FALSE,0
74,TOI_sum_min,BNMR,826.1813764514842,826.1813764514842,3.319183741443185,FALSE,0
75,TOI_sum_min,BNMR,812.5122729927903,812.5122729927903,3.264268117279553,FALSE,0
76,TOI_sum_min,BNMR,799.2653488263722,799.2653488263722,3.2110485984540915,FALSE,0
77,TOI_sum_min,BNMR,786.4294442042053,786.4294442042053,3.159480350678279,FALSE,0
78,TOI_sum_min,BNMR,773.9935139970038,773.9935139970038,3.1095190001443878,FALSE,0
79,TOI_sum_min,BNMR,761.946612789634,761.946612789634,3.061120573646302,FALSE,0
80,TOI_sum_min,BNMR,750.2778840165554,750.2778840165554,3.014241454931155,FALSE,0
81,TOI_sum_min,BNMR,738.9765526378467,738.9765526378467,2.9688383552752597,FALSE,0
82,TOI_sum_min,BNMR,728.0319208962296,728.0319208962296,2.9248682964379538,FALSE,0
83,TOI_sum_min,BNMR,717.433366733174,717.433366733174,2.8822886042983002,FALSE,0
84,TOI_sum_min,BNMR,707.1703444773673,707.1703444773673,2.8410569116210165,FALSE,0
85,TOI_sum_min,BNMR,697.2323874521504,697.2323874521504,2.8011311685318434,FALSE,0
86,TOI_sum_min,BNMR,687.6091121796559,687.6091121796559,2.7624696594076763,FALSE,0
87,TOI_sum_min,BNMR,678.2902238887566,678.2902238887566,2.7250310250047445,FALSE,0
88,TOI_sum_min,BNMR,669.2655230613673,669.2655230613673,2.6887742887583808,FALSE,0
89,TOI_sum_min,BNMR,660.5249127774839,660.5249127774839,2.653658886291716,FALSE,0
90,TOI_sum_min,BNMR,652.0584066434436,652.0584066434436,2.6196446972674665,FALSE,0
91,TOI_sum_min,BNMR,643.8561371104896,643.8561371104896,2.5866920788077663,FALSE,0
92,TOI_sum_min,BNMR,635.9083640118134,635.9083640118134,2.5547618997917363,FALSE,0
93,TOI_sum_min,BNMR,628.2054831659415,628.2054831659415,2.5238155754195923,FALSE,0
94,TOI_sum_min,BNMR,620.7380349126423,620.7380349126423,2.4938151015056484,FALSE,0
95,TOI_sum_min,BNMR,613.4967124645818,613.4967124645818,2.464723088031097,FALSE,0
96,TOI_sum_min,BNMR,606.4723699737533,606.4723699737533,2.43650279155089,FALSE,0
97,TOI_sum_min,BNMR,599.6560302263615,599.6560302263615,2.409118146107936,FALSE,0
98,TOI_sum_min,BNMR,593.0388918933677,593.0388918933677,2.3825337923621657,FALSE,0
99,TOI_sum_min,BNMR,586.6123362763221,586.6123362763221,2.356715104691916,FALSE,0
100,TOI_sum_min,BNMR,580.367933499612,580.367933499612,2.331628216071284,FALSE,0
101,TOI_sum_min,BNMR,574.2974481106965,574.2974481106965,2.3072400405690727,FALSE,0
102,TOI_sum_min,BNMR,568.3928440594898,568.3928440594898,2.283518293353465,FALSE,0
103,TOI_sum_min,BNMR,562.6462890367202,562.6462890367202,2.260431508121378,FALSE,0
104,TOI_sum_min,BNMR,557.0501581590358,557.0501581590358,2.2379490519033776,FALSE,0
105,TOI_sum_min,BNMR,551.5970369956244,551.5970369956244,2.2160411372231223,FALSE,0
106,TOI_sum_min,BNMR,546.2797239375857,546.2797239375857,2.1946788316163195,FALSE,0
107,TOI_sum_min,BNMR,541.091231916831,541.091231916831,2.1738340645364023,FALSE,0
108,TOI_sum_min,BNMR,536.0247894864228,536.0247894864228,2.153479631694794,FALSE,0
109,TOI_sum_min,BNMR,531.073841278548,531.073841278548,2.1335891969008185,FALSE,0
110,TOI_sum_min,BNMR,526.2320478601882,526.2320478601882,2.1141372914818515,FALSE,0
111,TOI_sum_min,BNMR,521.4932850098012,521.4932850098012,2.0950993113773904,FALSE,0
112,TOI_sum_min,BNMR,516.8516424411066,516.8516424411066,2.076451512011864,FALSE,0
113,TOI_sum_min,BNMR,512.3014220023482,512.3014220023482,2.0581710010601673,FALSE,0
114,TOI_sum_min,BNMR,507.83713538126875,507.83713538126875,2.040235729227397,FALSE,0
115,TOI_sum_min,BNMR,503.4535013474904,503.4535013474904,2.0226244791701182,FALSE,0
116,TOI_sum_min,BNMR,499.14544256510203,499.14544256510203,2.0053168526909286,FALSE,0
117,TOI_sum_min,BNMR,494.9080820089311,494.9080820089311,1.9882932563408349,FALSE,0
118,TOI_sum_min,BNMR,490.7367390184759,490.7367390184759,1.9715348855659214,FALSE,0
119,TOI_sum_min,BNMR,486.6269250235997,486.6269250235997,1.9550237075353314,FALSE,0
120,TOI_sum_min,BNMR,482.57433897594353,482.57433897594353,1.9387424427869606,FALSE,0
121,TOI_sum_min,BNMR,478.5748625197093,478.5748625197093,1.9226745458260843,FALSE,0
122,TOI_sum_min,BNMR,474.6245549348999,474.6245549348999,1.90680418480982,FALSE,0
123,TOI_sum_min,BNMR,470.7196478853676,470.7196478853676,1.891116220447414,FALSE,0
124,TOI_sum_min,BNMR,466.85654000309364,466.85654000309364,1.8755961842425823,FALSE,0
125,TOI_sum_min,BNMR,463.03179133913835,463.03179133913835,1.8602302562002038,FALSE,0
126,TOI_sum_min,BNMR,459.2421177104723,459.2421177104723,1.8450052421147125,FALSE,0
127,TOI_sum_min,BNMR,455.4843849706585,455.4843849706585,1.8299085505525645,FALSE,0
128,TOI_sum_min,BNMR,451.75560323098614,451.75560323098614,1.814928169635642,FALSE,0
129,TOI_sum_min,BNMR,448.05292105719496,448.05292105719496,1.8000526437265914,FALSE,0
130,TOI_sum_min,BNMR,444.37361966547155,444.37361966547155,1.7852710501112397,FALSE,0
131,TOI_sum_min,BNMR,440.71510713978927,440.71510713978927,1.7705729757667572,FALSE,0
132,TOI_sum_min,BNMR,437.07491269112927,437.07491269112927,1.7559484942980763,FALSE,0
133,TOI_sum_min,BNMR,433.45068097745195,433.45068097745195,1.7413881431183775,FALSE,0
134,TOI_sum_min,BNMR,429.84016650167945,429.84016650167945,1.7268829009429834,FALSE,0
135,TOI_sum_min,BNMR,426.2412281032971,426.2412281032971,1.7124241656593664,FALSE,0
136,TOI_sum_min,BNMR,422.6518235574806,422.6518235574806,1.6980037326291428,FALSE,0
137,TOI_sum_min,BNMR,419.07000429405775,419.07000429405775,1.683613773471501,FALSE,0
138,TOI_sum_min,BNMR,415.4939102468941,415.4939102468941,1.669246815370607,FALSE,0
139,TOI_sum_min,BNMR,411.92176484267213,411.92176484267213,1.6548957209430257,FALSE,0
140,TOI_sum_min,BNMR,408.3518701363684,408.3518701363684,1.6405536686944984,FALSE,0
141,TOI_sum_min,BNMR,404.7826020991054,404.7826020991054,1.626214134088889,FALSE,0
142,TOI_sum_min,BNMR,401.2124060624202,401.2124060624202,1.6118708712455314,FALSE,0
143,TOI_sum_min,BNMR,397.63979232136353,397.63979232136353,1.5975178952746816,FALSE,0
144,TOI_sum_min,BNMR,394.06333189724756,394.06333189724756,1.5831494652543545,FALSE,0
145,TOI_sum_min,BNMR,390.4816524592423,390.4816524592423,1.5687600678453382,FALSE,0
146,TOI_sum_min,BNMR,386.8934344024254,386.8934344024254,1.554344401534759,FALSE,0
147,TOI_sum_min,BNMR,383.2974070783176,383.2974070783176,1.539897361492257,FALSE,0
148,TOI_sum_min,BNMR,379.6923451722911,379.6923451722911,1.5254140250162236,FALSE,0
149,TOI_sum_min,BNMR,376.0770652207176,376.0770652207176,1.5108896375414438,FALSE,0
150,TOI_sum_min,BNMR,372.4504222590834,372.4504222590834,1.4963195991728984,FALSE,0
151,TOI_sum_min,BNMR,368.81130659069834,368.81130659069834,1.4816994517040525,FALSE,0
152,TOI_sum_min,BNMR,365.15864066406573,365.15864066406573,1.4670248660716876,FALSE,0
153,TOI_sum_min,BNMR,361.491376045321,361.491376045321,1.4522916301926747,FALSE,0
154,TOI_sum_min,BNMR,357.8084904705824,357.8084904705824,1.4374956371217926,FALSE,0
155,TOI_sum_min,BNMR,354.1089849613786,354.1089849613786,1.4226328734629585,FALSE,0
156,TOI_sum_min,BNMR,350.39188098472255,350.39188098472255,1.4076994079598237,FALSE,0
157,TOI_sum_min,BNMR,346.65621763776954,346.65621763776954,1.3926913801851384,FALSE,0
158,TOI_sum_min,BNMR,342.9010488352849,342.9010488352849,1.3776049892414015,FALSE,0
159,TOI_sum_min,BNMR,339.1254404766031,339.1254404766031,1.3624364823791197,FALSE,0
160,TOI_sum_min,BNMR,335.3284675669919,335.3284675669919,1.3471821434318876,FALSE,0
161,TOI_sum_min,BNMR,331.50921126679714,331.50921126679714,1.331838280961326,FALSE,0
162,TOI_sum_min,BNMR,327.6667558400258,327.6667558400258,1.316401215998015,FALSE,0
163,TOI_sum_min,BNMR,323.8001854724387,323.8001854724387,1.3008672692581795,FALSE,0
164,TOI_sum_min,BNMR,319.9085809276348,319.9085809276348,1.2852327477095107,FALSE,0
165,TOI_sum_min,BNMR,315.99101600801094,315.99101600801094,1.269493930353069,FALSE,0
166,TOI_sum_min,BNMR,312.04655378597033,312.04655378597033,1.253647053082164,FALSE,0
167,TOI_sum_min,BNMR,308.07424256928624,308.07424256928624,1.2376882924732038,FALSE,0
168,TOI_sum_min,BNMR,304.07311156307725,304.07311156307725,1.2216137483576808,FALSE,0
169,TOI_sum_min,BNMR,300.04216618955843,300.04216618955843,1.2054194250192691,FALSE,0
170,TOI_sum_min,BNMR,295.98038302543023,295.98038302543023,1.189101210854787,FALSE,0
171,TOI_sum_min,BNMR,291.88670431566777,291.88670431566777,1.172654856333343,FALSE,0
172,TOI_sum_min,BNMR,287.76003202139475,287.76003202139475,1.15607595008367,FALSE,0
173,TOI_sum_min,BNMR,283.5992213586496,283.5992213586496,1.1393598929361164,FALSE,0
174,TOI_sum_min,BNMR,279.40307378410876,279.40307378410876,1.1225018697427918,FALSE,0
175,TOI_sum_min,BNMR,275.1703293832147,275.1703293832147,1.1054968187968666,FALSE,0
176,TOI_sum_min,BNMR,270.8996586157746,270.8996586157746,1.088339398670517,FALSE,0
177,TOI_sum_min,BNMR,266.5896533738761,266.5896533738761,1.0710239522901004,FALSE,0
178,TOI_sum_min,BNMR,262.23881730696036,262.23881730696036,1.053544468067135,FALSE,0
179,TOI_sum_min,BNMR,257.84555536914104,257.84555536914104,1.0358945379046542,FALSE,0
180,TOI_sum_min,BNMR,253.4081625443078,253.4081625443078,1.0180673119003072,FALSE,0
181,TOI_sum_min,BNMR,248.92481170528995,248.92481170528995,1.0000554495705498,FALSE,0
182,TOI_sum_min,BNMR,244.39354056434166,244.39354056434166,0.9818510674242166,FALSE,0
183,TOI_sum_min,BNMR,239.81223767348993,239.81223767348993,0.9634456827189192,FALSE,0
184,TOI_sum_min,BNMR,235.1786274348226,235.1786274348226,0.9448301532398757,FALSE,0
185,TOI_sum_min,BNMR,230.4902540826469,230.4902540826469,0.9259946129482327,FALSE,0
186,TOI_sum_min,BNMR,225.74446460158552,225.74446460158552,0.906928403354514,FALSE,0
187,TOI_sum_min,BNMR,220.9383905470915,220.9383905470915,0.8876200004825386,FALSE,0
188,TOI_sum_min,BNMR,216.06892873760412,216.06892873760412,0.868056937300155,FALSE,0
189,TOI_sum_min,BNMR,211.13272079053397,211.13272079053397,0.8482257215050601,FALSE,0
190,TOI_sum_min,BNMR,206.1261314775637,206.1261314775637,0.8281117485672181,FALSE,0
191,TOI_sum_min,BNMR,201.04522587824846,201.04522587824846,0.8076992099434489,FALSE,0
192,TOI_sum_min,BNMR,195.88574531467293,195.88574531467293,0.7869709963949102,FALSE,0
193,TOI_sum_min,BNMR,190.64308205386763,190.64308205386763,0.7659085963540538,FALSE,0
194,TOI_sum_min,BNMR,185.3122527688451,185.3122527688451,0.7444919893043366,FALSE,0
195,TOI_sum_min,BNMR,179.88787075337885,179.88787075337885,0.7226995341530922,FALSE,0
196,TOI_sum_min,BNMR,174.36411689004646,174.36411689004646,0.7005078525956424,FALSE,0
197,TOI_sum_min,BNMR,168.73470937546767,168.73470937546767,0.6778917074864392,FALSE,0
198,TOI_sum_min,BNMR,162.99287221112417,162.99287221112417,0.6548238762509303,FALSE,0
199,TOI_sum_min,BNMR,157.13130247249876,157.13130247249876,0.6312750193893242,FALSE,0
200,TOI_sum_min,BNMR,151.14213637352734,151.14213637352734,0.607213544140522,FALSE,0
201,TOI_sum_min,BNMR,145.0169141474151,145.0169141474151,0.5826054633907957,FALSE,0
202,TOI_sum_min,BNMR,138.7465437686515,138.7465437686515,0.5574142499269792,FALSE,0
203,TOI_sum_min,BNMR,132.3212635445061,132.3212635445061,0.5316006861478008,FALSE,0
204,TOI_sum_min,BNMR,125.7306036073101,125.7306036073101,0.505122709359121,FALSE,0
205,TOI_sum_min,BNMR,118.96334634132133,118.96334634132133,0.4779352527888599,FALSE,0
206,TOI_sum_min,BNMR,112.0074857799195,112.0074857799195,0.4499900824652263,FALSE,0
207,TOI_sum_min,BNMR,104.85018601006533,104.85018601006533,0.4212356301066284,FALSE,0
208,TOI_sum_min,BNMR,97.47773862146197,97.47773862146197,0.39161682217367744,FALSE,0
209,TOI_sum_min,BNMR,89.87551923745526,89.87551923745526,0.36107490523207597,FALSE,0
210,TOI_sum_min,BNMR,82.0279431634136,82.0279431634136,0.3295472677699802,FALSE,0
211,TOI_sum_min,BNMR,73.91842018602411,73.91842018602411,0.2969672586041699,FALSE,0
212,TOI_sum_min,BNMR,65.52930855359782,65.52930855359782,0.26326400199592026,FALSE,0
213,TOI_sum_min,BNMR,56.84186816302031,56.84186816302031,0.2283622095795731,FALSE,0
214,TOI_sum_min,BNMR,47.836212973419215,47.836212973419215,0.19218198918444207,FALSE,0
215,TOI_sum_min,BNMR,38.49126265990511,38.49126265990511,0.15463865060371357,FALSE,0
216,TOI_sum_min,BNMR,28.78469351292352,28.78469351292352,0.11564250833258931,FALSE,0
217,TOI_sum_min,BNMR,18.692888579860618,18.692888579860618,0.07509868126218386,FALSE,0
218,TOI_sum_min,BNMR,18.692888579860618,18.692888579860618,0.07509868126218386,FALSE,0
219,TOI_sum_min,BNMR,18.692888579860618,18.692888579860618,0.07509868126218386,FALSE,0
220,TOI_sum_min,BNMR,18.692888579860618,18.692888579860618,0.07509868126218386,FALSE,0
221,TOI_sum_min,BNMR,18.692888579860618,18.692888579860618,0.07509868126218386,FALSE,0
222,TOI_sum_min,BNMR,18.692888579860618,18.692888579860618,0.07509868126218386,FALSE,0
223,TOI_sum_min,BNMR,18.692888579860618,18.692888579860618,0.07509868126218386,FALSE,0
224,TOI_sum_min,BNMR,18.692888579860618,18.692888579860618,0.07509868126218386,FALSE,0
1,PS_sum,Loess,36.99855625321321,54.855398957713156,32.584909071286205,TRUE,17.856842694499942
2,PS_sum,Loess,34.551333736042125,52.40817644054207,31.131223113032657,TRUE,17.856842694499942
3,PS_sum,Loess,32.15063781743827,50.00748052193821,29.705174634635522,TRUE,17.856842694499942
4,PS_sum,Loess,29.788454168554622,47.64529687305457,28.302003007574925,TRUE,17.856842694499942
5,PS_sum,Loess,27.457288797913126,45.31413150241307,26.917256691336462,TRUE,17.856842694499942
6,PS_sum,Loess,25.151385521762027,43.00822822626197,25.54751642860523,TRUE,17.856842694499942
7,PS_sum,Loess,22.870793384924564,40.72763608942451,24.192811352723364,TRUE,17.856842694499942
8,PS_sum,Loess,20.619874206410543,38.47671691091049,22.85573244796078,TRUE,17.856842694499942
9,PS_sum,Loess,18.406276569191487,36.26311927369143,21.540823084439417,TRUE,17.856842694499942
10,PS_sum,Loess,16.255555649778774,34.11239835427872,20.263263410672387,TRUE,17.856842694499942
11,PS_sum,Loess,14.26802997604729,32.124872680547234,19.082644099065305,TRUE,17.856842694499942
12,PS_sum,Loess,12.753224182420992,30.610066886920933,18.182827308305637,TRUE,17.856842694499942
13,PS_sum,Loess,11.328615144884493,29.185457849384434,17.33658870951167,TRUE,17.856842694499942
14,PS_sum,Loess,9.970357666687773,27.827200371187715,16.52976390715169,TRUE,17.856842694499942
15,PS_sum,Loess,8.691062001592423,26.547904706092368,15.769843576346018,TRUE,17.856842694499942
16,PS_sum,Loess,7.5167254513031745,25.373568155803117,15.072270494437321,TRUE,17.856842694499942
17,PS_sum,Loess,6.486873784515795,24.343716489015737,14.460523545972901,TRUE,17.856842694499942
18,PS_sum,Loess,5.5661459755169505,23.422988680016893,13.913597764633499,TRUE,17.856842694499942
19,PS_sum,Loess,4.690289126954683,22.547131831454628,13.393325989892324,TRUE,17.856842694499942
20,PS_sum,Loess,3.8514512147608104,21.708293919260754,12.895044004641324,TRUE,17.856842694499942
21,PS_sum,Loess,3.0414633581101223,20.898306062610065,12.41389937422573,TRUE,17.856842694499942
22,PS_sum,Loess,2.222084241601272,20.078926946101216,11.927176198136287,TRUE,17.856842694499942
23,PS_sum,Loess,1.3933541287246252,19.250196833224567,11.434898393474997,TRUE,17.856842694499942
24,PS_sum,Loess,0.576761254594828,18.43360395909477,10.949830286098882,TRUE,17.856842694499942
25,PS_sum,Loess,-0.1878923914264398,17.668950313073502,10.495614839669663,TRUE,17.856842694499942
26,PS_sum,Loess,-0.8768942921482126,16.97994841235173,10.086337636120943,TRUE,17.856842694499942
27,PS_sum,Loess,-1.5013002786301126,16.35554242586983,9.715431350145995,TRUE,17.856842694499942
28,PS_sum,Loess,-2.0862870374808993,15.770555667019044,9.367940661768108,TRUE,17.856842694499942
29,PS_sum,Loess,-2.635095078516087,15.221747625983856,9.041940660774443,TRUE,17.856842694499942
30,PS_sum,Loess,-3.1183436047767956,14.738499099723148,8.754883970161783,TRUE,17.856842694499942
31,PS_sum,Loess,-3.5456305512990207,14.311212153200923,8.50106927617866,TRUE,17.856842694499942
32,PS_sum,Loess,-3.9676620274065657,13.889180677093378,8.25037640846684,TRUE,17.856842694499942
33,PS_sum,Loess,-4.3917166006434885,13.465126103856456,7.998481791478638,TRUE,17.856842694499942
34,PS_sum,Loess,-4.80277163628389,13.054071068216054,7.754309089900766,TRUE,17.856842694499942
35,PS_sum,Loess,-5.211907492110079,12.644935212389864,7.511276409194599,TRUE,17.856842694499942
36,PS_sum,Loess,-5.611927707517783,12.24491499698216,7.273658552185037,TRUE,17.856842694499942
37,PS_sum,Loess,-5.981882147181013,11.87496055731893,7.0539002055865945,TRUE,17.856842694499942
38,PS_sum,Loess,-6.294941785950516,11.561900918549426,6.867938202629371,TRUE,17.856842694499942
39,PS_sum,Loess,-6.53749187033925,11.319350834160694,6.723859905958294,TRUE,17.856842694499942
40,PS_sum,Loess,-6.706425136172727,11.150417568327217,6.623511075927129,TRUE,17.856842694499942
41,PS_sum,Loess,-6.856197362023105,11.000645342476838,6.534544183816823,TRUE,17.856842694499942
42,PS_sum,Loess,-7.049591064347322,10.807251640152622,6.419665496851993,TRUE,17.856842694499942
43,PS_sum,Loess,-7.2713278376767585,10.585514866823186,6.287950611280384,TRUE,17.856842694499942
44,PS_sum,Loess,-7.49301495806552,10.363827746434424,6.156265220281558,TRUE,17.856842694499942
45,PS_sum,Loess,-7.71646404101291,10.140378663487034,6.023533197759659,TRUE,17.856842694499942
46,PS_sum,Loess,-7.906855585892958,9.949987118606984,5.910437836213923,TRUE,17.856842694499942
47,PS_sum,Loess,-8.044902886368908,9.811939818131036,5.828435721216766,TRUE,17.856842694499942
48,PS_sum,Loess,-8.107366296036652,9.749476408463291,5.7913315425401155,TRUE,17.856842694499942
49,PS_sum,Loess,-8.097133988882494,9.75970871561745,5.797409682605503,TRUE,17.856842694499942
50,PS_sum,Loess,-8.047664496441804,9.809178208058139,5.826795284453466,TRUE,17.856842694499942
51,PS_sum,Loess,-8.00012780089435,9.856714903605592,5.855032776685676,TRUE,17.856842694499942
52,PS_sum,Loess,-7.991823122115801,9.865019582384143,5.859965877310356,TRUE,17.856842694499942
53,PS_sum,Loess,-8.058002435455025,9.798840269044918,5.820654397519256,TRUE,17.856842694499942
54,PS_sum,Loess,-8.210929841139725,9.645912863360218,5.729813282452624,TRUE,17.856842694499942
55,PS_sum,Loess,-8.43528122714334,9.421561477356603,5.596545278721937,TRUE,17.856842694499942
56,PS_sum,Loess,-8.671664788133159,9.185177916366785,5.456129987116133,TRUE,17.856842694499942
57,PS_sum,Loess,-8.85195167675758,9.004891027742364,5.3490369391355586,TRUE,17.856842694499942
58,PS_sum,Loess,-8.975441862463406,8.881400842036538,5.275681963164597,TRUE,17.856842694499942
59,PS_sum,Loess,-9.091112633430106,8.765730071069838,5.2069718338834114,TRUE,17.856842694499942
60,PS_sum,Loess,-9.2345783126459,8.622264391854044,5.12175112268777,TRUE,17.856842694499942
61,PS_sum,Loess,-9.456558216555107,8.400284487944836,4.989891813996746,TRUE,17.856842694499942
62,PS_sum,Loess,-9.781004046852749,8.075838657647195,4.797166246784002,TRUE,17.856842694499942
63,PS_sum,Loess,-10.188764835443488,7.668077869056455,4.554950376121796,TRUE,17.856842694499942
64,PS_sum,Loess,-10.64048986746181,7.216352837038133,4.286619102022636,TRUE,17.856842694499942
65,PS_sum,Loess,-11.089774128948571,6.767068575551371,4.019737681307937,TRUE,17.856842694499942
66,PS_sum,Loess,-11.481331503361762,6.37551120113818,3.7871468755919686,TRUE,17.856842694499942
67,PS_sum,Loess,-11.807281549209664,6.049561155290278,3.593527782347874,TRUE,17.856842694499942
68,PS_sum,Loess,-12.070624107921994,5.786218596577949,3.4370984519030077,TRUE,17.856842694499942
69,PS_sum,Loess,-12.281223886006115,5.575618818493827,3.311999104351197,TRUE,17.856842694499942
70,PS_sum,Loess,-12.461829862037833,5.395012842462109,3.204716513785024,TRUE,17.856842694499942
71,PS_sum,Loess,-12.634130923177338,5.222711781322604,3.102367164098498,TRUE,17.856842694499942
72,PS_sum,Loess,-12.83786766646133,5.0189750380386124,2.9813445595686043,TRUE,17.856842694499942
73,PS_sum,Loess,-13.072167728136703,4.784674976363239,2.8421668970203076,TRUE,17.856842694499942
74,PS_sum,Loess,-13.304837242329754,4.552005462170189,2.7039578035182203,TRUE,17.856842694499942
75,PS_sum,Loess,-13.507494868120888,4.349347836379054,2.5835762105578364,TRUE,17.856842694499942
76,PS_sum,Loess,-13.639689138104444,4.217153566395498,2.505050881255614,TRUE,17.856842694499942
77,PS_sum,Loess,-13.675693422862924,4.181149281637018,2.483663809657864,TRUE,17.856842694499942
78,PS_sum,Loess,-13.661657867209898,4.195184837290044,2.4920011349423152,TRUE,17.856842694499942
79,PS_sum,Loess,-13.638804118199564,4.218038586300378,2.505576596019789,TRUE,17.856842694499942
80,PS_sum,Loess,-13.612035559250728,4.244807145249214,2.5214775114427104,TRUE,17.856842694499942
81,PS_sum,Loess,-13.596701107215367,4.2601415972845755,2.530586400170608,TRUE,17.856842694499942
82,PS_sum,Loess,-13.603906476004168,4.252936228495774,2.526306305753846,TRUE,17.856842694499942
83,PS_sum,Loess,-13.633471605213092,4.22337109928685,2.508744186705249,TRUE,17.856842694499942
84,PS_sum,Loess,-13.694622629763371,4.162220074736571,2.472419583977943,TRUE,17.856842694499942
85,PS_sum,Loess,-13.788837366003515,4.068005338496428,2.4164546530524222,TRUE,17.856842694499942
86,PS_sum,Loess,-13.89657238791047,3.9602703165894715,2.3524584747484893,TRUE,17.856842694499942
87,PS_sum,Loess,-13.982708079704791,3.8741346247951514,2.3012926143548045,TRUE,17.856842694499942
88,PS_sum,Loess,-14.017616039701013,3.8392266647989297,2.280556775696191,TRUE,17.856842694499942
89,PS_sum,Loess,-13.99424499290005,3.862597711599892,2.294439519225177,TRUE,17.856842694499942
90,PS_sum,Loess,-13.91703136077187,3.9398113437280715,2.34030554571967,TRUE,17.856842694499942
91,PS_sum,Loess,-13.820023585170269,4.036819119329674,2.3979295828654523,TRUE,17.856842694499942
92,PS_sum,Loess,-13.737664526904029,4.119178177595914,2.446852067721883,TRUE,17.856842694499942
93,PS_sum,Loess,-13.67862599196569,4.178216712534252,2.4819218207310754,TRUE,17.856842694499942
94,PS_sum,Loess,-13.633649254975614,4.223193449524328,2.5086386601487334,TRUE,17.856842694499942
95,PS_sum,Loess,-13.563933338714378,4.292909365785564,2.5500509337873773,TRUE,17.856842694499942
96,PS_sum,Loess,-13.454407067481418,4.402435637018525,2.6151111403824334,TRUE,17.856842694499942
97,PS_sum,Loess,-13.329710524225696,4.527132180274246,2.6891827103772785,TRUE,17.856842694499942
98,PS_sum,Loess,-13.22846625212285,4.6283764523770925,2.749323288390446,TRUE,17.856842694499942
99,PS_sum,Loess,-13.160953853237835,4.695888851262107,2.7894266404879935,TRUE,17.856842694499942
100,PS_sum,Loess,-13.123029765946637,4.733812938553306,2.811954102861348,TRUE,17.856842694499942
101,PS_sum,Loess,-13.11438621440999,4.742456490089952,2.817088498859301,TRUE,17.856842694499942
102,PS_sum,Loess,-13.138788405693953,4.718054298805989,2.8025932404301166,TRUE,17.856842694499942
103,PS_sum,Loess,-13.189167675303471,4.667675029196471,2.772667217641194,TRUE,17.856842694499942
104,PS_sum,Loess,-13.272766412093196,4.584076292406746,2.7230083456153524,TRUE,17.856842694499942
105,PS_sum,Loess,-13.379682526282917,4.477160178217026,2.6594986104694476,TRUE,17.856842694499942
106,PS_sum,Loess,-13.49712123169728,4.359721472802662,2.589738302275781,TRUE,17.856842694499942
107,PS_sum,Loess,-13.614308939157361,4.242533765342581,2.5201270905370268,TRUE,17.856842694499942
108,PS_sum,Loess,-13.725591930041245,4.131250774458697,2.4540233667827343,TRUE,17.856842694499942
109,PS_sum,Loess,-13.831510947430877,4.025331757069066,2.3911059217155373,TRUE,17.856842694499942
110,PS_sum,Loess,-13.928806908740317,3.9280357957596257,2.333310698045476,TRUE,17.856842694499942
111,PS_sum,Loess,-13.99934039292538,3.857502311574563,2.2914127771056787,TRUE,17.856842694499942
112,PS_sum,Loess,-14.03161887865839,3.825223825841552,2.272238884607335,TRUE,17.856842694499942
113,PS_sum,Loess,-14.025749351496303,3.831093353003639,2.27572546956528,TRUE,17.856842694499942
114,PS_sum,Loess,-13.987018425405982,3.8698242790939608,2.2987322059828337,TRUE,17.856842694499942
115,PS_sum,Loess,-13.939340131539355,3.9175025729605872,2.3270538096870697,TRUE,17.856842694499942
116,PS_sum,Loess,-13.92463242605485,3.9322102784450914,2.33579040179953,TRUE,17.856842694499942
117,PS_sum,Loess,-13.948373575655618,3.9084691288443247,2.321687811795852,TRUE,17.856842694499942
118,PS_sum,Loess,-14.006737029154976,3.850105675344966,2.28701906703239,TRUE,17.856842694499942
119,PS_sum,Loess,-14.09065926058526,3.7661834439146817,2.2371680344599483,TRUE,17.856842694499942
120,PS_sum,Loess,-14.183448259388749,3.6733944451111933,2.1820500124187974,TRUE,17.856842694499942
121,PS_sum,Loess,-14.27513123442017,3.581711470079772,2.127588984670428,TRUE,17.856842694499942
122,PS_sum,Loess,-14.359732994425208,3.497109710074734,2.0773343021885813,TRUE,17.856842694499942
123,PS_sum,Loess,-14.443686365758603,3.413156338741339,2.0274647720583667,TRUE,17.856842694499942
124,PS_sum,Loess,-14.53910471123888,3.317737993261063,1.9707848796451481,TRUE,17.856842694499942
125,PS_sum,Loess,-14.648481988575348,3.208360715924594,1.9058131776031826,TRUE,17.856842694499942
126,PS_sum,Loess,-14.771054215339454,3.085788489160488,1.83300348266591,TRUE,17.856842694499942
127,PS_sum,Loess,-14.90664131254129,2.950201391958653,1.752462764386434,TRUE,17.856842694499942
128,PS_sum,Loess,-15.034274859288086,2.8225678452118563,1.6766465713733059,TRUE,17.856842694499942
129,PS_sum,Loess,-15.126181128432632,2.73066157606731,1.6220529036567553,TRUE,17.856842694499942
130,PS_sum,Loess,-15.149124635181868,2.707718069318074,1.6084241251699445,TRUE,17.856842694499942
131,PS_sum,Loess,-15.105534287757882,2.7513084167420603,1.6343174289136895,TRUE,17.856842694499942
132,PS_sum,Loess,-15.024763299644432,2.8320794048555102,1.6822965768787528,TRUE,17.856842694499942
133,PS_sum,Loess,-14.941862033734264,2.9149806707656785,1.7315411410037855,TRUE,17.856842694499942
134,PS_sum,Loess,-14.881598931546547,2.9752437729533954,1.767338304864614,TRUE,17.856842694499942
135,PS_sum,Loess,-14.867214697415012,2.9896280070849306,1.7758827502636436,TRUE,17.856842694499942
136,PS_sum,Loess,-14.897537659483095,2.9593050450168468,1.7578704674157466,TRUE,17.856842694499942
137,PS_sum,Loess,-14.949616745277668,2.9072259592222744,1.7269347289583519,TRUE,17.856842694499942
138,PS_sum,Loess,-14.988806336487663,2.8680363680122793,1.7036555387531551,TRUE,17.856842694499942
139,PS_sum,Loess,-14.981963902032918,2.874878802467024,1.7077200448686964,TRUE,17.856842694499942
140,PS_sum,Loess,-14.926492101239331,2.930350603260611,1.7406711056434605,TRUE,17.856842694499942
141,PS_sum,Loess,-14.840539124196683,3.0163035803032594,1.791728430803015,TRUE,17.856842694499942
142,PS_sum,Loess,-14.740210748910144,3.1166319555897983,1.8513249527151405,TRUE,17.856842694499942
143,PS_sum,Loess,-14.674686955887546,3.182155748612396,1.8902470438532073,TRUE,17.856842694499942
144,PS_sum,Loess,-14.674244320297527,3.1825983842024153,1.8905099758658541,TRUE,17.856842694499942
145,PS_sum,Loess,-14.738021190255818,3.1188215142441242,1.8526255825713278,TRUE,17.856842694499942
146,PS_sum,Loess,-14.848828086084398,3.0080146184155447,1.7868046662413033,TRUE,17.856842694499942
147,PS_sum,Loess,-14.970194499167164,2.8866482053327784,1.7147112422620392,TRUE,17.856842694499942
148,PS_sum,Loess,-15.059615957807608,2.797226746692334,1.6615935883175872,TRUE,17.856842694499942
149,PS_sum,Loess,-15.107482423672277,2.7493602808276654,1.6331602076950817,TRUE,17.856842694499942
150,PS_sum,Loess,-15.11980558834811,2.737037116151833,1.6258400676895002,TRUE,17.856842694499942
151,PS_sum,Loess,-15.119706789150047,2.737135915349895,1.6258987558577815,TRUE,17.856842694499942
152,PS_sum,Loess,-15.126004853130256,2.730837851369686,1.6221576137638474,TRUE,17.856842694499942
153,PS_sum,Loess,-15.152969147033565,2.7038735574663777,1.606140428915952,TRUE,17.856842694499942
154,PS_sum,Loess,-15.21809855945015,2.6387441450497926,1.5674526056244522,TRUE,17.856842694499942
155,PS_sum,Loess,-15.31839197426735,2.5384507302325927,1.5078768507423026,TRUE,17.856842694499942
156,PS_sum,Loess,-15.43292197830833,2.4239207261916116,1.4398443536951788,TRUE,17.856842694499942
157,PS_sum,Loess,-15.52297618064836,2.333866523851582,1.3863508407412555,TRUE,17.856842694499942
158,PS_sum,Loess,-15.572486439090362,2.2843562654095804,1.356941023292436,TRUE,17.856842694499942
159,PS_sum,Loess,-15.583759454510535,2.2730832499894076,1.3502446872998983,TRUE,17.856842694499942
160,PS_sum,Loess,-15.567890356568936,2.288952347931006,1.3596711635136423,TRUE,17.856842694499942
161,PS_sum,Loess,-15.535781213348459,2.3210614911514833,1.3787444640834314,TRUE,17.856842694499942
162,PS_sum,Loess,-15.499285608878049,2.3575570956218934,1.4004233867740983,TRUE,17.856842694499942
163,PS_sum,Loess,-15.486857270133042,2.3699854343669005,1.4078060017146146,TRUE,17.856842694499942
164,PS_sum,Loess,-15.514846189403082,2.3419965150968602,1.3911801744169061,TRUE,17.856842694499942
165,PS_sum,Loess,-15.577345639264845,2.2794970652350974,1.3540545873380323,TRUE,17.856842694499942
166,PS_sum,Loess,-15.664722172371938,2.192120532128004,1.3021516490610965,TRUE,17.856842694499942
167,PS_sum,Loess,-15.758345780616308,2.0984969238836344,1.2465378568084826,TRUE,17.856842694499942
168,PS_sum,Loess,-15.847937921790464,2.008904782709478,1.193318814943302,TRUE,17.856842694499942
169,PS_sum,Loess,-15.91239539244836,1.9444473120515822,1.155030134881532,TRUE,17.856842694499942
170,PS_sum,Loess,-15.943771513734603,1.913071190765339,1.1363922600588547,TRUE,17.856842694499942
171,PS_sum,Loess,-15.951373797452693,1.9054689070472497,1.1318763923704431,TRUE,17.856842694499942
172,PS_sum,Loess,-15.938710125013246,1.918132579486696,1.1393987989664833,TRUE,17.856842694499942
173,PS_sum,Loess,-15.92089157688243,1.9359511276175114,1.1499832770972969,TRUE,17.856842694499942
174,PS_sum,Loess,-15.923219331033273,1.933623373466669,1.1486005570954974,TRUE,17.856842694499942
175,PS_sum,Loess,-15.94463808686552,1.9122046176344218,1.1358775029481403,TRUE,17.856842694499942
176,PS_sum,Loess,-15.975570107821186,1.8812725966787562,1.1175034302154188,TRUE,17.856842694499942
177,PS_sum,Loess,-16.013746095541045,1.8430966089588976,1.0948263353041763,TRUE,17.856842694499942
178,PS_sum,Loess,-16.06670488001373,1.7901378244862114,1.063368042969112,TRUE,17.856842694499942
179,PS_sum,Loess,-16.122825626625822,1.7340170778741202,1.0300314988893327,TRUE,17.856842694499942
180,PS_sum,Loess,-16.17431877400625,1.6825239304936934,0.9994438164174759,TRUE,17.856842694499942
181,PS_sum,Loess,-16.228340698421196,1.6285020060787465,0.9673540034115781,TRUE,17.856842694499942
182,PS_sum,Loess,-16.287440447534493,1.569402256965449,0.9322478882873921,TRUE,17.856842694499942
183,PS_sum,Loess,-16.3669751466124,1.4898675578875418,0.8850031140863414,TRUE,17.856842694499942
184,PS_sum,Loess,-16.462426948417736,1.3944157560822061,0.8283033481268421,TRUE,17.856842694499942
185,PS_sum,Loess,-16.55531662281116,1.3015260816887837,0.7731255233132016,TRUE,17.856842694499942
186,PS_sum,Loess,-16.635646075913286,1.2211966285866565,0.7254086536009466,TRUE,17.856842694499942
187,PS_sum,Loess,-16.706340766265402,1.15050193823454,0.6834149738407789,TRUE,17.856842694499942
188,PS_sum,Loess,-16.765601857030124,1.0912408474698188,0.6482130194165251,TRUE,17.856842694499942
189,PS_sum,Loess,-16.79955438780812,1.0572883166918237,0.6280447196837335,TRUE,17.856842694499942
190,PS_sum,Loess,-16.815126024420827,1.0417166800791149,0.6187949398488011,TRUE,17.856842694499942
191,PS_sum,Loess,-16.818050051870348,1.0387926526295947,0.6170580247889361,TRUE,17.856842694499942
192,PS_sum,Loess,-16.81454375093463,1.0422989535653135,0.6191408188135504,TRUE,17.856842694499942
193,PS_sum,Loess,-16.816920114874446,1.0399225896254967,0.6177292238863327,TRUE,17.856842694499942
194,PS_sum,Loess,-16.8282683924581,1.028574312041843,0.6109881810682113,TRUE,17.856842694499942
195,PS_sum,Loess,-16.837221205005367,1.0196214994945754,0.6056700795079644,TRUE,17.856842694499942
196,PS_sum,Loess,-16.83251026410899,1.0243324403909524,0.6084684472833402,TRUE,17.856842694499942
197,PS_sum,Loess,-16.818311554947755,1.0385311495521874,0.6169026881372831,TRUE,17.856842694499942
198,PS_sum,Loess,-16.797825844935183,1.0590168595647595,0.6290714994248462,TRUE,17.856842694499942
199,PS_sum,Loess,-16.7584756986223,1.0983670058776438,0.6524460617087807,TRUE,17.856842694499942
200,PS_sum,Loess,-16.69992831702349,1.156914387476454,0.6872240624526962,TRUE,17.856842694499942
201,PS_sum,Loess,-16.631429877743702,1.2254128267562399,0.7279131369625261,TRUE,17.856842694499942
202,PS_sum,Loess,-16.56044621638464,1.2963964881153016,0.7700784697261259,TRUE,17.856842694499942
203,PS_sum,Loess,-16.475211513269333,1.3816311912306096,0.8207091296703074,TRUE,17.856842694499942
204,PS_sum,Loess,-16.430074022150432,1.4267686823495103,0.84752145939101875,TRUE,17.856842694499942
205,PS_sum,Loess,-16.425739148585993,1.4311035559139489,0.8500964376724026,TRUE,17.856842694499942
206,PS_sum,Loess,-16.452155503210346,1.4046872012895966,0.8344047367681228,TRUE,17.856842694499942
207,PS_sum,Loess,-16.491380389377554,1.3654623151223886,0.811104580842262,TRUE,17.856842694499942
208,PS_sum,Loess,-16.53337344413379,1.323469260366152,0.7861600922986213,TRUE,17.856842694499942
209,PS_sum,Loess,-16.57421241534841,1.282630289151533,0.761901146253601,TRUE,17.856842694499942
210,PS_sum,Loess,-16.61417644576537,1.2426662587345723,0.7381619278356902,TRUE,17.856842694499942
211,PS_sum,Loess,-16.655266192130345,1.2015765123695976,0.7137540176845482,TRUE,17.856842694499942
212,PS_sum,Loess,-16.70029496202171,1.1565477424782307,0.6870062699627033,TRUE,17.856842694499942
213,PS_sum,Loess,-16.75142450090638,1.105418203593561,0.6566345762539751,TRUE,17.856842694499942
214,PS_sum,Loess,-16.81032012955884,1.0465225749411031,0.6216497116681579,TRUE,17.856842694499942
215,PS_sum,Loess,-16.87809411202153,0.9787485924784135,0.5813909751006214,TRUE,17.856842694499942
216,PS_sum,Loess,-16.955285580179567,0.9015571243203758,0.5355381143284719,TRUE,17.856842694499942
217,PS_sum,Loess,-17.041904956873328,0.8149377476266145,0.4840849380321241,TRUE,17.856842694499942
218,PS_sum,Loess,-17.137487051528506,0.7193556529714363,0.4273077762146888,TRUE,17.856842694499942
219,PS_sum,Loess,-17.24122510766829,0.6156175968316538,0.36568585401970866,TRUE,17.856842694499942
220,PS_sum,Loess,-17.3523154793072,0.5045272251927414,0.2996965489133902,TRUE,17.856842694499942
221,PS_sum,Loess,-17.47003552086677,0.38680718363317285,0.2297691229358017,TRUE,17.856842694499942
222,PS_sum,Loess,-17.593738189675296,0.2631045148246463,0.15628792889492785,TRUE,17.856842694499942
223,PS_sum,Loess,-17.72284566482182,0.13399703967812387,0.07959620086072236,TRUE,17.856842694499942
224,PS_sum,Loess,-17.856842694499942,1e-8,5.940146219044949e-9,TRUE,17.856842694499942
1,PS_sum,B-spline,60.50915052423118,60.50915052423118,30.492484372244355,FALSE,0
2,PS_sum,B-spline,51.501659100668114,51.501659100668114,25.95332311999487,FALSE,0
3,PS_sum,B-spline,45.65912092476539,45.65912092476539,23.00908241458929,FALSE,0
4,PS_sum,B-spline,42.00988672282364,42.00988672282364,21.17011730089449,FALSE,0
5,PS_sum,B-spline,39.58230722114348,39.58230722114348,19.946782823777344,FALSE,0
6,PS_sum,B-spline,37.56237004750666,37.56237004750666,18.92887227361401,FALSE,0
7,PS_sum,B-spline,35.76661043561943,35.76661043561943,18.02393192281779,FALSE,0
8,PS_sum,B-spline,34.16920052066915,34.16920052066915,17.218946289311273,FALSE,0
9,PS_sum,B-spline,32.74431243784322,32.74431243784322,16.500899891017056,FALSE,0
10,PS_sum,B-spline,31.466118322328985,31.466118322328985,15.856777245857716,FALSE,0
11,PS_sum,B-spline,30.30879030931385,30.30879030931385,15.273562871755855,FALSE,0
12,PS_sum,B-spline,29.246500533985145,29.246500533985145,14.738241286634048,FALSE,0
13,PS_sum,B-spline,28.25342113153027,28.25342113153027,14.237797008414894,FALSE,0
14,PS_sum,B-spline,27.30372423713661,27.30372423713661,13.759214555020987,FALSE,0
15,PS_sum,B-spline,26.371581985991515,26.371581985991515,13.289478444374911,FALSE,0
16,PS_sum,B-spline,25.436154540944443,25.436154540944443,12.81808682009415,FALSE,0
17,PS_sum,B-spline,24.49655417549317,24.49655417549317,12.344592328575802,FALSE,0
18,PS_sum,B-spline,23.556881190797547,23.556881190797547,11.871061241911855,FALSE,0
19,PS_sum,B-spline,22.621235888017427,22.621235888017427,11.399559832194301,FALSE,0
20,PS_sum,B-spline,21.69371856831265,21.69371856831265,10.932154371515127,FALSE,0
21,PS_sum,B-spline,20.778429532843077,20.778429532843077,10.470911131966323,FALSE,0
22,PS_sum,B-spline,19.87946908276856,19.87946908276856,10.017896385639881,FALSE,0
23,PS_sum,B-spline,19.000937519248943,19.000937519248943,9.575176404627793,FALSE,0
24,PS_sum,B-spline,18.14693514344408,18.14693514344408,9.144817461022045,FALSE,0
25,PS_sum,B-spline,17.321562256513825,17.321562256513825,8.72888582691463,FALSE,0
26,PS_sum,B-spline,16.528919159618024,16.528919159618024,8.329447774397536,FALSE,0
27,PS_sum,B-spline,15.773106153916537,15.773106153916537,7.948569575562758,FALSE,0
28,PS_sum,B-spline,15.058223540569198,15.058223540569198,7.588317502502277,FALSE,0
29,PS_sum,B-spline,14.388371620735876,14.388371620735876,7.250757827308094,FALSE,0
30,PS_sum,B-spline,13.767650695576409,13.767650695576409,6.9379568220721906,FALSE,0
31,PS_sum,B-spline,13.199035510235303,13.199035510235303,6.651413555432029,FALSE,0
32,PS_sum,B-spline,12.680998585795615,12.680998585795615,6.390358282206915,FALSE,0
33,PS_sum,B-spline,12.210886887325088,12.210886887325088,6.153454053761643,FALSE,0
34,PS_sum,B-spline,11.786047379891423,11.786047379891423,5.939363921460985,FALSE,0
35,PS_sum,B-spline,11.403827028562343,11.403827028562343,5.746750936669727,FALSE,0
36,PS_sum,B-spline,11.061572798405573,11.061572798405573,5.574278150752651,FALSE,0
37,PS_sum,B-spline,10.75663165448882,10.75663165448882,5.420608615074533,FALSE,0
38,PS_sum,B-spline,10.486350561879812,10.486350561879812,5.284405381000161,FALSE,0
39,PS_sum,B-spline,10.248076485646264,10.248076485646264,5.164331499894313,FALSE,0
40,PS_sum,B-spline,10.039156390855895,10.039156390855895,5.059050023121771,FALSE,0
41,PS_sum,B-spline,9.856937242576429,9.856937242576429,4.967224002047318,FALSE,0
42,PS_sum,B-spline,9.698766005875576,9.698766005875576,4.887516488035732,FALSE,0
43,PS_sum,B-spline,9.56198964582106,9.56198964582106,4.818590532451797,FALSE,0
44,PS_sum,B-spline,9.443955127480596,9.443955127480596,4.759109186660291,FALSE,0
45,PS_sum,B-spline,9.342009415921906,9.342009415921906,4.707735502026001,FALSE,0
46,PS_sum,B-spline,9.253499476212708,9.253499476212708,4.663132529913705,FALSE,0
47,PS_sum,B-spline,9.17577227342072,9.17577227342072,4.623963321688184,FALSE,0
48,PS_sum,B-spline,9.106174772613665,9.106174772613665,4.588890928714224,FALSE,0
49,PS_sum,B-spline,9.042053938859254,9.042053938859254,4.5565784023566,FALSE,0
50,PS_sum,B-spline,8.980756737225212,8.980756737225212,4.525688793980097,FALSE,0
51,PS_sum,B-spline,8.920073616532688,8.920073616532688,4.495108640510007,FALSE,0
52,PS_sum,B-spline,8.859568960616583,8.859568960616583,4.464618421113668,FALSE,0
53,PS_sum,B-spline,8.799250637065231,8.799250637065231,4.434222100518934,FALSE,0
54,PS_sum,B-spline,8.739126513466967,8.739126513466967,4.403923643453655,FALSE,0
55,PS_sum,B-spline,8.679204457410112,8.679204457410112,4.373727014645675,FALSE,0
56,PS_sum,B-spline,8.619492336483011,8.619492336483011,4.34363617882285,FALSE,0
57,PS_sum,B-spline,8.559998018273992,8.559998018273992,4.313655100713031,FALSE,0
58,PS_sum,B-spline,8.500729370371392,8.500729370371392,4.283787745044066,FALSE,0
59,PS_sum,B-spline,8.441694260363537,8.441694260363537,4.2540380765438055,FALSE,0
60,PS_sum,B-spline,8.382900555838761,8.382900555838761,4.2244100599401,FALSE,0
61,PS_sum,B-spline,8.324356124385403,8.324356124385403,4.1949076599608,FALSE,0
62,PS_sum,B-spline,8.266068833591794,8.266068833591794,4.165534841333759,FALSE,0
63,PS_sum,B-spline,8.20804655104626,8.20804655104626,4.1362955687868235,FALSE,0
64,PS_sum,B-spline,8.150297144337141,8.150297144337141,4.107193807047844,FALSE,0
65,PS_sum,B-spline,8.092828481052768,8.092828481052768,4.078233520844671,FALSE,0
66,PS_sum,B-spline,8.035648428781471,8.035648428781471,4.049418674905157,FALSE,0
67,PS_sum,B-spline,7.978764855111589,7.978764855111589,4.0207532339571515,FALSE,0
68,PS_sum,B-spline,7.922185627631448,7.922185627631448,3.992241162728504,FALSE,0
69,PS_sum,B-spline,7.865918613929387,7.865918613929387,3.9638864259470665,FALSE,0
70,PS_sum,B-spline,7.809971681593735,7.809971681593735,3.935692988340688,FALSE,0
71,PS_sum,B-spline,7.754352698212826,7.754352698212826,3.9076648146372195,FALSE,0
72,PS_sum,B-spline,7.699069531374994,7.699069531374994,3.879805869564512,FALSE,0
73,PS_sum,B-spline,7.644130048668568,7.644130048668568,3.852120117850413,FALSE,0
74,PS_sum,B-spline,7.589542117681887,7.589542117681887,3.824611524222777,FALSE,0
75,PS_sum,B-spline,7.535313606003278,7.535313606003278,3.7972840534094514,FALSE,0
76,PS_sum,B-spline,7.481452381221078,7.481452381221078,3.7701416701382886,FALSE,0
77,PS_sum,B-spline,7.427966310923619,7.427966310923619,3.7431883391371383,FALSE,0
78,PS_sum,B-spline,7.374863262699231,7.374863262699231,3.7164280251338493,FALSE,0
79,PS_sum,B-spline,7.322151104136248,7.322151104136248,3.6898646928562733,FALSE,0
80,PS_sum,B-spline,7.269837702823006,7.269837702823006,3.6635023070322617,FALSE,0
81,PS_sum,B-spline,7.217930926347836,7.217930926347836,3.637344832389664,FALSE,0
82,PS_sum,B-spline,7.1664386422990685,7.1664386422990685,3.61139623365633,FALSE,0
83,PS_sum,B-spline,7.1153687182650405,7.1153687182650405,3.5856604755601107,FALSE,0
84,PS_sum,B-spline,7.064729021834084,7.064729021834084,3.5601415228288573,FALSE,0
85,PS_sum,B-spline,7.014527420594528,7.014527420594528,3.5348433401904185,FALSE,0
86,PS_sum,B-spline,6.964771782134708,6.964771782134708,3.509769892372645,FALSE,0
87,PS_sum,B-spline,6.915469974042959,6.915469974042959,3.4849251441033893,FALSE,0
88,PS_sum,B-spline,6.86662986390761,6.86662986390761,3.4603130601104986,FALSE,0
89,PS_sum,B-spline,6.818259319316998,6.818259319316998,3.435937605121827,FALSE,0
90,PS_sum,B-spline,6.7703662078594515,6.7703662078594515,3.4118027438652208,FALSE,0
91,PS_sum,B-spline,6.722958397123308,6.722958397123308,3.387912441068534,FALSE,0
92,PS_sum,B-spline,6.676043754696895,6.676043754696895,3.3642706614596145,FALSE,0
93,PS_sum,B-spline,6.629630148168548,6.629630148168548,3.340881369766313,FALSE,0
94,PS_sum,B-spline,6.583725445126603,6.583725445126603,3.3177485307164822,FALSE,0
95,PS_sum,B-spline,6.538337513159389,6.538337513159389,3.2948761090379706,FALSE,0
96,PS_sum,B-spline,6.493474219855239,6.493474219855239,3.2722680694586277,FALSE,0
97,PS_sum,B-spline,6.4491434328024875,6.4491434328024875,3.249928376706306,FALSE,0
98,PS_sum,B-spline,6.405353019589466,6.405353019589466,3.2278609955088546,FALSE,0
99,PS_sum,B-spline,6.362110847804508,6.362110847804508,3.206069890594124,FALSE,0
100,PS_sum,B-spline,6.319424785035947,6.319424785035947,3.1845590266899655,FALSE,0
101,PS_sum,B-spline,6.2773000462621455,6.2773000462621455,3.1633310317897454,FALSE,0
102,PS_sum,B-spline,6.235731236021589,6.235731236021589,3.1423831869489,FALSE,0
103,PS_sum,B-spline,6.194710306242794,6.194710306242794,3.121711436488382,FALSE,0
104,PS_sum,B-spline,6.154229208854274,6.154229208854274,3.1013117247291424,FALSE,0
105,PS_sum,B-spline,6.114279895784549,6.114279895784549,3.0811799959921364,FALSE,0
106,PS_sum,B-spline,6.074854318962131,6.074854318962131,3.0613121945983144,FALSE,0
107,PS_sum,B-spline,6.035944430315535,6.035944430315535,3.041704264868629,FALSE,0
108,PS_sum,B-spline,5.997542181773278,5.997542181773278,3.022352151124033,FALSE,0
109,PS_sum,B-spline,5.95963952526388,5.95963952526388,3.0032517976854805,FALSE,0
110,PS_sum,B-spline,5.9222284127158495,5.9222284127158495,2.9843991488739214,FALSE,0
111,PS_sum,B-spline,5.885300796057708,5.885300796057708,2.965790149010311,FALSE,0
112,PS_sum,B-spline,5.848848627217967,5.848848627217967,2.947420742415599,FALSE,0
113,PS_sum,B-spline,5.812863858125145,5.812863858125145,2.9292868734107405,FALSE,0
114,PS_sum,B-spline,5.777338440707758,5.777338440707758,2.911384486316687,FALSE,0
115,PS_sum,B-spline,5.742264326894321,5.742264326894321,2.8937095254543914,FALSE,0
116,PS_sum,B-spline,5.707633468613347,5.707633468613347,2.876257935144804,FALSE,0
117,PS_sum,B-spline,5.6734378177933555,5.6734378177933555,2.859025659708881,FALSE,0
118,PS_sum,B-spline,5.639669326362862,5.639669326362862,2.842008643467573,FALSE,0
119,PS_sum,B-spline,5.606319946250378,5.606319946250378,2.8252028307418304,FALSE,0
120,PS_sum,B-spline,5.573381629384425,5.573381629384425,2.8086041658526106,FALSE,0
121,PS_sum,B-spline,5.540846327693516,5.540846327693516,2.7922085931208627,FALSE,0
122,PS_sum,B-spline,5.508705993106169,5.508705993106169,2.7760120568675415,FALSE,0
123,PS_sum,B-spline,5.476952577550894,5.476952577550894,2.7600105014135963,FALSE,0
124,PS_sum,B-spline,5.445578032956212,5.445578032956212,2.7441998710799824,FALSE,0
125,PS_sum,B-spline,5.414574311250638,5.414574311250638,2.7285761101876513,FALSE,0
126,PS_sum,B-spline,5.383933364362685,5.383933364362685,2.7131351630575553,FALSE,0
127,PS_sum,B-spline,5.353647144220873,5.353647144220873,2.6978729740106493,FALSE,0
128,PS_sum,B-spline,5.323707602753715,5.323707602753715,2.6827854873678825,FALSE,0
129,PS_sum,B-spline,5.294106691889724,5.294106691889724,2.667868647450208,FALSE,0
130,PS_sum,B-spline,5.264836363557422,5.264836363557422,2.6531183985785805,FALSE,0
131,PS_sum,B-spline,5.235888569685322,5.235888569685322,2.638530685073951,FALSE,0
132,PS_sum,B-spline,5.207255262201939,5.207255262201939,2.624101451257273,FALSE,0
133,PS_sum,B-spline,5.178928393035789,5.178928393035789,2.6098266414494975,FALSE,0
134,PS_sum,B-spline,5.150899914115387,5.150899914115387,2.595702199971578,FALSE,0
135,PS_sum,B-spline,5.12316177736925,5.12316177736925,2.581724071144467,FALSE,0
136,PS_sum,B-spline,5.095705934725894,5.095705934725894,2.5678881992891167,FALSE,0
137,PS_sum,B-spline,5.068524338113834,5.068524338113834,2.5541905287264806,FALSE,0
138,PS_sum,B-spline,5.041608939461585,5.041608939461585,2.54062700377751,FALSE,0
139,PS_sum,B-spline,5.014951690697664,5.014951690697664,2.527193568763159,FALSE,0
140,PS_sum,B-spline,4.988544543750587,4.988544543750587,2.5138861680043783,FALSE,0
141,PS_sum,B-spline,4.962379450548869,4.962379450548869,2.500700745822121,FALSE,0
142,PS_sum,B-spline,4.936448363021025,4.936448363021025,2.487633246537341,FALSE,0
143,PS_sum,B-spline,4.910743233095573,4.910743233095573,2.4746796144709893,FALSE,0
144,PS_sum,B-spline,4.885256012701027,4.885256012701027,2.461835793944019,FALSE,0
145,PS_sum,B-spline,4.859978653765903,4.859978653765903,2.4490977292773826,FALSE,0
146,PS_sum,B-spline,4.8349031082187155,4.8349031082187155,2.4364613647920326,FALSE,0
147,PS_sum,B-spline,4.810021327987982,4.810021327987982,2.423922644808922,FALSE,0
148,PS_sum,B-spline,4.785325265002219,4.785325265002219,2.411477513649002,FALSE,0
149,PS_sum,B-spline,4.760806871189941,4.760806871189941,2.399121915633228,FALSE,0
150,PS_sum,B-spline,4.736458098479664,4.736458098479664,2.3868517950825496,FALSE,0
151,PS_sum,B-spline,4.712271567148693,4.712271567148693,2.37466343312012,FALSE,0
152,PS_sum,B-spline,4.688242570869503,4.688242570869503,2.3625544580778985,FALSE,0
153,PS_sum,B-spline,4.664367071663351,4.664367071663351,2.350522835090041,FALSE,0
154,PS_sum,B-spline,4.6406410315515,4.6406410315515,2.338566529290703,FALSE,0
155,PS_sum,B-spline,4.617060412555213,4.617060412555213,2.326683505814044,FALSE,0
156,PS_sum,B-spline,4.5936211766957475,4.5936211766957475,2.314871729794219,FALSE,0
157,PS_sum,B-spline,4.570319285994371,4.570319285994371,2.3031291663653883,FALSE,0
158,PS_sum,B-spline,4.547150702472342,4.547150702472342,2.291453780661707,FALSE,0
159,PS_sum,B-spline,4.524111388150922,4.524111388150922,2.279843537817332,FALSE,0
160,PS_sum,B-spline,4.501197305051371,4.501197305051371,2.2682964029664214,FALSE,0
161,PS_sum,B-spline,4.478404415194955,4.478404415194955,2.2568103412431335,FALSE,0
162,PS_sum,B-spline,4.455728680602929,4.455728680602929,2.245383317781622,FALSE,0
163,PS_sum,B-spline,4.433166063296562,4.433166063296562,2.234013297716048,FALSE,0
164,PS_sum,B-spline,4.410712525297109,4.410712525297109,2.2226982461805664,FALSE,0
165,PS_sum,B-spline,4.388364028625836,4.388364028625836,2.211436128309335,FALSE,0
166,PS_sum,B-spline,4.366116535304004,4.366116535304004,2.2002249092365123,FALSE,0
167,PS_sum,B-spline,4.343966007352871,4.343966007352871,2.189062554096253,FALSE,0
168,PS_sum,B-spline,4.321908406793704,4.321908406793704,2.177947028022717,FALSE,0
169,PS_sum,B-spline,4.299939695647759,4.299939695647759,2.166876296150059,FALSE,0
170,PS_sum,B-spline,4.278055835936304,4.278055835936304,2.1558483236124393,FALSE,0
171,PS_sum,B-spline,4.256252789680593,4.256252789680593,2.1448610755440103,FALSE,0
172,PS_sum,B-spline,4.234526518901895,4.234526518901895,2.133912517078935,FALSE,0
173,PS_sum,B-spline,4.212872985621465,4.212872985621465,2.1230006133513664,FALSE,0
174,PS_sum,B-spline,4.191288151860569,4.191288151860569,2.112123329495463,FALSE,0
175,PS_sum,B-spline,4.1697679796404685,4.1697679796404685,2.1012786306453837,FALSE,0
176,PS_sum,B-spline,4.148308430982422,4.148308430982422,2.0904644819352836,FALSE,0
177,PS_sum,B-spline,4.126905467907693,4.126905467907693,2.0796788484993196,FALSE,0
178,PS_sum,B-spline,4.105555052437543,4.105555052437543,2.0689196954716507,FALSE,0
179,PS_sum,B-spline,4.084253146593233,4.084253146593233,2.0581849879864325,FALSE,0
180,PS_sum,B-spline,4.062995712396026,4.062995712396026,2.0474726911778234,FALSE,0
181,PS_sum,B-spline,4.041778711867181,4.041778711867181,2.0367807701799805,FALSE,0
182,PS_sum,B-spline,4.020598107027962,4.020598107027962,2.0261071901270604,FALSE,0
183,PS_sum,B-spline,3.999449859899631,3.999449859899631,2.015449916153221,FALSE,0
184,PS_sum,B-spline,3.978329932503447,3.978329932503447,2.004806913392619,FALSE,0
185,PS_sum,B-spline,3.957234286860672,3.957234286860672,1.9941761469794115,FALSE,0
186,PS_sum,B-spline,3.9361588849925697,3.9361588849925697,1.9835555820477564,FALSE,0
187,PS_sum,B-spline,3.9150996889204,3.9150996889204,1.9729431837318105,FALSE,0
188,PS_sum,B-spline,3.8940526606654258,3.8940526606654258,1.962336917165732,FALSE,0
189,PS_sum,B-spline,3.8730137622489056,3.8730137622489056,1.9517347474836757,FALSE,0
190,PS_sum,B-spline,3.851978955692104,3.851978955692104,1.941134639819801,FALSE,0
191,PS_sum,B-spline,3.8309442030162826,3.8309442030162826,1.9305345593082648,FALSE,0
192,PS_sum,B-spline,3.809905466242701,3.809905466242701,1.9199324710832237,FALSE,0
193,PS_sum,B-spline,3.78885870739262,3.78885870739262,1.909326340278834,FALSE,0
194,PS_sum,B-spline,3.767799888487305,3.767799888487305,1.8987141320292555,FALSE,0
195,PS_sum,B-spline,3.746724971548016,3.746724971548016,1.8880938114686443,FALSE,0
196,PS_sum,B-spline,3.7256299185960136,3.7256299185960136,1.8774633437311568,FALSE,0
197,PS_sum,B-spline,3.704510691652559,3.704510691652559,1.8668206939509508,FALSE,0
198,PS_sum,B-spline,3.683363252738914,3.683363252738914,1.8561638272621832,FALSE,0
199,PS_sum,B-spline,3.6621835638763423,3.6621835638763423,1.8454907087990118,FALSE,0
200,PS_sum,B-spline,3.640967587086103,3.640967587086103,1.8347993036955936,FALSE,0
201,PS_sum,B-spline,3.6196876243320384,3.6196876243320384,1.8240756540310623,FALSE,0
202,PS_sum,B-spline,3.5982213373483036,3.5982213373483036,1.813258109664454,FALSE,0
203,PS_sum,B-spline,3.5764227278116367,3.5764227278116367,1.8022730973997834,FALSE,0
204,PS_sum,B-spline,3.5541457973987716,3.5541457973987716,1.7910470440410629,FALSE,0
205,PS_sum,B-spline,3.5312445477864465,3.5312445477864465,1.7795063763923071,FALSE,0
206,PS_sum,B-spline,3.507572980651395,3.507572980651395,1.7675775212575282,FALSE,0
207,PS_sum,B-spline,3.4829850976703547,3.4829850976703547,1.7551869054407403,FALSE,0
208,PS_sum,B-spline,3.4573349005200606,3.4573349005200606,1.742260955745956,FALSE,0
209,PS_sum,B-spline,3.4304763908772493,3.4304763908772493,1.7287260989771898,FALSE,0
210,PS_sum,B-spline,3.402263570418656,3.402263570418656,1.714508761938454,FALSE,0
211,PS_sum,B-spline,3.3725504408210183,3.3725504408210183,1.6995353714337629,FALSE,0
212,PS_sum,B-spline,3.3411910037610704,3.3411910037610704,1.6837323542671294,FALSE,0
213,PS_sum,B-spline,3.3080392609155496,3.3080392609155496,1.6670261372425672,FALSE,0
214,PS_sum,B-spline,3.2729492139611907,3.2729492139611907,1.6493431471640891,FALSE,0
215,PS_sum,B-spline,3.235774864574731,3.235774864574731,1.6306098108357097,FALSE,0
216,PS_sum,B-spline,3.1963702144329047,3.1963702144329047,1.6107525550614405,FALSE,0
217,PS_sum,B-spline,3.154589265212449,3.154589265212449,1.5896978066452965,FALSE,0
218,PS_sum,B-spline,3.1102860185901,3.1102860185901,1.5673719923912908,FALSE,0
219,PS_sum,B-spline,3.063314476242593,3.063314476242593,1.5437015391034363,FALSE,0
220,PS_sum,B-spline,3.013528639846664,3.013528639846664,1.5186128735857467,FALSE,0
221,PS_sum,B-spline,2.9607825110790498,2.9607825110790498,1.4920324226422352,FALSE,0
222,PS_sum,B-spline,2.9049300916164857,2.9049300916164857,1.4638866130769155,FALSE,0
223,PS_sum,B-spline,2.8458253831357077,2.8458253831357077,1.434101871693801,FALSE,0
224,PS_sum,B-spline,2.783322387313452,2.783322387313452,1.4026046252969047,FALSE,0
1,PS_sum,BNMR,32.74805779217444,49.941517039919304,32.94361517372977,TRUE,17.19345923774486
2,PS_sum,BNMR,30.67946365179762,47.87292289954248,31.579079746086773,TRUE,17.19345923774486
3,PS_sum,BNMR,28.695343300870032,45.8888025486149,30.270266935152794,TRUE,17.19345923774486
4,PS_sum,BNMR,26.792604727845635,43.9860639755905,29.015137114490283,TRUE,17.19345923774486
5,PS_sum,BNMR,24.968255180907587,42.16171442865245,27.81171613373282,TRUE,17.19345923774486
6,PS_sum,BNMR,23.219398423817953,40.41285767156281,26.658093508423175,TRUE,17.19345923774486
7,PS_sum,BNMR,21.5432320549046,38.73669130264946,25.55242065149951,TRUE,17.19345923774486
8,PS_sum,BNMR,19.937044888042905,37.13050413578777,24.49290914567601,TRUE,17.19345923774486
9,PS_sum,BNMR,18.398214394504347,35.59167364224921,23.47782905597402,TRUE,17.19345923774486
10,PS_sum,BNMR,16.924204204556776,34.117663452301635,22.505507281667985,TRUE,17.19345923774486
11,PS_sum,BNMR,15.512561667718746,32.706020915463604,21.574325946922237,TRUE,17.19345923774486
12,PS_sum,BNMR,14.160915470583088,31.35437471832795,20.68272082940288,TRUE,17.19345923774486
13,PS_sum,BNMR,12.866973311138953,30.060432558883814,19.829179826158626,TRUE,17.19345923774486
14,PS_sum,BNMR,11.628519628537601,28.821978876282465,19.01224145607476,TRUE,17.19345923774486
15,PS_sum,BNMR,10.443413387259627,27.636872635004487,18.230493398212598,TRUE,17.19345923774486
16,PS_sum,BNMR,9.309585914656463,26.503045162401325,17.482571065357057,TRUE,17.19345923774486
17,PS_sum,BNMR,8.225038790852697,25.41849803859756,16.767156212103643,TRUE,17.19345923774486
18,PS_sum,BNMR,7.187841790009097,24.381301037753957,16.082975576825255,TRUE,17.19345923774486
19,PS_sum,BNMR,6.19613087196096,23.389590119705822,15.42879955686876,TRUE,17.19345923774486
20,PS_sum,BNMR,5.248106223258977,22.441565471003837,14.803440916339587,TRUE,17.19345923774486
21,PS_sum,BNMR,4.342030346654124,21.535489594398985,14.2057535258422,TRUE,17.19345923774486
22,PS_sum,BNMR,3.4762261980807465,20.669685445825607,13.634631133552409,TRUE,17.19345923774486
23,PS_sum,BNMR,2.6490753702060124,19.842534617950875,13.089006167006914,TRUE,17.19345923774486
24,PS_sum,BNMR,1.8590163216265756,19.05247556937144,12.56784856500376,TRUE,17.19345923774486
25,PS_sum,BNMR,1.1045426508063851,18.29800189855125,12.070164639016001,TRUE,17.19345923774486
26,PS_sum,BNMR,0.38420141386281026,17.577660661607673,11.594995963529646,TRUE,17.19345923774486
27,PS_sum,BNMR,-0.3034085146794058,16.890050733065458,11.14141829472507,TRUE,17.19345923774486
28,PS_sum,BNMR,-0.9596380390334422,16.23382120871142,10.708540516929915,TRUE,17.19345923774486
29,PS_sum,BNMR,-1.5857893980503286,15.607669849694533,10.295503616279259,TRUE,17.19345923774486
30,PS_sum,BNMR,-2.1831176807155153,15.010341567029347,9.9014796810276,TRUE,17.19345923774486
31,PS_sum,BNMR,-2.752832302072306,14.440626945672555,9.525670927965027,TRUE,17.19345923774486
32,PS_sum,BNMR,-3.2960984403898705,13.89736080735499,9.167308754398162,TRUE,17.19345923774486
33,PS_sum,BNMR,-3.814038436381306,13.379420811363556,8.825652815164553,TRUE,17.19345923774486
34,PS_sum,BNMR,-4.307733155265534,12.885726092479327,8.499990124156898,TRUE,17.19345923774486
35,PS_sum,BNMR,-4.778223312454227,12.415235935290635,8.189634179841818,TRUE,17.19345923774486
36,PS_sum,BNMR,-5.226510763634047,11.966948484110816,7.893924114265002,TRUE,17.19345923774486
37,PS_sum,BNMR,-5.653559760001657,11.539899487743206,7.612223865043163,TRUE,17.19345923774486
38,PS_sum,BNMR,-6.060298169398408,11.133161078346454,7.343921369850013,TRUE,17.19345923774486
39,PS_sum,BNMR,-6.447618664079209,10.745840583665654,7.088427782911838,TRUE,17.19345923774486
40,PS_sum,BNMR,-6.816379875839331,10.37707937190553,6.845176713035179,TRUE,17.19345923774486
41,PS_sum,BNMR,-7.1674075192112605,10.026051728533602,6.613623482696929,TRUE,17.19345923774486
42,PS_sum,BNMR,-7.5014954834325724,9.69196376431229,6.3932444077344215,TRUE,17.19345923774486
43,PS_sum,BNMR,-7.8194068938747225,9.37405235387014,6.1835360971804505,TRUE,17.19345923774486
44,PS_sum,BNMR,-8.1218751436118,9.071584104133061,5.984014772795267,TRUE,17.19345923774486
45,PS_sum,BNMR,-8.409604895797207,8.783854351947655,5.794215607854963,TRUE,17.19345923774486
46,PS_sum,BNMR,-8.683273057505652,8.51018619023921,5.61369208476257,TRUE,17.19345923774486
47,PS_sum,BNMR,-8.94352972568697,8.249929522057892,5.44201537105543,TRUE,17.19345923774486
48,PS_sum,BNMR,-9.190999105867816,8.002460141877046,5.27877371338927,TRUE,17.19345923774486
49,PS_sum,BNMR,-9.426280404227127,7.767178843517734,5.123571849086088,TRUE,17.19345923774486
50,PS_sum,BNMR,-9.64994869366029,7.543510554084571,4.9760304348402435,TRUE,17.19345923774486
51,PS_sum,BNMR,-9.862555754437114,7.330903493307747,4.835785492183597,TRUE,17.19345923774486
52,PS_sum,BNMR,-10.064630890048484,7.128828357696377,4.702487869317253,TRUE,17.19345923774486
53,PS_sum,BNMR,-10.25668171882667,6.936777528918191,4.5758027189241,TRUE,17.19345923774486
54,PS_sum,BNMR,-10.439194941913778,6.754264305831083,4.455408991583123,TRUE,17.19345923774486
55,PS_sum,BNMR,-10.61263708814393,6.58082215960093,4.340998944412455,TRUE,17.19345923774486
56,PS_sum,BNMR,-10.777455236393735,6.416004011351126,4.232277664575316,TRUE,17.19345923774486
57,PS_sum,BNMR,-10.934077715947472,6.259381531797389,4.128962607288422,TRUE,17.19345923774486
58,PS_sum,BNMR,-11.082914785412628,6.110544462332233,4.030783147979516,TRUE,17.19345923774486
59,PS_sum,BNMR,-11.224359290712469,5.969099957032392,3.9374801482466095,TRUE,17.19345923774486
60,PS_sum,BNMR,-11.358787302673184,5.834671945071677,3.8488055352775334,TRUE,17.19345923774486
61,PS_sum,BNMR,-11.486558734713741,5.70690051303112,3.76452189439462,TRUE,17.19345923774486
62,PS_sum,BNMR,-11.608017941136968,5.585441306607893,3.684402074395659,TRUE,17.19345923774486
63,PS_sum,BNMR,-11.723494296512309,5.469964951232552,3.6082288053676215,TRUE,17.19345923774486
64,PS_sum,BNMR,-11.833302756631166,5.3601564911136945,3.535794328655911,TRUE,17.19345923774486
65,PS_sum,BNMR,-11.937744401506365,5.255714846238496,3.4669000386781024,TRUE,17.19345923774486
66,PS_sum,BNMR,-12.037106960880017,5.156352286864844,3.4013561362758984,TRUE,17.19345923774486
67,PS_sum,BNMR,-12.131665322693737,5.061793925051124,3.3389812933058796,TRUE,17.19345923774486
68,PS_sum,BNMR,-12.22168202496812,4.971777222776741,3.2796023281742217,TRUE,17.19345923774486
69,PS_sum,BNMR,-12.307407731528384,4.886051516216477,3.2230538920271963,TRUE,17.19345923774486
70,PS_sum,BNMR,-12.389081692006357,4.804377555738504,3.1691781653136872,TRUE,17.19345923774486
71,PS_sum,BNMR,-12.466932186539253,4.726527061205608,3.1178245644423663,TRUE,17.19345923774486
72,PS_sum,BNMR,-12.541176955578853,4.652282292166007,3.0688494582607104,TRUE,17.19345923774486
73,PS_sum,BNMR,-12.61202361521515,4.58143563252971,3.022115894089305,TRUE,17.19345923774486
74,PS_sum,BNMR,-12.679670058412222,4.5137891893326385,2.977493333049067,TRUE,17.19345923774486
75,PS_sum,BNMR,-12.744304842544476,4.449154405200384,2.9348573944253347,TRUE,17.19345923774486
76,PS_sum,BNMR,-12.806107563615242,4.3873516841296185,2.8940896088168753,TRUE,17.19345923774486
77,PS_sum,BNMR,-12.86524921753078,4.328210030214081,2.8550771798236987,TRUE,17.19345923774486
78,PS_sum,BNMR,-12.921892548795727,4.271566698949134,2.817712754032248,TRUE,17.19345923774486
79,PS_sum,BNMR,-12.97619238698853,4.2172668607563315,2.7818941990614485,TRUE,17.19345923774486
80,PS_sum,BNMR,-13.02829597136773,4.165163276377132,2.7475243894381585,TRUE,17.19345923774486
81,PS_sum,BNMR,-13.078343263952558,4.115115983792303,2.714511000075481,TRUE,17.19345923774486
82,PS_sum,BNMR,-13.126467251415193,4.066991996329668,2.682766307131388,TRUE,17.19345923774486
83,PS_sum,BNMR,-13.172794236112367,4.020665011632494,2.6522069960315053,TRUE,17.19345923774486
84,PS_sum,BNMR,-13.217444116580506,3.9760151311643552,2.6227539764422194,TRUE,17.19345923774486
85,PS_sum,BNMR,-13.2605306578081,3.9329285899367603,2.594332203987163,TRUE,17.19345923774486
86,PS_sum,BNMR,-13.302161751594682,3.8912974961501794,2.566870508503016,TRUE,17.19345923774486
87,PS_sum,BNMR,-13.342439667297379,3.851019580447482,2.54030142863608,TRUE,17.19345923774486
88,PS_sum,BNMR,-13.381461293261129,3.811997954483732,2.5145610525843174,TRUE,17.19345923774486
89,PS_sum,BNMR,-13.419318369219294,3.774140878525567,2.489588864795717,TRUE,17.19345923774486
90,PS_sum,BNMR,-13.456097709948036,3.737361537796825,2.4653275984360534,TRUE,17.19345923774486
91,PS_sum,BNMR,-13.491881420449266,3.701577827295595,2.441723093444778,TRUE,17.19345923774486
92,PS_sum,BNMR,-13.526747102930788,3.666712144814073,2.4187241600018345,TRUE,17.19345923774486
93,PS_sum,BNMR,-13.560768055847795,3.6326911918970657,2.396282447231163,TRUE,17.19345923774486
94,PS_sum,BNMR,-13.594013465260932,3.5994457824839285,2.3743523169725234,TRUE,17.19345923774486
95,PS_sum,BNMR,-13.626548588762859,3.5669106589820023,2.352890722455471,TRUE,17.19345923774486
96,PS_sum,BNMR,-13.658434932216947,3.535024315527914,2.3318570917147543,TRUE,17.19345923774486
97,PS_sum,BNMR,-13.689730419547711,3.5037288281971497,2.3112132155891065,TRUE,17.19345923774486
98,PS_sum,BNMR,-13.72048955581552,3.4729696919293405,2.2909231401500074,TRUE,17.19345923774486
99,PS_sum,BNMR,-13.750763583802412,3.442695663942449,2.270953063410815,TRUE,17.19345923774486
100,PS_sum,BNMR,-13.780600634331885,3.4128586134129764,2.2512712361692357,TRUE,17.19345923774486
101,PS_sum,BNMR,-13.81004587053712,3.3834133772077406,2.2318478668416777,TRUE,17.19345923774486
102,PS_sum,BNMR,-13.839141626289454,3.354317621455407,2.212655030149762,TRUE,17.19345923774486
103,PS_sum,BNMR,-13.867927538991799,3.3255317087530623,2.1936665795239505,TRUE,17.19345923774486
104,PS_sum,BNMR,-13.896440676936722,3.297018570808139,2.1748580630925773,TRUE,17.19345923774486
105,PS_sum,BNMR,-13.924715661424292,3.2687435863205687,2.156206643127558,TRUE,17.19345923774486
106,PS_sum,BNMR,-13.952784783829271,3.2406744639155898,2.1376910188217364,TRUE,17.19345923774486
107,PS_sum,BNMR,-13.980678117801142,3.2127811299437186,2.1192913522768224,TRUE,17.19345923774486
108,PS_sum,BNMR,-14.00842362677842,3.185035620966441,2.1009891975822406,TRUE,17.19345923774486
109,PS_sum,BNMR,-14.036047266989955,3.1574119807549055,2.082767432870949,TRUE,17.19345923774486
110,PS_sum,BNMR,-14.063573086113973,3.129886161630888,2.064610195239611,TRUE,17.19345923774486
111,PS_sum,BNMR,-14.091023317760628,3.1024359299842326,2.046502818423758,TRUE,17.19345923774486
112,PS_sum,BNMR,-14.118418471936842,3.075040775808019,2.028431773123216,TRUE,17.19345923774486
113,PS_sum,BNMR,-14.145777421651392,3.047681826093469,2.010384609873587,TRUE,17.19345923774486
114,PS_sum,BNMR,-14.173117485809707,3.0203417619351542,1.9923499043652086,TRUE,17.19345923774486
115,PS_sum,BNMR,-14.200454508547308,2.993004739197553,1.9743172051113356,TRUE,17.19345923774486
116,PS_sum,BNMR,-14.227802935143083,2.9656563126017774,1.956276983372415,TRUE,17.19345923774486
117,PS_sum,BNMR,-14.255175884652035,2.9382833630928262,1.9382205852443397,TRUE,17.19345923774486
118,PS_sum,BNMR,-14.28258521939106,2.9108740283538017,1.9201401858225802,TRUE,17.19345923774486
119,PS_sum,BNMR,-14.310041611408378,2.8834176363364827,1.9020287453560316,TRUE,17.19345923774486
120,PS_sum,BNMR,-14.337554606063065,2.8559046416817955,1.8838799673071704,TRUE,17.19345923774486
121,PS_sum,BNMR,-14.365132682836537,2.8283265649083242,1.8656882582381287,TRUE,17.19345923774486
122,PS_sum,BNMR,-14.392783313494647,2.800675934250214,1.8474486894444213,TRUE,17.19345923774486
123,PS_sum,BNMR,-14.42051301771567,2.7729462300291905,1.8291569602602926,TRUE,17.19345923774486
124,PS_sum,BNMR,-14.448327416294191,2.74513183145067,1.810809362963096,TRUE,17.19345923774486
125,PS_sum,BNMR,-14.476231282029017,2.7172279657158436,1.7924027492053929,TRUE,17.19345923774486
126,PS_sum,BNMR,-14.504228588399046,2.6892306593458146,1.7739344979062182,TRUE,17.19345923774486
127,PS_sum,BNMR,-14.532322556126923,2.661136691617938,1.7554024845356477,TRUE,17.19345923774486
128,PS_sum,BNMR,-14.560515697727908,2.632943550016953,1.736805051728412,TRUE,17.19345923774486
129,PS_sum,BNMR,-14.588809860137827,2.604649387607034,1.7181409811646298,TRUE,17.19345923774486
130,PS_sum,BNMR,-14.617206265510065,2.576252982234796,1.6994094666583224,TRUE,17.19345923774486
131,PS_sum,BNMR,-14.64570555026925,2.5477536974756108,1.6806100883958905,TRUE,17.19345923774486
132,PS_sum,BNMR,-14.674307802505776,2.5191514452390846,1.661742788269046,TRUE,17.19345923774486
133,PS_sum,BNMR,-14.703012597792222,2.4904466499526388,1.6428078462487328,TRUE,17.19345923774486
134,PS_sum,BNMR,-14.731819033500399,2.4616402142444622,1.623805857748095,TRUE,17.19345923774486
135,PS_sum,BNMR,-14.760725761693235,2.4327334860516254,1.6047377119255475,TRUE,17.19345923774486
136,PS_sum,BNMR,-14.789731020665917,2.403728227078944,1.5856045708788586,TRUE,17.19345923774486
137,PS_sum,BNMR,-14.818832665204095,2.374626582540766,1.5664078496855058,TRUE,17.19345923774486
138,PS_sum,BNMR,-14.848028195628148,2.345431052116713,1.5471491972438083,TRUE,17.19345923774486
139,PS_sum,BNMR,-14.877314785686602,2.3161444620582587,1.527830477873203,TRUE,17.19345923774486
140,PS_sum,BNMR,-14.906689309362129,2.286769938382732,1.5084537536318336,TRUE,17.19345923774486
141,PS_sum,BNMR,-14.936148366649022,2.2573108810958393,1.489021267312595,TRUE,17.19345923774486
142,PS_sum,BNMR,-14.965688308359073,2.2277709393857874,1.469535426080089,TRUE,17.19345923774486
143,PS_sum,BNMR,-14.995305260012282,2.198153987732579,1.449998785711268,TRUE,17.19345923774486
144,PS_sum,BNMR,-15.024995144863329,2.168464102881532,1.4304140354061574,TRUE,17.19345923774486
145,PS_sum,BNMR,-15.054753706116058,2.138705541628803,1.4107839831342142,TRUE,17.19345923774486
146,PS_sum,BNMR,-15.084576528373283,2.108882719371578,1.3911115414850896,TRUE,17.19345923774486
147,PS_sum,BNMR,-15.11445905836906,2.0790001893758,1.3713997139927159,TRUE,17.19345923774486
148,PS_sum,BNMR,-15.14439662502748,2.04906262271738,1.3516515819036456,TRUE,17.19345923774486
149,PS_sum,BNMR,-15.174384458891392,2.0190747888534686,1.3318702913610139,TRUE,17.19345923774486
150,PS_sum,BNMR,-15.20441771096076,1.989041536784101,1.3120590409779305,TRUE,17.19345923774486
151,PS_sum,BNMR,-15.234491470980897,1.9589677767639637,1.29222106977376,TRUE,17.19345923774486
152,PS_sum,BNMR,-15.264600785216995,1.9288584625278657,1.2723596454492634,TRUE,17.19345923774486
153,PS_sum,BNMR,-15.294740673750988,1.8987185739938726,1.2524780529768256,TRUE,17.19345923774486
154,PS_sum,BNMR,-15.324906147335758,1.8685531004091027,1.2325795834826845,TRUE,17.19345923774486
155,PS_sum,BNMR,-15.355092223837724,1.8383670239071366,1.2126675234006756,TRUE,17.19345923774486
156,PS_sum,BNMR,-15.385293944301011,1.8081653034438494,1.1927451438756043,TRUE,17.19345923774486
157,PS_sum,BNMR,-15.415506388661472,1.7779528590833893,1.1728156903975862,TRUE,17.19345923774486
158,PS_sum,BNMR,-15.445724691140478,1.7477345566043825,1.1528823726476258,TRUE,17.19345923774486
159,PS_sum,BNMR,-15.475944055344984,1.717515192399877,1.1329483545369574,TRUE,17.19345923774486
160,PS_sum,BNMR,-15.506159769100789,1.6872994786440723,1.1130167444223678,TRUE,17.19345923774486
161,PS_sum,BNMR,-15.536367219043447,1.6570920287014141,1.093090585481397,TRUE,17.19345923774486
162,PS_sum,BNMR,-15.56656190499193,1.6268973427529305,1.0731728462308379,TRUE,17.19345923774486
163,PS_sum,BNMR,-15.59673945412682,1.5967197936180417,1.0532664111741803,TRUE,17.19345923774486
164,PS_sum,BNMR,-15.626895634996627,1.5665636127482339,1.0333740715624251,TRUE,17.19345923774486
165,PS_sum,BNMR,-15.657026371372908,1.5364328763719532,1.0134985162546464,TRUE,17.19345923774486
166,PS_sum,BNMR,-15.68712775597418,1.5063314917706814,0.9936423226650907,TRUE,17.19345923774486
167,PS_sum,BNMR,-15.717196064080243,1.476263183664618,0.9738079477825752,TRUE,17.19345923774486
168,PS_sum,BNMR,-15.74722776705406,1.446231480690801,0.9539977192508633,TRUE,17.19345923774486
169,PS_sum,BNMR,-15.777219545791061,1.4162397019538,0.9342138264969118,TRUE,17.19345923774486
170,PS_sum,BNMR,-15.807168304113782,1.3862909436310789,0.9144583118951799,TRUE,17.19345923774486
171,PS_sum,BNMR,-15.837071182128708,1.3563880656161524,0.8947330619568711,TRUE,17.19345923774486
172,PS_sum,BNMR,-15.866925569563362,1.326533678181499,0.8750397985322034,TRUE,17.19345923774486
173,PS_sum,BNMR,-15.896729119099582,1.2967301286452786,0.85538007001519345,TRUE,17.19345923774486
174,PS_sum,BNMR,-15.926479759719914,1.2669794880249468,0.835755242539794,TRUE,17.19345923774486
175,PS_sum,BNMR,-15.956175710083524,1.2372835376613365,0.8161664911565513,TRUE,17.19345923774486
176,PS_sum,BNMR,-15.985815491946497,1.2076437557983644,0.7966147909799915,TRUE,17.19345923774486
177,PS_sum,BNMR,-16.015397943644285,1.1780613041005763,0.7771009082950023,TRUE,17.19345923774486
178,PS_sum,BNMR,-16.044922233650208,1.1485370140946527,0.7576253916130542,TRUE,17.19345923774486
179,PS_sum,BNMR,-16.074387874226982,1.1190713735178788,0.7381885626670538,TRUE,17.19345923774486
180,PS_sum,BNMR,-16.10379473518651,1.0896645125583495,0.7187905073347788,TRUE,17.19345923774486
181,PS_sum,BNMR,-16.13314305777444,1.060316189970421,0.699431066480021,TRUE,17.19345923774486
182,PS_sum,BNMR,-16.162433468694978,1.031025779049883,0.6801098267011947,TRUE,17.19345923774486
183,PS_sum,BNMR,-16.191666994292234,1.001792253452627,0.6608261109767086,TRUE,17.19345923774486
184,PS_sum,BNMR,-16.22084507490497,0.9726141728398893,0.641578969195938,TRUE,17.19345923774486
185,PS_sum,BNMR,-16.24996957941204,0.9434896683328226,0.6223671685644226,TRUE,17.19345923774486
186,PS_sum,BNMR,-16.279042819984006,0.9144164277608545,0.6031891838730362,TRUE,17.19345923774486
187,PS_sum,BNMR,-16.308067567060686,0.8853916806841752,0.5840431876181634,TRUE,17.19345923774486
188,PS_sum,BNMR,-16.337047064571493,0.8564121831733679,0.5649270399616757,TRUE,17.19345923774486
189,PS_sum,BNMR,-16.365985045417254,0.8274742023276068,0.5458382785184559,TRUE,17.19345923774486
190,PS_sum,BNMR,-16.394885747233822,0.7985735005110391,0.5267741079580244,TRUE,17.19345923774486
191,PS_sum,BNMR,-16.42375392845542,0.7697053192894422,0.5077313894084535,TRUE,17.19345923774486
192,PS_sum,BNMR,-16.452594884700247,0.7408643630446142,0.48870662964770106,TRUE,17.19345923774486
193,PS_sum,BNMR,-16.48141446549888,0.7120447822459816,0.46969597006882857,TRUE,17.19345923774486
194,PS_sum,BNMR,-16.510219091386844,0.6832401563580169,0.45069517540498477,TRUE,17.19345923774486
195,PS_sum,BNMR,-16.5390157713858,0.6544434763590622,0.4316996221980544,TRUE,17.19345923774486
196,PS_sum,BNMR,-16.567812120895802,0.6256471268490592,0.41270428699613254,TRUE,17.19345923774486
197,PS_sum,BNMR,-16.596616380024276,0.5968428677205849,0.3937037342629354,TRUE,17.19345923774486
198,PS_sum,BNMR,-16.625437432377254,0.5680218153676072,0.3746921039822716,TRUE,17.19345923774486
199,PS_sum,BNMR,-16.654284824339605,0.5391744234052559,0.3556630989399574,TRUE,17.19345923774486
200,PS_sum,BNMR,-16.683168784872272,0.5102904628725887,0.33660997166469264,TRUE,17.19345923774486
201,PS_sum,BNMR,-16.712100245855957,0.4813590018889036,0.31752551100847226,TRUE,17.19345923774486
202,PS_sum,BNMR,-16.74109086301057,0.4523683847342915,0.2984020283472012,TRUE,17.19345923774486
203,PS_sum,BNMR,-16.77015303742332,0.42330621032154087,0.2792313433798184,TRUE,17.19345923774486
204,PS_sum,BNMR,-16.799299937716793,0.3941593100280683,0.2600047695052659,TRUE,17.19345923774486
205,PS_sum,BNMR,-16.828545522892643,0.3649137248522179,0.24071309875378188,TRUE,17.19345923774486
206,PS_sum,BNMR,-16.85790456588525,0.3355546818596116,0.22134658624988035,TRUE,17.19345923774486
207,PS_sum,BNMR,-16.887392677862664,0.306066569882197,0.201894934182377,TRUE,17.19345923774486
208,PS_sum,BNMR,-16.917026333314002,0.2764329144308589,0.1823472752556477,TRUE,17.19345923774486
209,PS_sum,BNMR,-16.946822895962057,0.24663635178280346,0.16269215559653025,TRUE,17.19345923774486
210,PS_sum,BNMR,-16.976800645543506,0.2166586022013553,0.1429175170889279,TRUE,17.19345923774486
211,PS_sum,BNMR,-17.006978805499774,0.18648044224508725,0.12301067910769697,TRUE,17.19345923774486
212,PS_sum,BNMR,-17.037377571623228,0.15608167612163287,0.102958319622365,TRUE,17.19345923774486
213,PS_sum,BNMR,-17.06801814170524,0.12544110603961928,0.08274645563996515,TRUE,17.19345923774486
214,PS_sum,BNMR,-17.09892274623453,0.0945365015103326,0.06236042295506834,TRUE,17.19345923774486
215,PS_sum,BNMR,-17.130114680195845,0.06334456754901568,0.0417848551739644,TRUE,17.19345923774486
216,PS_sum,BNMR,-17.161618336020783,0.0318409117240775,0.02100366197887537,TRUE,17.19345923774486
217,PS_sum,BNMR,-17.19345923774486,1e-8,6.596438619875573e-9,TRUE,17.19345923774486
218,PS_sum,BNMR,-17.19345923774486,1e-8,6.596438619875573e-9,TRUE,17.19345923774486
219,PS_sum,BNMR,-17.19345923774486,1e-8,6.596438619875573e-9,TRUE,17.19345923774486
220,PS_sum,BNMR,-17.19345923774486,1e-8,6.596438619875573e-9,TRUE,17.19345923774486
221,PS_sum,BNMR,-17.19345923774486,1e-8,6.596438619875573e-9,TRUE,17.19345923774486
222,PS_sum,BNMR,-17.19345923774486,1e-8,6.596438619875573e-9,TRUE,17.19345923774486
223,PS_sum,BNMR,-17.19345923774486,1e-8,6.596438619875573e-9,TRUE,17.19345923774486
224,PS_sum,BNMR,-17.19345923774486,1e-8,6.596438619875573e-9,TRUE,17.19345923774486
1,GP_sum,Loess,331.408526054758,331.408526054758,20.365507812315126,FALSE,0
2,GP_sum,Loess,326.0577878458562,326.0577878458562,20.036697621182515,FALSE,0
3,GP_sum,Loess,320.73762772109933,320.73762772109933,19.709766495199347,FALSE,0
4,GP_sum,Loess,315.44824290167395,315.44824290167395,19.38472655387765,FALSE,0
5,GP_sum,Loess,310.1895877848818,310.1895877848818,19.061574994869158,FALSE,0
6,GP_sum,Loess,304.96145038828104,304.96145038828104,18.7402987915625,FALSE,0
7,GP_sum,Loess,299.76348504990887,299.76348504990887,18.420876702556644,FALSE,0
8,GP_sum,Loess,294.59516438585945,294.59516438585945,18.103276319388296,FALSE,0
9,GP_sum,Loess,289.45581229370373,289.45581229370373,17.787456094637225,FALSE,0
10,GP_sum,Loess,284.3446645539126,284.3446645539126,17.47336906596671,FALSE,0
11,GP_sum,Loess,279.2608165482063,279.2608165482063,17.160959643344533,FALSE,0
12,GP_sum,Loess,274.2033259533235,274.2033259533235,16.8501699197157,FALSE,0
13,GP_sum,Loess,269.1713178431075,269.1713178431075,16.540946129669624,FALSE,0
14,GP_sum,Loess,264.1638884969285,264.1638884969285,16.23323273833589,FALSE,0
15,GP_sum,Loess,259.1801323718432,259.1801323718432,15.926974098860427,FALSE,0
16,GP_sum,Loess,254.21905066521424,254.21905066521424,15.622108833453249,FALSE,0
17,GP_sum,Loess,249.2795952107017,249.2795952107017,15.318572530857228,FALSE,0
18,GP_sum,Loess,244.36063141427613,244.36063141427613,15.016295468715358,FALSE,0
19,GP_sum,Loess,239.46099789835506,239.46099789835506,14.715206278784605,FALSE,0
20,GP_sum,Loess,234.57960600706,234.57960600706,14.415238061670253,FALSE,0
21,GP_sum,Loess,229.71545159762135,229.71545159762135,14.116329111423868,FALSE,0
22,GP_sum,Loess,224.86747878119556,224.86747878119556,13.818414542229899,FALSE,0
23,GP_sum,Loess,220.03463820481429,220.03463820481429,13.521429869911287,FALSE,0
24,GP_sum,Loess,215.21595688602176,215.21595688602176,13.22531530336356,FALSE,0
25,GP_sum,Loess,210.41049824898383,210.41049824898383,12.930013288719003,FALSE,0
26,GP_sum,Loess,205.6173683437816,205.6173683437816,12.635468891530778,FALSE,0
27,GP_sum,Loess,200.83576475043498,200.83576475043498,12.341632801992136,FALSE,0
28,GP_sum,Loess,196.0649753913208,196.0649753913208,12.048461261957899,FALSE,0
29,GP_sum,Loess,191.30442004845386,191.30442004845386,11.75591861623823,FALSE,0
30,GP_sum,Loess,186.55363741473536,186.55363741473536,11.463976516880113,FALSE,0
31,GP_sum,Loess,181.81222140275526,181.81222140275526,11.172610009256038,FALSE,0
32,GP_sum,Loess,177.07979511113373,177.07979511113373,10.881795932260026,FALSE,0
33,GP_sum,Loess,172.3562401034679,172.3562401034679,10.59152700781291,FALSE,0
34,GP_sum,Loess,167.6417145636108,167.6417145636108,10.301812956529103,FALSE,0
35,GP_sum,Loess,162.93661925608208,162.93661925608208,10.012678405937212,FALSE,0
36,GP_sum,Loess,158.2416664668769,158.2416664668769,9.724167126987163,FALSE,0
37,GP_sum,Loess,153.55793423260545,153.55793423260545,9.436345366505096,FALSE,0
38,GP_sum,Loess,148.88716929573866,148.88716929573866,9.14932046420813,FALSE,0
39,GP_sum,Loess,144.2319486549822,144.2319486549822,8.863250780196104,FALSE,0
40,GP_sum,Loess,139.5960555705083,139.5960555705083,8.578368800988027,FALSE,0
41,GP_sum,Loess,134.9851696097128,134.9851696097128,8.295023543778925,FALSE,0
42,GP_sum,Loess,130.40796044776508,130.40796044776508,8.013747771981658,FALSE,0
43,GP_sum,Loess,125.87755635740028,125.87755635740028,7.735348235935852,FALSE,0
44,GP_sum,Loess,121.41350350609402,121.41350350609402,7.461026074402675,FALSE,0
45,GP_sum,Loess,117.04420452985039,117.04420452985039,7.1925266682638975,FALSE,0
46,GP_sum,Loess,112.80901827150333,112.80901827150333,6.932268672316245,FALSE,0
47,GP_sum,Loess,108.75716805917521,108.75716805917521,6.683276927487494,FALSE,0
48,GP_sum,Loess,104.93774432525248,104.93774432525248,6.448568108080437,FALSE,0
49,GP_sum,Loess,102.00771429885808,102.00771429885808,6.268513750085453,FALSE,0
50,GP_sum,Loess,99.19915157981768,99.19915157981768,6.095923724485015,FALSE,0
51,GP_sum,Loess,96.50605086971095,96.50605086971095,5.930428997466532,FALSE,0
52,GP_sum,Loess,93.92342137430111,93.92342137430111,5.7717228778889265,FALSE,0
53,GP_sum,Loess,91.44764250523627,91.44764250523627,5.619582875639334,FALSE,0
54,GP_sum,Loess,89.07550865159526,89.07550865159526,5.473812001536351,FALSE,0
55,GP_sum,Loess,86.80361458109512,86.80361458109512,5.334200999392496,FALSE,0
56,GP_sum,Loess,84.62926799192194,84.62926799192194,5.200584423574013,FALSE,0
57,GP_sum,Loess,82.54997093213738,82.54997093213738,5.07280877151318,FALSE,0
58,GP_sum,Loess,80.563743003235615,80.563743003235615,4.950752345009524,FALSE,0
59,GP_sum,Loess,78.66902423405159,78.66902423405159,4.834319281698469,FALSE,0
60,GP_sum,Loess,76.86345874301583,76.86345874301583,4.723364809431029,FALSE,0
61,GP_sum,Loess,75.14239290702672,75.14239290702672,4.6176029566941645,FALSE,0
62,GP_sum,Loess,73.50015902153469,73.50015902153469,4.516685435280999,FALSE,0
63,GP_sum,Loess,71.93013897693773,71.93013897693773,4.420205553292544,FALSE,0
64,GP_sum,Loess,70.42682715633164,70.42682715633164,4.327824983029725,FALSE,0
65,GP_sum,Loess,68.98510977700597,68.98510977700597,4.239229475541315,FALSE,0
66,GP_sum,Loess,67.60117374084224,67.60117374084224,4.154184710725638,FALSE,0
67,GP_sum,Loess,66.27178430316478,66.27178430316478,4.072491909092176,FALSE,0
68,GP_sum,Loess,64.9927901798223,64.9927901798223,3.993895968544367,FALSE,0
69,GP_sum,Loess,63.75896446460147,63.75896446460147,3.9180756885368058,FALSE,0
70,GP_sum,Loess,62.56638130561335,62.56638130561335,3.8447898200941966,FALSE,0
71,GP_sum,Loess,61.411946738369096,61.411946738369096,3.7738482348613083,FALSE,0
72,GP_sum,Loess,60.29237074190976,60.29237074190976,3.705048756544308,FALSE,0
73,GP_sum,Loess,59.20489335174148,59.20489335174148,3.6382217815450937,FALSE,0
74,GP_sum,Loess,58.14824329475562,58.14824329475562,3.573289188390042,FALSE,0
75,GP_sum,Loess,57.12149363583089,57.12149363583089,3.510194015646452,FALSE,0
76,GP_sum,Loess,56.123572648914184,56.123572648914184,3.448870404280559,FALSE,0
77,GP_sum,Loess,55.1532511371375,55.1532511371375,3.3892428184613568,FALSE,0
78,GP_sum,Loess,54.208968084983105,54.208968084983105,3.3312153316473645,FALSE,0
79,GP_sum,Loess,53.289666250021966,53.289666250021966,3.2747229748433533,FALSE,0
80,GP_sum,Loess,52.396076717172136,52.396076717172136,3.2198106742188086,FALSE,0
81,GP_sum,Loess,51.52777799684009,51.52777799684009,3.166452528660949,FALSE,0
82,GP_sum,Loess,50.68321134988177,50.68321134988177,3.1145527515145743,FALSE,0
83,GP_sum,Loess,49.86098055322768,49.86098055322768,3.064025542959842,FALSE,0
84,GP_sum,Loess,49.05979823653449,49.05979823653449,3.014791792326016,FALSE,0
85,GP_sum,Loess,48.27981196395721,48.27981196395721,2.9668605676325193,FALSE,0
86,GP_sum,Loess,47.52058077433947,47.52058077433947,2.9202047712123673,FALSE,0
87,GP_sum,Loess,46.782009123338185,46.782009123338185,2.8748185317348236,FALSE,0
88,GP_sum,Loess,46.06438350879515,46.06438350879515,2.8307194548846435,FALSE,0
89,GP_sum,Loess,45.368288315846506,45.368288315846506,2.7879434519287982,FALSE,0
90,GP_sum,Loess,44.6939342553892,44.6939342553892,2.746503471340488,FALSE,0
91,GP_sum,Loess,44.0419037885906,44.0419037885906,2.7064353061561675,FALSE,0
92,GP_sum,Loess,43.413440588476526,43.413440588476526,2.667815381786566,FALSE,0
93,GP_sum,Loess,42.810729971526946,42.810729971526946,2.630777988922316,FALSE,0
94,GP_sum,Loess,42.234933250315216,42.234933250315216,2.595394491811547,FALSE,0
95,GP_sum,Loess,41.68659063423987,41.68659063423987,2.56169808706165,FALSE,0
96,GP_sum,Loess,41.16606457060015,41.16606457060015,2.529711047555561,FALSE,0
97,GP_sum,Loess,40.67393001253117,40.67393001253117,2.4994687049508695,FALSE,0
98,GP_sum,Loess,40.209535217896956,40.209535217896956,2.4709310088007137,FALSE,0
99,GP_sum,Loess,39.772077948269434,39.772077948269434,2.4440486604549703,FALSE,0
100,GP_sum,Loess,39.360718952796,39.360718952796,2.418770086799336,FALSE,0
101,GP_sum,Loess,38.97453072516264,38.97453072516264,2.3950382913005326,FALSE,0
102,GP_sum,Loess,38.61270646503455,38.61270646503455,2.3728036949730194,FALSE,0
103,GP_sum,Loess,38.27408062836786,38.27408062836786,2.3519946735390094,FALSE,0
104,GP_sum,Loess,37.95615216225165,37.95615216225165,2.3324575338717657,FALSE,0
105,GP_sum,Loess,37.6569610494653,37.6569610494653,2.3140718302287073,FALSE,0
106,GP_sum,Loess,37.374210342203334,37.374210342203334,2.296696412021362,FALSE,0
107,GP_sum,Loess,37.1053098991958,37.1053098991958,2.28017211152132,FALSE,0
108,GP_sum,Loess,36.84871512375363,36.84871512375363,2.264404011146608,FALSE,0
109,GP_sum,Loess,36.602672859976984,36.602672859976984,2.2492843770661164,FALSE,0
110,GP_sum,Loess,36.36653875314194,36.36653875314194,2.234773612799573,FALSE,0
111,GP_sum,Loess,36.13963738411878,36.13963738411878,2.220830212916425,FALSE,0
112,GP_sum,Loess,35.92011971823155,35.92011971823155,2.2073405517034574,FALSE,0
113,GP_sum,Loess,35.70606278216469,35.70606278216469,2.194186459816789,FALSE,0
114,GP_sum,Loess,35.49533769028263,35.49533769028263,2.18123711431846,FALSE,0
115,GP_sum,Loess,35.28544444932987,35.28544444932987,2.168338887199013,FALSE,0
116,GP_sum,Loess,35.07566265965896,35.07566265965896,2.1554475089134746,FALSE,0
117,GP_sum,Loess,34.86588007617047,34.86588007617047,2.14255608184676,FALSE,0
118,GP_sum,Loess,34.655616471738306,34.655616471738306,2.1296350953842653,FALSE,0
119,GP_sum,Loess,34.44450556237053,34.44450556237053,2.1166620408730363,FALSE,0
120,GP_sum,Loess,34.23209036545936,34.23209036545936,2.103608836105956,FALSE,0
121,GP_sum,Loess,34.01741946222103,34.01741946222103,2.090417015095731,FALSE,0
122,GP_sum,Loess,33.79943141754922,33.79943141754922,2.0770213512013704,FALSE,0
123,GP_sum,Loess,33.57689073761997,33.57689073761997,2.0633459216353,FALSE,0
124,GP_sum,Loess,33.34859192133829,33.34859192133829,2.049316646704218,FALSE,0
125,GP_sum,Loess,33.113748348037994,33.113748348037994,2.034885187490857,FALSE,0
126,GP_sum,Loess,32.8710813176848,32.8710813176848,2.0199729661268457,FALSE,0
127,GP_sum,Loess,32.61914596634232,32.61914596634232,2.0044911937444545,FALSE,0
128,GP_sum,Loess,32.35670889119704,32.35670889119704,1.9883640760515642,FALSE,0
129,GP_sum,Loess,32.08380720901225,32.08380720901225,1.9715938939241138,FALSE,0
130,GP_sum,Loess,31.801272116555726,31.801272116555726,1.9542317255418622,FALSE,0
131,GP_sum,Loess,31.509848259129694,31.509848259129694,1.936323330378473,FALSE,0
132,GP_sum,Loess,31.210554969138478,31.210554969138478,1.917931347806237,FALSE,0
133,GP_sum,Loess,30.903994954754253,30.903994954754253,1.8990928150677828,FALSE,0
134,GP_sum,Loess,30.590495272563082,30.590495272563082,1.8798278302382505,FALSE,0
135,GP_sum,Loess,30.27143296172493,30.27143296172493,1.8602210142599673,FALSE,0
136,GP_sum,Loess,29.948934782363974,29.948934782363974,1.8404030594553051,FALSE,0
137,GP_sum,Loess,29.62489017772119,29.62489017772119,1.820490074699141,FALSE,0
138,GP_sum,Loess,29.300841913174228,29.300841913174228,1.8005768650368525,FALSE,0
139,GP_sum,Loess,28.978536738046987,28.978536738046987,1.7807707706066844,FALSE,0
140,GP_sum,Loess,28.65969129992021,28.65969129992021,1.7611772817535367,FALSE,0
141,GP_sum,Loess,28.345244888106656,28.345244888106656,1.7418541190920993,FALSE,0
142,GP_sum,Loess,28.036206373848703,28.036206373848703,1.7228632791419325,FALSE,0
143,GP_sum,Loess,27.733284709561214,27.733284709561214,1.704248327999888,FALSE,0
144,GP_sum,Loess,27.43642650461905,27.43642650461905,1.6860059847389284,FALSE,0
145,GP_sum,Loess,27.14516721604681,27.14516721604681,1.6681077025569933,FALSE,0
146,GP_sum,Loess,26.8590087222829,26.8590087222829,1.650522871201911,FALSE,0
147,GP_sum,Loess,26.577123166839637,26.577123166839637,1.633200617758709,FALSE,0
148,GP_sum,Loess,26.298665240444716,26.298665240444716,1.616088996814896,FALSE,0
149,GP_sum,Loess,26.022991499959904,26.022991499959904,1.5991484679083887,FALSE,0
150,GP_sum,Loess,25.74929978237507,25.74929978237507,1.5823297370235985,FALSE,0
151,GP_sum,Loess,25.476685155615577,25.476685155615577,1.5655771948451744,FALSE,0
152,GP_sum,Loess,25.204417405339175,25.204417405339175,1.5488459687017064,FALSE,0
153,GP_sum,Loess,24.93160178688764,24.93160178688764,1.532081075308534,FALSE,0
154,GP_sum,Loess,24.65839516227439,24.65839516227439,1.5152921540512156,FALSE,0
155,GP_sum,Loess,24.385271926954925,24.385271926954925,1.4985083571802071,FALSE,0
156,GP_sum,Loess,24.11288944033874,24.11288944033874,1.4817700803315206,FALSE,0
157,GP_sum,Loess,23.841587233124464,23.841587233124464,1.4650981881315963,FALSE,0
158,GP_sum,Loess,23.571660027191843,23.571660027191843,1.4485107916435864,FALSE,0
159,GP_sum,Loess,23.30328210234784,23.30328210234784,1.4320186006003168,FALSE,0
160,GP_sum,Loess,23.036794486892095,23.036794486892095,1.4156425716578616,FALSE,0
161,GP_sum,Loess,22.77230865979447,22.77230865979447,1.399389555351596,FALSE,0
162,GP_sum,Loess,22.510210659697105,22.510210659697105,1.3832832742847867,FALSE,0
163,GP_sum,Loess,22.25073031925359,22.25073031925359,1.367337851988767,FALSE,0
164,GP_sum,Loess,21.99375898376313,21.99375898376313,1.3515466114833632,FALSE,0
165,GP_sum,Loess,21.69451080791094,21.69451080791094,1.3331574012367569,FALSE,0
166,GP_sum,Loess,21.442754280166735,21.442754280166735,1.3176866178093904,FALSE,0
167,GP_sum,Loess,21.156965011872032,21.156965011872032,1.30012447586507,FALSE,0
168,GP_sum,Loess,20.87863999657211,20.87863999657211,1.2830210224900753,FALSE,0
169,GP_sum,Loess,20.605295658271096,20.605295658271096,1.2662236385380354,FALSE,0
170,GP_sum,Loess,20.33504018579857,20.33504018579857,1.2496160696215652,FALSE,0
171,GP_sum,Loess,20.066500731985027,20.066500731985027,1.2331139524018926,FALSE,0
172,GP_sum,Loess,19.79874516731963,19.79874516731963,1.2166600062439628,FALSE,0
173,GP_sum,Loess,19.531094695236206,19.531094695236206,1.200212518169126,FALSE,0
174,GP_sum,Loess,19.26312313509131,19.26312313509131,1.1837452987931603,FALSE,0
175,GP_sum,Loess,18.994591389743167,18.994591389743167,1.1672436552692438,FALSE,0
176,GP_sum,Loess,18.72534578638062,18.72534578638062,1.1506981441926656,FALSE,0
177,GP_sum,Loess,18.455271401792697,18.455271401792697,1.1341017033747163,FALSE,0
178,GP_sum,Loess,18.184301522594364,18.184301522594364,1.1174502331865175,FALSE,0
179,GP_sum,Loess,17.91242123874162,17.91242123874162,1.1007428173854445,FALSE,0
180,GP_sum,Loess,17.639618449923365,17.639618449923365,1.0839787123908087,FALSE,0
181,GP_sum,Loess,17.365896036266438,17.365896036266438,1.0671580951903483,FALSE,0
182,GP_sum,Loess,17.091274664242153,17.091274664242153,1.0502822357670298,FALSE,0
183,GP_sum,Loess,16.81575661619773,16.81575661619773,1.033351274374216,FALSE,0
184,GP_sum,Loess,16.539358901372967,16.539358901372967,1.016366256252987,FALSE,0
185,GP_sum,Loess,16.262116912644977,16.262116912644977,0.9993293563441152,FALSE,0
186,GP_sum,Loess,15.984071997998232,15.984071997998232,0.9822431155378749,FALSE,0
187,GP_sum,Loess,15.705254933634611,15.705254933634611,0.9651094250740215,FALSE,0
188,GP_sum,Loess,15.425701691494647,15.425701691494647,0.9479304954775669,FALSE,0
189,GP_sum,Loess,15.145470880208999,15.145470880208999,0.9307099283291337,FALSE,0
190,GP_sum,Loess,14.864625180569034,14.864625180569034,0.9134515754491966,FALSE,0
191,GP_sum,Loess,14.583214201052396,14.583214201052396,0.8961584853466492,FALSE,0
192,GP_sum,Loess,14.301301092858592,14.301301092858592,0.878834538749191,FALSE,0
193,GP_sum,Loess,14.018955741642472,14.018955741642472,0.8614840302260257,FALSE,0
194,GP_sum,Loess,13.73626254156658,13.73626254156658,0.844112145914025,FALSE,0
195,GP_sum,Loess,13.453315089817984,13.453315089817984,0.8267246374885219,FALSE,0
196,GP_sum,Loess,13.170191514240015,13.170191514240015,0.8093263060124902,FALSE,0
197,GP_sum,Loess,12.886959025552153,12.886959025552153,0.791921281676692,FALSE,0
198,GP_sum,Loess,12.60369617818454,12.60369617818454,0.7745143917584447,FALSE,0
199,GP_sum,Loess,12.32049372419478,12.32049372419478,0.7571112130959793,FALSE,0
200,GP_sum,Loess,12.037434326393603,12.037434326393603,0.7397168254322274,FALSE,0
201,GP_sum,Loess,11.754610999233064,11.754610999233064,0.7223369446326573,FALSE,0
202,GP_sum,Loess,11.472124802503249,11.472124802503249,0.7049777809597779,FALSE,0
203,GP_sum,Loess,11.190085970772229,11.190085970772229,0.687646108478771,FALSE,0
204,GP_sum,Loess,10.908604587300074,10.908604587300074,0.6703486919567342,FALSE,0
205,GP_sum,Loess,10.627796688875357,10.627796688875357,0.6530926620132456,FALSE,0
206,GP_sum,Loess,10.347755546985956,10.347755546985956,0.6358837503089766,FALSE,0
207,GP_sum,Loess,10.068542437367457,10.068542437367457,0.6187257223218003,FALSE,0
208,GP_sum,Loess,9.790199629043888,9.790199629043888,0.6016211755411338,FALSE,0
209,GP_sum,Loess,9.512756264927088,9.512756264927088,0.5845719008388224,FALSE,0
210,GP_sum,Loess,9.236196899338902,9.236196899338902,0.5675769490567897,FALSE,0
211,GP_sum,Loess,8.960483141034262,8.960483141034262,0.550633961000447,FALSE,0
212,GP_sum,Loess,8.6855691696203,8.6855691696203,0.5337401209438983,FALSE,0
213,GP_sum,Loess,8.411417884710163,8.411417884710163,0.5168931490175601,FALSE,0
214,GP_sum,Loess,8.137997158970894,8.137997158970894,0.5000910709528217,FALSE,0
215,GP_sum,Loess,7.865278721876335,7.865278721876335,0.4833321494871322,FALSE,0
216,GP_sum,Loess,7.59323836875954,7.59323836875954,0.4666148972105578,FALSE,0
217,GP_sum,Loess,7.321855919766854,7.321855919766854,0.44993807404345393,FALSE,0
218,GP_sum,Loess,7.051115173501842,7.051115173501842,0.43330068438782054,FALSE,0
219,GP_sum,Loess,6.7810032027963185,6.7810032027963185,0.41670193385146814,FALSE,0
220,GP_sum,Loess,6.511507707236475,6.511507707236475,0.4001410665571219,FALSE,0
221,GP_sum,Loess,6.242616386473114,6.242616386473114,0.3836173266314776,FALSE,0
222,GP_sum,Loess,5.974316976203445,5.974316976203445,0.3671299604163317,FALSE,0
223,GP_sum,Loess,5.706597279275546,5.706597279275546,0.3506782183799941,FALSE,0
224,GP_sum,Loess,5.4394451924632925,5.4394451924632925,0.33426135676264307,FALSE,0
1,GP_sum,B-spline,86.79685850088242,86.79685850088242,28.88080473226345,FALSE,0
2,GP_sum,B-spline,80.04896067463615,80.04896067463615,26.635507807477833,FALSE,0
3,GP_sum,B-spline,74.72059512511383,74.72059512511383,24.86254634740023,FALSE,0
4,GP_sum,B-spline,70.46469684524932,70.46469684524932,23.446437869466166,FALSE,0
5,GP_sum,B-spline,66.93420082797655,66.93420082797655,22.2716998911112,FALSE,0
6,GP_sum,B-spline,63.832904408524215,63.832904408524215,21.239773876114235,FALSE,0
7,GP_sum,B-spline,61.06805429130008,61.06805429130008,20.319797073627612,FALSE,0
8,GP_sum,B-spline,58.597759523006765,58.597759523006765,19.497830679147036,FALSE,0
9,GP_sum,B-spline,56.38012915034683,56.38012915034683,18.7599358881682,FALSE,0
10,GP_sum,B-spline,54.37327222002288,54.37327222002288,18.092173896186814,FALSE,0
11,GP_sum,B-spline,52.53529777873749,52.53529777873749,17.480605898698578,FALSE,0
12,GP_sum,B-spline,50.824314873193245,50.824314873193245,16.911293091199195,FALSE,0
13,GP_sum,B-spline,49.198432550092726,49.198432550092726,16.370296669184363,FALSE,0
14,GP_sum,B-spline,47.61575985613856,47.61575985613856,15.843677828149803,FALSE,0
15,GP_sum,B-spline,46.03440583803328,46.03440583803328,15.317497763591193,FALSE,0
16,GP_sum,B-spline,44.4210453875992,44.4210453875992,14.780667872089191,FALSE,0
17,GP_sum,B-spline,42.77661677713736,42.77661677713736,14.233500354564203,FALSE,0
18,GP_sum,B-spline,41.11062412406851,41.11062412406851,13.679157613021568,FALSE,0
19,GP_sum,B-spline,39.4325715458134,39.4325715458134,13.120802049466649,FALSE,0
20,GP_sum,B-spline,37.75196315979278,37.75196315979278,12.561596065904784,FALSE,0
21,GP_sum,B-spline,36.07830308342739,36.07830308342739,12.004702064341322,FALSE,0
22,GP_sum,B-spline,34.421095434137996,34.421095434137996,11.453282446781618,FALSE,0
23,GP_sum,B-spline,32.78984432934534,32.78984432934534,10.910499615231018,FALSE,0
24,GP_sum,B-spline,31.19405388647016,31.19405388647016,10.379515971694868,FALSE,0
25,GP_sum,B-spline,29.643228222933207,29.643228222933207,9.863493918178513,FALSE,0
26,GP_sum,B-spline,28.14687145615524,28.14687145615524,9.36559585668731,FALSE,0
27,GP_sum,B-spline,26.71448770355699,26.71448770355699,8.888984189226603,FALSE,0
28,GP_sum,B-spline,25.355581082559222,25.355581082559222,8.43682131780174,FALSE,0
29,GP_sum,B-spline,24.07965571058269,24.07965571058269,8.012269644418073,FALSE,0
30,GP_sum,B-spline,22.89621570504811,22.89621570504811,7.618491571080945,FALSE,0
31,GP_sum,B-spline,21.812333641242287,21.812333641242287,7.257840427960823,FALSE,0
32,GP_sum,B-spline,20.825355925916007,20.825355925916007,6.9294332578886015,FALSE,0
33,GP_sum,B-spline,19.930197423686128,19.930197423686128,6.631578031860303,FALSE,0
34,GP_sum,B-spline,19.121772999169483,19.121772999169483,6.362582720871942,FALSE,0
35,GP_sum,B-spline,18.394997516982905,18.394997516982905,6.1207552959195315,FALSE,0
36,GP_sum,B-spline,17.74478584174323,17.74478584174323,5.904403727999086,FALSE,0
37,GP_sum,B-spline,17.166052838067298,17.166052838067298,5.711835988106622,FALSE,0
38,GP_sum,B-spline,16.65371337057194,16.65371337057194,5.541360047238153,FALSE,0
39,GP_sum,B-spline,16.202682303874003,16.202682303874003,5.391283876389699,FALSE,0
40,GP_sum,B-spline,15.80787450259032,15.80787450259032,5.259915446557271,FALSE,0
41,GP_sum,B-spline,15.464204831337726,15.464204831337726,5.145562728736885,FALSE,0
42,GP_sum,B-spline,15.166588154733056,15.166588154733056,5.046533693924556,FALSE,0
43,GP_sum,B-spline,14.90993933739315,14.90993933739315,4.9611363131163,FALSE,0
44,GP_sum,B-spline,14.689173243934842,14.689173243934842,4.887678557308131,FALSE,0
45,GP_sum,B-spline,14.49920473897497,14.49920473897497,4.824468397496066,FALSE,0
46,GP_sum,B-spline,14.334948687130373,14.334948687130373,4.769813804676118,FALSE,0
47,GP_sum,B-spline,14.191319953017883,14.191319953017883,4.722022749844302,FALSE,0
48,GP_sum,B-spline,14.06323340125434,14.06323340125434,4.679403203996635,FALSE,0
49,GP_sum,B-spline,13.945603896456582,13.945603896456582,4.640263138129132,FALSE,0
50,GP_sum,B-spline,13.83334630324144,13.83334630324144,4.602910523237806,FALSE,0
51,GP_sum,B-spline,13.722225604779172,13.722225604779172,4.565936198942775,FALSE,0
52,GP_sum,B-spline,13.611407258453667,13.611407258453667,4.5290624793605545,FALSE,0
53,GP_sum,B-spline,13.500906840202244,13.500906840202244,4.492294547231762,FALSE,0
54,GP_sum,B-spline,13.390739925962205,13.390739925962205,4.455637585297014,FALSE,0
55,GP_sum,B-spline,13.280922091670858,13.280922091670858,4.419096776296925,FALSE,0
56,GP_sum,B-spline,13.17146891326552,13.17146891326552,4.382677302972116,FALSE,0
57,GP_sum,B-spline,13.062395966683496,13.062395966683496,4.346384348063201,FALSE,0
58,GP_sum,B-spline,12.953718827862096,12.953718827862096,4.310223094310796,FALSE,0
59,GP_sum,B-spline,12.84545307273863,12.84545307273863,4.27419872445552,FALSE,0
60,GP_sum,B-spline,12.73761427725041,12.73761427725041,4.238316421237989,FALSE,0
61,GP_sum,B-spline,12.630218017334744,12.630218017334744,4.20258136739882,FALSE,0
62,GP_sum,B-spline,12.52327986892894,12.52327986892894,4.166998745678629,FALSE,0
63,GP_sum,B-spline,12.41681540797031,12.41681540797031,4.131573738818034,FALSE,0
64,GP_sum,B-spline,12.310840210396163,12.310840210396163,4.096311529557651,FALSE,0
65,GP_sum,B-spline,12.205369852143807,12.205369852143807,4.061217300638096,FALSE,0
66,GP_sum,B-spline,12.100419909150556,12.100419909150556,4.026296234799988,FALSE,0
67,GP_sum,B-spline,11.996005957353717,11.996005957353717,3.9915535147839423,FALSE,0
68,GP_sum,B-spline,11.892143572690596,11.892143572690596,3.956994323330575,FALSE,0
69,GP_sum,B-spline,11.78884833109851,11.78884833109851,3.9226238431805056,FALSE,0
70,GP_sum,B-spline,11.686135808514766,11.686135808514766,3.8884472570743487,FALSE,0
71,GP_sum,B-spline,11.584021580876668,11.584021580876668,3.8544697477527197,FALSE,0
72,GP_sum,B-spline,11.482521224121534,11.482521224121534,3.820696497956239,FALSE,0
73,GP_sum,B-spline,11.38165031418667,11.38165031418667,3.787132690425522,FALSE,0
74,GP_sum,B-spline,11.281424427009387,11.281424427009387,3.753783507901185,FALSE,0
75,GP_sum,B-spline,11.18185913852699,11.18185913852699,3.7206541331238436,FALSE,0
76,GP_sum,B-spline,11.082970024676795,11.082970024676795,3.6877497488341167,FALSE,0
77,GP_sum,B-spline,10.984772661396113,10.984772661396113,3.655075537772622,FALSE,0
78,GP_sum,B-spline,10.887282624622244,10.887282624622244,3.6226366826799734,FALSE,0
79,GP_sum,B-spline,10.790515490292504,10.790515490292504,3.5904383662967887,FALSE,0
80,GP_sum,B-spline,10.694486834344204,10.694486834344204,3.5584857713636855,FALSE,0
81,GP_sum,B-spline,10.59921223271465,10.59921223271465,3.52678408062128,FALSE,0
82,GP_sum,B-spline,10.504707261341157,10.504707261341157,3.495338476810189,FALSE,0
83,GP_sum,B-spline,10.410987496161026,10.410987496161026,3.464154142671029,FALSE,0
84,GP_sum,B-spline,10.318068513111577,10.318068513111577,3.433236260944418,FALSE,0
85,GP_sum,B-spline,10.225965888130109,10.225965888130109,3.402590014370971,FALSE,0
86,GP_sum,B-spline,10.134695197153942,10.134695197153942,3.372220585691307,FALSE,0
87,GP_sum,B-spline,10.044272016120376,10.044272016120376,3.34213315764604,FALSE,0
88,GP_sum,B-spline,9.954711920966728,9.954711920966728,3.312332912975789,FALSE,0
89,GP_sum,B-spline,9.866030487630312,9.866030487630312,3.2828250344211725,FALSE,0
90,GP_sum,B-spline,9.778243292048424,9.778243292048424,3.253614704722803,FALSE,0
91,GP_sum,B-spline,9.691365910158384,9.691365910158384,3.2247071066213,FALSE,0
92,GP_sum,B-spline,9.605413917897495,9.605413917897495,3.1961074228572786,FALSE,0
93,GP_sum,B-spline,9.520402891203071,9.520402891203071,3.1678208361713565,FALSE,0
94,GP_sum,B-spline,9.436348406012424,9.436348406012424,3.1398525293041524,FALSE,0
95,GP_sum,B-spline,9.353266038262856,9.353266038262856,3.112207684996279,FALSE,0
96,GP_sum,B-spline,9.271171363891684,9.271171363891684,3.084891485988357,FALSE,0
97,GP_sum,B-spline,9.190079958836211,9.190079958836211,3.0579091150210003,FALSE,0
98,GP_sum,B-spline,9.110007399033757,9.110007399033757,3.0312657548348283,FALSE,0
99,GP_sum,B-spline,9.030969260421625,9.030969260421625,3.0049665881704573,FALSE,0
100,GP_sum,B-spline,8.952981118937121,8.952981118937121,2.9790167977685016,FALSE,0
101,GP_sum,B-spline,8.876053294478236,8.876053294478236,2.9534198174739634,FALSE,0
102,GP_sum,B-spline,8.800175082785671,8.800175082785671,2.92817208554938,FALSE,0
103,GP_sum,B-spline,8.725330523560789,8.725330523560789,2.903268291361665,FALSE,0
104,GP_sum,B-spline,8.651503656504975,8.651503656504975,2.878703124277743,FALSE,0
105,GP_sum,B-spline,8.578678521319592,8.578678521319592,2.854471273664528,FALSE,0
106,GP_sum,B-spline,8.506839157706022,8.506839157706022,2.830567428888942,FALSE,0
107,GP_sum,B-spline,8.435969605365633,8.435969605365633,2.806986279317903,FALSE,0
108,GP_sum,B-spline,8.366053903999797,8.366053903999797,2.7837225143183266,FALSE,0
109,GP_sum,B-spline,8.297076093309895,8.297076093309895,2.7607708232571366,FALSE,0
110,GP_sum,B-spline,8.229020212997293,8.229020212997293,2.738125895501248,FALSE,0
111,GP_sum,B-spline,8.16187030276337,8.16187030276337,2.715782420417582,FALSE,0
112,GP_sum,B-spline,8.095610402309498,8.095610402309498,2.6937350873730566,FALSE,0
113,GP_sum,B-spline,8.03022455133705,8.03022455133705,2.6719785857345904,FALSE,0
114,GP_sum,B-spline,7.965696789547398,7.965696789547398,2.650507604869102,FALSE,0
115,GP_sum,B-spline,7.902011156641918,7.902011156641918,2.6293168341435114,FALSE,0
116,GP_sum,B-spline,7.839151692321979,7.839151692321979,2.6084009629247342,FALSE,0
117,GP_sum,B-spline,7.777102436288962,7.777102436288962,2.5877546805796934,FALSE,0
118,GP_sum,B-spline,7.715847428244233,7.715847428244233,2.567372676475305,FALSE,0
119,GP_sum,B-spline,7.655370707889169,7.655370707889169,2.547249639978488,FALSE,0
120,GP_sum,B-spline,7.595656314925145,7.595656314925145,2.5273802604561624,FALSE,0
121,GP_sum,B-spline,7.536688289053531,7.536688289053531,2.5077592272752454,FALSE,0
122,GP_sum,B-spline,7.478450669975706,7.478450669975706,2.488381229802658,FALSE,0
123,GP_sum,B-spline,7.420927497393035,7.420927497393035,2.4692409574053165,FALSE,0
124,GP_sum,B-spline,7.364102811006898,7.364102811006898,2.4503330994501415,FALSE,0
125,GP_sum,B-spline,7.30796065051867,7.30796065051867,2.4316523453040517,FALSE,0
126,GP_sum,B-spline,7.252485055629718,7.252485055629718,2.4131933843339644,FALSE,0
127,GP_sum,B-spline,7.1976600660414185,7.1976600660414185,2.3949509059067995,FALSE,0
128,GP_sum,B-spline,7.143469721455149,7.143469721455149,2.3769195993894763,FALSE,0
129,GP_sum,B-spline,7.089898061572274,7.089898061572274,2.3590941541489117,FALSE,0
130,GP_sum,B-spline,7.036929126094176,7.036929126094176,2.341469259552026,FALSE,0
131,GP_sum,B-spline,6.984546954722224,6.984546954722224,2.324039604965738,FALSE,0
132,GP_sum,B-spline,6.932735587157793,6.932735587157793,2.3067998797569667,FALSE,0
133,GP_sum,B-spline,6.8814790631022555,6.8814790631022555,2.2897447732926293,FALSE,0
134,GP_sum,B-spline,6.830761422256984,6.830761422256984,2.272868974939646,FALSE,0
135,GP_sum,B-spline,6.7805667043233555,6.7805667043233555,2.256167174064935,FALSE,0
136,GP_sum,B-spline,6.730878949002739,6.730878949002739,2.2396340600354154,FALSE,0
137,GP_sum,B-spline,6.681682195996512,6.681682195996512,2.2232643222180055,FALSE,0
138,GP_sum,B-spline,6.632960485006046,6.632960485006046,2.207052649979625,FALSE,0
139,GP_sum,B-spline,6.584697855732715,6.584697855732715,2.1909937326871916,FALSE,0
140,GP_sum,B-spline,6.536878347877892,6.536878347877892,2.175082259707625,FALSE,0
141,GP_sum,B-spline,6.489486001142951,6.489486001142951,2.159312920407843,FALSE,0
142,GP_sum,B-spline,6.442504855229265,6.442504855229265,2.143680404154765,FALSE,0
143,GP_sum,B-spline,6.395918949838209,6.395918949838209,2.1281794003153105,FALSE,0
144,GP_sum,B-spline,6.349712324671154,6.349712324671154,2.112804598256397,FALSE,0
145,GP_sum,B-spline,6.3038690194294755,6.3038690194294755,2.0975506873449437,FALSE,0
146,GP_sum,B-spline,6.258373073814547,6.258373073814547,2.0824123569478696,FALSE,0
147,GP_sum,B-spline,6.2132085275277404,6.2132085275277404,2.0673842964320936,FALSE,0
148,GP_sum,B-spline,6.16835942027043,6.16835942027043,2.0524611951645335,FALSE,0
149,GP_sum,B-spline,6.12380979174399,6.12380979174399,2.0376377425121097,FALSE,0
150,GP_sum,B-spline,6.079543681649793,6.079543681649793,2.0229086278417396,FALSE,0
151,GP_sum,B-spline,6.035546536788301,6.035546536788301,2.0082690087187856,FALSE,0
152,GP_sum,B-spline,5.991809432356323,5.991809432356323,1.9937159155023794,FALSE,0
153,GP_sum,B-spline,5.948324850649756,5.948324850649756,1.9792468467500954,FALSE,0
154,GP_sum,B-spline,5.905085273964494,5.905085273964494,1.9648593010195081,FALSE,0
155,GP_sum,B-spline,5.862083184596439,5.862083184596439,1.950550776868193,FALSE,0
156,GP_sum,B-spline,5.819311064841483,5.819311064841483,1.9363187728537237,FALSE,0
157,GP_sum,B-spline,5.776761396995528,5.776761396995528,1.9221607875336766,FALSE,0
158,GP_sum,B-spline,5.734426663354465,5.734426663354465,1.9080743194656244,FALSE,0
159,GP_sum,B-spline,5.692299346214195,5.692299346214195,1.8940568672071434,FALSE,0
160,GP_sum,B-spline,5.650371927870613,5.650371927870613,1.8801059293158071,FALSE,0
161,GP_sum,B-spline,5.608636890619619,5.608636890619619,1.8662190043491913,FALSE,0
162,GP_sum,B-spline,5.567086716757103,5.567086716757103,1.8523935908648692,FALSE,0
163,GP_sum,B-spline,5.525713888578968,5.525713888578968,1.8386271874204168,FALSE,0
164,GP_sum,B-spline,5.48451088838111,5.48451088838111,1.8249172925734085,FALSE,0
165,GP_sum,B-spline,5.4434701984594245,5.4434701984594245,1.8112614048814188,FALSE,0
166,GP_sum,B-spline,5.402584301109809,5.402584301109809,1.7976570229020226,FALSE,0
167,GP_sum,B-spline,5.361845678628159,5.361845678628159,1.7841016451927936,FALSE,0
168,GP_sum,B-spline,5.321246813310374,5.321246813310374,1.7705927703113085,FALSE,0
169,GP_sum,B-spline,5.280780187452349,5.280780187452349,1.7571278968151403,FALSE,0
170,GP_sum,B-spline,5.240438283349981,5.240438283349981,1.7437045232618642,FALSE,0
171,GP_sum,B-spline,5.200213583299166,5.200213583299166,1.7303201482090547,FALSE,0
172,GP_sum,B-spline,5.160098569595804,5.160098569595804,1.7169722702142873,FALSE,0
173,GP_sum,B-spline,5.120085724535787,5.120085724535787,1.7036583878351352,FALSE,0
174,GP_sum,B-spline,5.080167530415018,5.080167530415018,1.6903759996291747,FALSE,0
175,GP_sum,B-spline,5.040336469529389,5.040336469529389,1.6771226041539797,FALSE,0
176,GP_sum,B-spline,5.000585024174798,5.000585024174798,1.6638956999671248,FALSE,0
177,GP_sum,B-spline,4.960905676647142,4.960905676647142,1.6506927856261846,FALSE,0
178,GP_sum,B-spline,4.92129090924232,4.92129090924232,1.6375113596887347,FALSE,0
179,GP_sum,B-spline,4.881733204256224,4.881733204256224,1.6243489207123483,FALSE,0
180,GP_sum,B-spline,4.842225043984755,4.842225043984755,1.6112029672546013,FALSE,0
181,GP_sum,B-spline,4.802758910723809,4.802758910723809,1.5980709978730676,FALSE,0
182,GP_sum,B-spline,4.763327286769283,4.763327286769283,1.584950511125323,FALSE,0
183,GP_sum,B-spline,4.723922654417074,4.723922654417074,1.5718390055689415,FALSE,0
184,GP_sum,B-spline,4.684537495963076,4.684537495963076,1.5587339797614967,FALSE,0
185,GP_sum,B-spline,4.645164293703189,4.645164293703189,1.5456329322605653,FALSE,0
186,GP_sum,B-spline,4.60579552993331,4.60579552993331,1.532533361623721,FALSE,0
187,GP_sum,B-spline,4.566423686949333,4.566423686949333,1.519432766408538,FALSE,0
188,GP_sum,B-spline,4.527041247047158,4.527041247047158,1.5063286451725921,FALSE,0
189,GP_sum,B-spline,4.48764069252268,4.48764069252268,1.493218496473457,FALSE,0
190,GP_sum,B-spline,4.448214505671796,4.448214505671796,1.4800998188687078,FALSE,0
191,GP_sum,B-spline,4.408755168790405,4.408755168790405,1.4669701109159197,FALSE,0
192,GP_sum,B-spline,4.3692551641744,4.3692551641744,1.4538268711726663,FALSE,0
193,GP_sum,B-spline,4.329706974119681,4.329706974119681,1.440667598196523,FALSE,0
194,GP_sum,B-spline,4.290103080922143,4.290103080922143,1.427489790545064,FALSE,0
195,GP_sum,B-spline,4.250435966877685,4.250435966877685,1.4142909467758653,FALSE,0
196,GP_sum,B-spline,4.210698114282202,4.210698114282202,1.4010685654465003,FALSE,0
197,GP_sum,B-spline,4.170882005431591,4.170882005431591,1.3878201451145438,FALSE,0
198,GP_sum,B-spline,4.130980122621749,4.130980122621749,1.3745431843375706,FALSE,0
199,GP_sum,B-spline,4.0909849481485745,4.0909849481485745,1.3612351816731558,FALSE,0
200,GP_sum,B-spline,4.050888964307961,4.050888964307961,1.3478936356788735,FALSE,0
201,GP_sum,B-spline,4.010646024538798,4.010646024538798,1.334503191538391,FALSE,0
202,GP_sum,B-spline,3.9700554668519303,3.9700554668519303,1.320997080939743,FALSE,0
203,GP_sum,B-spline,3.928878000401192,3.928878000401192,1.307295682197057,FALSE,0
204,GP_sum,B-spline,3.886874334340416,3.886874334340416,1.2933193736244586,FALSE,0
205,GP_sum,B-spline,3.843805177823441,3.843805177823441,1.2789885335360769,FALSE,0
206,GP_sum,B-spline,3.799431240004098,3.799431240004098,1.2642235402460373,FALSE,0
207,GP_sum,B-spline,3.753513230036224,3.753513230036224,1.2489447720684679,FALSE,0
208,GP_sum,B-spline,3.7058118570736527,3.7058118570736527,1.2330726073174947,FALSE,0
209,GP_sum,B-spline,3.656087830270219,3.656087830270219,1.2165274243072457,FALSE,0
210,GP_sum,B-spline,3.604101858779758,3.604101858779758,1.1992296013518473,FALSE,0
211,GP_sum,B-spline,3.5496146517561056,3.5496146517561056,1.1810995167654275,FALSE,0
212,GP_sum,B-spline,3.492386918353095,3.492386918353095,1.1620575488621123,FALSE,0
213,GP_sum,B-spline,3.4321793677245616,3.4321793677245616,1.1420240759560294,FALSE,0
214,GP_sum,B-spline,3.3687527090243385,3.3687527090243385,1.120919476361305,FALSE,0
215,GP_sum,B-spline,3.3018676514062633,3.3018676514062633,1.0986641283920677,FALSE,0
216,GP_sum,B-spline,3.231284904024168,3.231284904024168,1.0751784103624429,FALSE,0
217,GP_sum,B-spline,3.1567651760318896,3.1567651760318896,1.0503827005865585,FALSE,0
218,GP_sum,B-spline,3.0780691765832615,3.0780691765832615,1.0241973773785413,FALSE,0
219,GP_sum,B-spline,2.9949576148321193,2.9949576148321193,0.9965428190525185,FALSE,0
220,GP_sum,B-spline,2.907191199932297,2.907191199932297,0.9673394039226171,FALSE,0
221,GP_sum,B-spline,2.8145306410376296,2.8145306410376296,0.936507510302964,FALSE,0
222,GP_sum,B-spline,2.716736647301952,2.716736647301952,0.9039675165076865,FALSE,0
223,GP_sum,B-spline,2.613569927879099,2.613569927879099,0.8696398008509114,FALSE,0
224,GP_sum,B-spline,2.5047911919229056,2.5047911919229056,0.8334447416467661,FALSE,0
1,GP_sum,BNMR,470.07476412314355,470.07476412314355,30.503610408024176,FALSE,0
2,GP_sum,BNMR,444.9072692447111,444.9072692447111,28.870467092726916,FALSE,0
3,GP_sum,BNMR,421.5360757490613,421.5360757490613,27.353887528002417,FALSE,0
4,GP_sum,BNMR,399.82339460585297,399.82339460585297,25.94493044913958,FALSE,0
5,GP_sum,BNMR,379.64163666136074,379.64163666136074,24.635316471379724,FALSE,0
6,GP_sum,BNMR,360.872718754773,360.872718754773,23.417383063125627,FALSE,0
7,GP_sum,BNMR,343.40741223603317,343.40741223603317,22.2840422706282,FALSE,0
8,GP_sum,BNMR,327.14473159496816,327.14473159496816,21.228741045533695,FALSE,0
9,GP_sum,BNMR,311.99136101980474,311.99136101980474,20.245424033705945,FALSE,0
10,GP_sum,BNMR,297.8611168068192,297.8611168068192,19.328498690463665,FALSE,0
11,GP_sum,BNMR,284.67444364208563,284.67444364208563,18.472802593811245,FALSE,0
12,GP_sum,BNMR,272.35794287126566,272.35794287126566,17.673572833404872,FALSE,0
13,GP_sum,BNMR,260.8439309643411,260.8439309643411,16.926417358897904,FALSE,0
14,GP_sum,BNMR,250.07002646929868,250.07002646929868,16.227288176962197,FALSE,0
15,GP_sum,BNMR,239.9787638321912,239.9787638321912,15.572456291694817,FALSE,0
16,GP_sum,BNMR,230.51723254088907,230.51723254088907,14.958488288303757,FALSE,0
17,GP_sum,BNMR,221.63674012636875,221.63674012636875,14.382224464932504,FALSE,0
18,GP_sum,BNMR,213.29249762864077,213.29249762864077,13.840758422237018,FALSE,0
19,GP_sum,BNMR,205.44332620461518,205.44332620461518,13.331418024883648,FALSE,0
20,GP_sum,BNMR,198.05138362234896,198.05138362234896,12.851747653493824,FALSE,0
21,GP_sum,BNMR,191.08190945045794,191.08190945045794,12.39949166973619,FALSE,0
22,GP_sum,BNMR,184.50298781300094,184.50298781300094,11.972579021259408,FALSE,0
23,GP_sum,BNMR,178.28532663903505,178.28532663903505,11.569108916980275,FALSE,0
24,GP_sum,BNMR,172.40205239236144,172.40205239236144,11.187337506896494,FALSE,0
25,GP_sum,BNMR,166.8285193208377,166.8285193208377,10.825665504088317,FALSE,0
26,GP_sum,BNMR,161.54213231611396,161.54213231611396,10.482626689913873,FALSE,0
27,GP_sum,BNMR,156.5221825238272,156.5221825238272,10.156877246594165,FALSE,0
28,GP_sum,BNMR,151.7496948912757,151.7496948912757,9.84718586443282,FALSE,0
29,GP_sum,BNMR,147.20728688443447,147.20728688443447,9.552424573825274,FALSE,0
30,GP_sum,BNMR,142.8790376489721,142.8790376489721,9.271560254989419,FALSE,0
31,GP_sum,BNMR,138.75036693074742,138.75036693074742,9.003646780998393,FALSE,0
32,GP_sum,BNMR,134.80792311016162,134.80792311016162,8.747817752220394,FALSE,0
33,GP_sum,BNMR,131.0394797418272,131.0394797418272,8.50327978267676,FALSE,0
34,GP_sum,BNMR,127.43384002629611,127.43384002629611,8.26930630111916,FALSE,0
35,GP_sum,BNMR,123.98074867420146,123.98074867420146,8.04523183180768,FALSE,0
36,GP_sum,BNMR,120.67081065510632,120.67081065510632,7.8304467220442975,FALSE,0
37,GP_sum,BNMR,117.49541635372519,117.49541635372519,7.624392285487019,FALSE,0
38,GP_sum,BNMR,114.44667268504365,114.44667268504365,7.426556332142734,FALSE,0
39,GP_sum,BNMR,111.51733974723892,111.51733974723892,7.236469057713383,FALSE,0
40,GP_sum,BNMR,108.70077261729745,108.70077261729745,7.0536992666567535,FALSE,0
41,GP_sum,BNMR,105.9908679188553,105.9908679188553,6.877850904921472,FALSE,0
42,GP_sum,BNMR,103.38201481513369,103.38201481513369,6.708559879830745,FALSE,0
43,GP_sum,BNMR,100.86905010193223,100.86905010193223,6.545491146022843,FALSE,0
44,GP_sum,BNMR,98.44721709655364,98.44721709655364,6.388336037713284,FALSE,0
45,GP_sum,BNMR,96.11212803830159,96.11212803830159,6.236809828826433,FALSE,0
46,GP_sum,BNMR,93.85972973486143,93.85972973486143,6.090649503755602,FALSE,0
47,GP_sum,BNMR,91.68627220650501,91.68627220650501,5.9496117226548835,FALSE,0
48,GP_sum,BNMR,89.58828009669419,89.58828009669419,5.8134709662453075,FALSE,0
49,GP_sum,BNMR,87.56252663332327,87.56252663332327,5.682017846134429,FALSE,0
50,GP_sum,BNMR,85.6060099396181,85.6060099396181,5.555057567607451,FALSE,0
51,GP_sum,BNMR,83.71593150759664,83.71593150759664,5.4324085327490534,FALSE,0
52,GP_sum,BNMR,81.88967666006872,81.88967666006872,5.3139010726034925,FALSE,0
53,GP_sum,BNMR,80.12479683943522,80.12479683943522,5.199376297877478,FALSE,0
54,GP_sum,BNMR,78.41899357307709,78.41899357307709,5.088685058438611,FALSE,0
55,GP_sum,BNMR,76.77010397594472,76.77010397594472,4.9816870025642626,FALSE,0
56,GP_sum,BNMR,75.1760876611034,75.1760876611034,4.878249727554075,FALSE,0
57,GP_sum,BNMR,73.63501493849127,73.63501493849127,4.778248013935859,FALSE,0
58,GP_sum,BNMR,72.14505619104133,72.14505619104133,4.6815631360717624,FALSE,0
59,GP_sum,BNMR,70.70447232563725,70.70447232563725,4.588082242511477,FALSE,0
60,GP_sum,BNMR,69.31160620414359,69.31160620414359,4.497697799943426,FALSE,0
61,GP_sum,BNMR,67.96487496701417,67.96487496701417,4.41030709506621,FALSE,0
62,GP_sum,BNMR,66.662763168751,66.662763168751,4.325811789141839,FALSE,0
63,GP_sum,BNMR,65.40381665079755,65.40381665079755,4.244117520401791,FALSE,0
64,GP_sum,BNMR,64.18663708333675,64.18663708333675,4.165133549858958,FALSE,0
65,GP_sum,BNMR,63.00987711293289,63.00987711293289,4.088772446433389,FALSE,0
66,GP_sum,BNMR,61.87223605804675,61.87223605804675,4.014949807630066,FALSE,0
67,GP_sum,BNMR,60.772456099183884,60.772456099183884,3.9435840123139023,FALSE,0
68,GP_sum,BNMR,59.7093189148331,59.7093189148331,3.8745960024125146,FALSE,0
69,GP_sum,BNMR,58.681642718415766,58.681642718415766,3.80790909064096,FALSE,0
70,GP_sum,BNMR,57.688279655253176,57.688279655253176,3.7434487915884134,FALSE,0
71,GP_sum,BNMR,56.72811352205638,56.72811352205638,3.6811426737336346,FALSE,0
72,GP_sum,BNMR,55.80005777467597,55.80005777467597,3.6209202301659045,FALSE,0
73,GP_sum,BNMR,54.903053792850415,54.903053792850415,3.5627127659828557,FALSE,0
74,GP_sum,BNMR,54.036069373456314,54.036069373456314,3.5064533005160037,FALSE,0
75,GP_sum,BNMR,53.198097426319464,53.198097426319464,3.452076482700657,FALSE,0
76,GP_sum,BNMR,52.38815484900206,52.38815484900206,3.3995185180597627,FALSE,0
77,GP_sum,BNMR,51.60528155915862,51.60528155915862,3.348717105912531,FALSE,0
78,GP_sum,BNMR,50.84853966505429,50.84853966505429,3.2996113855485643,FALSE,0
79,GP_sum,BNMR,50.117012756677816,50.117012756677816,3.252141890227482,FALSE,0
80,GP_sum,BNMR,49.40980530158437,49.40980530158437,3.2062505079745742,FALSE,0
81,GP_sum,BNMR,48.72604213115706,48.72604213115706,3.1618804482438074,FALSE,0
82,GP_sum,BNMR,48.06486800440418,48.06486800440418,3.118976213612203,FALSE,0
83,GP_sum,BNMR,47.42544723772833,47.42544723772833,3.077483575755194,FALSE,0
84,GP_sum,BNMR,46.806963390300325,46.806963390300325,3.0373495550302327,FALSE,0
85,GP_sum,BNMR,46.20861899577703,46.20861899577703,2.9985224030676942,FALSE,0
86,GP_sum,BNMR,45.62963533210898,45.62963533210898,2.960951587833473,FALSE,0
87,GP_sum,BNMR,45.06925222210565,45.06925222210565,2.9245877806874665,FALSE,0
88,GP_sum,BNMR,44.526727858269275,44.526727858269275,2.8893828450168706,FALSE,0
89,GP_sum,BNMR,44.00133864617514,44.00133864617514,2.8552898260729735,FALSE,0
90,GP_sum,BNMR,43.49237906137672,43.49237906137672,2.8222629416855916,FALSE,0
91,GP_sum,BNMR,42.99916151545453,42.99916151545453,2.790257573570848,FALSE,0
92,GP_sum,BNMR,42.52101622740001,42.52101622740001,2.7592302589851485,FALSE,0
93,GP_sum,BNMR,42.057291097059334,42.057291097059334,2.729138682512822,FALSE,0
94,GP_sum,BNMR,41.607351577834535,41.607351577834535,2.69994166780558,FALSE,0
95,GP_sum,BNMR,41.17058054627247,41.17058054627247,2.671599169120009,FALSE,0
96,GP_sum,BNMR,40.74637816656056,40.74637816656056,2.6440722625245745,FALSE,0
97,GP_sum,BNMR,40.33416174830086,40.33416174830086,2.6173231366704344,FALSE,0
98,GP_sum,BNMR,39.93336559625049,39.93336559625049,2.5913150830409553,FALSE,0
99,GP_sum,BNMR,39.54344085099715,39.54344085099715,2.5660124856129847,FALSE,0
100,GP_sum,BNMR,39.16385531979532,39.16385531979532,2.5413808098796533,FALSE,0
101,GP_sum,BNMR,38.794093297011734,38.794093297011734,2.517386591198902,FALSE,0
102,GP_sum,BNMR,38.433655373831165,38.433655373831165,2.493997422445105,FALSE,0
103,GP_sum,BNMR,38.08205823704883,38.08205823704883,2.471181940952515,FALSE,0
104,GP_sum,BNMR,37.73883445693384,37.73883445693384,2.448909814749513,FALSE,0
105,GP_sum,BNMR,37.403532264281274,37.403532264281274,2.4271517280913004,FALSE,0
106,GP_sum,BNMR,37.07571531689185,37.07571531689185,2.4058793663065376,FALSE,0
107,GP_sum,BNMR,36.75496245581477,36.75496245581477,2.385065399979702,FALSE,0
108,GP_sum,BNMR,36.440867451780846,36.440867451780846,2.3646834684968883,FALSE,0
109,GP_sum,BNMR,36.13303874232024,36.13303874232024,2.344708162987122,FALSE,0
110,GP_sum,BNMR,35.83109916012276,35.83109916012276,2.325115008695392,FALSE,0
111,GP_sum,BNMR,35.53468565324102,35.53468565324102,2.3058804468263605,FALSE,0
112,GP_sum,BNMR,35.24344899778135,35.24344899778135,2.286981815900599,FALSE,0
113,GP_sum,BNMR,34.95705350374538,34.95705350374538,2.2683973326663565,FALSE,0
114,GP_sum,BNMR,34.67517671471231,34.67517671471231,2.2501060726116537,FALSE,0
115,GP_sum,BNMR,34.397509102056624,34.397509102056624,2.2320879501217674,FALSE,0
116,GP_sum,BNMR,34.12375375440179,34.12375375440179,2.214323698327581,FALSE,0
117,GP_sum,BNMR,33.85362606300699,33.85362606300699,2.196794848690021,FALSE,0
118,GP_sum,BNMR,33.5868534037736,33.5868534037736,2.179483710365148,FALSE,0
119,GP_sum,BNMR,33.32317481654668,33.32317481654668,2.1623733493937154,FALSE,0
120,GP_sum,BNMR,33.06234068236375,33.06234068236375,2.145447567757528,FALSE,0
121,GP_sum,BNMR,32.80411239928574,32.80411239928574,2.1286908823437987,FALSE,0
122,GP_sum,BNMR,32.54826205741344,32.54826205741344,2.112088503856644,FALSE,0
123,GP_sum,BNMR,32.29457211366646,32.29457211366646,2.0956263157131763,FALSE,0
124,GP_sum,BNMR,32.042835066869614,32.042835066869614,2.0792908529595406,FALSE,0
125,GP_sum,BNMR,31.79285313365715,31.79285313365715,2.0630692812400255,FALSE,0
126,GP_sum,BNMR,31.544437925669094,31.544437925669094,2.046949375850016,FALSE,0
127,GP_sum,BNMR,31.297410128477967,31.297410128477967,2.030919500901238,FALSE,0
128,GP_sum,BNMR,31.05159918264597,31.05159918264597,2.014968588625243,FALSE,0
129,GP_sum,BNMR,30.806842967273013,30.806842967273013,1.9990861188385365,FALSE,0
130,GP_sum,BNMR,30.562987486357418,30.562987486357418,1.9832620985902123,FALSE,0
131,GP_sum,BNMR,30.319886558253096,30.319886558253096,1.9674870420105304,FALSE,0
132,GP_sum,BNMR,30.077401508465,30.077401508465,1.9517519503761096,FALSE,0
133,GP_sum,BNMR,29.83540086598812,29.83540086598812,1.9360482924050715,FALSE,0
134,GP_sum,BNMR,29.593760063355678,29.593760063355678,1.9203679847928734,FALSE,0
135,GP_sum,BNMR,29.352361140525343,29.352361140525343,1.904703372997197,FALSE,0
136,GP_sum,BNMR,29.11109245269277,29.11109245269277,1.889047212277682,FALSE,0
137,GP_sum,BNMR,28.869848382089078,28.869848382089078,1.8733926489941846,FALSE,0
138,GP_sum,BNMR,28.62852905377966,28.62852905377966,1.8577332021646835,FALSE,0
139,GP_sum,BNMR,28.387040055450605,28.387040055450605,1.8420627452819487,FALSE,0
140,GP_sum,BNMR,28.1452921611323,28.1452921611323,1.8263754883856946,FALSE,0
141,GP_sum,BNMR,27.903201058780372,27.903201058780372,1.810665960385043,FALSE,0
142,GP_sum,BNMR,27.660687081599573,27.660687081599573,1.7949289916238658,FALSE,0
143,GP_sum,BNMR,27.417674942967643,27.417674942967643,1.779159696679738,FALSE,0
144,GP_sum,BNMR,27.17409347478387,27.17409347478387,1.7633534573851184,FALSE,0
145,GP_sum,BNMR,26.92987536904032,26.92987536904032,1.7475059060576545,FALSE,0
146,GP_sum,BNMR,26.684956922380834,26.684956922380834,1.7316129089243684,FALSE,0
147,GP_sum,BNMR,26.439277783388903,26.439277783388903,1.7156705497229168,FALSE,0
148,GP_sum,BNMR,26.192780702311993,26.192780702311993,1.6996751134609618,FALSE,0
149,GP_sum,BNMR,25.945411282905056,25.945411282905056,1.6836230703130517,FALSE,0
150,GP_sum,BNMR,25.6971177360443,25.6971177360443,1.6675110596323788,FALSE,0
151,GP_sum,BNMR,25.44785063473402,25.44785063473402,1.6513358740529325,FALSE,0
152,GP_sum,BNMR,25.197562670096843,25.197562670096843,1.6350944436554697,FALSE,0
153,GP_sum,BNMR,24.946208407908475,24.946208407908475,1.6187838201688156,FALSE,0
154,GP_sum,BNMR,24.693744045200337,24.693744045200337,1.6024011611755715,FALSE,0
155,GP_sum,BNMR,24.440127166422226,24.440127166422226,1.5859437142892714,FALSE,0
156,GP_sum,BNMR,24.1853164986153,24.1853164986153,1.5694088012673193,FALSE,0
157,GP_sum,BNMR,23.929271665007285,23.929271665007285,1.552793802021539,FALSE,0
158,GP_sum,BNMR,23.671952936396295,23.671952936396295,1.5360961384852307,FALSE,0
159,GP_sum,BNMR,23.413320979641473,23.413320979641473,1.5193132582924804,FALSE,0
160,GP_sum,BNMR,23.15333660252807,23.15333660252807,1.5024426182222075,FALSE,0
161,GP_sum,BNMR,22.891960494215233,22.891960494215233,1.4854816673555669,FALSE,0
162,GP_sum,BNMR,22.62915296041384,22.62915296041384,1.4684278298913815,FALSE,0
163,GP_sum,BNMR,22.364873652373102,22.364873652373102,1.4512784875598177,FALSE,0
164,GP_sum,BNMR,22.099081288679177,22.099081288679177,1.4340309615696256,FALSE,0
165,GP_sum,BNMR,21.83173336878715,21.83173336878715,1.4166824940189497,FALSE,0
166,GP_sum,BNMR,21.562785877117538,21.562785877117538,1.3992302286938618,FALSE,0
167,GP_sum,BNMR,21.292192976449428,21.292192976449428,1.3816711911723432,FALSE,0
168,GP_sum,BNMR,21.019906689235167,21.019906689235167,1.3640022681444834,FALSE,0
169,GP_sum,BNMR,20.745876565340264,20.745876565340264,1.3462201858517975,FALSE,0
170,GP_sum,BNMR,20.470049334586687,20.470049334586687,1.3283214875404217,FALSE,0
171,GP_sum,BNMR,20.192368542332154,20.192368542332154,1.310302509813498,FALSE,0
172,GP_sum,BNMR,19.912774166165573,19.912774166165573,1.2921593577581671,FALSE,0
173,GP_sum,BNMR,19.631202211629965,19.631202211629965,1.2738878787116341,FALSE,0
174,GP_sum,BNMR,19.3475842846992,19.3475842846992,1.2554836345187652,FALSE,0
175,GP_sum,BNMR,19.061847138536365,19.061847138536365,1.2369418721207979,FALSE,0
176,GP_sum,BNMR,18.773912191841955,18.773912191841955,1.2182574923004836,FALSE,0
177,GP_sum,BNMR,18.483695015865077,18.483695015865077,1.1994250163937437,FALSE,0
178,GP_sum,BNMR,18.19110478689316,18.19110478689316,1.1804385507611916,FALSE,0
179,GP_sum,BNMR,17.896043700754387,17.896043700754387,1.1612917487946266,FALSE,0
180,GP_sum,BNMR,17.598406345568733,17.598406345568733,1.1419777702142333,FALSE,0
181,GP_sum,BNMR,17.29807902864914,17.29807902864914,1.1224892373905426,FALSE,0
182,GP_sum,BNMR,16.99493905310275,16.99493905310275,1.1028181884023807,FALSE,0
183,GP_sum,BNMR,16.688853939293455,16.688853939293455,1.0829560265168119,FALSE,0
184,GP_sum,BNMR,16.379680585908854,16.379680585908854,1.0628934657499554,FALSE,0
185,GP_sum,BNMR,16.067264364922504,16.067264364922504,1.0426204721382024,FALSE,0
186,GP_sum,BNMR,15.75143814424904,15.75143814424904,1.0221262003173517,FALSE,0
187,GP_sum,BNMR,15.432021231359885,15.432021231359885,1.0013989249728021,FALSE,0
188,GP_sum,BNMR,15.108818230548675,15.108818230548675,0.9804259666863905,FALSE,0
189,GP_sum,BNMR,14.781617805911505,14.781617805911505,0.9591936116649716,FALSE,0
190,GP_sum,BNMR,14.450191341429692,14.450191341429692,0.9376870247918808,FALSE,0
191,GP_sum,BNMR,14.114291488808473,14.114291488808473,0.9158901553947687,FALSE,0
192,GP_sum,BNMR,13.773650592926808,13.773650592926808,0.8937856350715024,FALSE,0
193,GP_sum,BNMR,13.427978983892443,13.427978983892443,0.8713546668599502,FALSE,0
194,GP_sum,BNMR,13.0769631237545,13.0769631237545,0.8485769049763525,FALSE,0
195,GP_sum,BNMR,12.720263594909415,12.720263594909415,0.8254303242810189,FALSE,0
196,GP_sum,BNMR,12.357512916127515,12.357512916127515,0.8018910785581606,FALSE,0
197,GP_sum,BNMR,11.988313170924911,11.988313170924911,0.7779333466186263,FALSE,0
198,GP_sum,BNMR,11.612233431694694,11.612233431694694,0.7535291651492619,FALSE,0
199,GP_sum,BNMR,11.228806961587935,11.228806961587935,0.7286482471402351,FALSE,0
200,GP_sum,BNMR,10.837528174581491,10.837528174581491,0.7032577846208685,FALSE,0
201,GP_sum,BNMR,10.437849332479944,10.437849332479944,0.6773222343248692,FALSE,0
202,GP_sum,BNMR,10.029176955753291,10.029176955753291,0.6508030847860834,FALSE,0
203,GP_sum,BNMR,9.610867923102639,9.610867923102639,0.6236586032355054,FALSE,0
204,GP_sum,BNMR,9.182225232447685,9.182225232447685,0.5958435605276167,FALSE,0
205,GP_sum,BNMR,8.742493393633225,8.742493393633225,0.5673089321686127,FALSE,0
206,GP_sum,BNMR,8.290853420529562,8.290853420529562,0.5380015733489086,FALSE,0
207,GP_sum,BNMR,7.826417387336088,7.826417387336088,0.5078638656963647,FALSE,0
208,GP_sum,BNMR,7.348222510761911,7.348222510761911,0.47683333326320754,FALSE,0
209,GP_sum,BNMR,6.855224716325502,6.855224716325502,0.44484222503693416,FALSE,0
210,GP_sum,BNMR,6.346291643257953,6.346291643257953,0.41181706102165383,FALSE,0
211,GP_sum,BNMR,5.820195038378363,5.820195038378363,0.3776781386692358,FALSE,0
212,GP_sum,BNMR,5.275602484798287,5.275602484798287,0.34233899614686486,FALSE,0
213,GP_sum,BNMR,4.711068406368608,4.711068406368608,0.3057058286068164,FALSE,0
214,GP_sum,BNMR,4.125024283358138,4.125024283358138,0.2676768532722873,FALSE,0
215,GP_sum,BNMR,3.5157680089067647,3.5157680089067647,0.22814161876724923,FALSE,0
216,GP_sum,BNMR,2.881452309269046,2.881452309269046,0.18698025369474877,FALSE,0
217,GP_sum,BNMR,2.2200721437044386,2.2200721437044386,0.1440626490034825,FALSE,0
218,GP_sum,BNMR,2.2200721437044386,2.2200721437044386,0.1440626490034825,FALSE,0
219,GP_sum,BNMR,2.2200721437044386,2.2200721437044386,0.1440626490034825,FALSE,0
220,GP_sum,BNMR,2.2200721437044386,2.2200721437044386,0.1440626490034825,FALSE,0
221,GP_sum,BNMR,2.2200721437044386,2.2200721437044386,0.1440626490034825,FALSE,0
222,GP_sum,BNMR,2.2200721437044386,2.2200721437044386,0.1440626490034825,FALSE,0
223,GP_sum,BNMR,2.2200721437044386,2.2200721437044386,0.1440626490034825,FALSE,0
224,GP_sum,BNMR,2.2200721437044386,2.2200721437044386,0.1440626490034825,FALSE,0
