Year,Selection,y_true_normalized,y_pred_normalized,y_true_raw,y_pred_raw,test_year
2009,1,92.2632135032811,52.136155615240085,510.0,285.76069549462926,2009
2009,2,85.10531440498454,48.68115140078383,470.0,266.4533307664593,2009
2009,3,89.57900134141988,46.114862287706444,495.0,252.112312108132,2009
2009,4,77.23162539685833,44.18325719861803,426.0,241.31805495215667,2009
2009,5,64.34740701992453,42.632305056128715,354.0,232.65097473104314,2009
2009,6,75.26320314482678,41.24797581809792,415.0,224.91502193807776,2009
2009,7,59.336877651116936,39.97624358338217,326.0,217.8082873096536,2009
2009,8,1.178947477457414,38.80308348608733,1.0,211.2523966429409,2009
2009,9,45.55792188689606,37.71447066031921,249.0,205.1689757351095,2009
2009,10,50.38950377824624,36.69638024018366,276.0,199.47965038332947,2009
2009,11,51.28424116553331,35.73478735978652,281.0,194.10604638477088,2009
2009,12,34.82107323945122,34.81566715323362,189.0,188.96978953660357,2009
2009,13,38.04212783368468,33.924994754630795,207.0,183.99250563599767,2009
2009,14,83.3158396304104,33.0487452980839,460.0,179.09582048012322,2009
2009,15,35.17896819436606,32.17289391769875,191.0,174.20135986615014,2009
2009,16,75.6210980997416,31.286490737275898,417.0,169.24793334671904,2009
2009,17,14.778955764220873,30.390885839394688,77.0,164.24308549635273,2009
2009,18,9.947373872870696,29.490504296329156,50.0,159.21154464504454,2009
2009,19,45.37897440943865,28.589771180353363,248.0,154.17803912278788,2009
2009,20,43.58949963486451,27.693111563741347,238.0,149.1672972595761,2009
2009,21,45.37897440943865,26.804950518767157,248.0,144.20404738540248,2009
2009,22,20.147380087943286,25.929713117704846,107.0,139.31301783026052,2009
2009,23,12.810533512189318,25.07182443282846,66.0,134.51893692414353,2009
2009,24,75.97899305465643,24.23570953641204,419.0,129.84653299704487,2009
2009,25,27.126331708782434,23.425793500729625,146.0,125.32053437895786,2009
2009,26,51.105293688075896,22.64650139805528,280.0,120.9656693998759,2009
2009,27,1.0,21.902258300663043,0.0,116.80666638979241,2009
2009,28,23.189487204719324,21.197489280826964,124.0,112.86825367870068,2009
2009,29,10.66316378270035,20.536619410821082,54.0,109.17515959659407,2009
2009,30,24.80001450183605,19.924073762919456,133.0,105.752112473466,2009
2009,31,1.0,19.363095906832676,0.0,102.61723812900767,2009
2009,32,12.631586034731905,18.852203402017512,65.0,99.76225234170174,2009
2009,33,90.11584377379212,18.38873230536732,498.0,97.17226837972895,2009
2009,34,3.147369729488967,17.970018673775407,12.0,94.83239951126971,2009
2009,35,74.72636071245454,17.59339856413511,412.0,92.72775900450468,2009
2009,36,4.0421071167760365,17.25620803333976,17.0,90.84346012761442,2009
2009,37,2.6105272971167253,16.955783138282687,9.0,89.16461614877952,2009
2009,38,43.76844711232192,16.689459935857215,239.0,87.67634033618053,2009
2009,39,48.06318657129986,16.454574482956687,263.0,86.3637459579981,2009
2009,40,35.53686314928088,16.24846283647442,193.0,85.21194628241274,2009
2009,41,1.0,16.06846105330375,0.0,84.20605457760509,2009
2009,42,1.0,15.911905190338008,0.0,83.33118411175568,2009
2009,43,1.0,15.776131304470518,0.0,82.5724481530451,2009
2009,44,15.315798196593112,15.658475452594612,80.0,81.91495996965395,2009
2009,45,12.989480989646731,15.556273691603622,67.0,81.34383282976279,2009
2009,46,1.0,15.466862078390875,0.0,80.8441800015522,2009
2009,47,1.0,15.387576669849704,0.0,80.40111475320278,2009
2009,48,1.0,15.315753522873436,0.0,79.99975035289509,2009
2009,49,12.631586034731905,15.248728694355405,65.0,79.62520006880975,2009
2009,50,1.0,15.183838241188933,0.0,79.26257716912728,2009
2009,51,17.642115403539496,15.118867232027416,93.0,78.89950410386443,2009
2009,52,33.38949341979192,15.053396782564464,181.0,78.5336400503824,2009
2009,53,1.0,14.987457020253753,0.0,78.16515336787859,2009
2009,54,23.905277114548984,14.921078072548958,128.0,77.79421241555032,2009
2009,55,36.968442968940195,14.854290066903747,201.0,77.42098555259493,2009
2009,56,1.0,14.787123130771798,0.0,77.04564113820979,2009
2009,57,1.0,14.71960739160678,0.0,76.66834753159226,2009
2009,58,1.178947477457414,14.651772976862373,1.0,76.2892730919397,2009
2009,59,16.389483061337597,14.583650013992244,86.0,75.90858617844945,2009
2009,60,48.06318657129986,14.515268630450068,263.0,75.52645515031887,2009
2009,61,3.326317206946381,14.446658953689518,13.0,75.1430483667453,2009
2009,62,1.0,14.377851111164269,0.0,74.75853418692611,2009
2009,63,3.863159639318623,14.308875230327995,16.0,74.37308097005868,2009
2009,64,48.24213404875727,14.239761438634366,264.0,73.98685707534031,2009
2009,65,1.178947477457414,14.170539863537059,1.0,73.6000308619684,2009
2009,66,34.82107323945122,14.101240632489741,189.0,73.21277068914026,2009
2009,67,1.0,14.031893872946096,0.0,72.82524491605331,2009
2009,68,1.3578949549148278,13.962529712359784,2.0,72.43762190190482,2009
2009,69,52.00003107536296,13.893178278184486,285.0,72.0500700058922,2009
2009,70,16.56843053879501,13.823869697873882,87.0,71.66275758721281,2009
2009,71,1.0,13.754634098881631,0.0,71.27585300506396,2009
2009,72,21.221064952687772,13.685501608661419,113.0,70.88952461864308,2009
2009,73,7.084214233552073,13.616502354666906,34.0,70.50394078714741,2009
2009,74,1.0,13.547666464351778,0.0,70.1192698697744,2009
2009,75,18.178957835911735,13.4790240651697,96.0,69.73568022572137,2009
2009,76,1.0,13.410605284574352,0.0,69.35334021418569,2009
2009,77,1.0,13.342440250019404,0.0,68.9724181943647,2009
2009,78,1.0,13.27455908895853,0.0,68.59308252545577,2009
2009,79,1.0,13.206991928845394,0.0,68.2155015666562,2009
2009,80,1.178947477457414,13.139768897133685,1.0,67.83984367716343,2009
2009,81,1.0,13.072920121277068,0.0,67.46627721617475,2009
2009,82,1.0,13.006475728729216,0.0,67.09497054288752,2009
2009,83,23.905277114548984,12.940465846943805,128.0,66.72609201649914,2009
2009,84,31.24212369030295,12.874920603374509,169.0,66.35980999620692,2009
2009,85,58.08424530891504,12.809870125474994,319.0,65.99629284120822,2009
2009,86,1.0,12.745344540698941,0.0,65.6357089107004,2009
2009,87,1.0,12.68137397650002,0.0,65.2782265638808,2009
2009,88,1.0,12.617988560331906,0.0,64.92401415994682,2009
2009,89,1.0,12.555218419648273,0.0,64.57324005809579,2009
2009,90,1.0,12.493093681902792,0.0,64.22607261752505,2009
2009,91,1.0,12.431644474549138,0.0,63.88268019743197,2009
2009,92,52.894768462650035,12.370900925040981,290.0,63.54323115701387,2009
2009,93,1.0,12.310893160831995,0.0,63.207893855468136,2009
2009,94,46.09476431926831,12.251651309375859,252.0,62.87683665199213,2009
2009,95,1.0,12.193205498126243,0.0,62.55022790578321,2009
2009,96,24.978961979293462,12.135585854536817,134.0,62.22823597603869,2009
2009,97,7.263161711009487,12.078822506061258,35.0,61.91102922195596,2009
2009,98,65.2421444072116,12.022945580153236,359.0,61.59877600273234,2009
2009,99,1.0,11.967985204266427,0.0,61.29164467756523,2009
2009,100,12.452638557274492,11.913971505854509,64.0,60.98980360565197,2009
2009,101,1.0,11.860925635631517,0.0,60.693370982087245,2009
2009,102,41.62107738283296,11.808832837353004,227.0,60.402264345555245,2009
2009,103,1.178947477457414,11.757669378034871,1.0,60.11635107063742,2009
2009,104,48.77897648112951,11.70741152469304,267.0,59.83549853191532,2009
2009,105,1.0,11.658035544343422,0.0,59.55957410397043,2009
2009,106,35.7158106267383,11.60951770400193,194.0,59.28844516138426,2009
2009,107,7.084214233552073,11.561834270684479,34.0,59.021979078738305,2009
2009,108,1.0,11.514961511406977,0.0,58.760043230614066,2009
2009,109,1.0,11.468875693185348,0.0,58.502504991593085,2009
2009,110,1.0,11.423553083035491,0.0,58.249231736256796,2009
2009,111,1.0,11.378969947973333,0.0,58.00009083918677,2009
2009,112,3.147369729488967,11.33510255501478,12.0,57.75494967496447,2009
2009,113,1.0,11.291927171175747,0.0,57.51367561817142,2009
2009,114,8.33684657575397,11.249420063472147,41.0,57.27613604338912,2009
2009,115,2.6105272971167253,11.207557498919895,9.0,57.04219832519908,2009
2009,116,1.0,11.1663157445349,0.0,56.81172983818277,2009
2009,117,1.0,11.12567106733308,0.0,56.584597956921726,2009
2009,118,11.021058737615178,11.08559973433035,56.0,56.36067005599747,2009
2009,119,20.863169997772943,11.046078012542617,111.0,56.13981350999146,2009
2009,120,1.0,11.007082168985796,0.0,55.921895693485205,2009
2009,121,1.178947477457414,10.968588470675805,1.0,55.70678398106025,2009
2009,122,1.0,10.930573184628559,0.0,55.49434574729809,2009
2009,123,1.0,10.89301257785996,0.0,55.28444836678018,2009
2009,124,1.0,10.855882917385932,0.0,55.07695921408808,2009
2009,125,1.0,10.819160470222384,0.0,54.87174566380327,2009
2009,126,15.852640628965354,10.78282150338523,83.0,54.66867509050724,2009
2009,127,1.0,10.746842283890384,0.0,54.46761486878152,2009
2009,128,15.315798196593112,10.711199078753758,80.0,54.268432373207595,2009
2009,129,34.28423080707899,10.675868154991266,186.0,54.070994978366976,2009
2009,130,1.0,10.640825779618822,0.0,53.87517005884118,2009
2009,131,44.30528954469417,10.606048219652344,242.0,53.68082498921171,2009
2009,132,1.0,10.571511742107738,0.0,53.487827144060056,2009
2009,133,1.0,10.537192614000919,0.0,53.296043897967714,2009
2009,134,6.189476846265003,10.503067102347801,29.0,53.105342625516194,2009
2009,135,1.0,10.469111474164299,0.0,52.91559070128701,2009
2009,136,1.0,10.435301996466322,0.0,52.72665549986165,2009
2009,137,1.0,10.40161493626979,0.0,52.538404395821644,2009
2009,138,4.2210545942334505,10.36802656059061,18.0,52.35070476374847,2009
2009,139,1.0,10.334513136444702,0.0,52.163423978223655,2009
2009,140,1.0,10.301050930847973,0.0,51.97642941382868,2009
2009,141,1.0,10.267616210816342,0.0,51.78958844514508,2009
2009,142,1.0,10.234185243365717,0.0,51.60276844675431,2009
2009,143,1.0,10.200734295512015,0.0,51.41583679323792,2009
2009,144,1.0,10.167239634271148,0.0,51.22866085917738,2009
2009,145,1.0,10.133677526659032,0.0,51.04110801915424,2009
2009,146,7.800004143381728,10.100024239691574,38.0,50.853045647749944,2009
2009,147,1.0,10.066256040384696,0.0,50.66434111954605,2009
2009,148,59.69477260603176,10.032349195754303,328.0,50.47486180912402,2009
2009,149,1.0,9.998279972816313,0.0,50.28447509106538,2009
2009,150,1.0,9.964024638586642,0.0,50.093048339951636,2009
2009,151,33.210545942334505,9.929531187883507,180.0,49.90029093876758,2009
2009,152,1.0,9.894634526734364,0.0,49.70528030411112,2009
2009,153,1.0,9.859141288968981,0.0,49.5069358609835,2009
2009,154,1.0,9.822858108417119,0.0,49.30417703438592,2009
2009,155,1.0,9.78559161890854,0.0,49.09592324931959,2009
2009,156,1.0,9.747148454273011,0.0,48.88109393078573,2009
2009,157,6.547371801179831,9.707335248340298,31.0,48.65860850378558,2009
2009,158,7.978951620839143,9.66595863494016,39.0,48.42738639332032,2009
2009,159,1.0,9.622825247902368,0.0,48.186347024391196,2009
2009,160,1.0,9.577741721056677,0.0,47.934409821999395,2009
2009,161,1.0,9.53051468823286,0.0,47.67049421114617,2009
2009,162,1.0,9.480950783260672,0.0,47.3935196168327,2009
2009,163,1.0,9.428856639969885,0.0,47.10240546406022,2009
2009,164,5.294739458977934,9.374038892190262,24.0,46.79607117782995,2009
2009,165,1.0,9.316304173751561,0.0,46.473436183143086,2009
2009,166,1.0,9.255459118483552,0.0,46.133419905000856,2009
2009,167,1.0,9.191310360215997,0.0,45.77494176840449,2009
2009,168,1.0,9.123664532778662,0.0,45.396921198355194,2009
2009,169,1.0,9.052328270001308,0.0,44.99827761985417,2009
2009,170,1.0,8.977108205713698,0.0,44.577930457902646,2009
2009,171,6.547371801179831,8.897810973745603,31.0,44.134799137501844,2009
2009,172,1.0,8.814243207926781,0.0,43.66780308365298,2009
2009,173,1.0,8.726211542086997,0.0,43.17586172135725,2009
2009,174,1.0,8.633522610056014,0.0,42.65789447561588,2009
2009,175,5.831581891350175,8.5359830456636,27.0,42.1128207714301,2009
2009,176,1.0,8.433399482739517,0.0,41.539560033801116,2009
2009,177,2.073684864744483,8.32557855511353,6.0,40.93703168773015,2009
2009,178,4.578949549148279,8.212326896615401,20.0,40.30415515821841,2009
2009,179,1.178947477457414,8.093451141074896,1.0,39.63984987026711,2009
2009,180,1.0,7.968757922321776,0.0,38.94303524887747,2009
2009,181,35.7158106267383,7.838053874185809,194.0,38.21263071905071,2009
2009,182,1.0,7.701145630496756,0.0,37.447555705788034,2009
2009,183,1.0,7.5578398250843835,0.0,36.646729634090676,2009
2009,184,1.0,7.407943091778454,0.0,35.80907192895984,2009
2009,185,45.02107945452382,7.2512620644087304,246.0,34.93350201539673,2009
2009,186,1.0,7.08760337680498,0.0,34.018939318402595,2009
2009,187,1.0,6.916773662796965,0.0,33.064303262978626,2009
2009,188,1.0,6.738579556214448,0.0,32.06851327412604,2009
2009,189,1.0,6.552827690887198,0.0,31.030488776846074,2009
2009,190,1.0,6.359324700644974,0.0,29.949149196139917,2009
2009,191,1.0,6.15787721931754,0.0,28.823413957008793,2009
2009,192,1.0,5.948291880734664,0.0,27.652202484453927,2009
2009,193,1.0,5.730375318726108,0.0,26.43443420347653,2009
2009,194,1.0,5.503934167121636,0.0,25.16902853907782,2009
2009,195,3.863159639318623,5.268775059751012,16.0,23.854904916259013,2009
2009,196,1.0,5.024704630444,0.0,22.490982760021318,2009
2009,197,1.8947373872870696,4.771529513030364,5.0,21.076181495365958,2009
2009,198,1.0,4.509056341339869,0.0,19.609420547294153,2009
2009,199,1.0,4.2370917492022775,0.0,18.0896193408071,2009
2009,200,1.0,3.955442370447356,0.0,16.515697300906044,2009
2009,201,1.0,3.6648136133806655,0.0,14.891596412778942,2009
2009,202,1.0,3.36950598421097,0.0,13.241348902360846,2009
2009,203,1.0,3.0747187636228306,0.0,11.59400955577356,2009
2009,204,1.0,2.7856512323008094,0.0,9.97863315913889,2009
2009,205,1.0,2.5075026709294677,0.0,8.424274498578638,2009
2009,206,1.0,2.245472360193369,0.0,6.959988360214619,2009
2009,207,1.0,2.004759580777073,0.0,5.614829530168631,2009
2009,208,1.0,1.7905636133651441,0.0,4.4178527945624895,2009
2009,209,1.3578949549148278,1.6080837386421423,2.0,3.398112939517991,2009
2009,210,1.0,1.4625192372926306,0.0,2.5846647511569496,2009
2010,1,82.0632072882085,86.66651691755538,453.0,478.72436166607815,2010
2010,2,91.90531854836627,79.84806584492586,508.0,440.6212759477998,2010
2010,3,61.663194858063314,74.66502364433578,339.0,411.65723423995536,2010
2010,4,71.6842535956785,70.67386056019843,395.0,389.3536894186144,2010
2010,5,70.610568730934,67.43104683692724,389.0,371.23209435984677,2010
2010,6,41.442129905375545,64.56128740689903,226.0,355.19521319894216,2010
2010,7,89.93689629633471,61.962225954344504,497.0,340.6710551080685,2010
2010,8,54.863190714681586,59.59974085145794,301.0,327.46894051861426,2010
2010,9,58.44214026382987,57.43971047043355,321.0,315.39818986196735,2010
2010,10,8.515794053211383,55.44801318346556,42.0,304.2681235695158,2010
2010,11,1.0,53.59052736274825,0.0,293.8880620726481,2010
2010,12,89.40005386396247,51.83313138047579,494.0,284.0673258027519,2010
2010,13,11.378953692530006,50.14170360884245,58.0,274.61523519121545,2010
2010,14,57.905297831457624,48.48212242004247,318.0,265.34111066942705,2010
2010,15,18.178957835911735,46.82026618627005,96.0,256.0542726687745,2010
2010,16,62.02108981297815,45.129275328524685,341.0,246.60462363335972,2010
2010,17,3.326317206946381,43.41133846302679,13.0,237.00439405813853,2010
2010,18,26.052646844037948,41.67590625480201,140.0,227.30639645078037,2010
2010,19,51.105293688075896,39.93242936887603,280.0,217.56344331895488,2010
2010,20,35.7158106267383,38.190358470274475,194.0,207.82834717033143,2010
2010,21,51.82108359790555,36.45914422402303,284.0,198.1539205125796,2010
2010,22,9.947373872870696,34.74823729514734,50.0,188.59297585336893,2010
2010,23,38.04212783368468,33.06708834867307,207.0,179.19832570036883,2010
2010,24,42.87370972503486,31.425148049625868,234.0,170.02278256124887,2010
2010,25,18.35790531336915,29.831867063031396,97.0,161.11915894367849,2010
2010,26,47.70529161638503,28.29669605391532,261.0,152.54026735532727,2010
2010,27,1.0,26.829085687303284,0.0,144.33892030386465,2010
2010,28,64.1684595424671,25.438486628220954,353.0,136.56793029696016,2010
2010,29,28.557911528441746,24.134349541693986,154.0,129.2801098422833,2010
2010,30,57.5474028765428,22.926125092748038,316.0,122.52827144750357,2010
2010,31,11.378953692530006,21.82081152087035,58.0,116.35152289769107,2010
2010,32,1.0,20.81559736339447,0.0,110.73415308751812,2010
2010,33,1.5368424323722416,19.905218732115564,3.0,105.6467461890579,2010
2010,34,1.0,19.084411738828745,0.0,101.05988637438318,2010
2010,35,1.0,18.34791249532917,0.0,96.9441578155671,2010
2010,36,29.810543870643638,17.690457113411966,161.0,93.27014468468256,2010
2010,37,72.75793846042298,17.10678170487229,401.0,90.00843115380265,2010
2010,38,39.6526551308014,16.591622381505267,216.0,87.12960139500025,2010
2010,39,4.0421071167760365,16.13971525510605,17.0,84.60423958034846,2010
2010,40,4.936844504063106,15.745796437469771,22.0,82.40292988192019,2010
2010,41,20.3263275654007,15.40460204039157,108.0,80.49625647178844,2010
2010,42,30.705281257930707,15.110868175666592,166.0,78.85480352202623,2010
2010,43,1.0,14.859330955089971,0.0,77.44915520470653,2010
2010,44,1.0,14.64472649045685,0.0,76.24989569190231,2010
2010,45,39.29476017588657,14.461790893562373,214.0,75.22760915568661,2010
2010,46,32.31580855504744,14.305260276201675,175.0,74.35287976813238,2010
2010,47,53.431610895022274,14.1698707501699,293.0,73.59629170131264,2010
2010,48,1.178947477457414,14.050358427262186,1.0,72.92842912730035,2010
2010,49,1.0,13.941459419273674,0.0,72.3198762181685,2010
2010,50,5.11579198152052,13.837909837999504,23.0,71.74121714599012,2010
2010,51,45.37897440943865,13.735326081015103,248.0,71.16795532390708,2010
2010,52,1.0,13.632845689017044,0.0,70.59527112933694,2010
2010,53,1.178947477457414,13.530486488482193,1.0,70.02326418076618,2010
2010,54,1.0,13.428266305887407,0.0,69.45203409668123,2010
2010,55,1.5368424323722416,13.326202967709547,3.0,68.88168049556859,2010
2010,56,32.85265098741968,13.224314300425476,178.0,68.3123029959147,2010
2010,57,24.978961979293462,13.122618130512056,134.0,67.74400121620606,2010
2010,58,1.0,13.02113228444615,0.0,67.17687477492915,2010
2010,59,45.37897440943865,12.919874588704612,248.0,66.61102329057036,2010
2010,60,14.421060809306043,12.818862869764311,75.0,66.04654638161622,2010
2010,61,1.0,12.718114954102106,0.0,65.48354366655319,2010
2010,62,7.084214233552073,12.617648668194857,34.0,64.92211476386771,2010
2010,63,1.0,12.517481838519423,0.0,64.36235929204626,2010
2010,64,5.11579198152052,12.417632291552671,23.0,63.804376869575314,2010
2010,65,1.0,12.31811785377146,0.0,63.24826711494134,2010
2010,66,49.136871436044345,12.21895635165265,269.0,62.694129646630806,2010
2010,67,2.7894747745741393,12.120165611673102,10.0,62.142064083130144,2010
2010,68,1.0,12.021763460309678,0.0,61.59217004292586,2010
2010,69,1.0,11.92376772403924,0.0,61.04454714450439,2010
2010,70,5.831581891350175,11.826196229338652,27.0,60.49929500635225,2010
2010,71,20.3263275654007,11.72906680268477,108.0,59.95651324695584,2010
2010,72,1.0,11.63239727055446,0.0,59.41630148480169,2010
2010,73,1.0,11.536205459424577,0.0,58.87875933837622,2010
2010,74,1.0,11.44050919577199,0.0,58.34398642616592,2010
2010,75,1.0,11.345326306073554,0.0,57.81208236665724,2010
2010,76,1.0,11.250674616806137,0.0,57.283146778336686,2010
2010,77,1.0,11.156571954446594,0.0,56.757279279690685,2010
2010,78,1.0,11.063036145471788,0.0,56.2345794892057,2010
2010,79,1.0,10.970085016358578,0.0,55.715147025368196,2010
2010,80,21.042117475230356,10.877736393583831,112.0,55.19908150666468,2010
2010,81,1.0,10.786008103624406,0.0,54.68648255158159,2010
2010,82,1.0,10.694917972957164,0.0,54.1774497786054,2010
2010,83,1.0,10.604483828058965,0.0,53.67208280622256,2010
2010,84,1.0,10.514723495406674,0.0,53.17048125291957,2010
2010,85,1.0,10.425654801477144,0.0,52.67274473718284,2010
2010,86,5.652634413892762,10.337295572747248,26.0,52.17897287749891,2010
2010,87,6.368424323722417,10.249663635693837,30.0,51.68926529235418,2010
2010,88,1.0,10.162776816793778,0.0,51.203721600235156,2010
2010,89,23.547382159634154,10.076652942523934,126.0,50.72244141962831,2010
2010,90,38.04212783368468,9.99130983936116,207.0,50.24552436902007,2010
2010,91,1.0,9.906765333782321,0.0,49.77307006689692,2010
2010,92,1.0,9.823037252264276,0.0,49.305178131745336,2010
2010,93,1.0,9.74014342128389,0.0,48.84194818205179,2010
2010,94,1.0,9.658101667318022,0.0,48.383479836302726,2010
2010,95,1.0,9.576929816843535,0.0,47.929872712984626,2010
2010,96,1.0,9.496645696337287,0.0,47.48122643058395,2010
2010,97,6.547371801179831,9.417267132276145,31.0,47.037640607587186,2010
2010,98,1.0,9.338811951136961,0.0,46.59921486248075,2010
2010,99,25.515804411665705,9.261297979396605,137.0,46.16604881375116,2010
2010,100,1.0,9.184743043531936,0.0,45.738242079884856,2010
2010,101,1.0,9.109159490001518,0.0,45.31586365575532,2010
2010,102,1.0,9.034537745190736,0.0,44.89886004178407,2010
2010,103,1.3578949549148278,8.960862755466682,2.0,44.48714711477962,2010
2010,104,1.0,8.888119467196438,0.0,44.08064075155046,2010
2010,105,1.5368424323722416,8.816292826747098,3.0,43.67925682890515,2010
2010,106,4.400002071690864,8.745367780485747,19.0,43.282911223652185,2010
2010,107,1.0,8.675329274779477,0.0,42.891519812600094,2010
2010,108,1.178947477457414,8.606162255995372,1.0,42.50499847255737,2010
2010,109,1.0,8.537851670500528,0.0,42.12326308033257,2010
2010,110,18.715800268283978,8.470382464662029,99.0,41.74622951273419,2010
2010,111,14.24211333184863,8.40373958484696,74.0,41.37381364657073,2010
2010,112,1.0,8.337907977422415,0.0,41.005931358650734,2010
2010,113,1.0,8.272872588755481,0.0,40.64249852578272,2010
2010,114,1.0,8.208618365213248,0.0,40.28343102477519,2010
2010,115,1.0,8.145130253162803,0.0,39.92864473243669,2010
2010,116,9.052636485583626,8.082393198971234,45.0,39.5780555255757,2010
2010,117,1.5368424323722416,8.020392149005632,3.0,39.23157928100077,2010
2010,118,1.0,7.959112049633084,0.0,38.8891318755204,2010
2010,119,11.021058737615178,7.898537847220676,56.0,38.5506291859431,2010
2010,120,1.0,7.838654488135502,0.0,38.215987089077416,2010
2010,121,1.0,7.779446918744647,0.0,37.88512146173184,2010
2010,122,14.957903241678286,7.720900085415204,78.0,37.557948180714924,2010
2010,123,18.536852790826565,7.662998934514255,98.0,37.23438312283514,2010
2010,124,1.0,7.605728412408894,0.0,36.91434216490105,2010
2010,125,1.0,7.549073465466205,0.0,36.597741183721126,2010
2010,126,1.0,7.493019040053283,0.0,36.28449605610393,2010
2010,127,1.0,7.437550082537211,0.0,35.97452265885796,2010
2010,128,1.0,7.382651539285081,0.0,35.66773686879174,2010
2010,129,11.378953692530006,7.328308356663976,58.0,35.36405456271376,2010
2010,130,1.0,7.274505481040992,0.0,35.06339161743258,2010
2010,131,40.54739251808848,7.221227858783215,221.0,34.7656639097567,2010
2010,132,1.178947477457414,7.1684604362577335,1.0,34.470787316494636,2010
2010,133,31.957913600132603,7.116188159831633,173.0,34.1786777144549,2010
2010,134,1.0,7.064395975872006,0.0,33.889250980446015,2010
2010,135,1.7157899098296556,7.013068830745941,4.0,33.60242299127651,2010
2010,136,1.0,6.962191670820524,0.0,33.31810962375489,2010
2010,137,1.0,6.9117494424628445,0.0,33.03622675468967,2010
2010,138,1.0,6.861727092039993,0.0,32.756690260889386,2010
2010,139,1.0,6.812109565919059,0.0,32.47941601916255,2010
2010,140,4.0421071167760365,6.7628818104671256,17.0,32.20431990631766,2010
2010,141,1.0,6.714028772051286,0.0,31.931317799163256,2010
2010,142,1.0,6.665535397038628,0.0,31.660325574507848,2010
2010,143,1.0,6.617386631796241,0.0,31.39125910915996,2010
2010,144,4.400002071690864,6.569567422691211,19.0,31.124034279928097,2010
2010,145,1.0,6.5220627160906295,0.0,30.85856696362079,2010
2010,146,1.0,6.474857458361582,0.0,30.594773037046547,2010
2010,147,58.97898269620211,6.427936595871159,324.0,30.332568377013892,2010
2010,148,10.66316378270035,6.38128507498645,54.0,30.071868860331342,2010
2010,149,1.0,6.334887842074543,0.0,29.812590363807416,2010
2010,150,1.0,6.288729843502527,0.0,29.55464876425064,2010
2010,151,1.0,6.242797165881653,0.0,29.29796631041831,2010
2010,152,1.0,6.1970804567998234,0.0,29.042490738862913,2010
2010,153,1.0,6.151571504089107,0.0,28.78817615808573,2010
2010,154,40.905287473003305,6.106262095581571,223.0,28.534976676588045,2010
2010,155,1.0,6.061144019109279,0.0,28.28284640287112,2010
2010,156,1.0,6.016209062504301,0.0,28.031739445436237,2010
2010,157,39.6526551308014,5.9714490135987015,216.0,27.781609912784667,2010
2010,158,1.0,5.9268556602245495,0.0,27.532411913417707,2010
2010,159,1.0,5.882420790213913,0.0,27.284099555836633,2010
2010,160,1.0,5.838136191398854,0.0,27.036626948542693,2010
2010,161,1.0,5.793993651611442,0.0,26.78994820003719,2010
2010,162,14.063165854391217,5.7499849586837435,73.0,26.544017418821394,2010
2010,163,1.0,5.706101900447825,0.0,26.298788713396576,2010
2010,164,1.0,5.662336264735755,0.0,26.054216192264025,2010
2010,165,1.0,5.618679839379599,0.0,25.810253963925014,2010
2010,166,1.0,5.575124412211422,0.0,25.5668561368808,2010
2010,167,1.0,5.531661771063294,0.0,25.323976819632694,2010
2010,168,12.452638557274492,5.48828370376728,64.0,25.081570120681953,2010
2010,169,1.0,5.444981998155447,0.0,24.839590148529854,2010
2010,170,1.0,5.401748442059861,0.0,24.597991011677678,2010
2010,171,1.0,5.358574823312591,0.0,24.356726818626704,2010
2010,172,1.178947477457414,5.315452929745704,1.0,24.11575167787822,2010
2010,173,1.0,5.272374549191263,0.0,23.875019697933475,2010
2010,174,1.0,5.2293314694813375,0.0,23.63448498729376,2010
2010,175,1.0,5.186315478447994,0.0,23.394101654460354,2010
2010,176,1.0,5.143318363923298,0.0,23.153823807934533,2010
2010,177,1.0,5.1003319137393195,0.0,22.91360555621758,2010
2010,178,45.55792188689606,5.057347915728123,249.0,22.673401007810767,2010
2010,179,1.0,5.014358157721773,0.0,22.433164271215357,2010
2010,180,1.0,4.971354427552342,0.0,22.192849454932652,2010
2010,181,1.0,4.928328513051892,0.0,21.952410667463916,2010
2010,182,1.0,4.885272202052491,0.0,21.711802017310422,2010
2010,183,1.0,4.842177282386206,0.0,21.470977612973456,2010
2010,184,1.0,4.799035541885105,0.0,21.22989156295429,2010
2010,185,1.0,4.755838768381253,0.0,20.988497975754203,2010
2010,186,1.0,4.712578749706718,0.0,20.746750959874475,2010
2010,187,1.0,4.669247273693565,0.0,20.504604623816373,2010
2010,188,1.0,4.625836128173862,0.0,20.262013076081175,2010
2010,189,1.0,4.582337100979679,0.0,20.018930425170183,2010
2010,190,1.0,4.538741979943076,0.0,19.775310779584636,2010
2010,191,1.0,4.495042552896125,0.0,19.531108247825838,2010
2010,192,1.0,4.45123060767089,0.0,19.28627693839505,2010
2010,193,1.8947373872870696,4.40729793209944,5.0,19.040770959793562,2010
2010,194,1.0,4.363236314013841,0.0,18.79454442052265,2010
2010,195,1.0,4.31903754124616,0.0,18.547551429083583,2010
2010,196,1.0,4.274693401628462,0.0,18.29974609397764,2010
2010,197,1.0,4.230195682992816,0.0,18.051082523706103,2010
2010,198,1.3578949549148278,4.185536173171288,2.0,17.801514826770248,2010
2010,199,1.0,4.140706659995944,0.0,17.550997111671343,2010
2010,200,1.0,4.095698931298853,0.0,17.299483486910677,2010
2010,201,1.0,4.0498315936342,0.0,17.043166167905337,2010
2010,202,1.0,3.9997305284446627,0.0,16.763189797735713,2010
2010,203,1.0,3.941348435895036,0.0,16.436937126398,2010
2010,204,1.0,3.870638016150115,0.0,16.04179090388839,2010
2010,205,1.0,3.7835519693746966,0.0,15.555133880203083,2010
2010,206,1.0,3.6760429957335785,0.0,14.954348805338292,2010
2010,207,1.0,3.5440637953915544,0.0,14.216818429290198,2010
2010,208,1.0,3.3835670685134227,0.0,13.319925502055018,2010
2010,209,1.178947477457414,3.190505515263977,1.0,12.241052773628931,2010
2010,210,12.989480989646731,2.9608318358080163,67.0,10.957582994008154,2010
2011,1,82.77899719803816,86.22252888457203,457.0,476.24325358178555,2011
2011,2,91.54742359345144,79.5992802937083,506.0,439.23100459694064,2011
2011,3,69.89477882110435,74.23372287820371,385.0,409.2470255448666,2011
2011,4,75.44215062228419,69.86528477290983,416.0,384.83518041934093,2011
2011,5,61.842142335520734,66.23339411267833,340.0,364.5393332141417,2011
2011,6,74.18951828008228,63.111439791497425,409.0,347.0931285202317,2011
2011,7,66.49477674941349,60.40865373990174,366.0,331.989333317313,2011
2011,8,90.11584377379212,58.068228647562535,498.0,318.91049518227317,2011
2011,9,76.6947829644861,56.033357204151024,423.0,307.5391616919993,2011
2011,10,73.29478089279522,54.24723209933847,404.0,297.55788042337895,2011
2011,11,4.578949549148279,52.65304602279613,20.0,288.64919895329945,2011
2011,12,31.778966122675193,51.19399166419522,172.0,280.49566485864784,2011
2011,13,44.663184499608995,49.813261713206984,244.0,272.7798257163117,2011
2011,14,30.705281257930707,48.45404885950269,166.0,265.1842291031783,2011
2011,15,54.14740080485193,47.05954579275355,297.0,257.39142259613493,2011
2011,16,33.210545942334505,45.58471765840627,180.0,249.14974098484615,2011
2011,17,51.82108359790555,44.031619425009325,284.0,240.4706679100857,2011
2011,18,1.3578949549148278,42.41407851688665,2.0,231.43147422540454,2011
2011,19,46.63160675164055,40.745922358362165,255.0,222.10943078435366,2011
2011,20,60.76845747077625,39.04097837375979,334.0,212.581808440484,2011
2011,21,19.968432610485873,37.31307398740346,106.0,202.9258780473465,2011
2011,22,1.0,35.576036623617114,0.0,193.21891045849222,2011
2011,23,15.852640628965354,33.84369370672467,83.0,183.5381765274721,2011
2011,24,12.810533512189318,32.12987266105006,66.0,173.96094710783714,2011
2011,25,3.147369729488967,30.448400910917186,12.0,164.56449305313816,2011
2011,26,29.094753960813982,28.813105880650014,157.0,155.4260852169263,2011
2011,27,40.36844504063106,27.237814994572446,220.0,146.62299445275247,2011
2011,28,1.0,25.736355677008415,0.0,138.2324916141676,2011
2011,29,6.547371801179831,24.322555352281853,31.0,130.33184755472274,2011
2011,30,57.01056044417055,23.01024144471668,313.0,122.99833312796878,2011
2011,31,1.7157899098296556,21.809978474247373,4.0,116.29098532109653,2011
2011,32,9.052636485583626,20.719279343250527,45.0,110.19590565585558,2011
2011,33,7.621056665924315,19.7323940497133,37.0,104.68096178763544,2011
2011,34,15.852640628965354,18.843572591622834,83.0,99.71402137182551,2011
2011,35,34.10528332962157,18.047064966966282,185.0,95.26295206381526,2011
2011,36,14.063165854391217,17.337121173730797,73.0,91.29562151899415,2011
2011,37,62.20003729043555,16.707991209903515,342.0,87.77989739275155,2011
2011,38,1.0,16.153925073471587,0.0,84.68364734047695,2011
2011,39,1.0,15.669172762422164,0.0,81.97473901755977,2011
2011,40,2.6105272971167253,15.247984274742395,9.0,79.62104007938946,2011
2011,41,48.6000290036721,14.884609608419424,266.0,77.59041818135546,2011
2011,42,57.01056044417055,14.573298761440403,313.0,75.85074097884723,2011
2011,43,81.52636485583626,14.308301731792476,450.0,74.36987612725413,2011
2011,44,34.64212576199382,14.08386851746279,188.0,73.11569128196568,2011
2011,45,35.53686314928088,13.894249116438496,193.0,72.0560540983713,2011
2011,46,37.684232878769855,13.733693526706741,205.0,71.15883223186042,2011
2011,47,58.621087741287276,13.596451746254674,322.0,70.3918933378225,2011
2011,48,26.231594321495358,13.47677377306944,141.0,69.72310507164693,2011
2011,49,1.0,13.368909605138189,0.0,69.1203350887232,2011
2011,50,2.968422252031553,13.26710924044807,11.0,68.55145104444073,2011
2011,51,1.0,13.166582928310492,0.0,67.98968670126074,2011
2011,52,23.36843468217674,13.066381923333923,125.0,67.42974024993167,2011
2011,53,45.200026931981235,12.966517731451098,247.0,66.87167598827372,2011
2011,54,15.1368507191357,12.86700185859475,79.0,66.3155582141071,2011
2011,55,8.873689008126211,12.767845810697604,44.0,65.76145122525199,2011
2011,56,8.33684657575397,12.669061093692399,41.0,65.20941931952862,2011
2011,57,6.368424323722417,12.570659213511863,30.0,64.6595267947572,2011
2011,58,66.31582927195608,12.47265167608873,365.0,64.11183794875791,2011
2011,59,1.0,12.37504998735573,0.0,63.566417079350984,2011
2011,60,1.0,12.277865653245598,0.0,63.02332848435662,2011
2011,61,16.389483061337597,12.181110179691066,86.0,62.482636461595035,2011
2011,62,1.0,12.084795072624864,0.0,61.94440530888643,2011
2011,63,3.326317206946381,11.988931837979722,13.0,61.40869932405098,2011
2011,64,56.47371801179831,11.893531981688376,310.0,60.87558280490894,2011
2011,65,2.7894747745741393,11.798607009683558,10.0,60.345120049280496,2011
2011,66,1.5368424323722416,11.704168427897995,3.0,59.81737535498584,2011
2011,67,51.28424116553331,11.610227742264426,281.0,59.29241301984521,2011
2011,68,32.85265098741968,11.516796458715579,178.0,58.77029734167879,2011
2011,70,1.3578949549148278,11.331508121602978,2.0,57.734863147549426,2011
2011,71,1.0,11.23967407990469,0.0,57.221673227226894,2011
2011,72,1.178947477457414,11.148395464022054,1.0,56.711587155159414,2011
2011,73,1.7157899098296556,11.0576837798878,4.0,56.20466922916718,2011
2011,74,1.0,10.96755053343466,0.0,55.7009837470704,2011
2011,75,19.252642700656217,10.878007230595365,102.0,55.200595006689284,2011
2011,76,25.69475188912312,10.789065377302654,138.0,54.70356730584406,2011
2011,77,3.147369729488967,10.700736479489251,12.0,54.209964942354894,2011
2011,78,1.0,10.613032043087891,0.0,53.71985221404202,2011
2011,79,30.705281257930707,10.525963574031303,166.0,53.23329341872562,2011
2011,80,29.452648915728812,10.439542578252226,159.0,52.75035285422594,2011
2011,81,1.0,10.353780561683386,0.0,52.27109481836316,2011
2011,82,33.38949341979192,10.268689030257516,181.0,51.79558360895748,2011
2011,83,2.2526323422018972,10.18427948990735,7.0,51.323883523829124,2011
2011,84,1.0,10.100563446565623,0.0,50.85605886079832,2011
2011,85,16.031588106422767,10.017552406165056,84.0,50.39217391768521,2011
2011,86,11.200006215072593,9.93525787463839,57.0,49.93229299231005,2011
2011,87,1.178947477457414,9.853691357918354,1.0,49.47648038249304,2011
2011,88,1.0,9.772864361937685,0.0,49.024800386054395,2011
2011,89,1.0,9.692788392629108,0.0,48.577317300814286,2011
2011,90,2.6105272971167253,9.61347495592536,9.0,48.134095424592964,2011
2011,91,7.4421091884669,9.53493555775917,36.0,47.69519905521061,2011
2011,92,1.5368424323722416,9.45718170406327,3.0,47.260692490487436,2011
2011,93,1.0,9.380224900770394,0.0,46.830640028243636,2011
2011,94,1.0,9.304076653813274,0.0,46.405105966299445,2011
2011,95,4.400002071690864,9.228748469124639,19.0,45.984154602475044,2011
2011,96,59.873720083489175,9.154251852637225,329.0,45.56785023459066,2011
2011,97,1.0,9.080598310283762,0.0,45.15625716046648,2011
2011,98,12.631586034731905,9.00779934799698,65.0,44.749439677922716,2011
2011,99,22.473697294889668,8.935866471709614,120.0,44.34746208477959,2011
2011,100,1.0,8.864811187354398,0.0,43.95038867885731,2011
2011,101,3.326317206946381,8.79464041120996,13.0,43.558258109924665,2011
2011,102,1.0,8.725342700938548,0.0,43.17100643554493,2011
2011,103,1.0,8.6569020245483,0.0,42.788544065229964,2011
2011,104,56.831612966713145,8.589302350047365,312.0,42.41078140849164,2011
2011,105,1.0,8.522527645443883,0.0,42.03762887484179,2011
2011,106,1.0,8.456561878746,0.0,41.66899687379231,2011
2011,107,1.0,8.391389017961858,0.0,41.30479581485505,2011
2011,108,1.0,8.3269930310996,0.0,40.94493610754186,2011
2011,109,1.0,8.263357886167375,0.0,40.58932816136464,2011
2011,110,4.0421071167760365,8.20046755117332,17.0,40.23788238583522,2011
2011,111,1.0,8.138305994125584,0.0,39.89050919046548,2011
2011,112,1.0,8.076857183032308,0.0,39.54711898476727,2011
2011,113,1.0,8.016105085901637,0.0,39.20762217825248,2011
2011,114,46.452659274183134,7.956033670741713,254.0,38.871929180432936,2011
2011,115,1.0,7.896626905560685,0.0,38.539950400820544,2011
2011,116,1.0,7.83786875836669,0.0,38.21159624892713,2011
2011,117,1.0,7.779743197167875,0.0,37.88677713426458,2011
2011,118,1.0,7.722234189972383,0.0,37.56540346634473,2011
2011,119,1.0,7.665325704788358,0.0,37.247385654679476,2011
2011,120,1.0,7.6090017096239455,0.0,36.93263410878067,2011
2011,121,2.2526323422018972,7.553246172487286,7.0,36.62105923816017,2011
2011,122,1.0,7.49804306138653,0.0,36.312571452329856,2011
2011,123,1.0,7.443376344329811,0.0,36.00708116080156,2011
2011,124,1.0,7.389229989325281,0.0,35.704498773087174,2011
2011,125,2.7894747745741393,7.335587964381079,10.0,35.40473469869855,2011
2011,126,21.221064952687772,7.282434237505353,113.0,35.10769934714755,2011
2011,127,1.0,7.229752776706243,0.0,34.81330312794605,2011
2011,128,1.0,7.177527549991895,0.0,34.521456450605896,2011
2011,129,4.400002071690864,7.125742525370451,19.0,34.23206972463896,2011
2011,130,1.0,7.074381670850055,0.0,33.94505335955709,2011
2011,131,4.936844504063106,7.023428954438856,22.0,33.6603177648722,2011
2011,132,1.0,6.972868344144991,0.0,33.37777335009609,2011
2011,133,15.852640628965354,6.922683807976606,83.0,33.097330524740656,2011
2011,134,1.0,6.872859313941844,0.0,32.81889969831775,2011
2011,135,1.0,6.823378830048852,0.0,32.54239128033926,2011
2011,136,1.0,6.77422632430577,0.0,32.26771568031701,2011
2011,137,1.0,6.725385764720743,0.0,31.99478330776289,2011
2011,138,3.326317206946381,6.676841119301915,13.0,31.72350457218876,2011
2011,139,79.91583755871953,6.628576356057433,441.0,31.453789883106495,2011
2011,140,1.0,6.580575442995433,0.0,31.185549650027916,2011
2011,141,1.0,6.532822348124068,0.0,30.91869428246494,2011
2011,142,1.0,6.485301039451474,0.0,30.653134189929393,2011
2011,143,2.073684864744483,6.4379954849858,6.0,30.388779781933163,2011
2011,144,1.3578949549148278,6.390889652735186,2.0,30.125541467988086,2011
2011,145,1.0,6.343967510707778,0.0,29.863329657606048,2011
2011,146,1.0,6.29721302691172,0.0,29.602054760298905,2011
2011,147,1.0,6.250610169355156,0.0,29.341627185578524,2011
2011,148,18.35790531336915,6.2041429060462265,97.0,29.081957342956752,2011
2011,149,1.0,6.157795204993079,0.0,28.822955641945473,2011
2011,150,14.24211333184863,6.111551034203857,74.0,28.564532492056554,2011
2011,151,5.473686936435348,6.065395382991284,25.0,28.306604010088666,2011
2011,152,1.8947373872870696,6.019317325886425,5.0,28.049109141987916,2011
2011,153,1.0,5.973306958724919,0.0,27.79199254098718,2011
2011,154,1.0,5.927354377342409,0.0,27.535198860319365,2011
2011,155,1.0,5.8814496775745395,0.0,27.27867275321739,2011
2011,156,1.0,5.835582955256952,0.0,27.022358872914143,2011
2011,157,1.0,5.789744306225291,0.0,26.766201872642544,2011
2011,158,21.5789599076026,5.743923826315198,115.0,26.510146405635485,2011
2011,159,1.0,5.698111611362318,0.0,26.254137125125887,2011
2011,160,47.70529161638503,5.652297757202289,261.0,25.998118684346625,2011
2011,161,1.0,5.606472359670759,0.0,25.742035736530635,2011
2011,162,1.0,5.560625514603367,0.0,25.485832934910796,2011
2011,163,1.0,5.514747317835759,0.0,25.22945493272004,2011
2011,164,1.0,5.468827865203577,0.0,24.972846383191253,2011
2011,165,1.0,5.422857252542464,0.0,24.715951939557346,2011
2011,166,1.0,5.37682557568806,0.0,24.458716255051215,2011
2011,167,1.0,5.3307229304760115,0.0,24.201083982905775,2011
2011,168,1.0,5.284539412741961,0.0,23.942999776353933,2011
2011,169,1.0,5.23826511832155,0.0,23.68440828862858,2011
2011,170,2.4315798196593112,5.191890143050422,8.0,23.425254172962635,2011
2011,171,11.200006215072593,5.145404582764219,57.0,23.16548208258899,2011
2011,172,1.0,5.098798533298587,0.0,22.90503667074057,2011
2011,173,1.0,5.052062090489164,0.0,22.64386259065025,2011
2011,174,9.947373872870696,5.005185350171596,50.0,22.381904495550955,2011
2011,175,1.0,4.958158408181524,0.0,22.119107038675583,2011
2011,176,1.0,4.910971360354594,0.0,21.855414873257047,2011
2011,177,2.4315798196593112,4.863614302526447,8.0,21.590772652528244,2011
2011,178,1.0,4.816077330532726,0.0,21.325125029722084,2011
2011,179,24.80001450183605,4.768350540209072,133.0,21.058416658071458,2011
2011,180,1.0,4.7204240273911315,0.0,20.790592190809292,2011
2011,181,1.0,4.672287887914544,0.0,20.52159628116847,2011
2011,182,1.0,4.623932217614955,0.0,20.251373582381916,2011
2011,183,1.0,4.575347112328006,0.0,19.97986874768252,2011
2011,184,24.978961979293462,4.526522667889341,134.0,19.707026430303195,2011
2011,185,1.0,4.4774489801346,0.0,19.432791283476835,2011
2011,186,1.0,4.428116144899429,0.0,19.157107960436353,2011
2011,187,1.0,4.37851425801947,0.0,18.879921114414657,2011
2011,188,1.0,4.328633415330365,0.0,18.601175398644642,2011
2011,189,1.0,4.278463712667758,0.0,18.320815466359228,2011
2011,190,1.0,4.227995245867291,0.0,18.038785970791302,2011
2011,191,12.094743602359662,4.177218110764607,62.0,17.75503156517378,2011
2011,192,1.0,4.12612240319535,0.0,17.46949690273956,2011
2011,193,3.147369729488967,4.07469821899516,12.0,17.18212663672155,2011
2011,194,1.0,4.022935653999684,0.0,16.892865420352656,2011
2011,195,13.8842183769338,3.9708248040445624,72.0,16.601657906865785,2011
2011,196,1.0,3.918355764965438,0.0,16.308448749493834,2011
2011,197,1.0,3.8655186325979547,0.0,16.013182601469715,2011
2011,198,1.0,3.812303502777754,0.0,15.715804116026327,2011
2011,199,1.3578949549148278,3.7587004713404792,2.0,15.416257946396577,2011
2011,200,1.0,3.7046996341217753,0.0,15.114488745813377,2011
2011,201,4.578949549148279,3.6496250076561516,20.0,14.806718961918376,2011
2011,202,1.0,3.590136291273602,0.0,14.474282219988293,2011
2011,203,1.0,3.5222271050029894,0.0,14.094789939708601,2011
2011,204,35.000020716908644,3.441891068873173,190.0,13.645853540764755,2011
2011,205,17.284220448624666,3.3451218029130163,91.0,13.105084442842234,2011
2011,206,1.0,3.227912927151382,0.0,12.450094065626505,2011
2011,207,1.0,3.0862580616171296,0.0,11.658493828803032,2011
2011,208,65.95793431704125,2.916150826339124,363.0,10.707895152057292,2011
2011,209,28.200016573526913,2.7135848413462247,152.0,9.575909455074745,2011
2011,210,1.0,2.474553726667295,0.0,8.240148157540867,2011
2012,1,63.63161711009487,62.234516753614756,350.0,342.1926792356568,2012
2012,2,58.26319278637245,58.6680045710026,320.0,322.26218212395025,2012
2012,3,88.68426395413282,55.75994515195638,490.0,306.01127174306333,2012
2012,4,7.621056665924315,53.36867295997716,37.0,292.64828822434737,2012
2012,5,85.10531440498454,51.352522458566064,470.0,281.38157169915405,2012
2012,6,80.98952242346401,49.58868124821177,447.0,271.52481800015846,2012
2012,7,62.20003729043555,48.0297494773534,342.0,262.81314576532986,2012
2012,8,36.78949549148278,46.647180431417716,200.0,255.08702933396128,2012
2012,9,74.01057080262487,45.41242739583146,408.0,248.18694304534563,2012
2012,10,18.536852790826565,44.29694365602136,98.0,241.95336123877584,2012
2012,11,71.6842535956785,43.27218249741421,395.0,236.226758253545,2012
2012,12,39.83160260825882,42.3095972054367,217.0,230.84760842894588,2012
2012,13,52.00003107536296,41.380641065515604,285.0,225.65638610427146,2012
2012,14,76.15794053211384,40.45676736307769,420.0,220.49356561881487,2012
2012,15,79.73689008126212,39.50942938354966,440.0,215.19962131186884,2012
2012,16,82.24215476566592,38.51620343560198,454.0,209.6492443964745,2012
2012,17,73.47372837025263,37.47915792087982,405.0,203.85399358066485,2012
2012,18,65.42109188466901,36.40648426427205,360.0,197.85964444622095,2012
2012,19,1.0,35.30637389066756,0.0,191.71197257492395,2012
2012,20,49.673713868416584,34.187018224955196,272.0,185.4567535485549,2012
2012,21,28.200016573526913,33.05660869202384,152.0,179.1397629488949,2012
2012,22,65.77898683958384,31.923336716762368,362.0,172.80677635772503,2012
2012,23,43.947394589779336,30.795393724059657,240.0,166.50356935682646,2012
2012,24,1.0,29.68097113880456,0.0,160.27591752798014,2012
2012,25,8.515794053211383,28.588260385885953,42.0,154.16959645296723,2012
2012,26,21.93685486251743,27.52545289019272,117.0,148.23038171356885,2012
2012,27,1.5368424323722416,26.500740076613724,3.0,142.50404889156604,2012
2012,28,45.200026931981235,25.522313370037832,247.0,137.0363735687399,2012
2012,29,8.873689008126211,24.59836419535392,44.0,131.8731313268715,2012
2012,30,59.515825128574356,23.737083977450858,327.0,127.06009774774193,2012
2012,31,1.0,22.944669685984785,0.0,122.6319029347994,2012
2012,32,1.0,22.219340469680827,0.0,118.57859507815988,2012
2012,33,1.0,21.55732102203142,0.0,114.87907688960674,2012
2012,34,1.0,20.95483603652895,0.0,111.51225108092301,2012
2012,35,1.0,20.40811020666584,0.0,108.45702036389197,2012
2012,36,1.5368424323722416,19.913368225934484,3.0,105.69228745029672,2012
2012,37,10.484216305242937,19.466834787827306,53.0,103.19695505192053,2012
2012,38,24.084224592006397,19.064734585836696,129.0,100.94992588054647,2012
2012,39,1.0,18.70329231345508,0.0,98.93010264795785,2012
2012,40,1.0,18.37873266417485,0.0,97.11638806593773,2012
2012,41,1.0,18.087280331488422,0.0,95.4876848462693,2012
2012,42,1.3578949549148278,17.825160008888208,2.0,94.02289570073584,2012
2012,43,1.0,17.588596389866606,0.0,92.70092334112044,2012
2012,44,50.03160882333141,17.373814167916024,274.0,91.50067047920628,2012
2012,45,1.0,17.177038036528877,0.0,90.40103982677657,2012
2012,46,1.0,16.994492689197568,0.0,89.38093409561446,2012
2012,47,43.947394589779336,16.82240281941451,240.0,88.41925599750317,2012
2012,48,1.0,16.656993120672105,0.0,87.49490824422585,2012
2012,49,18.89474774574139,16.49448828646276,100.0,86.58679354756568,2012
2012,50,48.421081526214685,16.331113010278884,265.0,85.6738146193058,2012
2012,51,1.0,16.163753788894752,0.0,84.73857248143348,2012
2012,52,6.010529368807589,15.991944332212078,28.0,83.77846139675188,2012
2012,53,1.0,15.81588015341444,0.0,82.7945739382682,2012
2012,54,1.0,15.635756765685418,0.0,81.7880026789897,2012
2012,55,66.31582927195608,15.451769682208585,365.0,80.75984019192353,2012
2012,56,1.0,15.26411441616753,0.0,79.71117905007696,2012
2012,57,1.0,15.072986480745824,0.0,78.64311182645716,2012
2012,58,59.873720083489175,14.878581389127053,329.0,77.5567310940714,2012
2012,59,13.8842183769338,14.681094654494785,72.0,76.4531294259268,2012
2012,60,65.60003936212642,14.480721790032607,361.0,75.33339939503067,2012
2012,61,36.968442968940195,14.2776583089241,201.0,74.19863357439016,2012
2012,62,1.0,14.072099724352837,0.0,73.04992453701254,2012
2012,63,28.557911528441746,13.8642415495024,154.0,71.88836485590497,2012
2012,64,1.0,13.654279297556366,0.0,70.71504710407467,2012
2012,65,38.40002278859951,13.442408481698317,209.0,69.5310638545289,2012
2012,66,43.947394589779336,13.228824615111826,240.0,68.33750768027481,2012
2012,67,6.189476846265003,13.01372321098048,29.0,67.13547115431967,2012
2012,68,1.0,12.79729978248785,0.0,65.92604684967064,2012
2012,69,1.0,12.579749842817517,0.0,64.71032733933495,2012
2012,70,2.4315798196593112,12.361268905153068,8.0,63.48940519631987,2012
2012,71,1.5368424323722416,12.142052482678071,3.0,62.26437299363254,2012
2012,72,1.0,11.922296088576108,0.0,61.036323304280195,2012
2012,73,1.0,11.70219523603076,0.0,59.80634870127007,2012
2012,74,43.76844711232192,11.48194543822561,239.0,58.57554175760937,2012
2012,75,1.0,11.261742208344227,0.0,57.344995046305286,2012
2012,76,1.0,11.041781059570196,0.0,56.11580114036505,2012
2012,77,26.7684367538676,10.822257505087096,144.0,54.88905261279588,2012
2012,78,54.32634828230934,10.603367058078504,298.0,53.66584203660498,2012
2012,79,1.0,10.385305231727997,0.0,52.44726198479954,2012
2012,80,1.0,10.168267539219158,0.0,51.23440503038682,2012
2012,81,26.7684367538676,9.952449493735564,144.0,50.028363746374,2012
2012,82,1.0,9.738046608460795,0.0,48.83023070576831,2012
2012,83,1.0,9.525254396578429,0.0,47.64109848157696,2012
2012,84,1.0,9.314268371272046,0.0,46.46205964680717,2012
2012,85,24.084224592006397,9.105284045725224,129.0,45.29420677446614,2012
2012,86,58.621087741287276,8.898496933121539,322.0,44.13863243756108,2012
2012,87,1.0,8.694102546644576,0.0,42.99642920909922,2012
2012,88,1.0,8.492296399477908,0.0,41.86868966208776,2012
2012,89,12.631586034731905,8.29327400480512,65.0,40.75650636953393,2012
2012,90,1.0,8.097230875809784,0.0,39.660971904444914,2012
2012,91,1.0,7.904362525675484,0.0,38.583178839827966,2012
2012,92,1.0,7.714864467585796,0.0,37.52421974869026,2012
2012,93,28.736859005899156,7.5289322147243,155.0,36.48518720403903,2012
2012,94,1.0,7.346761280274576,0.0,35.46717377888148,2012
2012,95,44.12634206723675,7.168547177420202,241.0,34.47127204622484,2012
2012,96,1.5368424323722416,6.994485419344755,3.0,33.498574579076305,2012
2012,97,6.010529368807589,6.824771519231819,28.0,32.5501739504431,2012
2012,98,1.0,6.659600990264967,0.0,31.627162733332433,2012
2012,99,1.0,6.499169345627781,0.0,30.73063350075152,2012
2012,100,1.0,6.34367209850384,0.0,29.861678825707575,2012
2012,101,57.5474028765428,6.193255433627048,316.0,29.021115622392294,2012
2012,102,1.0,6.04786822193261,0.0,28.208658169735344,2012
2012,103,1.0,5.90741000590606,0.0,27.423745087850875,2012
2012,104,12.810533512189318,5.7717803280329285,66.0,26.665814996853033,2012
2012,105,29.2737014382714,5.6408787307987485,158.0,25.934306516855983,2012
2012,106,1.0,5.5146047566890495,0.0,25.22865826797385,2012
2012,107,1.0,5.3928579481893655,0.0,24.5483088703208,2012
2012,108,1.0,5.275537847785226,0.0,23.892696944010975,2012
2012,109,1.0,5.162543997962166,0.0,23.261261109158536,2012
2012,110,45.37897440943865,5.053775941205713,248.0,22.65343998587761,2012
2012,111,1.0,4.949133220001404,0.0,22.068672194282385,2012
2012,112,1.0,4.848515376834767,0.0,21.506396354486977,2012
2012,113,1.0,4.751821954191336,0.0,20.966051086605557,2012
2012,114,1.0,4.65895249455664,0.0,20.447075010752254,2012
2012,115,1.7157899098296556,4.569806540416215,4.0,19.94890674704124,2012
2012,116,1.0,4.484283634255589,0.0,19.470984915586655,2012
2012,117,10.842111260157765,4.402283318560297,55.0,19.012748136502655,2012
2012,118,1.0,4.3237051358158665,0.0,18.573635029903368,2012
2012,119,1.0,4.248448628507832,0.0,18.153084215902965,2012
2012,120,56.2947705343409,4.176413339121726,309.0,17.750534314615596,2012
2012,121,1.0,4.107498810143079,0.0,17.365423946155403,2012
2012,122,20.68422252031553,4.041604584057426,110.0,16.997191730636548,2012
2012,123,1.0,3.9786302033502925,0.0,16.645276288173157,2012
2012,124,1.0,3.9184752105072156,0.0,16.309116238879405,2012
2012,125,1.0,3.8610391480137256,0.0,15.988150202869434,2012
2012,126,7.978951620839143,3.806221558355354,39.0,15.681816800257389,2012
2012,127,1.0,3.7539219840176328,0.0,15.389554651157425,2012
2012,128,1.0,3.7040399674860938,0.0,15.11080237568369,2012
2012,129,2.2526323422018972,3.6564750512462676,7.0,14.84499859395033,2012
2012,130,1.0,3.6111267777836877,0.0,14.591581926071498,2012
2012,131,14.600008286763456,3.5678946895838863,76.0,14.349990992161352,2012
2012,132,1.0,3.5266783291323938,0.0,14.119664412334032,2012
2012,133,1.0,3.4873772389147417,0.0,13.90004080670369,2012
2012,134,1.0,3.4498909614164637,0.0,13.690558795384478,2012
2012,135,1.0,3.41411903912309,0.0,13.490656998490545,2012
2012,136,1.0,3.3799610145201524,0.0,13.299774036136037,2012
2012,137,33.92633585216416,3.3473164300931835,184.0,13.11734852843511,2012
2012,138,2.073684864744483,3.316084828327715,6.0,12.942819095501914,2012
2012,139,1.0,3.286165751709279,0.0,12.775624357450598,2012
2012,140,1.0,3.257458742723406,0.0,12.615202934395306,2012
2012,141,1.0,3.2298633438556292,0.0,12.460993446450198,2012
2012,142,1.0,3.203279097591479,0.0,12.312434513729414,2012
2012,143,1.0,3.1776055464164896,0.0,12.168964756347115,2012
2012,144,1.0,3.1527422328161907,0.0,12.030022794417441,2012
2012,145,1.0,3.128588699276114,0.0,11.895047248054544,2012
2012,146,1.0,3.105044488281792,0.0,11.763476737372574,2012
2012,147,50.38950377824624,3.0820091423187574,276.0,11.634749882485693,2012
2012,148,1.0,3.05938220387254,0.0,11.50830530350803,2012
2012,149,1.0,3.037063215428673,0.0,11.383581620553747,2012
2012,150,29.094753960813982,3.014951719472689,157.0,11.260017453737,2012
2012,151,45.73686936435348,2.992963106754458,250.0,11.1371399869481,2012
2012,152,1.0,2.9710761610812195,0.0,11.014830659182094,2012
2012,153,1.0,2.949285514524549,0.0,10.893059473210187,2012
2012,154,1.0,2.9275857991560246,0.0,10.77179643180359,2012
2012,155,1.0,2.9059716470472217,0.0,10.651011537733504,2012
2012,156,46.27371179672572,2.8844376902697193,253.0,10.530674793771148,2012
2012,157,1.0,2.8629785608950953,0.0,10.410756202687732,2012
2012,158,2.6105272971167253,2.841588890994926,9.0,10.291225767254469,2012
2012,159,1.0,2.8202633126407886,0.0,10.172053490242558,2012
2012,160,1.0,2.798996457904261,0.0,10.053209374423218,2012
2012,161,19.431590178113634,2.77778295885692,103.0,9.934663422567654,2012
2012,162,14.778955764220873,2.756617447570343,77.0,9.816385637447079,2012
2012,163,1.0,2.7354945561161066,0.0,9.698346021832698,2012
2012,164,1.0,2.71440891656579,0.0,9.58051457849573,2012
2012,165,1.0,2.693355160990969,0.0,9.462861310207378,2012
2012,166,1.0,2.672327921463221,0.0,9.345356219738852,2012
2012,167,1.5368424323722416,2.651321830054124,3.0,9.227969309861365,2012
2012,168,1.0,2.6303315188352547,0.0,9.110670583346124,2012
2012,169,32.85265098741968,2.60935161987819,178.0,8.993430042964338,2012
2012,170,1.0,2.588376765254508,0.0,8.876217691487222,2012
2012,171,5.831581891350175,2.5674015870357865,27.0,8.759003531685986,2012
2012,172,1.0,2.546420717293602,0.0,8.641757566331835,2012
2012,173,1.0,2.525428788099531,0.0,8.524449798195977,2012
2012,174,1.0,2.5044204315251526,0.0,8.407050230049629,2012
2012,175,37.684232878769855,2.483390279642043,205.0,8.289528864664,2012
2012,176,8.157899098296557,2.4623329645217793,40.0,8.171855704810293,2012
2012,177,1.0,2.4412431182359393,0.0,8.054000753259725,2012
2012,178,1.0,2.4201153728561007,0.0,7.935934012783506,2012
2012,179,1.0,2.39894436045384,0.0,7.81762548615284,2012
2012,180,1.0,2.377724713100735,0.0,7.699045176138944,2012
2012,181,12.989480989646731,2.3564510628683624,67.0,7.580163085513021,2012
2012,182,1.0,2.3351180418283,0.0,7.460949217046284,2012
2012,183,1.0,2.313720282052125,0.0,7.341373573509945,2012
2012,184,1.0,2.292252415611415,0.0,7.2214061576752115,2012
2012,185,1.0,2.2707090745777463,0.0,7.101016972313292,2012
2012,186,1.0,2.2490848910226977,0.0,6.980176020195401,2012
2012,187,1.0,2.2273744970178453,0.0,6.858853304092745,2012
2012,188,1.0,2.205572524634767,0.0,6.737018826776533,2012
2012,189,1.0,2.18367360594504,0.0,6.614642591017981,2012
2012,190,1.0,2.161672373020241,0.0,6.49169459958829,2012
2012,191,1.0,2.1395634579319482,0.0,6.3681448552586755,2012
2012,192,1.178947477457414,2.1173414927517387,1.0,6.243963360800348,2012
2012,193,1.8947373872870696,2.0950011095511893,5.0,6.119120118984514,2012
2012,194,1.0,2.072536940401878,0.0,5.993585132582389,2012
2012,195,20.3263275654007,2.0499436173753818,108.0,5.867328404365177,2012
2012,196,1.0,2.0272157725432773,0.0,5.740319937104087,2012
2012,197,1.0,2.0043480379771434,0.0,5.612529733570339,2012
2012,198,19.968432610485873,1.981335045748556,106.0,5.483927796535132,2012
2012,199,1.0,1.9581714279290923,0.0,5.354484128769677,2012
2012,200,1.0,1.934851816590331,0.0,5.224168733045191,2012
2012,201,1.0,1.9110669631562471,0.0,5.091253456607477,2012
2012,202,1.0,1.885292096460415,0.0,4.947217524600745,2012
2012,203,1.0,1.8556985646888067,0.0,4.781842006643802,2012
2012,204,1.0,1.8204577160273938,0.0,4.584907972355448,2012
2012,205,1.0,1.7777408986621497,0.0,4.346196491354493,2012
2012,206,1.0,1.7257194607790471,0.0,4.055488633259748,2012
2012,207,1.0,1.6625647505640573,0.0,3.70256546769001,2012
2012,208,1.0,1.5864481162031538,0.0,3.2772080642640926,2012
2012,209,1.7157899098296556,1.4955409058823084,4.0,2.769197492600798,2012
2012,210,8.694741530668798,1.3880144677874942,43.0,2.1683148223189357,2012
2013,1,97.48551112058615,52.924207954903636,537.060171919771,289.0218824275746,2013
2013,2,89.12718102004425,49.64096367713172,490.535816618911,270.7466023798683,2013
2013,3,64.54740002781833,46.9332285903634,353.719197707736,255.6747366217491,2013
2013,4,89.71144564184112,44.69022535009958,493.787965616046,243.18967340508476,2013
2013,5,97.51691212669142,42.801176611841186,537.234957020057,232.67480098174306,2013
2013,6,100.3913911118134,41.1690664825737,553.234957020057,223.59010695425422,2013
2013,7,66.10869923302526,39.7519248752207,362.409742120344,215.70197632779713,2013
2013,8,91.73655315034219,38.521543154190375,505.060171919771,208.85339345821325,2013
2013,9,83.29277113154637,37.44971268389087,458.060171919771,202.8873427013439,2013
2013,10,54.781687129045345,36.50822482873035,299.361031518625,197.64680841303039,2013
2013,11,2.6482954352364914,35.66887095311697,9.17478510028653,192.97477494911408,2013
2013,12,70.60007264727835,34.90344242145889,387.409742120344,188.7142266654363,2013
2013,13,54.781687129045345,34.183730598164274,299.361031518625,184.70814791783843,2013
2013,14,77.34665602460788,33.481526847641284,424.962750716332,180.7995230621618,2013
2013,15,45.174523572574714,32.76862253429805,245.885386819484,176.83133645424766,2013
2013,16,66.96682180970829,32.02255072629365,367.186246418338,172.67853207131222,2013
2013,17,47.28662731110541,31.24381130679064,257.641833810888,168.3438923760704,2013
2013,18,35.806213570741924,30.438645862702472,193.739255014327,163.86215945261188,2013
2013,19,8.725162272515316,29.61329598094261,43.0,159.26807538502655,2013
2013,20,49.06052677076349,28.774003248424492,267.515759312321,154.59638225740395,2013
2013,21,33.09749071620884,27.927009252061577,178.661891117478,149.8818221538339,2013
2013,22,2.4372394925609893,27.078555578767332,8.0,145.15913715840614,2013
2013,23,72.16806387017975,26.2348838154552,396.137535816619,140.4630693552104,2013
2013,24,3.5151691119817308,25.402235549038636,14.0,135.82836082833637,2013
2013,25,13.39619062333853,24.58685236643108,69.0,131.28975366187373,2013
2013,26,50.65837468799462,23.794975854546013,276.409742120344,126.88198993991234,2013
2013,27,24.090034899292036,23.032847600296876,128.52435530086,122.63981174654184,2013
2013,28,1.1796549365701237,22.306709190597118,1.0,118.59796116585196,2013
2013,29,33.58240461377076,21.6228022123602,181.361031518625,114.79118028193245,2013
2013,30,37.8400721793051,20.987368252499564,205.060171919771,111.25421117887299,2013
2013,31,11.779296194207417,20.40514752910025,60.0,108.01343898237918,2013
2013,32,9.264127082225686,19.874874784933493,46.0,105.06182098461947,2013
2013,33,33.29979555882231,19.393783393942137,179.787965616046,102.38395751937828,2013
2013,34,40.33413569701922,18.95910673006899,218.942693409742,99.96444892043986,2013
2013,35,43.16691826419807,18.568078167256886,234.710601719198,97.78789552158865,2013
2013,36,1.0,18.217931079448647,0.0,95.83889765660894,2013
2013,37,8.118247744675271,17.9058988405871,39.621776504298,94.10205565928506,2013
2013,38,1.0,17.629214824615055,0.0,92.5619698634013,2013
2013,39,7.287922779954326,17.385112405475354,35.0,91.20324060274208,2013
2013,40,20.043423276433106,17.17082495711081,106.0,90.0104682110917,2013
2013,41,38.82894648632856,16.98358585346425,210.56446991404,88.9682530222345,2013
2013,42,21.902774654345087,16.820628468478496,116.349570200573,88.06119536995482,2013
2013,43,22.342388739820322,16.679186176096373,118.796561604584,87.27389558803696,2013
2013,44,1.0,16.556492350260704,0.0,86.5909540102653,2013
2013,45,1.898274682850618,16.449780364914314,5.0,85.99697097042416,2013
2013,46,11.693844275953433,16.356283594000026,59.5243553008596,85.47654680229786,2013
2013,47,1.0,16.273235411460668,0.0,85.01428183967079,2013
2013,48,1.0,16.197869191239057,0.0,84.59477641632722,2013
2013,49,1.0,16.12741830727802,0.0,84.20263086605152,2013
2013,50,2.97620430227136,16.059116133520376,11.0,83.822445522628,2013
2013,51,12.968931032068609,15.990662397987357,66.621776504298,83.44141655209204,2013
2013,52,12.7403728892688,15.921622245013744,65.3495702005731,83.05712344948272,2013
2013,53,24.402500648570047,15.852027173012743,130.263610315186,82.66974154209028,2013
2013,54,1.0,15.781908680397546,0.0,82.27944615720489,2013
2013,55,55.4776569692825,15.711298265581338,303.234957020057,81.88641262211665,2013
2013,56,1.0,15.640227426977315,0.0,81.49081626411575,2013
2013,57,39.69942355721709,15.568727662998672,215.409742120344,81.09283241049236,2013
2013,58,38.98080381093659,15.496830472058607,211.409742120344,80.69263638853668,2013
2013,59,1.0,15.4245673525703,0.0,80.29040352553879,2013
2013,60,1.0,15.35196980294695,0.0,79.88630914878885,2013
2013,61,26.356055044798236,15.279069321601755,141.137535816619,79.48052858557712,2013
2013,62,1.0,15.205897406947901,0.0,79.07323716319368,2013
2013,63,1.0,15.132485557398583,0.0,78.66461020892869,2013
2013,64,1.0,15.058865271366999,0.0,78.25482305007237,2013
2013,65,1.0,14.985068047266335,0.0,77.84405101391482,2013
2013,66,65.79468917197134,14.911125383509784,360.661891117478,77.43246942774621,2013
2013,67,1.0,14.837068778510542,0.0,77.02025361885674,2013
2013,68,1.0,14.762929730681801,0.0,76.60757891453655,2013
2013,69,9.44378201879581,14.688739738436754,47.0,76.19462064207576,2013
2013,70,1.0,14.614530300188598,0.0,75.78155412876461,2013
2013,71,1.0,14.540332914350518,0.0,75.36855470189322,2013
2013,72,2.97620430227136,14.466179079335713,11.0,74.95579768875174,2013
2013,73,1.0,14.392100293557371,0.0,74.54345841663034,2013
2013,74,30.376413367470633,14.31812805542869,163.515759312321,74.1317122128192,2013
2013,75,47.51003774798631,14.244293863362861,258.885386819484,73.72073440460845,2013
2013,76,1.0,14.170629215773078,0.0,73.31070031928829,2013
2013,77,45.88078882464989,14.09716561107253,249.816618911175,72.90178528414883,2013
2013,78,1.0,14.023934547674413,0.0,72.49416462648027,2013
2013,79,56.30437853986025,13.950967523991917,307.836676217765,72.08801367357276,2013
2013,80,51.04033446717804,13.87829603843824,278.535816618911,71.68350775271645,2013
2013,81,7.826887589664698,13.80595158942657,38.0,71.28082219120152,2013
2013,82,11.974909019126175,13.733965675370104,61.0888252148997,70.88013231631814,2013
2013,83,1.1796549365701237,13.662369794682032,1.0,70.48161345535644,2013
2013,84,1.0,13.591195445775552,0.0,70.08544093560661,2013
2013,85,1.0,13.520474127063848,0.0,69.69179008435879,2013
2013,86,34.954783011753364,13.450237336960118,189.0,69.30083622890314,2013
2013,87,1.0,13.380516573877557,0.0,68.91275469652984,2013
2013,88,19.32480353015261,13.311343336229353,102.0,68.52772081452903,2013
2013,89,46.733763695414,13.242749122428705,254.56446991404,68.14590991019091,2013
2013,90,8.280400481121085,13.174765430888801,40.5243553008596,67.7674973108056,2013
2013,91,2.6168944291311123,13.107423760022836,9.0,67.39265834366327,2013
2013,92,1.0,13.040755608244,0.0,67.02156833605407,2013
2013,93,1.0,12.974792473965486,0.0,66.65440261526818,2013
2013,94,1.0,12.909565855600496,0.0,66.29133650859579,2013
2013,95,1.0,12.845107251562213,0.0,65.932545343327,2013
2013,96,1.0,12.781448160263832,0.0,65.57820444675201,2013
2013,97,1.0,12.718620080118548,0.0,65.22848914616098,2013
2013,98,1.0,12.65665450953955,0.0,64.88357476884404,2013
2013,99,1.0,12.595582946940038,0.0,64.5436366420914,2013
2013,100,51.282791415958904,12.535436890733198,279.885386819484,64.20885009319318,2013
2013,101,22.87980923775514,12.476229061211955,121.787965616046,63.87928592617609,2013
2013,102,2.0779296194207415,12.417897066188127,6.0,63.554596852012736,2013
2013,103,1.3593098731402473,12.36035973535327,2.0,63.23433105841236,2013
2013,104,66.93542080360301,12.303535898398932,367.011461318052,62.9180367330841,2013
2013,105,1.0,12.247344385016666,0.0,62.60526206373716,2013
2013,106,1.0,12.191704024898021,0.0,62.29555523808071,2013
2013,107,1.0,12.136533647734547,0.0,61.9884644438239,2013
2013,108,19.50445846672273,12.081752083217795,103.0,61.68353786867594,2013
2013,109,1.0,12.027278161039321,0.0,61.380323700346025,2013
2013,110,20.233888395432988,11.973030710890669,107.060171919771,61.07837012654329,2013
2013,111,1.0,11.91892856246339,0.0,60.777225334976926,2013
2013,112,1.0,11.864890545449038,0.0,60.47643751335612,2013
2013,113,1.0,11.810835489539166,0.0,60.17555484939005,2013
2013,114,1.0,11.756682224425317,0.0,59.874125530787886,2013
2013,115,1.0,11.70234957979905,0.0,59.571697745258824,2013
2013,116,1.0,11.64775638535191,0.0,59.267819680512005,2013
2013,117,1.0,11.59282147077545,0.0,58.962039524256646,2013
2013,118,4.95240860454272,11.537463665761221,22.0,58.65390546420191,2013
2013,119,1.0,11.481601800000771,0.0,58.34296568805696,2013
2013,120,1.0,11.425154703185655,0.0,58.02876838353098,2013
2013,121,30.093804312522177,11.36804120500742,161.942693409742,57.71086173833317,2013
2013,122,1.0,11.310180135157625,0.0,57.38879394017272,2013
2013,123,41.38426770447787,11.251490323327808,224.787965616046,57.06211317675874,2013
2013,124,1.0,11.191890599209527,0.0,56.73036763580047,2013
2013,125,7.108267843384203,11.131299792494334,34.0,56.39310550500707,2013
2013,126,1.0,11.069636732873773,0.0,56.049874972087686,2013
2013,127,17.341907210186665,11.006820250039405,90.9627507163324,55.70022422475156,2013
2013,128,1.0,10.942769173682775,0.0,55.34370145070784,2013
2013,129,1.0,10.87740233349543,0.0,54.97985483766567,2013
2013,130,1.0,10.810638559168925,0.0,54.60823257333426,2013
2013,131,1.0,10.742396680394814,0.0,54.2283828454228,2013
2013,132,1.0,10.672595526864644,0.0,53.83985384164046,2013
2013,133,10.95617801777295,10.601153928269962,55.4183381088825,53.44219374969639,2013
2013,134,4.3279918765783645,10.527990714302327,18.5243553008596,53.034950757299804,2013
2013,135,1.0,10.453024714653283,0.0,52.617673052159866,2013
2013,136,1.0,10.376174759014384,0.0,52.189908821985746,2013
2013,137,13.147041656863054,10.297359677077177,67.6131805157593,51.75120625448661,2013
2013,138,1.0,10.21649829853322,0.0,51.30111353737168,2013
2013,139,1.0,10.133509453074058,0.0,50.8391788583501,2013
2013,140,1.0,10.048311970391241,0.0,50.364950405131054,2013
2013,141,1.0,9.960824680176326,0.0,49.877976365423734,2013
2013,142,1.0,9.870966412120858,0.0,49.377804926937294,2013
2013,143,1.0,9.77865599591639,0.0,48.863984277380936,2013
2013,144,1.0,9.683812261254472,0.0,48.33606260446382,2013
2013,145,1.0,9.586354037826654,0.0,47.793588095895124,2013
2013,146,1.0,9.486200155324488,0.0,47.23610893938403,2013
2013,147,1.0,9.383269443439527,0.0,46.66317332263974,2013
2013,148,11.334534402813185,9.277480731863315,57.5243553008596,46.07432943337138,2013
2013,149,1.0,9.168752850287408,0.0,45.46912545928816,2013
2013,150,1.0,9.05700462840336,0.0,44.847109588099286,2013
2013,151,1.0,8.94219592481364,0.0,44.20805838370944,2013
2013,152,19.46636544292279,8.824450713764428,102.787965616046,43.55266191480554,2013
2013,153,1.0,8.70393399841282,0.0,42.88183862627003,2013
2013,154,1.0,8.580810781915922,0.0,42.1965069629854,2013
2013,155,1.0,8.455246067430828,0.0,41.49758536983406,2013
2013,156,1.0,8.327404858114642,0.0,40.78599229169848,2013
2013,157,1.0,8.197452157124467,0.0,40.06264617346114,2013
2013,158,1.0,8.0655529676174,0.0,39.328465460004466,2013
2013,159,1.1796549365701237,7.931872292750543,1.0,38.58436859621092,2013
2013,160,1.0,7.796575135680995,0.0,37.83127402696296,2013
2013,161,1.0,7.659826499565858,0.0,37.07010019714303,2013
2013,162,1.0,7.521791387562231,0.0,36.301765551633586,2013
2013,163,1.0,7.382634802827213,0.0,35.52718853531708,2013
2013,164,1.0,7.24252174851791,0.0,34.74728759307599,2013
2013,165,1.0,7.10161722779142,0.0,33.962981169792755,2013
2013,166,20.32603233138156,6.960086243804839,107.573065902579,33.1751877103498,2013
2013,167,1.0,6.818093799715272,0.0,32.38482565962962,2013
2013,168,1.0,6.675804898679821,0.0,31.59281346251467,2013
2013,169,1.0,6.533384543855581,0.0,30.80006956388737,2013
2013,170,1.0,6.390997738399657,0.0,30.007512408630202,2013
2013,171,1.0,6.248809485469149,0.0,29.216060441625622,2013
2013,172,1.0,6.106984788221155,0.0,28.426632107756063,2013
2013,173,1.0,5.965688649812777,0.0,27.64014585190399,2013
2013,174,1.0,5.825086073401115,0.0,26.857520118951857,2013
2013,175,1.0,5.685342062143271,0.0,26.079673353782127,2013
2013,176,1.0,5.546621619196343,0.0,25.307524001277237,2013
2013,177,1.0,5.409089747717434,0.0,24.541990506319653,2013
2013,178,1.0,5.272911450863643,0.0,23.783991313791834,2013
2013,179,1.0,5.13825173179207,0.0,23.03444486857622,2013
2013,180,6.250145266701114,5.005275593659817,29.2234957020057,22.29426961555527,2013
2013,181,1.0,4.874148039623983,0.0,21.564383999611447,2013
2013,182,1.0,4.745034072841668,0.0,20.845706465627188,2013
2013,183,1.0,4.618098696469977,0.0,20.139155458484975,2013
2013,184,1.0,4.493506913666003,0.0,19.445649423067223,2013
2013,185,1.0,4.371423727586852,0.0,18.766106804256417,2013
2013,186,5.311718477682967,4.2520141413896235,24.0,18.101446046935006,2013
2013,187,1.0,4.135443158231417,0.0,17.45258559598544,2013
2013,188,1.0,4.021875781269332,0.0,16.820443896290165,2013
2013,189,1.0,3.9114770136604724,0.0,16.20593939273165,2013
2013,190,1.0,3.8044118585619353,0.0,15.609990530192341,2013
2013,191,15.35180410193424,3.7008453191308233,79.8853868194843,15.033515753554697,2013
2013,192,1.0,3.6009423985242357,0.0,14.47743350770117,2013
2013,193,1.0,3.504868099899273,0.0,13.942662237514208,2013
2013,194,1.0,3.412787426413036,0.0,13.430120387876272,2013
2013,195,1.0,3.324865381222626,0.0,12.940726403669823,2013
2013,196,1.0,3.2412669674851413,0.0,12.475398729777298,2013
2013,197,1.0,3.1621571883576847,0.0,12.035055811081167,2013
2013,198,7.7728366775160875,3.087701046997355,37.6991404011461,11.620616092463873,2013
2013,199,1.0,3.0180635465612533,0.0,11.232998018807875,2013
2013,200,1.0,2.9534096902064806,0.0,10.873120034995631,2013
2013,201,1.0,2.892896535244614,0.0,10.536290131419634,2013
2013,202,24.807110333796796,2.8316493556051423,132.515759312321,10.195374480512566,2013
2013,203,1.0,2.7637854793720327,0.0,9.817628800217161,2013
2013,204,2.6256455291932683,2.683422234629249,9.0487106017192,9.370308808476127,2013
2013,205,1.0,2.5846769494607598,0.0,8.820670223232204,2013
2013,206,33.313694364803354,2.46166695195053,179.865329512894,8.135968762428114,2013
2013,207,1.0,2.308509570182526,0.0,7.2834601440065825,2013
2013,208,1.0,2.1193221322407143,0.0,6.230400085910337,2013
2013,209,1.0,1.8882219662090602,0.0,4.944044306082098,2013
2013,210,1.0,1.609326400171531,0.0,3.391648522464599,2013
2014,1,94.22458553234698,86.04087573166906,520.960601719198,475.22813363997915,2014
2014,2,88.88676100752244,79.75076283089948,491.131600491199,440.0775241419128,2014
2014,3,93.4102206868692,74.73225875598024,516.409742120344,412.0329596349136,2014
2014,4,70.38360648823989,70.66760360928814,387.731682357757,389.318724126009,2014
2014,5,24.68102138798853,67.23903749319993,132.335038886615,370.15910162222633,2014
2014,6,63.04163247760174,64.17625366334023,346.703029062628,353.0435553548106,2014
2014,7,29.172910718262717,61.398757988324626,157.436758084323,337.5222654518747,2014
2014,8,71.42727754664459,58.87350949001656,393.563958248056,323.4105912657492,2014
2014,9,81.56773226799113,56.56746719027941,450.231170691773,310.5238921487642,2014
2014,10,61.16634641778762,54.447590110976584,336.223495702006,298.67752745325004,2014
2014,11,56.00854979419977,52.48083727397151,307.400532132624,287.6868565315371,2014
2014,12,40.87247188974467,50.63416770112755,222.816618911175,277.3672387359556,2014
2014,13,49.882601903144106,48.87454041430816,273.167314776914,267.5340334188359,2014
2014,14,16.56843053879501,47.16891443537672,87.0,258.00259993250836,2014
2014,15,84.36059111259418,45.48424878619663,465.838313548915,248.58829762930318,2014
2014,16,16.990528303366585,43.794196994941714,89.3587801882931,239.14389631519626,2014
2014,17,53.35929575088807,42.09919061502741,292.595886205485,229.67180761074565,2014
2014,18,52.5148072254659,40.40635570617958,287.876688497749,220.21185359015493,2014
2014,19,40.4885368905253,38.72281832812408,220.671101105199,210.8038563276277,2014
2014,20,57.2571168130291,37.05570454058673,314.377814162914,201.4876378973674,2014
2014,21,47.52945722439298,35.41214040329342,260.017396643471,192.3030203735778,2014
2014,22,49.786737183077506,33.799251975969995,272.631600491199,183.2898258304624,2014
2014,23,1.0,32.22416531834231,0.0,174.48787634222487,2014
2014,24,61.57373943160207,30.6940064901362,338.500102333197,165.93699398306865,2014
2014,25,85.55638217665172,29.21590155107753,472.520671305772,157.67700082719733,2014
2014,26,7.621056665924315,27.796976560892155,37.0,149.7477189488146,2014
2014,27,23.04181708005541,26.44435757930593,123.174785100287,142.188970422124,2014
2014,28,10.484216305242937,25.165170666044695,53.0,135.04057732132907,2014
2014,29,63.64238472335166,23.966541880834313,350.060171919771,128.34236172063345,2014
2014,30,8.79729022835213,22.855597283400634,43.5730659025788,122.13414569424064,2014
2014,31,23.13033858087692,21.8374872844411,123.669463774048,116.44471093145208,2014
2014,32,18.689174231421198,20.909459698539415,98.8512075317233,111.25867758195969,2014
2014,33,54.631101037103285,20.06678669125091,299.703029062628,106.54962541055346,2014
2014,34,1.0,19.304740428130874,0.0,102.29113418202306,2014
2014,35,1.0,18.61859307473462,0.0,98.45678366115838,2014
2014,36,1.0,18.003616796617457,0.0,95.02015361274928,2014
2014,37,1.0,17.455083759334688,0.0,91.95482380158549,2014
2014,38,41.95778504431565,16.968266128441613,228.881600491199,89.23437399245685,2014
2014,39,1.0,16.538436069493553,0.0,86.83238395015323,2014
2014,40,7.65592322313665,16.1608657480458,37.1948424068768,84.72243343946437,2014
2014,41,1.5993971379590748,15.830827329653669,3.34957020057307,82.87810222518014,2014
2014,42,13.999072918339143,15.54359297987246,72.6418338108883,81.27297007209035,2014
2014,43,7.294732060081988,15.294434864257482,35.1764224314367,79.88061674498476,2014
2014,44,1.0,15.07862514836404,0.0,78.67462200865326,2014
2014,45,1.0,14.891435997747442,0.0,77.62856562788564,2014
2014,46,1.0,14.72813957796299,0.0,76.7160273674717,2014
2014,47,1.0,14.584008054565999,0.0,75.9105869922013,2014
2014,48,23.28013292856443,14.454313593111763,124.506549324601,75.18582426686419,2014
2014,49,1.0,14.334328359155599,0.0,74.51531895625025,2014
2014,50,2.7894747745741393,14.219324518252805,10.0,73.87265082514925,2014
2014,51,1.0,14.105365095177945,0.0,73.23581914305986,2014
2014,52,1.6306744907524904,13.991676551582582,3.5243553008596,72.60050119831588,2014
2014,53,1.0,13.878276208337542,0.0,71.96679378396003,2014
2014,54,1.0,13.765181386313646,0.0,71.33479369303497,2014
2014,55,38.2228332888166,13.652409406381707,208.009823986901,70.70459771858332,2014
2014,56,33.21966545152139,13.539977589412555,180.050961932051,70.0763026536478,2014
2014,57,1.0,13.427903256277004,0.0,69.45000529127105,2014
2014,58,61.88418730157083,13.316203727845881,340.234957020057,68.82580242449578,2014
2014,59,1.0,13.204896324989997,0.0,68.20379084636457,2014
2014,60,1.0,13.093998368580184,0.0,67.58406734992018,2014
2014,61,1.0,12.98352717948725,0.0,66.96672872820518,2014
2014,62,1.0,12.87350007858203,0.0,66.35187177426235,2014
2014,63,2.6105272971167253,12.763934386735334,9.0,65.73959328113428,2014
2014,64,1.0,12.654847424817987,0.0,65.12999004186365,2014
2014,65,19.68722943162415,12.546256513700811,104.428571428571,64.52315884949314,2014
2014,66,15.1368507191357,12.43817897425462,79.0,63.9191964970654,2014
2014,67,43.319741623155,12.330632127350245,236.492529676627,63.318199777623136,2014
2014,68,3.147369729488967,12.223633293858494,12.0,62.72026548420894,2014
2014,69,1.0,12.117199794650201,0.0,62.125490409865556,2014
2014,70,1.0,12.011348950596176,0.0,61.53397134763561,2014
2014,71,1.0,11.906098082567247,0.0,60.945805090561784,2014
2014,72,1.0,11.801464511434231,0.0,60.36108843168674,2014
2014,73,4.757897026605692,11.697465558067947,21.0,59.779918164053136,2014
2014,74,1.0,11.59411854333922,0.0,59.20239108070366,2014
2014,75,1.0,11.491440788118869,0.0,58.62860397468096,2014
2014,76,1.0,11.389449613277716,0.0,58.058653639027725,2014
2014,77,1.0,11.288162339686577,0.0,57.49263686678659,2014
2014,78,1.0,11.187596288216277,0.0,56.93065045100024,2014
2014,79,70.52750428581048,11.087768779737633,388.535816618911,56.37279118471133,2014
2014,80,1.7988726672205972,10.98869713512147,4.46428571428571,55.81915586096255,2014
2014,81,1.0,10.890398675238607,0.0,55.26984127279656,2014
2014,82,7.4989504666113636,10.792890720959864,36.3176422431436,54.72494421325601,2014
2014,83,1.0,10.696190593156063,0.0,54.18456147538359,2014
2014,84,1.0,10.600315612698026,0.0,53.64878985222196,2014
2014,85,1.0,10.505283100456566,0.0,53.11772613681376,2014
2014,86,3.7504476332041805,10.411110377302512,15.3701391731478,52.591467122201685,2014
2014,87,1.0,10.317814764106682,0.0,52.07010960142841,2014
2014,88,1.0,10.225413581739893,0.0,51.553750367536566,2014
2014,89,5.0421034173280725,10.133924151072975,22.5882112157184,51.042486213568864,2014
2014,90,30.92123782789137,10.043363792976741,167.206815390913,50.536413932567946,2014
2014,91,7.660373104125418,9.953749828322014,37.2197093737209,50.035630317576484,2014
2014,92,1.0,9.865099577979612,0.0,49.54023216163713,2014
2014,93,1.0,9.777430362820358,0.0,49.05031625779256,2014
2014,94,1.0,9.690759503715073,0.0,48.56597939908546,2014
2014,95,1.0,9.60510432153458,0.0,48.08731837855848,2014
2014,96,1.0,9.520482137149692,0.0,47.61442998925427,2014
2014,97,21.414442496890697,9.436910271431238,114.080638559149,47.147411024215536,2014
2014,98,1.0,9.354406045250032,0.0,46.6863582764849,2014
2014,99,2.0090974974714264,9.2729867794769,5.63907081457224,46.23136853910508,2014
2014,100,1.0,9.192669794982663,0.0,45.78253860511872,2014
2014,101,2.968422252031553,9.113466496960795,11.0,45.33993220939169,2014
2014,102,1.0,9.035364627895419,0.0,44.90348085408291,2014
2014,103,1.0,8.958346014593312,0.0,44.47308298317447,2014
2014,104,1.0,8.882392483861247,0.0,44.04863704064846,2014
2014,105,1.0,8.807485862506008,0.0,43.63004147048701,2014
2014,106,23.088989480989696,8.733607977334364,123.438395415473,43.21719471667218,2014
2014,107,1.0,8.660740655153099,0.0,42.80999522318614,2014
2014,108,37.77236982197517,8.588865722768983,205.492529676627,42.40834143401092,2014
2014,109,1.0,8.517965006988803,0.0,42.01213179312872,2014
2014,110,2.5203760044926096,8.448020334619326,8.4962136717151,41.62126474452155,2014
2014,111,1.0,8.379013532467336,0.0,41.23563873217157,2014
2014,112,75.83172579987617,8.310926427339608,418.177036430618,40.85515220006087,2014
2014,113,20.420269497385622,8.243740846042918,108.524969300041,40.47970359217157,2014
2014,114,1.0,8.177438615384045,0.0,40.10919135248575,2014
2014,115,1.0,8.112001562169768,0.0,39.74351392498555,2014
2014,116,43.14881491883774,8.047411513206855,235.537351616864,39.38256975365302,2014
2014,117,7.397372319102548,7.983650295302096,35.75,39.02625728247033,2014
2014,118,1.0,7.920699735262258,0.0,38.67447495541955,2014
2014,119,2.3101511742417804,7.858541659894122,7.32142857142857,38.32712121648278,2014
2014,120,1.0,7.797157896004466,0.0,37.98409450964214,2014
2014,121,1.0,7.736530270400065,0.0,37.64529327887973,2014
2014,122,1.0,7.6766406098877,0.0,37.31061596817767,2014
2014,123,1.0,7.6174707412741425,0.0,36.97996102151802,2014
2014,124,1.0,7.559002491366175,0.0,36.65322688288295,2014
2014,125,1.0,7.501217686970572,0.0,36.33031199625453,2014
2014,126,34.09889234828386,7.444098154894109,184.964285714286,36.01111480561486,2014
2014,127,9.036466753431066,7.387625721943568,44.909639787147,35.69553375494606,2014
2014,128,4.144362818180278,7.331782214925722,17.5714285714286,35.383467288230236,2014
2014,129,1.2102248302508296,7.276549460647348,1.17478510028653,35.07481384944947,2014
2014,130,1.0,7.221909285915225,0.0,34.76947188258589,2014
2014,131,1.0,7.167843517536132,0.0,34.46733983162161,2014
2014,132,1.0,7.114333982316843,0.0,34.168316140538714,2014
2014,133,1.0,7.061362507064133,0.0,33.8722992533193,2014
2014,134,1.5368424323722416,7.008910918584784,3.0,33.5791876139455,2014
2014,135,1.0,6.956961043685573,0.0,33.28887966639941,2014
2014,136,1.0,6.905494709173271,0.0,33.00127385466312,2014
2014,137,1.0,6.854493741854662,0.0,32.71626862271875,2014
2014,138,39.01879430551381,6.803939968536521,212.457838722882,32.43376241454841,2014
2014,139,1.0,6.753815216025626,0.0,32.15365367413421,2014
2014,140,1.2620302348483552,6.70410131112875,1.46428571428571,31.875840845458228,2014
2014,141,1.0,6.6547800806526745,0.0,31.600222372502593,2014
2014,142,1.0,6.605833351404175,0.0,31.3266966992494,2014
2014,143,1.0,6.55724295019003,0.0,31.055162269680768,2014
2014,144,12.935642923362977,6.508990703817015,66.6991404011461,30.785517527778786,2014
2014,145,7.660373104125418,6.461058439091907,37.2197093737209,30.517660917525564,2014
2014,146,26.070867550144246,6.413427982821483,140.101821530905,30.2514908829032,2014
2014,147,1.0,6.366081161812523,0.0,29.98690586789382,2014
2014,148,1.0,6.318999802871799,0.0,29.72380431647951,2014
2014,149,3.326317206946381,6.272165732806093,13.0,29.462084672642387,2014
2014,150,1.0,6.2255607784221825,0.0,29.20164538036456,2014
2014,151,1.0,6.17916793393087,0.0,28.94239140735255,2014
2014,152,1.0,6.132974863159091,0.0,28.68425381621063,2014
2014,153,1.0,6.0869703973378,0.0,28.427170193267475,2014
2014,154,1.0,6.041143367697962,0.0,28.171078124851793,2014
2014,155,1.0,5.995482605470533,0.0,27.91591519729225,2014
2014,156,1.0,5.949976941886476,0.0,27.661618996917554,2014
2014,157,1.0,5.90461520817675,0.0,27.408127110056384,2014
2014,158,1.0,5.859386235572316,0.0,27.155377123037443,2014
2014,159,1.0,5.814278855304134,0.0,26.90330662218941,2014
2014,160,1.0,5.769281898603162,0.0,26.65185319384097,2014
2014,161,1.0,5.724384196700362,0.0,26.400954424320823,2014
2014,162,1.0,5.679574580826693,0.0,26.150547899957644,2014
2014,163,1.0,5.6348418822131165,0.0,25.900571207080137,2014
2014,164,1.0,5.5901749320905925,0.0,25.650961932016987,2014
2014,165,1.0,5.5455625616900805,0.0,25.401657661096888,2014
2014,166,1.0,5.50099360224254,0.0,25.152595980648513,2014
2014,167,1.0,5.456456884978932,0.0,24.903714477000573,2014
2014,168,1.0,5.411941241130218,0.0,24.654950736481748,2014
2014,169,1.0,5.367435501927353,0.0,24.40624234542071,2014
2014,170,1.0,5.322928498601303,0.0,24.157526890146173,2014
2014,171,68.42216121010433,5.278409062383026,376.770671305772,23.908741956986823,2014
2014,172,1.0,5.233866024503482,0.0,23.659825132271344,2014
2014,173,1.0,5.18928821619363,0.0,23.410714002328422,2014
2014,174,1.0,5.1446644686844305,0.0,23.161346153486747,2014
2014,175,1.0,5.099983613206844,0.0,22.911659172075016,2014
2014,176,26.53682319524281,5.055234480991833,142.705689725747,22.661590644421917,2014
2014,177,1.0,5.010405903270354,0.0,22.41107815685613,2014
2014,178,11.26420902472934,4.965486711273369,57.3587801882931,22.160059295706358,2014
2014,179,1.0,4.9204657362318365,0.0,21.908471647301273,2014
2014,180,1.0,4.8753318093767195,0.0,21.656252797969586,2014
2014,181,28.09951884979729,4.8300737619389755,151.438395415473,21.40334033403997,2014
2014,182,1.0,4.784680425149564,0.0,21.149671841841112,2014
2014,183,1.0,4.739140630239448,0.0,20.895184907701715,2014
2014,184,1.0,4.693443208439587,0.0,20.639817117950464,2014
2014,185,1.0,4.647576990980938,0.0,20.38350605891604,2014
2014,186,1.0,4.601530809094465,0.0,20.126189316927142,2014
2014,187,1.0,4.555293494011126,0.0,19.86780447831246,2014
2014,188,22.096061715670874,4.508853876961881,117.889684813754,19.608289129400674,2014
2014,189,1.0,4.462200789177692,0.0,19.347580856520484,2014
2014,190,1.0,4.415323061889517,0.0,19.08561724600057,2014
2014,191,1.0,4.368209526328317,0.0,18.82233588416963,2014
2014,192,1.0,4.320849013725052,0.0,18.557674357356344,2014
2014,193,1.0,4.273230355310682,0.0,18.291570251889407,2014
2014,194,1.0,4.225342382316168,0.0,18.02396115409751,2014
2014,195,1.0,4.177173925972469,0.0,17.754784650309343,2014
2014,196,1.0,4.128713817510546,0.0,17.483978326853585,2014
2014,197,1.0,4.079950888161358,0.0,17.21147977005894,2014
2014,198,1.0,4.0308739691558655,0.0,16.937226566254086,2014
2014,199,1.0,3.981471891725029,0.0,16.66115630176772,2014
2014,200,1.0,3.931733487099809,0.0,16.38320656292853,2014
2014,201,1.0,3.880980790238925,0.0,16.099588723873147,2014
2014,202,1.0,3.8258686510121467,0.0,15.791609309970015,2014
2014,203,1.0,3.762385123017,0.0,15.436848634395503,2014
2014,204,1.0,3.6865182598510122,0.0,15.01288701032599,2014
2014,205,29.710613827204657,3.5942561151117127,160.441567744576,14.497304750937863,2014
2014,206,1.0,3.4815867423966296,0.0,13.8676821694075,2014
2014,207,16.04834383113353,3.3444981953032897,84.0936348751535,13.10159957891128,2014
2014,208,1.0,3.1789785274292224,0.0,12.176637292625585,2014
2014,209,1.0,2.981015792371954,0.0,11.07037562372679,2014
2014,210,3.901120969728891,2.7465980437290143,16.212136717151,9.76039488539128,2014
2015,1,94.80180651443195,86.56929666580362,524.186246418338,478.1810723549734,2015
2015,2,78.06111617524432,79.75711822846269,430.635386819484,440.11303957724346,2015
2015,3,51.41110855438146,74.24643237279909,281.708964388047,409.31804914785874,2015
2015,4,83.82548834562915,69.74725109176364,462.84803520262,384.175580838373,2015
2015,5,99.61015013839642,65.9695863783071,551.056385591486,363.0651144203395,2015
2015,6,76.26089209968087,62.66392930600349,420.57531723291,344.59233615449165,2015
2015,7,88.33713661247478,59.74268727091943,488.060171919771,328.26775825828037,2015
2015,8,77.99420315000607,57.15874674974482,430.261461318052,313.8280994383368,2015
2015,9,78.18118971287112,54.864994219169475,431.306385591486,301.01007840129137,2015
2015,10,79.64452300427725,52.81431615588326,439.483831354891,289.55041385377496,2015
2015,11,69.21735311156881,50.95959903657605,381.214388047483,279.1858245024185,2015
2015,12,45.86606241116696,49.25372933793766,250.721960704052,269.6530290538526,2015
2015,13,14.152639593119922,47.649593536657974,73.5,260.6887462147081,2015
2015,14,63.88156124843056,46.10007810942684,351.396745804339,252.02969469161584,2015
2015,15,4.652931109619817,44.55806953293409,20.4134261154318,243.41259319120653,2015
2015,16,72.47539848603805,42.985858355532436,399.421101105199,234.62671255326453,2015
2015,17,76.58915780587228,41.383351412225885,422.409742120344,225.6715321501883,2015
2015,18,63.3023076046593,39.75985960968127,348.159742120344,216.5990834875299,2015
2015,19,23.090912269071197,38.12469385456547,123.449140401146,207.46139807084143,2015
2015,20,68.97081505497754,36.487165053545304,379.836676217765,198.3105074056748,2015
2015,21,46.73087755345156,34.85658411328763,255.554748260336,189.19844299758208,2015
2015,22,1.0,33.2422619404593,0.0,180.17723635211533,2015
2015,23,65.41442621931952,31.653509441727167,359.962750716332,171.29891897482665,2015
2015,24,83.80796350568575,30.099637523758062,462.750102333197,162.61552237126799,2015
2015,25,62.50343493743865,28.589957093218842,343.695456406058,154.17907804699135,2015
2015,26,11.353389767178955,27.133779056776362,57.8571428571429,146.04161750754884,2015
2015,27,36.224781788061634,25.740414321097454,196.844248874335,138.25517225849245,2015
2015,28,80.0423203899515,24.41917379284898,441.706815390913,130.87177380537423,2015
2015,29,15.77188352953973,23.179368378697788,82.5487106017192,123.94345365374629,2015
2015,30,10.70519043648307,22.030308985310715,54.2348546868604,117.52224330916052,2015
2015,31,1.0,20.978921464529705,0.0,111.64684603773924,2015
2015,32,63.97713297221793,20.022591448896986,351.930822758903,106.30265214788513,2015
2015,33,15.65433708482022,19.156319516129912,81.8918338108883,101.46172370857124,2015
2015,34,47.251934811287434,18.3751062439458,258.466537044617,97.09612278877049,2015
2015,35,87.4111218723942,17.67395221006199,482.885386819484,93.17791145745586,2015
2015,36,1.0,17.047857992195805,0.0,89.67915178360025,2015
2015,37,77.45465050205213,16.491824168064582,427.246316004912,86.57190583617665,2015
2015,38,1.0,16.00085131538565,0.0,83.82823568415803,2015
2015,39,9.493614197889393,15.569940011876339,47.4642857142857,81.42020339651732,2015
2015,40,11.781585516809187,15.19409083525398,60.25,79.31987104222748,2015
2015,41,1.0,14.868304363235907,0.0,77.49930069026146,2015
2015,42,1.0,14.587581173539448,0.0,75.93055440959223,2015
2015,43,47.35951938251766,14.346921843881935,259.06774457634,74.58569426919274,2015
2015,44,1.0,14.141326951980698,0.0,73.43678233803594,2015
2015,45,6.189476846265003,13.965797075553073,29.0,72.4558806850948,2015
2015,46,29.613393999347384,13.815332792316381,159.898280802292,71.61505137934222,2015
2015,47,27.688261947552196,13.684934679987965,149.140196479738,70.88635648975124,2015
2015,48,12.252686909059431,13.569603316285146,62.8826238231682,70.24185808529472,2015
2015,49,49.051481332955476,13.464339278925262,268.522820302906,69.65361823494571,2015
2015,50,56.42193091946828,13.36414314562564,309.710601719198,69.0936990076771,2015
2015,51,13.212011663619563,13.264851532737405,68.243553008596,68.53883445021573,2015
2015,52,20.9269882498133,13.165645211146852,111.356631191158,67.98444652030395,2015
2015,53,61.16839739174118,13.066540990374074,336.234957020057,67.43062915343795,2015
2015,54,1.0,12.967555679939156,0.0,66.87747628511391,2015
2015,55,31.521880200036506,12.868706089362185,170.563344248874,66.32508185082806,2015
2015,56,67.63539295166387,12.770009028163251,372.37402783463,65.77353978607655,2015
2015,57,33.72958885075174,12.671481305862443,182.900532132624,65.22294402635562,2015
2015,58,17.36479442537587,12.57313973197985,91.450266066312,64.67338850716148,2015
2015,59,1.0,12.47500111603556,0.0,64.12496716399029,2015
2015,60,33.229151206057004,12.37708226754966,180.103970528039,63.57777393233827,2015
2015,61,1.0,12.27939999604224,0.0,63.031902747701615,2015
2015,62,1.0,12.181971111033391,0.0,62.487447545576536,2015
2015,63,12.005562859910047,12.0848124220432,61.5016373311502,61.94450226145922,2015
2015,64,1.0,11.987940738591753,0.0,61.40316083084588,2015
2015,65,1.0,11.891372870199142,0.0,60.863517189232695,2015
2015,66,2.8725575319650787,11.795125626385449,10.4642857142857,60.325665272115856,2015
2015,67,1.8947373872870696,11.699215816670772,5.0,59.789699014991605,2015
2015,68,1.0,11.603660250575196,0.0,59.25571235335611,2015
2015,69,26.51851092779938,11.508475737618804,142.603356528858,58.72379922270556,2015
2015,70,1.0,11.413679087321693,0.0,58.19405355853619,2015
2015,71,5.624946265518258,11.319287109203946,25.8452722063037,57.66656929634418,2015
2015,72,59.89155623197911,11.225316612785658,329.09967253377,57.14144037162574,2015
2015,73,1.0,11.131784407586908,0.0,56.61876071987704,2015
2015,74,1.0,11.038707303127792,0.0,56.0986242765943,2015
2015,75,1.0,10.946102108928395,0.0,55.581124977273724,2015
2015,76,1.0,10.853985634508808,0.0,55.06635675741151,2015
2015,77,1.0,10.76237468938912,0.0,54.55441355250386,2015
2015,78,1.0,10.671286083089413,0.0,54.045389298046935,2015
2015,79,1.0,10.58073662512978,0.0,53.53937792953697,2015
2015,80,1.0,10.490743125030313,0.0,53.03647338247017,2015
2015,81,1.0,10.4013223923111,0.0,52.536769592342736,2015
2015,82,1.0,10.312491236492225,0.0,52.04036049465084,2015
2015,83,1.0,10.224266467093779,0.0,51.54734002489071,2015
2015,84,1.0,10.136664893635851,0.0,51.05780211855852,2015
2015,85,5.831581891350175,10.049703325638527,27.0,50.57184071115047,2015
2015,86,1.0,9.963398572621898,0.0,50.08954973816279,2015
2015,87,3.5452586765002883,9.877767444106052,14.2234957020057,49.61102313509164,2015
2015,88,1.0,9.792826749611079,0.0,49.13635483743326,2015
2015,89,2.8920234722574714,9.708593298657068,10.5730659025788,48.66563878068383,2015
2015,90,1.0,9.625083900764103,0.0,48.19896890033954,2015
2015,91,6.379759617269908,9.542315365452275,30.0633442488743,47.73643913189659,2015
2015,92,10.77820144678011,9.460304502241673,54.6428571428571,47.27814341085118,2015
2015,93,1.0,9.379068120652386,0.0,46.82417567269952,2015
2015,94,1.0,9.298623030204503,0.0,46.37462985293781,2015
2015,95,1.0,9.218986040418113,0.0,45.92959988706225,2015
2015,96,35.19834257332129,9.1401739608133,191.108268522309,45.48917971056902,2015
2015,97,8.153833774924106,9.062203600910157,39.9772820302906,45.05346325895434,2015
2015,98,1.0,8.98509177022877,0.0,44.62254446771439,2015
2015,99,37.28868790199127,8.90885527828923,202.789602947196,44.19651727234539,2015
2015,100,1.3891723077082434,8.833510934611628,2.17478510028653,43.775475608343534,2015
2015,101,2.7894747745741393,8.759070500123084,10.0,43.359485198496834,2015
2015,102,29.16602530570385,8.68552554137889,157.398280802292,42.94849891476061,2015
2015,103,1.0,8.61286257634137,0.0,42.542441416382005,2015
2015,104,7.888708766877818,8.541068122972849,38.4957020057307,42.141237362608145,2015
2015,105,1.0,8.47012869923565,0.0,41.744811412686154,2015
2015,106,1.0,8.4000308230921,0.0,41.35308822586318,2015
2015,107,11.006244113253418,8.330761012504526,55.9172124437167,40.96599246138637,2015
2015,108,1.0,8.262305785435245,0.0,40.58344877850282,2015
2015,109,1.0,8.194651659846595,0.0,40.20538183645973,2015
2015,110,1.0,8.12778515370089,0.0,39.831716294504155,2015
2015,111,1.0,8.061692784960462,0.0,39.46237681188331,2015
2015,112,1.0,7.996361071587631,0.0,39.09728804784427,2015
2015,113,1.0,7.931776531544726,0.0,38.73637466163421,2015
2015,114,1.0,7.867925682794069,0.0,38.37956131250023,2015
2015,115,20.746099672006924,7.80479504329799,110.345783872288,38.0267726596895,2015
2015,116,3.1921065988533206,7.742371131018807,12.25,37.67793336244912,2015
2015,117,30.855093917885682,7.680640463918852,166.83718788375,37.332968080026255,2015
2015,118,1.0,7.619589559960446,0.0,36.99180147166803,2015
2015,119,1.0,7.559204937105913,0.0,36.65435819662157,2015
2015,120,37.94675754483923,7.499473113317583,206.467048710602,36.32056291413402,2015
2015,121,1.0,7.4403806065577776,0.0,35.99034028345253,2015
2015,122,1.0,7.381913934788825,0.0,35.66361496382422,2015
2015,123,50.324257169345174,7.324059615973046,275.635386819484,35.34031161449622,2015
2015,124,40.793271333051784,7.266804168072768,222.37402783463,35.02035489471567,2015
2015,125,2.313154386102507,7.210134109050315,7.33821121571838,34.70366946372971,2015
2015,126,1.0,7.154035956868014,0.0,34.39017998078546,2015
2015,127,19.57519497940517,7.098496229488189,103.802496930004,34.079811105130084,2015
2015,128,2.5233792163533364,7.043501444873167,8.51299631600491,33.7724874960107,2015
2015,129,1.0,6.989038120985268,0.0,33.46813381267442,2015
2015,130,1.0,6.935092775786822,0.0,33.16667471436842,2015
2015,131,1.0,6.881651927240155,0.0,32.86803486033982,2015
2015,132,1.0,6.828702093307587,0.0,32.57213890983575,2015
2015,133,1.0,6.7762297919514465,0.0,32.27891152210334,2015
2015,134,1.0,6.7242215411340585,0.0,31.98827735638975,2015
2015,135,29.90640859071006,6.672663858817748,161.535714285714,31.70016107194209,2015
2015,136,1.0,6.621543262964837,0.0,31.414487328007503,2015
2015,137,39.8841038790192,6.570846271537655,217.293389275481,31.131180783833123,2015
2015,138,1.0,6.520559402498526,0.0,30.850166098666094,2015
2015,139,18.809247769047907,6.470669173809775,99.5222063037249,30.57136793175355,2015
2015,140,1.5368424323722416,6.4211621034337245,3.0,30.294710942342608,2015
2015,141,1.0,6.3720247093327025,0.0,30.02011978968042,2015
2015,142,32.25451739591415,6.323243509469033,174.657490790012,29.74751913301412,2015
2015,143,1.0,6.274805021805045,0.0,29.476833631590853,2015
2015,144,1.0,6.226695764303056,0.0,29.207987944657727,2015
2015,145,1.0,6.178902254925396,0.0,28.940906731461897,2015
2015,146,1.0,6.131411011634389,0.0,28.675514651250488,2015
2015,147,1.0,6.084208552392362,0.0,28.411736363270656,2015
2015,148,42.963293337368164,6.037281395161638,234.500613999181,28.149496526769507,2015
2015,149,35.10064662651033,5.990616057904542,190.562320916905,27.888719800994195,2015
2015,150,1.0,5.944199058583401,0.0,27.629330845191856,2015
2015,151,1.0,5.898017721520132,0.0,27.371258824734017,2015
2015,152,1.0,5.852062596475029,0.0,27.11445092948978,2015
2015,153,1.0,5.8063250395679775,0.0,26.858858855452667,2015
2015,154,40.89290838021153,5.760796406918865,222.930822758903,26.604434298616162,2015
2015,155,1.0,5.715468054647578,0.0,26.351128954973777,2015
2015,156,1.0,5.670331338874001,0.0,26.098894520519018,2015
2015,157,10.904665965744604,5.625377615718024,55.3495702005731,25.847682691245403,2015
2015,158,2.2526323422018972,5.580598241299532,7.0,25.597445163146414,2015
2015,159,44.23297440055996,5.535984571738412,241.595886205485,25.34813363221558,2015
2015,160,1.0,5.4915279631545495,0.0,25.099699794446376,2015
2015,161,1.0,5.447219771667832,0.0,24.852095345832332,2015
2015,162,1.0,5.403051353398147,0.0,24.605271982366943,2015
2015,163,1.0,5.359014064465378,0.0,24.359181400043713,2015
2015,164,1.0,5.315099260989416,0.0,24.11377529485615,2015
2015,165,1.4722550650991848,5.2712982990901445,2.63907081457224,23.86900536279776,2015
2015,166,54.30583854277263,5.227602534887449,297.885386819484,23.624823299862037,2015
2015,167,1.0,5.184003324501219,0.0,23.3811808020425,2015
2015,168,35.1861466032038,5.140492024051342,191.04011461318,23.13802956533266,2015
2015,169,1.0,5.0970599896577005,0.0,22.89532128572599,2015
2015,170,1.0,5.0536985774401835,0.0,22.65300765921602,2015
2015,171,1.0,5.010399143518677,0.0,22.411040381796248,2015
2015,172,1.0,4.967153044013069,0.0,22.16937114946019,2015
2015,173,1.0,4.923951635043244,0.0,21.92795165820133,2015
2015,174,1.0,4.8807862727290905,0.0,21.686733604013185,2015
2015,175,1.0,4.837648313190493,0.0,21.445668682889256,2015
2015,176,1.0,4.794529112547339,0.0,21.204708590823053,2015
2015,177,1.0,4.751420026919517,0.0,20.96380502380808,2015
2015,178,1.0,4.708312412426911,0.0,20.722909677837837,2015
2015,179,1.0,4.665197625189408,0.0,20.48197424890583,2015
2015,180,1.7157899098296556,4.622067021326896,4.0,20.24095043300557,2015
2015,181,1.0,4.578911956959261,0.0,19.99978992613055,2015
2015,182,1.0,4.535723788206388,0.0,19.758444424274284,2015
2015,183,1.0,4.492493871188167,0.0,19.51686562343028,2015
2015,184,1.0,4.449213562024481,0.0,19.275005219592032,2015
2015,185,1.0,4.405874216835217,0.0,19.032814908753046,2015
2015,186,24.78084155782273,4.362467191740264,132.892857142857,18.790246386906837,2015
2015,187,1.0,4.318983842859508,0.0,18.547251350046903,2015
2015,188,1.0,4.275415526312834,0.0,18.303781494166746,2015
2015,189,53.860301075873465,4.23175359822013,295.395620139173,18.05978851525988,2015
2015,190,1.0,4.187989414701281,0.0,17.815224109319796,2015
2015,191,1.0,4.1441143318761755,0.0,17.570039972340012,2015
2015,192,1.0,4.1001197058646985,0.0,17.324187800314025,2015
2015,193,1.0,4.055996892786738,0.0,17.077619289235344,2015
2015,194,43.7082363769679,4.01173724876218,238.663528448629,16.830286135097467,2015
2015,195,1.0,3.967332129910911,0.0,16.58214003389391,2015
2015,196,1.0,3.9227728923528176,0.0,16.333132681618167,2015
2015,197,1.0,3.8780508922077863,0.0,16.083215774263753,2015
2015,198,14.019692531480471,3.833157485595704,72.7570609905854,15.832341007824162,2015
2015,199,1.0,3.7880840286364563,0.0,15.5804600782929,2015
2015,200,1.0,3.742821877449932,0.0,15.327524681663485,2015
2015,201,1.0,3.6967114164425765,0.0,15.069848733041473,2015
2015,202,1.0,3.6464891431670856,0.0,14.789195023980707,2015
2015,203,1.0,3.5882405834627145,0.0,14.463688565147091,2015
2015,204,1.0,3.518051263168717,0.0,14.071454367206519,2015
2015,205,1.0,3.4320067081243493,0.0,13.590617440824897,2015
2015,206,1.0,3.3261924441688673,0.0,12.999302796668127,2015
2015,207,1.0,3.1966939971415256,0.0,12.275635445402111,2015
2015,208,1.0,3.03959689288158,0.0,11.397740397692756,2015
2015,209,1.0,2.8509866572282854,0.0,10.343742664205953,2015
2015,210,1.0,2.626948816020898,0.0,9.091767255607618,2015
2016,1,93.58345473688414,85.73488798442,517.377814162914,473.51820315313074,2016
2016,2,89.36037118041244,80.07479674401705,493.778243962341,441.8883007883436,2016
2016,3,83.3642755777984,75.2028197913266,460.270671305772,414.66256381840003,2016
2016,4,54.959055434748,70.997338036051,301.535714285714,391.1613565645765,2016
2016,5,8.458275221171496,67.33673238789271,41.6785714285714,370.70504334814996,2016
2016,6,99.07398525991962,64.11171659048506,548.060171919771,352.6829072262527,2016
2016,7,86.93683414560878,61.26233572318512,480.234957020057,336.75990619944,2016
2016,8,19.67514333511161,58.74096769928096,104.361031518625,322.6699170041232,2016
2016,9,86.75788666815137,56.49999043206063,479.234957020057,310.1468163767135,2016
2016,10,68.78208882670526,54.49178183481215,378.782030290626,298.9244810536219,2016
2016,11,19.518262139923493,52.668719820823625,103.484343020876,288.73678777125986,2016
2016,12,49.00092116254405,50.98318230338307,268.240278346295,279.3176132660384,2016
2016,13,26.85791049259631,49.387547195778524,144.5,270.4008342743688,2016
2016,14,75.3328446979142,47.83419241129809,415.389173147769,261.7203275326624,2016
2016,15,56.59080664983179,46.27549586322975,310.654318460909,253.00996977733007,2016
2016,16,70.07577727251551,44.673549701024996,386.011461318052,244.05792314908973,2016
2016,17,51.5987726711421,43.0293030187888,282.757674989767,234.8694914058846,2016
2016,18,24.47407445360997,41.35341914678958,131.178571428571,225.5042637099644,2016
2016,19,19.23444030681738,39.656561415295734,101.898280802292,216.02182922357906,2016
2016,20,23.139531339133658,37.949393154575645,123.720835038887,206.48177710897824,2016
2016,21,23.194138520649993,36.242577694897726,124.02599263201,196.94369652841175,2016
2016,22,1.8408993210033202,34.546778366530376,4.69914040114613,187.46717664412938,2016
2016,23,20.988279408946585,32.87265849974199,111.699140401146,178.11180661838094,2016
2016,24,43.530351011022105,31.23088142480095,237.669463774048,168.9371756134161,2016
2016,25,3.326317206946381,29.632110471975672,13.0,160.0028727914847,2016
2016,26,58.05161284833086,28.08700897153455,318.817642243144,151.3684873148365,2016
2016,27,56.605236716577124,26.606240253745987,310.734957020057,143.09360834572135,2016
2016,28,1.5368424323722416,25.200467648878366,3.0,135.2378250463889,2016
2016,29,39.983631052574346,23.880354487200094,217.849570200573,127.860726579089,2016
2016,30,53.40674283583413,22.656564098979572,292.861031518625,121.02190210607144,2016
2016,31,1.2102248302508296,21.537092841803776,1.17478510028653,114.76603712780032,2016
2016,32,8.018945612935637,20.519269182533975,39.2234957020057,109.07820249759703,2016
2016,33,32.149166921312116,19.59775461535004,174.06876790831,103.92856540699744,2016
2016,34,37.49677019695131,18.767210634431823,203.952415063447,99.28729304753726,2016
2016,35,51.54008185398574,18.022298733959182,282.429697093737,95.12455261075232,2016
2016,36,1.0,17.357680408111978,0.0,91.41051128817837,2016
2016,37,25.215629723732576,16.768017151070072,135.322554236594,88.11533627135124,2016
2016,38,1.0,16.24797045701331,0.0,85.20919475180663,2016
2016,39,88.0360829357043,15.792201820121567,486.377814162914,82.66225392108043,2016
2016,40,1.0,15.39537273457469,0.0,80.44468097070836,2016
2016,41,31.427462149098076,15.05214469455254,170.035714285714,78.52664309222622,2016
2016,42,11.915796124902249,14.757179194234974,61.0,76.87830747716977,2016
2016,43,26.480165039772736,14.50513772780185,142.389070814572,75.46984131707481,2016
2016,44,15.1368507191357,14.290681789433027,79.0,74.27141180347712,2016
2016,45,1.0,14.108472873308365,0.0,73.2531861279125,2016
2016,46,23.92300338943431,13.953172473607719,128.099058534589,72.38533148191668,2016
2016,47,80.72480028530155,13.819442084510953,445.520671305772,71.63801505702553,2016
2016,48,1.0,13.701943200197917,0.0,70.98140404477475,2016
2016,49,53.103363501098315,13.595337314848475,291.165677445763,70.38566563670015,2016
2016,50,1.0,13.494285922642483,0.0,69.82096702433755,2016
2016,51,16.93639724080374,13.394342646381824,89.056283258289,69.26246082083746,2016
2016,52,15.584219412779234,13.294629623356485,81.5,68.70524132580954,2016
2016,53,52.243584232360945,13.195161119478477,286.361031518625,68.14938826047823,2016
2016,54,1.0,13.095951400659807,0.0,67.59498134606794,2016
2016,55,1.0,12.997014732812485,0.0,67.04210030380308,2016
2016,56,57.10789014563243,12.898365381848524,313.543900941465,66.49082485490811,2016
2016,57,38.59572599076759,12.80001761367993,210.093634875153,65.94123472060738,2016
2016,58,18.715800268283978,12.701985694218722,99.0,65.39340962212542,2016
2016,59,1.0,12.604283889376898,0.0,64.84742928068654,2016
2016,60,48.329684999404485,12.506926465066478,264.489255014327,64.30337341751525,2016
2016,61,2.073684864744483,12.409927687199467,6.0,63.761321753835915,2016
2016,62,1.0,12.313301821687876,0.0,63.22135401087298,2016
2016,63,8.694741530668798,12.21706313444372,43.0,62.68354990985088,2016
2016,64,6.176694883589469,12.121225891379002,28.9285714285714,62.147989171994006,2016
2016,65,2.123457607655787,12.025804358405736,6.2781416291445,61.61475151852681,2016
2016,66,58.75899742740399,11.93081280143593,322.770671305772,61.08391667067369,2016
2016,67,1.0,11.836265486381595,0.0,60.55556434965908,2016
2016,68,7.084214233552073,11.742176679154744,34.0,60.02977427670741,2016
2016,69,1.0,11.648560645667384,0.0,59.50662617304309,2016
2016,70,1.7157899098296556,11.555431651831528,4.0,58.98619975989055,2016
2016,71,1.0,11.462803963559182,0.0,58.4685747584742,2016
2016,72,1.0,11.37069184676236,0.0,57.95383089001848,2016
2016,73,16.31976825918037,11.279109567353071,85.6104175194433,57.442047875747804,2016
2016,74,1.0,11.188071391243327,0.0,56.933305436886606,2016
2016,75,1.0,11.097591584345132,0.0,56.427683294659275,2016
2016,76,20.262417752023026,11.007684412570503,107.642857142857,55.92526117029027,2016
2016,77,1.0,10.918364141831448,0.0,55.42611878500399,2016
2016,78,1.7988726672205972,10.829645038039978,4.46428571428571,54.93033586002488,2016
2016,79,1.0,10.741541367108095,0.0,54.43799211657731,2016
2016,80,1.178947477457414,10.65406739494782,1.0,53.94916727588576,2016
2016,81,1.3578949549148278,10.567237387471163,2.0,53.46394105917466,2016
2016,82,5.987584097700945,10.481065610590125,27.871776504298,52.982393187668364,2016
2016,83,1.0,10.395566330216727,0.0,52.50460338259137,2016
2016,84,1.0,10.310753812262972,0.0,52.03065136516805,2016
2016,85,31.23467059745344,10.226642322640869,168.958350388866,51.56061685662282,2016
2016,86,8.157899098296557,10.143246127262433,40.0,51.09457957818015,2016
2016,87,1.6199251897631832,10.060579492039674,3.46428571428571,50.63261925106443,2016
2016,88,1.0,9.978656682884598,0.0,50.17481559650008,2016
2016,89,1.0,9.897491965709222,0.0,49.72124833571156,2016
2016,90,2.4315798196593112,9.817099606425549,8.0,49.271997189923226,2016
2016,91,1.0,9.737493870945592,0.0,48.827141880359555,2016
2016,92,7.859171079491525,9.658689025181364,38.3306385591486,48.38676212824495,2016
2016,93,1.0,9.58069933504487,0.0,47.95093765480384,2016
2016,94,1.0,9.503539066448123,0.0,47.51974818126063,2016
2016,95,1.0,9.427222485303133,0.0,47.093273428839765,2016
2016,96,1.0,9.35176385752191,0.0,46.67159311876564,2016
2016,97,1.0,9.277177449016465,0.0,46.254786972262714,2016
2016,98,2.048120939393425,9.203477525698807,5.85714285714286,45.84293471055538,2016
2016,99,4.9240625413875705,9.130678353480945,21.9285714285714,45.43611605486807,2016
2016,100,45.45306584351482,9.058794198274896,248.414040114613,45.034410726425214,2016
2016,101,1.7860907045450678,8.987834381469991,4.39285714285714,44.63787081531196,2016
2016,102,13.762789731516277,8.917788446364906,71.3214285714286,44.24643788705649,2016
2016,103,1.0,8.848640991735635,0.0,43.86002587604769,2016
2016,104,1.0,8.780376616358177,0.0,43.478548716674474,2016
2016,105,1.0,8.71297991900853,0.0,43.10192034332573,2016
2016,106,24.442119546921223,8.646435498462695,131.0,42.730054690390375,2016
2016,107,1.0,8.58072795349667,0.0,42.362865692257316,2016
2016,108,1.0,8.515841882886447,0.0,42.00026728331543,2016
2016,109,12.815477824399057,8.451761885408033,66.0276299631601,41.642173397953655,2016
2016,110,12.921505852896646,8.38847255983742,66.6201391731478,41.28849797056086,2016
2016,111,36.220899587363526,8.325958504950611,196.822554236594,40.939154935525984,2016
2016,112,4.757897026605692,8.264204319523602,21.0,40.594058227237895,2016
2016,113,1.0,8.203194602332392,0.0,40.25312178008553,2016
2016,114,24.25930818103317,8.142913952152977,129.978407695456,39.91625952845775,2016
2016,115,1.0,8.083346967761363,0.0,39.583385406743524,2016
2016,116,10.734435127590274,8.024478247933539,54.3982808022923,39.25441334933168,2016
2016,117,1.0,7.966292391445508,0.0,38.92925729061117,2016
2016,118,37.49250343863683,7.9087739970732684,203.928571428571,38.607831164970875,2016
2016,119,1.0,7.851907663592817,0.0,38.29004890679971,2016
2016,120,6.385857602328584,7.795677989780153,30.0974212034384,37.97582445048657,2016
2016,121,1.0,7.740069574411276,0.0,37.665071730420365,2016
2016,122,1.0,7.685067016262188,0.0,37.357704680990025,2016
2016,123,1.0,7.6306549141088755,0.0,37.05363723658437,2016
2016,124,1.0,7.576817866727349,0.0,36.7527833315924,2016
2016,125,1.0,7.523540472893601,0.0,36.455056900402965,2016
2016,126,1.0,7.4708073313836305,0.0,36.16037187740497,2016
2016,127,1.0,7.418603040973438,0.0,35.868642196987345,2016
2016,128,1.0,7.366912200439019,0.0,35.57978179353896,2016
2016,129,1.0,7.315719408556372,0.0,35.29370460144873,2016
2016,130,1.0,7.265009264101499,0.0,35.01032455510557,2016
2016,131,1.0,7.214766365850396,0.0,34.72955558889838,2016
2016,132,1.0,7.164975312579063,0.0,34.451311637216065,2016
2016,133,13.713987538779469,7.1156207030634935,71.0487106017192,34.1755066344475,2016
2016,134,1.0,7.0666871360796915,0.0,33.90205451498162,2016
2016,135,1.8947373872870696,7.018159210403653,5.0,33.630869213207326,2016
2016,136,1.0,6.970021524811375,0.0,33.361864663513494,2016
2016,137,1.0,6.922258678078858,0.0,33.09495480028906,2016
2016,138,1.0,6.874855268982101,0.0,32.83005355792291,2016
2016,139,1.8947373872870696,6.827795896297102,5.0,32.56707487080396,2016
2016,140,1.0,6.781065158799857,0.0,32.30593267332109,2016
2016,141,4.0918798596873405,6.734647655266367,17.2781416291445,32.046540899863224,2016
2016,142,3.863159639318623,6.688527984472628,16.0,31.788813484819254,2016
2016,143,1.0,6.642690745194643,0.0,31.532664362578096,2016
2016,144,1.0,6.597120536208405,0.0,31.27800746752864,2016
2016,145,5.388571517358183,6.551801956289915,24.5243553008596,31.024756734059793,2016
2016,146,9.8114235993705,6.506719604215172,49.2402783462955,30.77282609656046,2016
2016,147,14.063165854391217,6.461858078760172,73.0,30.52212948941954,2016
2016,148,1.0,6.417201978700915,0.0,30.272580847025946,2016
2016,149,1.0,6.3727359028134,0.0,30.02409410376857,2016
2016,150,1.0,6.328444449873626,0.0,29.776583194036327,2016
2016,151,1.0,6.284313193534477,0.0,29.529967500056227,2016
2016,152,1.0,6.240331606956403,0.0,29.284188195407793,2016
2016,153,1.0,6.1964901381767366,0.0,29.03919190150865,2016
2016,154,1.0,6.152779235232813,0.0,28.794925239776436,2016
2016,155,1.0,6.109189346161964,0.0,28.551334831628758,2016
2016,156,1.0,6.065710919001527,0.0,28.308367298483265,2016
2016,157,1.0,6.022334401788838,0.0,28.065969261757587,2016
2016,158,1.0,5.979050242561228,0.0,27.824087342869348,2016
2016,159,33.26738722047904,5.935848889356037,180.317642243144,27.582668163236193,2016
2016,160,21.400012430145186,5.8927207902105945,114.0,27.341658344275732,2016
2016,161,1.0,5.849656393162239,0.0,27.101004507405616,2016
2016,162,76.30901673852236,5.806646146248302,420.844248874335,26.860653274043454,2016
2016,163,1.0,5.76368049750612,0.0,26.620551265606885,2016
2016,164,1.0,5.720749894973029,0.0,26.380645103513558,2016
2016,165,5.901882686065581,5.677844786686361,27.3928571428571,26.140881409181077,2016
2016,166,1.6199251897631832,5.634955620683452,3.46428571428571,25.90120680402708,2016
2016,167,1.0,5.592072845001637,0.0,25.661567909469202,2016
2016,168,1.0,5.5491869076782505,0.0,25.42191134692508,2016
2016,169,8.215417930336443,5.506288256750626,40.3214285714286,25.18218373781232,2016
2016,170,1.0,5.463367340256101,0.0,24.94233170354859,2016
2016,171,1.0,5.420414606232008,0.0,24.702301865551483,2016
2016,172,1.0,5.377420502715684,0.0,24.462040845238665,2016
2016,173,1.7157899098296556,5.3343754777444605,4.0,24.221495264027734,2016
2016,174,1.0,5.291269979355673,0.0,23.98061174333633,2016
2016,175,14.063165854391217,5.248094455586658,73.0,23.739336904582096,2016
2016,176,1.0,5.204839354474749,0.0,23.497617369182645,2016
2016,177,1.7157899098296556,5.161495124057281,4.0,23.255399758555626,2016
2016,178,1.0,5.11805221237159,0.0,23.01263069411866,2016
2016,179,1.0,5.0745010674550075,0.0,22.769256797289366,2016
2016,180,1.0,5.030832137344872,0.0,22.5252246894854,2016
2016,181,1.0,4.987035870078515,0.0,22.280480992124367,2016
2016,182,1.0,4.943102713693273,0.0,22.03497232662392,2016
2016,183,7.4421091884669,4.899023116226481,36.0,21.788645314401673,2016
2016,184,1.0,4.854787525715472,0.0,21.541446576875263,2016
2016,185,1.6306744907524904,4.810386390197581,3.5243553008596,21.29332273546231,2016
2016,186,1.0,4.7658101577101455,0.0,21.044220411580465,2016
2016,187,1.0,4.721049276290498,0.0,20.79408622664735,2016
2016,188,1.0,4.676094193975972,0.0,20.542866802080585,2016
2016,189,1.0,4.630935358803906,0.0,20.29050875929782,2016
2016,190,1.0,4.58556321881163,0.0,20.036958719716658,2016
2016,191,1.0,4.539968222036482,0.0,19.78216330475475,2016
2016,192,6.445116099775589,4.494140816515795,30.4285714285714,19.526069135829726,2016
2016,193,1.0,4.448071450286906,0.0,19.268622834359213,2016
2016,194,1.0,4.401750571387148,0.0,19.00977102176084,2016
2016,195,1.0,4.355168627853856,0.0,18.74946031945224,2016
2016,196,1.0,4.308316067724364,0.0,18.487637348851038,2016
2016,197,1.0,4.261183339036009,0.0,18.22424873137487,2016
2016,198,1.0,4.213760889826123,0.0,17.959241088441367,2016
2016,199,1.0,4.166039168132042,0.0,17.692561041468156,2016
2016,200,1.0,4.118008621991102,0.0,17.424155211872872,2016
2016,201,1.0,4.0690077454967035,0.0,17.15032695125344,2016
2016,202,1.0,4.015767216966531,0.0,16.852806531929048,2016
2016,203,1.0,3.954365760774335,0.0,16.509680956399166,2016
2016,204,1.0,3.8808821012938637,0.0,16.099037227163254,2016
2016,205,1.0,3.791394962898869,0.0,15.598962346720802,2016
2016,206,1.0,3.681983069963102,0.0,14.987543317571287,2016
2016,207,1.0,3.5487251468603116,0.0,14.242867142214171,2016
2016,208,1.0,3.387699917964251,0.0,13.343020823148949,2016
2016,209,1.0,3.1949861076486674,0.0,12.266091362875079,2016
2016,210,2.940825664994276,2.9666624402873145,10.8457838722882,10.990165763892048,2016
2017,1,85.44308417797902,87.2061562697338,471.887535816619,481.7399915025302,2017
2017,2,45.04664337987486,81.31716201598772,246.142857142857,448.8309260190699,2017
2017,3,83.74908956585512,76.29601317298477,462.421101105199,420.771581934726,2017
2017,4,62.80690583351159,71.98511039325652,345.391322144904,396.68125755027546,2017
2017,5,78.11863500728428,68.22685432933453,430.956815390913,375.6792511664952,2017
2017,6,37.92622949303506,64.88291749506959,206.352333196889,356.9925567141482,2017
2017,7,23.126840937795187,61.89205984958933,123.649918133442,340.2789506439423,2017
2017,8,58.16549683956166,59.21231321334062,319.454052394597,325.3039050365717,2017
2017,9,60.33387073980832,56.801709406770286,331.571428571429,311.83289197273,2017
2017,10,45.53874894288275,54.618280250325185,248.892857142857,299.6313835331113,2017
2017,11,41.40979044107043,52.62005756445218,225.819279574294,288.4648517984098,2017
2017,12,72.18412356008241,50.765073169598125,397.793389275481,278.0987688493193,2017
2017,13,74.62073555384073,49.01135888620987,411.409742120344,268.2986067665338,2017
2017,14,25.202646326115232,47.31694653473428,135.25,258.8298376307474,2017
2017,15,52.062109661996274,45.63986793561817,285.346909537454,249.45793352265392,2017
2017,16,45.87107997244654,43.9465459991891,250.75,239.99525787900285,2017
2017,17,36.58392197716253,42.23696799529726,198.851207531723,230.44173956076511,2017
2017,18,23.556776352832628,40.51951228367351,126.052496930004,220.84419878496692,2017
2017,19,38.49385484697983,38.80255722404871,209.52435530086,211.24945576863468,2017
2017,20,76.66923735140251,37.09448117615374,422.85724519034,201.70433072879464,2017
2017,21,66.67141688117303,35.403662499719466,366.987106017192,192.25564388247318,2017
2017,22,60.38587757934754,33.738479554476754,331.862054850593,182.95021544669657,2017
2017,23,28.634603304494842,32.107310700156475,154.428571428571,173.83486563849118,2017
2017,24,14.523316510710284,30.5185342964895,75.5714285714286,164.9564146748833,2017
2017,25,40.31819617876615,28.98052870320667,219.719197707736,156.36168277289912,2017
2017,26,1.0,27.501672280038875,0.0,148.0974901495651,2017
2017,27,42.770684908397975,26.09034338671698,233.424273434302,140.21065702190745,2017
2017,28,2.6105272971167253,24.754920382971854,9.0,132.7480036069526,2017
2017,29,69.07471886045175,23.503781628534355,380.417314776914,125.75635012172678,2017
2017,30,49.239127137448655,22.345305483135355,269.571428571429,119.28251678325633,2017
2017,31,23.122867175760124,21.285632178617497,123.627711829718,113.36081663093067,2017
2017,32,19.56444567841584,20.321949435270454,103.74242734343,107.97553399359155,2017
2017,33,7.128951102916426,19.44920684549572,34.25,103.0984460224441,2017
2017,34,59.47729611787325,18.662354001694737,326.784690953745,98.70132986869312,2017
2017,35,2.7894747745741393,17.95634049626898,10.0,94.75596268354363,2017
2017,36,46.65262923466569,17.326115921619913,255.117478510029,91.23412161820062,2017
2017,37,1.0,16.766629870149,0.0,88.10758382386896,2017
2017,38,31.212109883963166,16.272831934257695,168.832275890299,85.34812645175363,2017
2017,39,57.58371610288316,15.83967170634748,316.202926729431,82.92752665305963,2017
2017,40,6.221431752953822,15.462098778819804,29.1785714285714,80.81756157899184,2017
2017,41,21.307828475834775,15.135062744076142,113.48485468686,78.99000838075528,2017
2017,42,57.51641852002853,14.853513194517951,315.826852230864,77.41664420955486,2017
2017,43,28.915806483356572,14.612399722546698,156.0,76.06924621659554,2017
2017,44,1.0,14.406671920563845,0.0,74.91959155308226,2017
2017,45,42.16548278165931,14.23127938097086,230.042263610315,73.93945737022001,2017
2017,46,6.726319278637246,14.081171696169207,32.0,73.1006208192137,2017
2017,47,22.166930190676908,13.951298458560348,118.285714285714,72.37485905126833,2017
2017,48,7.60856769952789,13.836609260545746,36.9302087597217,71.7339492175888,2017
2017,49,66.61322049523764,13.732053694526869,366.661891117478,71.1496684693801,2017
2017,50,44.23451263102527,13.632581352905177,241.604482194024,70.59379395784717,2017
2017,51,1.0,13.533986720775479,0.0,70.04282429048673,2017
2017,52,1.0,13.435443854005928,0.0,69.49214389996264,2017
2017,53,20.79790507660442,13.336971701158022,110.635284486287,68.94185867523048,2017
2017,54,1.0,13.238589210793261,0.0,68.39207450524589,2017
2017,55,22.198885097365835,13.140315331473136,118.464285714286,67.84289727896444,2017
2017,56,1.0,13.04216901175915,0.0,67.29443288534178,2017
2017,57,21.240237896701093,12.944169200212798,113.107142857143,66.74678721333349,2017
2017,58,1.0,12.846334845395578,0.0,66.20006615189521,2017
2017,59,1.0,12.74868489586898,0.0,65.6543755899825,2017
2017,60,1.0,12.651238300194509,0.0,65.10982141655101,2017
2017,61,1.0,12.554014006933658,0.0,64.56650952055635,2017
2017,62,10.842111260157765,12.457030964647926,55.0,64.02454579095411,2017
2017,63,22.11580233997484,12.36030812189881,118.0,63.48403611669992,2017
2017,64,1.0,12.263864427247803,0.0,62.94508638674937,2017
2017,65,12.273691079817077,12.167718829256408,63.0,62.40780249005808,2017
2017,66,1.0,12.071890276486116,0.0,61.872290315581644,2017
2017,67,49.86408820075875,11.976397717498429,273.063855914859,61.338655752275706,2017
2017,68,1.0,11.88126010085484,0.0,60.80700468909585,2017
2017,69,35.95227693623567,11.786496375116847,195.321428571429,60.27744301499767,2017
2017,70,1.0,11.69212548884595,0.0,59.750076618936816,2017
2017,71,1.0,11.598166390603641,0.0,59.22501138986887,2017
2017,72,1.0,11.504638028951423,0.0,58.70235321674946,2017
2017,73,1.0,11.411559352450787,0.0,58.18220798853418,2017
2017,74,26.58948927641019,11.318949309663232,143.0,57.66468159417863,2017
2017,75,1.0,11.226826849150257,0.0,57.149879922638455,2017
2017,76,1.0,11.135210919473355,0.0,56.63790886286923,2017
2017,77,1.0,11.044120469194027,0.0,56.128874303826585,2017
2017,78,1.0,10.95357444687377,0.0,55.62288213446614,2017
2017,79,1.0,10.863591801074072,0.0,55.120038243743444,2017
2017,80,1.0,10.774191480356443,0.0,54.620448520614175,2017
2017,81,1.178947477457414,10.68539243328237,1.0,54.12421885403391,2017
2017,82,1.178947477457414,10.597213608413357,1.0,53.63145513295827,2017
2017,83,1.0,10.509673954310898,0.0,53.14226324634288,2017
2017,84,1.5368424323722416,10.422792419536488,3.0,52.65674908314331,2017
2017,85,1.0,10.336587952651627,0.0,52.17501853231519,2017
2017,86,1.0,10.251079502217808,0.0,51.697177482814126,2017
2017,87,13.556062544347148,10.166286016796532,70.1661891117479,51.22333182359574,2017
2017,88,1.0,10.082226444949294,0.0,50.75358744361563,2017
2017,89,1.0,9.998919735237592,0.0,50.288050231829416,2017
2017,90,1.0,9.916384836222923,0.0,49.82682607719269,2017
2017,91,1.0,9.834640696466783,0.0,49.37002086866108,2017
2017,92,1.5240604696967126,9.753706264530667,2.92857142857143,48.91774049519017,2017
2017,93,1.0,9.673600488976076,0.0,48.4700908457356,2017
2017,94,1.0,9.594342318364506,0.0,48.027177809252976,2017
2017,95,6.6751914279351245,9.515950701257452,31.7142857142857,47.58910727469789,2017
2017,96,1.0,9.43844458621641,0.0,47.155985131025936,2017
2017,97,15.67369315150794,9.36184292180288,82.0,46.727917267192765,2017
2017,98,1.0,9.286164656578357,0.0,46.30500957215396,2017
2017,99,41.02032513708304,9.21142873910434,223.642857142857,45.88736793486515,2017
2017,100,1.0,9.137654117942326,0.0,45.47509824428194,2017
2017,101,1.0,9.06485388209552,0.0,45.068273644789436,2017
2017,102,7.263161711009487,8.993017682333981,35.0,44.666836302490864,2017
2017,103,53.632056974458344,8.92212930986947,294.120139173148,44.270695638918895,2017
2017,104,1.0,8.852172555913759,0.0,43.879761075606254,2017
2017,105,1.0,8.783131211678608,0.0,43.49394203408564,2017
2017,106,1.0,8.714989068375784,0.0,43.113147935889764,2017
2017,107,1.5240604696967126,8.647729917217056,2.92857142857143,42.73728820255133,2017
2017,108,1.0,8.581337549414185,0.0,42.366272255603036,2017
2017,109,15.207151513851102,8.515795756178946,79.3928571428571,42.000009516577634,2017
2017,110,1.0,8.451088328723097,0.0,41.63840940700779,2017
2017,111,1.0,8.387199058258405,0.0,41.2813813484262,2017
2017,112,1.0,8.324111735996638,0.0,40.928834762365604,2017
2017,113,33.03159846487709,8.261810153149561,179.0,40.58067907035869,2017
2017,114,1.0,8.200278100928939,0.0,40.23682369393818,2017
2017,115,1.0,8.139499370546543,0.0,39.897178054636775,2017
2017,116,1.0,8.07945775321413,0.0,39.561651573987156,2017
2017,117,39.48689248590325,8.020137040143474,215.07367990176,39.230153673522075,2017
2017,118,1.0,7.9615210225463375,0.0,38.90259377477421,2017
2017,119,1.0,7.903593491634486,0.0,38.57888129927626,2017
2017,120,1.0,7.846338238619688,0.0,38.25892566856097,2017
2017,121,61.666784062482186,7.789739054713705,339.02005730659,37.942636304161,2017
2017,122,1.0,7.73377973112831,0.0,37.629922627609105,2017
2017,123,1.0,7.67844405907526,0.0,37.320694060437944,2017
2017,124,1.0,7.623715829766329,0.0,37.014860024180265,2017
2017,125,1.0,7.569578834413279,0.0,36.712329940368754,2017
2017,126,1.0,7.5160168642278755,0.0,36.41301323053611,2017
2017,127,1.0,7.463013710421887,0.0,36.116819316215064,2017
2017,128,1.0,7.410553164207077,0.0,35.82365761893831,2017
2017,129,1.0,7.3586190167952115,0.0,35.53343756023854,2017
2017,130,1.0,7.307195059398059,0.0,35.24606856164849,2017
2017,131,1.0,7.256265083227385,0.0,34.961460044700864,2017
2017,132,15.67369315150794,7.205812879494954,82.0,34.679521430928354,2017
2017,133,1.0,7.155822239412531,0.0,34.40016214186366,2017
2017,134,1.0,7.106276954191884,0.0,34.12329159903951,2017
2017,135,1.0,7.057160815044778,0.0,33.84881922398859,2017
2017,136,1.0,7.008457613182979,0.0,33.57665443824363,2017
2017,137,29.094753960813982,6.960151139818252,157.0,33.306706663337316,2017
2017,138,1.2620302348483552,6.912225186162366,1.46428571428571,33.03888532080237,2017
2017,139,35.24926898908144,6.864663543427086,191.392857142857,32.7730998321715,2017
2017,140,1.0,6.817450002824174,0.0,32.509259618977396,2017
2017,141,1.0,6.770568355565401,0.0,32.24727410275278,2017
2017,142,1.0,6.72400239286253,0.0,31.987052705030354,2017
2017,143,6.854138905392539,6.67773590592733,32.7142857142857,31.728504847342833,2017
2017,144,1.0,6.631752685971564,0.0,31.471539951222912,2017
2017,145,1.0,6.586036524206998,0.0,31.216067438203304,2017
2017,146,1.0,6.540571211845397,0.0,30.9619967298167,2017
2017,147,1.0,6.495340540098532,0.0,30.70923724759584,2017
2017,148,1.0,6.450328300178163,0.0,30.4576984130734,2017
2017,149,1.0,6.40551828329606,0.0,30.2072896477821,2017
2017,150,2.073684864744483,6.360894280663989,6.0,29.95792037325466,2017
2017,151,1.0,6.316441184481783,0.0,29.709506163600405,2017
2017,152,1.0,6.272148290901572,0.0,29.46198720323533,2017
2017,153,1.0,6.228005997063544,0.0,29.21530982915202,2017
2017,154,1.0,6.184004700107897,0.0,28.969420378343088,2017
2017,155,1.0,6.140134797174821,0.0,28.724265187801127,2017
2017,156,1.0,6.096386685404514,0.0,28.479790594518757,2017
2017,157,1.0,6.052750761937171,0.0,28.235942935488595,2017
2017,158,1.0,6.009217423912984,0.0,27.992668547703236,2017
2017,159,1.0,5.965777068472151,0.0,27.7499137681553,2017
2017,160,1.0,5.9224200927548605,0.0,27.507624933837374,2017
2017,161,1.0,5.87913689390131,0.0,27.26574838174208,2017
2017,162,1.0,5.835917869051694,0.0,27.024230448862014,2017
2017,163,1.0,5.792753415346207,0.0,26.783017472189798,2017
2017,164,1.0,5.749633929925043,0.0,26.542055788718034,2017
2017,165,1.7157899098296556,5.706549809928396,4.0,26.301291735439328,2017
2017,166,1.0,5.66349145249646,0.0,26.060671649346286,2017
2017,167,1.0,5.62044925476943,0.0,25.820141867431516,2017
2017,168,5.652634413892762,5.577413613887502,26.0,25.579648726687633,2017
2017,169,27.126331708782434,5.534374926990866,146.0,25.33913856410723,2017
2017,170,2.2613489815049808,5.49132359121972,7.0487106017192,25.098557716682926,2017
2017,171,1.0,5.448250003714258,0.0,24.85785252140733,2017
2017,172,1.0,5.405144561614673,0.0,24.616969315273046,2017
2017,173,1.0,5.361997662061159,0.0,24.37585443527267,2017
2017,174,31.657537477257737,5.318799702193912,171.321428571429,24.134454218398826,2017
2017,175,1.0,5.275541079153125,0.0,23.892715001644113,2017
2017,176,1.0,5.232212190078994,0.0,23.650583122001148,2017
2017,177,1.0,5.188803432111711,0.0,23.40800491646252,2017
2017,178,1.0,5.145305202391473,0.0,23.16492672202086,2017
2017,179,8.33684657575397,5.1017078980584705,41.0,22.92129487566875,2017
2017,180,8.33684657575397,5.058001916252902,41.0,22.677055714398822,2017
2017,181,1.0,5.0141776541149605,0.0,22.43215557520367,2017
2017,182,1.0,4.9702255087848375,0.0,22.186540795075892,2017
2017,183,1.0,4.926135877402732,0.0,21.940157711008123,2017
2017,184,1.0,4.881899157108835,0.0,21.692952659992947,2017
2017,185,5.71015324593265,4.837505745043341,26.3214285714286,21.444871979022974,2017
2017,186,1.0,4.792946038346447,0.0,21.195862005090824,2017
2017,187,1.0,4.748210434158344,0.0,20.945869075189098,2017
2017,188,1.0,4.703289329619228,0.0,20.694839526310393,2017
2017,189,1.3578949549148278,4.658173121869294,2.0,20.442719695447337,2017
2017,190,1.0,4.612852208048734,0.0,20.189455919592522,2017
2017,191,1.0,4.567316985297745,0.0,19.934994535738557,2017
2017,192,1.0,4.521557850756519,0.0,19.67928188087805,2017
2017,193,1.0,4.475565201565252,0.0,19.422264292003618,2017
2017,194,1.0,4.4293294348641385,0.0,19.163888106107855,2017
2017,195,1.0,4.382840947793372,0.0,18.90409966018338,2017
2017,196,7.397372319102548,4.336090137493146,35.75,18.642845291222795,2017
2017,197,1.0,4.289067401103657,0.0,18.38007133621871,2017
2017,198,1.0,4.241763135765098,0.0,18.115724132163727,2017
2017,199,1.0,4.1941677386176615,0.0,17.84975001605045,2017
2017,200,3.326317206946381,4.146271606801546,13.0,17.582095324871506,2017
2017,201,1.0,4.097404617129872,0.0,17.309015254864352,2017
2017,202,1.0,4.044254565107477,0.0,17.01200043924593,2017
2017,203,1.0,3.9828487259121284,0.0,16.66885037047806,2017
2017,204,1.0,3.9092143747215924,0.0,16.257364541022547,2017
2017,205,1.0,3.8193787867136346,0.0,15.755342443341192,2017
2017,206,1.0,3.7093692370660243,0.0,15.140583569895824,2017
2017,207,1.0,3.575213000956525,0.0,14.390887413148233,2017
2017,208,1.178947477457414,3.4129373535629055,1.0,13.484053465560244,2017
2017,209,1.178947477457414,3.2185695700629307,1.0,12.397881219593653,2017
2017,210,1.0,2.988136925634368,0.0,11.110170167710281,2017
2018,1,93.03489245334809,48.81321017116873,514.312320916905,267.1913057983584,2018
2018,2,89.47540884449236,45.3251347210215,494.421101105199,247.69913133628853,2018
2018,3,87.12603649283456,42.71392630279355,481.292263610315,233.10709318448298,2018
2018,4,95.55759041635817,40.73854122815484,528.409742120344,222.06818331715158,2018
2018,5,49.13610232081177,39.15793580877537,268.995702005731,213.2353937085044,2018
2018,6,52.83106008421428,37.768234351713204,289.643982808023,205.4694197098327,2018
2018,7,81.32690763884213,36.514233145578494,448.885386819484,198.46177018075153,2018
2018,8,45.81134535604602,35.37789647436952,250.416189111748,192.11165735795748,2018
2018,9,9.103764336285748,34.341188622084495,45.2857142857143,186.31829347814676,2018
2018,10,58.53161400255858,33.38607387272167,321.5,180.98089077801578,2018
2018,11,41.621370379112015,32.4945165102793,227.00163733115,175.99866149426103,2018
2018,12,70.84317115200075,31.64848081875559,390.299836266885,171.27081786357869,2018
2018,13,37.518067363988045,30.82993108214881,204.071428571429,166.69657212266526,2018
2018,14,75.73285786794898,30.0208315844572,417.624539500614,162.17513650821707,2018
2018,15,7.486846057831254,29.20314660967898,36.25,157.60572325693047,2018
2018,16,6.8863868083604665,28.36275914089729,32.8944944740074,152.90944320469174,2018
2018,17,28.430091901686392,27.501226957534747,153.285714285714,148.0950015841466,2018
2018,18,21.48813106108304,26.624026538098867,114.49242734343,143.19300222713056,2018
2018,19,1.0,25.736634361097167,0.0,138.23404896547933,2018
2018,20,38.44475965796386,24.84452690503715,209.25,133.24874563102847,2018
2018,21,7.978951620839143,23.953180648426333,39.0,128.26769605561358,2018
2018,22,65.88763352232586,23.06807206977222,362.607142857143,123.32150407107025,2018
2018,23,59.454533969441066,22.194677647582335,326.657490790012,118.44077350923409,2018
2018,24,1.0,21.33847386036418,0.0,113.6561082019407,2018
2018,25,1.0,20.50493718662526,0.0,108.99811198102562,2018
2018,26,24.499638378961183,19.69954410487309,131.321428571429,104.49738867832448,2018
2018,27,6.546694247284423,18.927771093615192,30.9962136717151,100.18454212567293,2018
2018,28,33.747388374706745,18.195094631359062,183.0,96.0901761549065,2018
2018,29,42.8866931226522,17.506991196612223,234.072554236594,92.24489459786082,2018
2018,30,50.98386504265845,16.868937267882174,279.321428571429,88.67930128637147,2018
2018,31,14.778955764220873,16.285029486424268,77.0,85.41628920173974,2018
2018,32,34.74438146339813,15.753845144485124,188.571428571429,82.44790792312934,2018
2018,33,23.726329637091567,15.272581697059227,127.0,79.75849617916982,2018
2018,34,1.0,14.838436599141026,0.0,77.3323926984906,2018
2018,35,20.94625275516394,14.448607305724995,111.464285714286,75.15393620972112,2018
2018,36,1.0,14.100291271805592,0.0,73.20746544149085,2018
2018,37,1.0,13.790685952377295,0.0,71.4773191224293,2018
2018,38,63.64439907277048,13.516988802434554,350.071428571429,69.9478359811658,2018
2018,39,1.0,13.276397276971842,0.0,68.60335474632991,2018
2018,40,49.430856577581494,13.066108830983621,270.642857142857,67.42821414655104,2018
2018,41,1.0,12.883320919464364,0.0,66.40675291045869,2018
2018,42,21.93685486251743,12.725230997408524,117.0,65.52330976668227,2018
2018,43,1.178947477457414,12.58903651981057,1.0,64.76222344385123,2018
2018,44,1.0,12.47193494166497,0.0,64.10783267059504,2018
2018,45,14.24211333184863,12.371123717966189,74.0,63.544476175543174,2018
2018,46,49.14558807534739,12.283800303708686,269.048710601719,63.05649268732506,2018
2018,47,1.0,12.207162153886934,0.0,62.62822093457017,2018
2018,48,1.0,12.138406723495393,0.0,62.243999645907955,2018
2018,49,34.4631782845364,12.07473146752853,187.0,61.88816754996787,2018
2018,50,2.7894747745741393,12.013333840980806,10.0,61.54506337537935,2018
2018,51,5.473686936435348,11.951882186628271,25.0,61.20165728088909,2018
2018,52,39.6526551308014,11.88992839837329,216.0,60.85544514571257,2018
2018,53,26.301895116210748,11.827495257899809,141.392857142857,60.506554279182545,2018
2018,54,12.631586034731905,11.764605546891774,65.0,60.155111990631696,2018
2018,55,36.476337405932306,11.701282047033128,198.25,59.80124558939273,2018
2018,56,1.0,11.637547540007823,0.0,59.44508238479839,2018
2018,57,1.0,11.573424807499801,0.0,59.086749686181385,2018
2018,58,1.5368424323722416,11.508936631193013,3.0,58.72637480287443,2018
2018,59,2.968422252031553,11.4441057927714,11.0,58.36408504421023,2018
2018,60,25.82044729285505,11.37895507391891,138.702415063447,58.00000771952152,2018
2018,61,1.0,11.313507256319488,0.0,57.63427013814099,2018
2018,62,1.0,11.247785121657083,0.0,57.26699960940137,2018
2018,63,38.40002278859951,11.18181145161564,209.0,56.89832344263538,2018
2018,64,1.0,11.115609027879106,0.0,56.528368947175736,2018
2018,65,5.281957496302399,11.049200632131425,23.9285714285714,56.15726343235514,2018
2018,66,1.178947477457414,10.982609046056544,1.0,55.7851342075063,2018
2018,67,5.186092776235925,10.91585705133841,23.3928571428571,55.41210858196196,2018
2018,68,1.0,10.84896742966097,0.0,55.03831386505483,2018
2018,69,1.0,10.781962962708167,0.0,54.663877366117596,2018
2018,70,1.0,10.714866432163953,0.0,54.28892639448302,2018
2018,71,29.094753960813982,10.647700619712268,157.0,53.913588259483774,2018
2018,72,1.0,10.580488307037065,0.0,53.53799027045262,2018
2018,73,14.957903241678286,10.513252275822282,78.0,53.16225973672222,2018
2018,74,1.0,10.446015307751871,0.0,52.78652396762532,2018
2018,75,9.052636485583626,10.378800184509776,45.0,52.41091027249463,2018
2018,76,1.178947477457414,10.311629687779945,1.0,52.03554596066287,2018
2018,77,21.221064952687772,10.244526599246324,113.0,51.66055834146277,2018
2018,78,3.863159639318623,10.177513700592858,16.0,51.28607472422701,2018
2018,79,1.0,10.11061377350349,0.0,50.9122224182883,2018
2018,80,1.0,10.043849599662174,0.0,50.53912873297942,2018
2018,81,1.0,9.977243960752851,0.0,50.166920977633026,2018
2018,82,1.0,9.910819638459467,0.0,49.79572646158184,2018
2018,83,1.0,9.844599414465971,0.0,49.42567249415862,2018
2018,84,1.0,9.77860607045631,0.0,49.056886384696035,2018
2018,85,1.0,9.712862388114424,0.0,48.68949544252681,2018
2018,86,1.0,9.647391149124264,0.0,48.323626976983675,2018
2018,87,2.7894747745741393,9.582215135169776,10.0,47.95940829739933,2018
2018,88,1.4409777123057692,9.517357127934906,2.46428571428571,47.596966713106504,2018
2018,89,1.0,9.452839909103602,0.0,47.236429533437914,2018
2018,90,1.0,9.388686260359806,0.0,46.87792406772626,2018
2018,91,3.5052646844037945,9.324918963387468,14.0,46.52157762530427,2018
2018,92,29.989491348101055,9.26156079987053,162.0,46.16751751550465,2018
2018,93,1.0,9.19863455149294,0.0,45.81587104766011,2018
2018,94,1.0,9.13616299993865,0.0,45.4667655311034,2018
2018,95,3.863159639318623,9.074168926891598,16.0,45.1203282751672,2018
2018,96,1.0,9.012675114035734,0.0,44.77668658918424,2018
2018,97,1.0,8.951704343055004,0.0,44.43596778248723,2018
2018,98,1.0,8.891279395633354,0.0,44.09829916440889,2018
2018,99,1.0,8.83142305345473,0.0,43.76380804428193,2018
2018,100,1.0,8.77215809820308,0.0,43.432621731439085,2018
2018,101,1.0,8.713502928515002,0.0,43.10484304172809,2018
2018,102,9.947373872870696,8.655458410837722,50.0,42.78047681705698,2018
2018,103,1.0,8.598021028571114,0.0,42.459503405848785,2018
2018,104,1.0,8.541187265115056,0.0,42.14190315652655,2018
2018,105,21.042117475230356,8.484953603869423,112.0,41.82765641751334,2018
2018,106,1.0,8.429316528234093,0.0,41.5167435372322,2018
2018,107,1.0,8.374272521608946,0.0,41.209144864106186,2018
2018,108,1.0,8.31981806739385,0.0,40.90484074655832,2018
2018,109,1.0,8.265949648988695,0.0,40.6038115330117,2018
2018,110,1.0,8.212663749793347,0.0,40.30603757188934,2018
2018,111,1.0,8.159956853207689,0.0,40.01149921161432,2018
2018,112,6.905266756094659,8.107825442631594,33.0,39.72017680060967,2018
2018,113,1.0,8.056266001464941,0.0,39.43205068729844,2018
2018,114,1.0,8.005275013107608,0.0,39.1471012201037,2018
2018,115,35.17896819436606,7.954848960959471,191.0,38.865308747448495,2018
2018,116,1.0,7.9049843284204035,0.0,38.58665361775585,2018
2018,117,1.0,7.855677598890288,0.0,38.311116179448845,2018
2018,118,2.073684864744483,7.806925255768998,6.0,38.038676780950524,2018
2018,119,1.0,7.75872378245641,0.0,37.76931577068393,2018
2018,120,59.34965961379254,7.711069662352403,326.071428571429,37.503013497072125,2018
2018,121,1.0,7.663959378856852,0.0,37.23975030853815,2018
2018,122,1.0,7.617389415369639,0.0,36.979506553505075,2018
2018,123,1.0,7.571356255290632,0.0,36.72226258039591,2018
2018,124,1.0,7.525856382019715,0.0,36.46799873763375,2018
2018,125,1.0,7.4808862789567625,0.0,36.216695373641635,2018
2018,126,3.326317206946381,7.436442429501652,13.0,35.9683328368426,2018
2018,127,1.0,7.39252131705426,0.0,35.722891475659715,2018
2018,128,1.0,7.349119425014463,0.0,35.48035163851601,2018
2018,129,1.0,7.306233236782137,0.0,35.24069367383455,2018
2018,130,1.0,7.2638592357571605,0.0,35.00389793003838,2018
2018,131,7.263161711009487,7.221993905339413,35.0,34.769944755550576,2018
2018,132,1.0,7.180633728928766,0.0,34.53881449879414,2018
2018,133,1.0,7.139775189925099,0.0,34.31048750819217,2018
2018,134,1.0,7.09941477172829,0.0,34.084944132167685,2018
2018,135,1.0,7.059548957738215,0.0,33.86216471914376,2018
2018,136,1.0,7.020174231354749,0.0,33.642129617543425,2018
2018,137,2.2526323422018972,6.981287075977771,7.0,33.42481917578974,2018
2018,138,2.073684864744483,6.942883975007157,6.0,33.210213742305754,2018
2018,139,1.0,6.904961411842786,0.0,32.99829366551453,2018
2018,140,1.0,6.8675158698845316,0.0,32.7890392938391,2018
2018,141,64.36018898260014,6.830543832532274,354.071428571429,32.582430975702536,2018
2018,142,1.7157899098296556,6.794041783185888,4.0,32.37844905952787,2018
2018,143,1.0,6.758006205245252,0.0,32.17707389373817,2018
2018,144,1.0,6.7224335821102414,0.0,31.97828582675647,2018
2018,145,1.0,6.6873203971807325,0.0,31.782065207005815,2018
2018,146,1.0,6.652663133856604,0.0,31.58839238290928,2018
2018,147,1.0,6.618458275537733,0.0,31.39724770288991,2018
2018,148,1.0,6.584702305623994,0.0,31.20861151537074,2018
2018,149,1.3578949549148278,6.551391707515265,2.0,31.02246416877483,2018
2018,150,14.421060809306043,6.518522964611426,75.0,30.83878601152525,2018
2018,151,1.0,6.486087766056448,0.0,30.657530600631308,2018
2018,152,1.0,6.454058623970696,0.0,30.478544327447466,2018
2018,153,1.0,6.422403256218634,0.0,30.301646791914475,2018
2018,154,1.0,6.39108938066472,0.0,30.126657593973054,2018
2018,155,1.178947477457414,6.360084715173418,1.0,29.953396333563944,2018
2018,156,24.26317206946381,6.329356977609192,130.0,29.7816826106279,2018
2018,157,1.0,6.2988738858365,0.0,29.611336025105636,2018
2018,158,1.0,6.268603157719805,0.0,29.442176176937906,2018
2018,159,11.55790116998742,6.238512511123573,59.0,29.274022666065463,2018
2018,160,1.0,6.208569663912261,0.0,29.106695092429014,2018
2018,161,1.0,6.178742333950333,0.0,28.940013055969313,2018
2018,162,1.0,6.148998239102251,0.0,28.7737961566271,2018
2018,163,1.0,6.119305097232474,0.0,28.607863994343095,2018
2018,164,23.189487204719324,6.089630626205469,124.0,28.442036169058067,2018
2018,165,1.0,6.059942543885695,0.0,28.27613228071273,2018
2018,166,1.0,6.030208568137613,0.0,28.109971929247827,2018
2018,167,1.0,6.000396416825687,0.0,27.943374714604097,2018
2018,168,1.0,5.970473807814379,0.0,27.776160236722294,2018
2018,169,1.0,5.940408458968149,0.0,27.608148095543132,2018
2018,170,1.0,5.910168088151462,0.0,27.439157891007365,2018
2018,171,3.863159639318623,5.879720413228777,16.0,27.26900922305573,2018
2018,172,1.0,5.849033152064557,0.0,27.097521691628955,2018
2018,173,1.0,5.8180740225232634,0.0,26.924514896667784,2018
2018,174,1.0,5.786810742469358,0.0,26.74980843811295,2018
2018,175,1.0,5.755211029767304,0.0,26.573221915905208,2018
2018,176,1.0,5.723242602281562,0.0,26.394574929985275,2018
2018,177,1.0,5.690873177876597,0.0,26.213687080293912,2018
2018,178,1.3578949549148278,5.658070474416867,2.0,26.030377966771834,2018
2018,179,1.0,5.624802209766834,0.0,25.844467189359786,2018
2018,180,1.0,5.591036101790964,0.0,25.655774347998523,2018
2018,181,1.0,5.5567398683537155,0.0,25.464119042628766,2018
2018,182,17.181964747220423,5.5218812273195494,90.4285714285714,25.269320873191248,2018
2018,183,13.705270899476387,5.486427896552931,71.0,25.071199439626724,2018
2018,184,1.0,5.4503475939183215,0.0,24.869574341875925,2018
2018,185,1.0,5.413608037280181,0.0,24.664265179879582,2018
2018,186,1.0,5.376176944502973,0.0,24.45509155357845,2018
2018,187,1.0,5.338022033451158,0.0,24.24187306291325,2018
2018,188,1.0,5.299111021989199,0.0,24.024429307824725,2018
2018,189,1.0,5.259411627981559,0.0,23.802579888253625,2018
2018,190,1.0,5.218891569292698,0.0,23.576144404140667,2018
2018,191,1.0,5.1775185637870775,0.0,23.344942455426605,2018
2018,192,1.0,5.135260329329162,0.0,23.108793642052177,2018
2018,193,3.6842121618612085,5.092084583783411,15.0,22.867517563958113,2018
2018,194,1.0,5.047959045014288,0.0,22.620933821085156,2018
2018,195,1.0,5.002851430886255,0.0,22.36886201337405,2018
2018,196,1.0,4.956729459263772,0.0,22.11112174076552,2018
2018,197,1.0,4.909560848011304,0.0,21.847532603200314,2018
2018,198,1.0,4.86131331499331,0.0,21.577914200619166,2018
2018,199,1.0,4.8119545780742525,0.0,21.302086132962813,2018
2018,200,13.34737594456156,4.761452355118595,69.0,21.019868000172,2018
2018,201,1.0,4.709513759782913,0.0,20.729623085442526,2018
2018,202,1.0,4.654803488892246,0.0,20.423889404990465,2018
2018,203,1.0,4.595725635063749,0.0,20.09374865828697,2018
2018,204,5.652634413892762,4.530684290914572,26.0,19.730282544803167,2018
2018,205,1.0,4.458083549061872,0.0,19.32457276401021,2018
2018,206,1.0,4.376327502122802,0.0,18.86770101537924,2018
2018,207,1.0,4.283820242714514,0.0,18.350748998381388,2018
2018,208,1.0,4.178965863454165,0.0,17.76479841248781,2018
2018,209,1.0,4.060168456958905,0.0,17.100930957169638,2018
2018,210,1.0,3.925832115845892,0.0,16.350228331898027,2018
