DraftYr,DraftOv,Year1GAR,Year2GAR,Year3GAR,Year4GAR,Year5GAR,Year6GAR,Year7GAR,Year8GAR,Year9GAR,Year10GAR,Year11GAR,Year12GAR,Year13GAR,Year14GAR,Year15GAR,Year16GAR,GARsum,GARsum1_6
2009,1,4.9,3.7,18.8,9.6,8.9,13.1,11.6,9.9,8.3,19.5,9.985673352435532,11.860714285714284,12.2,10.3,8.3,16.6,59,59
2009,2,5.6,11.1,6.1,9.7,11.1,11.4,13,22.5,10.2,17,21.26361031518625,13.617857142857144,19.8,-2.4,7.5,8.8,55,55
2009,3,12.4,15.3,4,6.5,20.1,8.7,8,2.8,8.8,17.4,11.982808022922637,3.3678571428571424,17.4,8.3,10.2,15.1,67,67
2009,4,4.2,10.7,19.7,4.8,2.3,-1,-6.1,-1.6,5.2,10.8,3.1719197707736395,8.346428571428572,2,-6.3,-6.1,-22.5,40.69999999999999,40.69999999999999
2009,5,-22.5,0.2,-0.9,5.8,8.3,4.4,9.6,7.2,11,9.8,9.633237822349571,2.196428571428571,6.4,0.1,1.9,6.4,-4.6999999999999975,-4.6999999999999975
2009,6,-22.5,6.5,9.9,5.6,10.3,2.2,25.4,3.5,11,-2.4,4.229226361031519,-0.14642857142857144,6.1,-0.5,4.7,6.4,12,12
2009,7,-22.5,-0.1,4.7,19.6,8.8,8.2,8,13.2,4.6,1.7,14.21489971346705,0.8785714285714284,21.7,6.4,19.4,4,18.7,18.7
2009,8,-22.5,-22.5,-22.5,-22.5,-22.5,-22.5,-22.5,-22.5,-22.5,-22.5,-26.432664756446993,-32.94642857142857,-22.5,-22.5,-22.5,-22.5,-135,-135
2009,9,-22.5,-22.5,-4.4,-0.3,-3.5,3.1,1.1,-22.5,-22.5,-22.5,-26.432664756446993,-32.94642857142857,-22.5,-22.5,-22.5,-22.5,-50.099999999999994,-50.099999999999994
2009,10,-22.5,3.3,-2.1,3.1,0.1,-1.4,-0.7,6.8,-3.2,-1.4,-26.432664756446993,-32.94642857142857,-22.5,-22.5,-22.5,-22.5,-19.499999999999996,-19.499999999999996
2009,11,-22.5,-22.5,5.1,3.5,21.3,10.5,17.7,9,12.4,11.4,27.255014326647565,5.271428571428571,0.3,-22.5,-22.5,-22.5,-4.599999999999998,-4.599999999999998
2009,12,-22.5,-22.5,-22.5,-22.5,2.9,0.6,3.6,13.6,6.9,0.3,0.5873925501432665,2.05,-1.5,3.7,1,2.8,-86.5,-86.5
2009,13,-22.5,-22.5,-0.6,-4.1,5.7,1.6,-3.9,1.2,-5,0.8,5.521489971346705,-3.6607142857142856,1.8,-11.1,-22.5,-22.5,-42.4,-42.4
2009,14,-2.2,4.6,11,1.8,-1.7,1.3,1.9,-7.4,2.3,-2,-3.2893982808022924,4.539285714285714,6.3,-4.7,2.4,0.2,14.8,14.8
2009,15,-22.5,-22.5,-22.5,1.9,-0.8,1.3,-0.9,-2.7,-5.8,-22.5,-26.432664756446993,-32.94642857142857,-22.5,-22.5,-22.5,-22.5,-65.1,-65.1
2009,16,-22.5,1.7,6.1,1.1,8.6,6.7,2.4,-1.4,-0.9,1.2,0.5873925501432665,6.735714285714285,-6,8.5,-1,3.7,1.6999999999999984,1.6999999999999984
2009,17,-22.5,-22.5,-3.4,-2.2,-3.3,7,-2.3,-22.5,-22.5,-22.5,-26.432664756446993,-32.94642857142857,-22.5,-22.5,-22.5,-22.5,-46.9,-46.9
2009,18,-22.5,-22.5,1.2,-22.5,0.5,-22.5,-22.5,-22.5,-22.5,-22.5,-26.432664756446993,-32.94642857142857,-22.5,-22.5,-22.5,-22.5,-88.3,-88.3
2009,19,-22.5,-22.5,-22.5,-1.6,4.9,5.7,12.4,10.9,8.9,15.8,8.928366762177651,10.542857142857143,8.3,12.1,12,1.3,-58.499999999999986,-58.499999999999986
2009,20,-22.5,3,0.9,-2.5,0,-1.8,0.8,0.6,-2.8,-22.5,-26.432664756446993,-32.94642857142857,-22.5,-22.5,-22.5,-22.5,-22.9,-22.900000000000002
2009,21,-22.5,-22.5,-9.2,5.4,-2.1,-0.4,-1.3,-3.1,-5.9,-3.3,-0.46991404011461324,-0.29285714285714287,-0.9,-22.5,-22.5,-22.5,-51.3,-51.300000000000004
2009,22,-22.5,-22.5,-22.5,0,0.6,4.4,1.3,2.5,-3.4,-22.5,-26.432664756446993,-32.94642857142857,-22.5,-22.5,-22.5,-22.5,-62.50000000000001,-62.50000000000001
2009,23,-22.5,-22.5,-2.7,3.8,-22.5,-5.1,-22.5,-22.5,-22.5,-22.5,-26.432664756446993,-32.94642857142857,-22.5,-22.5,-22.5,-22.5,-71.5,-71.5
2009,24,-22.5,6.2,7.4,4.5,6.9,9.6,8.4,19.4,-2.9,0.2,2.584527220630373,-3.6607142857142856,3.5,13.6,1.5,1.7,12.1,12.1
2009,25,-22.5,1.5,-0.2,-1.4,-7.2,-1.1,-22.5,-22.5,-22.5,-22.5,-26.432664756446993,-32.94642857142857,-22.5,-22.5,-22.5,-22.5,-30.9,-30.9
2009,26,-22.5,-0.4,2.9,3.2,4.3,1.2,17.5,14,7.6,13.2,13.86246418338109,-6.442857142857143,8.1,6,6.7,2.8,-11.3,-11.3
2009,27,-22.5,-22.5,-22.5,-22.5,-22.5,-22.5,-22.5,-22.5,-22.5,-22.5,-26.432664756446993,-32.94642857142857,-22.5,-22.5,-22.5,-22.5,-135,-135
2009,28,-22.5,-22.5,-3.4,-22.5,2.9,-1.3,0,-22.5,-22.5,-22.5,-26.432664756446993,-32.94642857142857,-22.5,-22.5,-22.5,-22.5,-69.3,-69.3
2009,29,-22.5,-22.5,-4.1,-22.5,0.7,-22.5,-22.5,-22.5,-22.5,-22.5,-26.432664756446993,-32.94642857142857,-22.5,-22.5,-22.5,-22.5,-93.4,-93.39999999999999
2009,30,-22.5,-22.5,1.8,4.8,2.2,6.7,3.2,-22.5,-22.5,-22.5,-26.432664756446993,-32.94642857142857,-22.5,-22.5,-22.5,-22.5,-29.500000000000004,-29.500000000000004
2009,31,-22.5,-4.8,-22.5,-22.5,-22.5,-22.5,-22.5,-22.5,-22.5,6.1,17.15186246418338,-3.2214285714285715,6.9,-22.5,-22.5,-22.5,-117.3,-117.3
2009,32,-22.5,-22.5,-22.5,-22.5,-22.5,-22.5,-1.8,-22.5,-22.5,-22.5,-26.432664756446993,-32.94642857142857,-22.5,-22.5,-22.5,-22.5,-135,-135
2009,33,-0.1,4.2,14.7,8.1,13.8,17.4,12.1,14.7,10.1,21.9,18.09169054441261,13.178571428571427,12.4,4.9,16.2,7.5,58.1,58.1
2009,34,-22.5,-22.5,-22.5,-22.5,-22.5,-22.5,-22.5,-22.5,-22.5,-22.5,-26.432664756446993,-32.94642857142857,-22.5,-22.5,-22.5,-22.5,-135,-135
2009,35,-22.5,-0.3,-1.3,2.4,1,4.1,-0.7,-2.6,-1.4,0.4,2.4670487106017194,-3.6607142857142856,-0.3,-22.5,-22.5,-22.5,-16.6,-16.6
2009,36,-22.5,-22.5,-22.5,-22.5,-0.8,-22.5,-22.5,-22.5,-22.5,-22.5,-26.432664756446993,-32.94642857142857,-22.5,-22.5,-22.5,-22.5,-113.3,-113.3
2009,37,-22.5,-22.5,-22.5,-22.5,-22.5,0.7,-22.5,-22.5,-22.5,-22.5,-26.432664756446993,-32.94642857142857,-22.5,-22.5,-22.5,-22.5,-111.8,-111.8
2009,38,-22.5,-22.5,-22.5,0.8,1.7,-3.1,2.2,4.9,-0.8,3.8,4.8166189111747855,2.342857142857143,4.9,-0.7,-22.5,-22.5,-68.1,-68.1
2009,39,-22.5,-22.5,-22.5,0.2,1.2,7.3,5.4,7.4,-1.8,2.4,11.74785100286533,-6.1499999999999995,1.7,-0.2,-1,-22.5,-58.8,-58.8
2009,40,-22.5,-22.5,-4.1,-2.3,-1,0.7,-6.2,1.4,-22.5,-22.5,-26.432664756446993,-32.94642857142857,-22.5,-22.5,-22.5,-22.5,-51.7,-51.699999999999996
2009,41,-22.5,-22.5,-22.5,-22.5,-22.5,-22.5,-22.5,-22.5,-22.5,-22.5,-26.432664756446993,-32.94642857142857,-22.5,-22.5,-22.5,-22.5,-135,-135
2009,42,-22.5,-22.5,-22.5,-22.5,-22.5,-22.5,-22.5,-22.5,-22.5,-22.5,-26.432664756446993,-32.94642857142857,-22.5,-22.5,-22.5,-22.5,-135,-135
2009,43,-22.5,-22.5,-22.5,-22.5,-22.5,-22.5,-22.5,-22.5,-22.5,-22.5,-26.432664756446993,-32.94642857142857,-22.5,-22.5,-22.5,-22.5,-135,-135
2009,44,-22.5,-22.5,-22.5,3,-1,0.1,-22.5,-0.4,-22.5,-22.5,-26.432664756446993,-32.94642857142857,-22.5,-22.5,-22.5,-22.5,-65.4,-65.4
2009,45,-22.5,0.7,-22.5,-22.5,5.4,0.7,-22.5,-22.5,-22.5,-22.5,-26.432664756446993,-32.94642857142857,-22.5,-22.5,-22.5,-22.5,-60.7,-60.699999999999996
2009,46,-22.5,-4.2,4.9,9,7.6,-4.9,3.9,2.3,3.6,27.4,16.681948424068768,16.4,19.3,-22.5,-22.5,-22.5,-10.099999999999998,-10.099999999999998
2009,47,-22.5,-22.5,-22.5,-22.5,-22.5,-22.5,-22.5,-22.5,-22.5,-22.5,-26.432664756446993,-32.94642857142857,-22.5,-22.5,-22.5,-22.5,-135,-135
2009,48,-22.5,-22.5,-22.5,-22.5,-22.5,-22.5,-22.5,-22.5,-22.5,-22.5,-26.432664756446993,-32.94642857142857,-22.5,-22.5,-22.5,-22.5,-135,-135
2009,49,-22.5,-22.5,2.1,0.4,-22.5,-1.4,-0.8,-22.5,-22.5,-22.5,-26.432664756446993,-32.94642857142857,-22.5,-22.5,-22.5,-22.5,-66.4,-66.4
2009,50,-22.5,-22.5,-22.5,-22.5,-22.5,-22.5,-22.5,-22.5,-22.5,-22.5,-26.432664756446993,-32.94642857142857,-22.5,-22.5,-22.5,-22.5,-135,-135
2009,51,-22.5,-22.5,-22.5,-22.5,0.9,1,9.9,0.3,3.6,8,10.69054441260745,5.564285714285714,6.9,2.1,6.1,0.5,-88.1,-88.1
2009,52,-22.5,-22.5,-22.5,2.9,-1.4,3.9,2.4,9.4,4.9,6.8,6.1088825214899725,0.4392857142857142,-0.8,-22.5,-22.5,-22.5,-62.1,-62.1
2009,53,-22.5,-22.5,-22.5,-22.5,-22.5,-22.5,-22.5,-22.5,-22.5,-22.5,-26.432664756446993,-32.94642857142857,-22.5,-22.5,-22.5,-22.5,-135,-135
2009,54,-22.5,-22.5,-22.5,-22.5,6.6,0.1,1.9,1.2,-22.5,-22.5,-26.432664756446993,-32.94642857142857,-22.5,-22.5,-22.5,-22.5,-83.30000000000001,-83.30000000000001
2009,55,-22.5,-22.5,1.9,2.9,7.4,-22.5,9.6,13.4,8.7,4,4.934097421203439,5.125,9.8,-1.7,10.4,0.7,-55.3,-55.300000000000004
2009,56,-22.5,-22.5,-22.5,-22.5,-22.5,-22.5,-22.5,-22.5,-22.5,-22.5,-26.432664756446993,-32.94642857142857,-22.5,-22.5,-22.5,-22.5,-135,-135
2009,57,-22.5,-22.5,-22.5,-22.5,-22.5,-22.5,-22.5,-22.5,-22.5,-22.5,-26.432664756446993,-32.94642857142857,-22.5,-22.5,-22.5,-22.5,-135,-135
2009,58,-22.5,-22.5,-22.5,-22.5,-22.5,-22.5,-22.5,-22.5,-22.5,-22.5,-26.432664756446993,-32.94642857142857,-22.5,-22.5,-22.5,-22.5,-135,-135
2009,59,-22.5,-22.5,0.3,-22.5,4.5,3.7,-3.5,-0.5,-22.5,5.8,-3.5243553008595994,-32.94642857142857,-22.5,-22.5,-22.5,-22.5,-59,-59
2009,60,-22.5,0.8,-22.5,3.2,13.2,11.4,11.1,4.4,3.9,10.7,10.103151862464184,11.42142857142857,-3.5,14.1,2.5,2.1,-16.4,-16.4
2009,61,-22.5,-22.5,-22.5,-22.5,-2.1,-0.6,-0.3,-22.5,-22.5,-22.5,-26.432664756446993,-32.94642857142857,-22.5,-22.5,-22.5,-22.5,-92.7,-92.69999999999999
2009,62,-22.5,-22.5,0.6,-22.5,2.3,-22.5,-0.8,18.5,-5.3,6.5,-0.5873925501432665,-32.94642857142857,-22.5,-22.5,-22.5,-22.5,-87.10000000000001,-87.10000000000001
2009,63,-22.5,-22.5,-22.5,-1.1,0.3,-22.5,-22.5,-22.5,-22.5,-22.5,-26.432664756446993,-32.94642857142857,-22.5,-22.5,-22.5,-22.5,-90.8,-90.8
2009,64,-22.5,-22.5,-0.1,-3.2,14.3,22.6,9.4,3.3,5.9,4.5,1.4097421203438396,12.592857142857142,10.5,-1.4,-2.4,-2.1,-11.4,-11.399999999999999
2009,65,-22.5,-22.5,-22.5,-22.5,-22.5,-22.5,-22.5,-22.5,-22.5,-22.5,-26.432664756446993,-32.94642857142857,-22.5,-22.5,-22.5,-22.5,-135,-135
2009,66,-22.5,-22.5,3.1,-22.5,1.5,7.1,-1.6,0.3,8.3,-0.4,-2.9369627507163325,0.5857142857142857,3.7,6.9,3.1,11.5,-55.8,-55.800000000000004
2009,67,-22.5,-22.5,-22.5,-22.5,-22.5,-22.5,-22.5,-22.5,-22.5,-22.5,-26.432664756446993,-32.94642857142857,-22.5,-22.5,-22.5,-22.5,-135,-135
2009,68,-22.5,-22.5,-22.5,-22.5,-22.5,-22.5,-22.5,-22.5,-22.5,-22.5,-26.432664756446993,-32.94642857142857,-22.5,-22.5,-22.5,-22.5,-135,-135
2009,69,-22.5,-22.5,-22.5,-1.3,17.6,10.2,13.1,8.3,9.4,12.4,11.160458452722064,-3.807142857142857,6.4,7.9,7.9,8,-41,-41
2009,70,-22.5,-22.5,-22.5,2.1,-1.7,3.8,-22.5,-22.5,-22.5,-22.5,-26.432664756446993,-32.94642857142857,-22.5,-22.5,-22.5,-22.5,-63.30000000000001,-63.30000000000001
2009,71,-22.5,-22.5,-22.5,-22.5,-22.5,-22.5,-22.5,-22.5,-22.5,-22.5,-26.432664756446993,-32.94642857142857,-22.5,-22.5,-22.5,-22.5,-135,-135
2009,72,-22.5,-22.5,-22.5,-22.5,1.1,1,1.9,-22.5,-22.5,-22.5,-26.432664756446993,-32.94642857142857,-22.5,-22.5,-22.5,-22.5,-87.9,-87.9
2009,73,-22.5,-0.2,1.2,-22.5,-1.6,-22.5,-22.5,-22.5,-22.5,-22.5,-26.432664756446993,-32.94642857142857,-22.5,-22.5,-22.5,-22.5,-68.1,-68.1
2009,74,-22.5,-22.5,-22.5,-22.5,-22.5,-22.5,-22.5,-22.5,-22.5,-22.5,-26.432664756446993,-32.94642857142857,-22.5,-22.5,-22.5,-22.5,-135,-135
2009,75,-22.5,-22.5,-22.5,-22.5,-22.5,5.5,6.8,0.4,-22.5,-22.5,-26.432664756446993,-32.94642857142857,-22.5,-22.5,-22.5,-22.5,-107,-107
2009,76,-22.5,-22.5,-22.5,-22.5,-22.5,-22.5,-22.5,-22.5,-22.5,-22.5,-26.432664756446993,-32.94642857142857,-22.5,-22.5,-22.5,-22.5,-135,-135
2009,77,-22.5,-22.5,3.5,0.2,0.9,-3.8,-22.5,-22.5,-22.5,-22.5,-26.432664756446993,-32.94642857142857,-22.5,-22.5,-22.5,-22.5,-44.2,-44.199999999999996
2009,78,-22.5,-22.5,-22.5,-22.5,-22.5,-22.5,-22.5,-22.5,-22.5,-22.5,-26.432664756446993,-32.94642857142857,-22.5,-22.5,-22.5,-22.5,-135,-135
2009,79,-22.5,-22.5,-22.5,-22.5,-22.5,-22.5,-22.5,-22.5,-22.5,-22.5,-26.432664756446993,-32.94642857142857,-22.5,-22.5,-22.5,-22.5,-135,-135
2009,80,-22.5,-22.5,-22.5,-22.5,-22.5,-22.5,-22.5,-22.5,-22.5,-22.5,-26.432664756446993,-32.94642857142857,-22.5,-22.5,-22.5,-22.5,-135,-135
2009,81,-22.5,-22.5,-22.5,-22.5,-22.5,-22.5,-22.5,-22.5,-22.5,-22.5,-26.432664756446993,-32.94642857142857,-22.5,-22.5,-22.5,-22.5,-135,-135
2009,82,-22.5,-22.5,-22.5,-22.5,-22.5,-22.5,-22.5,-22.5,-22.5,-22.5,-26.432664756446993,-32.94642857142857,-22.5,-22.5,-22.5,-22.5,-135,-135
2009,83,-22.5,-22.5,-22.5,-22.5,-2.7,1.3,0.9,0.3,3.1,-2,-0.8223495702005731,2.489285714285714,1.3,-22.5,-22.5,-22.5,-91.4,-91.4
2009,84,-22.5,-22.5,-22.5,-22.5,-4.3,-2.4,-1.7,-3.3,2,-4.3,2.232091690544413,-3.9535714285714287,-7.8,-3,-6.4,-0.4,-96.7,-96.7
2009,85,-22.5,-22.5,2.2,-0.3,-0.9,3.3,-6.2,-6.3,-4.9,6.7,-0.5873925501432665,-4.246428571428571,-1.9,-22.5,-22.5,-22.5,-40.7,-40.699999999999996
2009,86,-22.5,-22.5,-22.5,-22.5,-22.5,-22.5,-22.5,-22.5,-22.5,-22.5,-26.432664756446993,-32.94642857142857,-22.5,-22.5,-22.5,-22.5,-135,-135
2009,87,-22.5,-22.5,-22.5,-22.5,-22.5,-22.5,-22.5,-22.5,-22.5,-22.5,-26.432664756446993,-32.94642857142857,-22.5,-22.5,-22.5,-22.5,-135,-135
2009,88,-22.5,-22.5,-22.5,-22.5,-22.5,-22.5,-22.5,-22.5,-22.5,-22.5,-26.432664756446993,-32.94642857142857,-22.5,-22.5,-22.5,-22.5,-135,-135
2009,89,-22.5,-22.5,-22.5,-22.5,-22.5,-22.5,-22.5,-22.5,-22.5,-22.5,-26.432664756446993,-32.94642857142857,-22.5,-22.5,-22.5,-22.5,-135,-135
2009,90,-22.5,-22.5,-22.5,-22.5,-22.5,-22.5,-22.5,-22.5,-22.5,-22.5,-26.432664756446993,-32.94642857142857,-22.5,-22.5,-22.5,-22.5,-135,-135
2009,91,-22.5,-22.5,-22.5,-22.5,-22.5,-22.5,-22.5,-22.5,-22.5,-22.5,-26.432664756446993,-32.94642857142857,-22.5,-22.5,-22.5,-22.5,-135,-135
2009,92,-22.5,-22.5,2.7,4,-7.4,0.1,2.4,1.2,0.6,8.5,5.521489971346705,2.489285714285714,-0.4,-6.2,1,1.9,-45.599999999999994,-45.599999999999994
2009,93,-22.5,-22.5,-22.5,-22.5,-22.5,-22.5,-22.5,-22.5,-22.5,-22.5,-26.432664756446993,-32.94642857142857,-22.5,-22.5,-22.5,-22.5,-135,-135
2009,94,-22.5,-22.5,1.4,-0.4,7.8,4.6,8.7,13,2,14.4,7.871060171919772,-9.664285714285713,-6.3,-10.4,0.7,-8.1,-31.6,-31.6
2009,95,-22.5,-22.5,-22.5,-22.5,-22.5,-22.5,1.5,-8.4,-1.4,-22.5,-26.432664756446993,-32.94642857142857,-2.4,-22.5,-22.5,-22.5,-135,-135
2009,96,-22.5,-22.5,-22.5,-22.5,-0.3,-2.1,-3,-22.5,-22.5,-22.5,-26.432664756446993,-32.94642857142857,-22.5,-22.5,-22.5,-22.5,-92.4,-92.39999999999999
2009,97,-22.5,-22.5,-22.5,-22.5,-0.9,-3.6,-22.5,-22.5,-0.5,-22.5,-26.432664756446993,-32.94642857142857,-22.5,-22.5,-22.5,-22.5,-94.5,-94.5
2009,98,-22.5,-22.5,2.7,-0.1,14,8.6,7.4,4.3,14,10,14.56733524355301,10.542857142857143,8,-1.3,1.4,0.4,-19.799999999999997,-19.799999999999997
2009,99,-22.5,-22.5,-22.5,-22.5,-22.5,-22.5,-22.5,-22.5,-22.5,-22.5,-26.432664756446993,-32.94642857142857,-22.5,-22.5,-22.5,-22.5,-135,-135
2009,100,-22.5,-22.5,-22.5,-22.5,-22.5,-22.5,1.5,2.2,3.8,-1.8,-26.432664756446993,-32.94642857142857,-0.5,-7.1,-22.5,-22.5,-135,-135
2009,101,-22.5,-22.5,-22.5,-22.5,-22.5,-22.5,-22.5,-22.5,-22.5,-22.5,-26.432664756446993,-32.94642857142857,-22.5,-22.5,-22.5,-22.5,-135,-135
2009,102,-22.5,-22.5,-22.5,-22.5,8.4,11.5,14.4,3.5,16,10.8,6.578796561604585,11.714285714285714,10.8,15,17.1,9.1,-70.1,-70.1
2009,103,-22.5,-22.5,-22.5,-22.5,-22.5,-22.5,-22.5,-22.5,-22.5,-22.5,-26.432664756446993,-32.94642857142857,-22.5,-22.5,-22.5,-22.5,-135,-135
2009,104,-22.5,-22.5,7.7,4.7,-1.2,4.6,10,8.8,8.8,10.7,9.515759312320917,15.960714285714285,7.1,1.6,2.1,15.3,-29.199999999999996,-29.199999999999996
2009,105,-22.5,-22.5,-22.5,-22.5,-22.5,-22.5,-22.5,-22.5,-22.5,-22.5,-26.432664756446993,-32.94642857142857,-22.5,-22.5,-22.5,-22.5,-135,-135
2009,106,-22.5,-22.5,-22.5,1.1,8.7,11.7,11.6,2.3,1.8,1.1,1.879656160458453,4.1,-22.5,-22.5,-22.5,-22.5,-46,-46
2009,107,-22.5,-22.5,-22.5,-22.5,-22.5,-22.5,-2.4,-22.5,-22.5,1.5,-26.432664756446993,-32.94642857142857,-22.5,-22.5,-22.5,-22.5,-135,-135
2009,108,-22.5,-22.5,-22.5,-22.5,-22.5,-22.5,-22.5,-22.5,-22.5,-22.5,-26.432664756446993,-32.94642857142857,-22.5,-22.5,-22.5,-22.5,-135,-135
2009,109,-22.5,-22.5,-22.5,-22.5,-22.5,-22.5,-22.5,-22.5,-22.5,-22.5,-26.432664756446993,-32.94642857142857,-22.5,-22.5,-22.5,-22.5,-135,-135
2009,110,-22.5,-22.5,-22.5,-22.5,-22.5,-22.5,-22.5,-22.5,-22.5,-22.5,-26.432664756446993,-32.94642857142857,-22.5,-22.5,-22.5,-22.5,-135,-135
2009,111,-22.5,-22.5,-22.5,-22.5,-22.5,-22.5,-22.5,-22.5,-22.5,-22.5,-26.432664756446993,-32.94642857142857,-22.5,-22.5,-22.5,-22.5,-135,-135
2009,112,-22.5,-22.5,-22.5,-22.5,-22.5,-22.5,-22.5,-22.5,-22.5,-22.5,-26.432664756446993,-32.94642857142857,-22.5,-22.5,-22.5,-22.5,-135,-135
2009,113,-22.5,-22.5,-22.5,-22.5,-22.5,-22.5,-22.5,-22.5,-22.5,-22.5,-26.432664756446993,-32.94642857142857,-22.5,-22.5,-22.5,-22.5,-135,-135
2009,114,-22.5,-22.5,-22.5,-22.5,-22.5,1.6,-4.6,1,-22.5,-22.5,-26.432664756446993,-32.94642857142857,-22.5,-22.5,-22.5,-22.5,-110.9,-110.9
2009,115,-22.5,-22.5,-22.5,-22.5,-0.6,-22.5,-22.5,-22.5,-22.5,-22.5,-26.432664756446993,-32.94642857142857,-22.5,-22.5,-22.5,-22.5,-113.1,-113.1
2009,116,-22.5,-22.5,-22.5,-22.5,-22.5,-22.5,-22.5,-22.5,-22.5,-22.5,-26.432664756446993,-32.94642857142857,-22.5,-22.5,-22.5,-22.5,-135,-135
2009,117,-22.5,-22.5,-22.5,-22.5,-22.5,-22.5,-22.5,-22.5,-22.5,-3.3,-26.432664756446993,-32.94642857142857,-22.5,-22.5,-22.5,-22.5,-135,-135
2009,118,-22.5,-22.5,-22.5,-22.5,-22.5,-22.5,-22.5,-22.5,-22.5,-22.5,-26.432664756446993,-32.94642857142857,-22.5,-22.5,-22.5,-22.5,-135,-135
2009,119,-22.5,-22.5,-22.5,-22.5,-22.5,-22.5,2.7,-0.8,1.8,-22.5,-26.432664756446993,-32.94642857142857,-22.5,0.6,0.3,-22.5,-135,-135
2009,120,-22.5,-22.5,-22.5,-22.5,-22.5,3.7,-1.1,1.9,2.3,2.2,-1.0573065902578798,-4.392857142857142,-12.7,-2.6,4.4,-6.8,-108.8,-108.8
2009,121,-22.5,-22.5,-22.5,-22.5,-22.5,-22.5,-22.5,-22.5,-22.5,-22.5,-26.432664756446993,-32.94642857142857,-22.5,-22.5,-22.5,-22.5,-135,-135
2009,122,-22.5,-22.5,-22.5,-22.5,-22.5,-22.5,-22.5,-22.5,-22.5,-22.5,-26.432664756446993,-32.94642857142857,-22.5,-22.5,-22.5,-22.5,-135,-135
2009,123,-22.5,-22.5,-22.5,-22.5,-22.5,-22.5,-22.5,-22.5,-22.5,-22.5,-26.432664756446993,-32.94642857142857,-22.5,-22.5,-22.5,-22.5,-135,-135
2009,124,-22.5,-22.5,-22.5,-22.5,-22.5,-22.5,-22.5,-22.5,-22.5,-22.5,-26.432664756446993,-32.94642857142857,-22.5,-22.5,-22.5,-22.5,-135,-135
2009,125,-22.5,-22.5,-22.5,-22.5,-22.5,-22.5,-22.5,-22.5,-22.5,-22.5,-26.432664756446993,-32.94642857142857,-22.5,-22.5,-22.5,-22.5,-135,-135
2009,126,-22.5,-22.5,5.4,-0.1,-22.5,-22.5,-22.5,-22.5,-22.5,-22.5,-26.432664756446993,-32.94642857142857,-22.5,-22.5,-22.5,-22.5,-84.7,-84.7
2009,127,-22.5,-22.5,-22.5,-22.5,-22.5,-22.5,-22.5,-22.5,-22.5,-22.5,-26.432664756446993,-32.94642857142857,-22.5,-22.5,-22.5,-22.5,-135,-135
2009,128,-22.5,-2.2,0.7,0.4,-22.5,-0.2,-22.5,-22.5,-22.5,-22.5,-26.432664756446993,-32.94642857142857,-22.5,-22.5,-22.5,-22.5,-46.3,-46.300000000000004
2009,129,-22.5,-22.5,-22.5,-22.5,-22.5,-22.5,-22.5,-22.5,-22.5,-22.5,-26.432664756446993,-32.94642857142857,-22.5,-22.5,-22.5,-22.5,-135,-135
2009,130,-22.5,-22.5,-22.5,-22.5,-0.2,13.6,14.4,13.6,4.2,4,-0.3524355300859599,9.664285714285713,-4.3,1.2,-1.6,-22.5,-76.60000000000001,-76.60000000000001
2009,131,-22.5,-22.5,4.3,7.6,7.8,0,2.8,-0.4,-3,-0.7,-2.702005730659026,-32.94642857142857,-22.5,-22.5,-22.5,-22.5,-25.3,-25.3
2009,132,-22.5,-22.5,-22.5,-22.5,-22.5,-22.5,-22.5,-22.5,-22.5,-22.5,-26.432664756446993,-32.94642857142857,-22.5,-22.5,-22.5,-22.5,-135,-135
2009,133,-22.5,-22.5,-22.5,-22.5,-22.5,-22.5,-22.5,-22.5,-22.5,-22.5,-26.432664756446993,-32.94642857142857,-22.5,-22.5,-22.5,-22.5,-135,-135
2009,134,-22.5,-22.5,-22.5,-22.5,0.2,-22.5,2.5,-22.5,-22.5,-2.7,-26.432664756446993,-32.94642857142857,-22.5,-22.5,-22.5,-22.5,-112.3,-112.3
2009,135,-22.5,-22.5,-22.5,-22.5,-22.5,-22.5,-22.5,-22.5,-22.5,-22.5,-26.432664756446993,-32.94642857142857,-22.5,-22.5,-22.5,-22.5,-135,-135
2009,136,-22.5,-22.5,-22.5,-22.5,-22.5,-22.5,-22.5,-22.5,-22.5,-22.5,-26.432664756446993,-32.94642857142857,-22.5,-22.5,-22.5,-22.5,-135,-135
2009,137,-22.5,-22.5,-22.5,-22.5,-22.5,-22.5,-22.5,-22.5,-22.5,-0.8,-26.432664756446993,-32.94642857142857,-22.5,-22.5,-22.5,-22.5,-135,-135
2009,138,-22.5,-22.5,-22.5,-0.2,-22.5,-22.5,-22.5,2.8,-0.4,-22.5,-26.432664756446993,-32.94642857142857,-22.5,-22.5,-22.5,-22.5,-112.7,-112.7
2009,139,-22.5,-22.5,-22.5,-22.5,-22.5,-22.5,-22.5,-22.5,-22.5,-22.5,-26.432664756446993,-32.94642857142857,-22.5,-22.5,-22.5,-22.5,-135,-135
2009,140,-22.5,-22.5,-22.5,-22.5,-22.5,-22.5,-22.5,-22.5,-22.5,-22.5,-26.432664756446993,-32.94642857142857,-22.5,-22.5,-22.5,-22.5,-135,-135
2009,141,-22.5,-22.5,-22.5,-22.5,-22.5,-22.5,-22.5,-22.5,-22.5,-22.5,-26.432664756446993,-32.94642857142857,-22.5,-22.5,-22.5,-22.5,-135,-135
2009,142,-22.5,-22.5,-22.5,-22.5,-22.5,-22.5,-22.5,-22.5,-22.5,-22.5,-26.432664756446993,-32.94642857142857,-22.5,-22.5,-22.5,-22.5,-135,-135
2009,143,-22.5,-22.5,-22.5,-22.5,-22.5,-22.5,-22.5,-22.5,-22.5,-22.5,-26.432664756446993,-32.94642857142857,-22.5,-22.5,-22.5,-22.5,-135,-135
2009,144,-22.5,-22.5,-22.5,-22.5,-22.5,-22.5,-22.5,-22.5,-22.5,-22.5,-26.432664756446993,-32.94642857142857,-22.5,-22.5,-22.5,-22.5,-135,-135
2009,145,-22.5,-22.5,-22.5,-22.5,-22.5,-22.5,-22.5,-22.5,-22.5,-22.5,-26.432664756446993,-32.94642857142857,-22.5,-22.5,-22.5,-22.5,-135,-135
2009,146,-22.5,-22.5,-22.5,-22.5,-0.3,-2.8,-0.4,-1.3,-22.5,-0.4,-26.432664756446993,-32.94642857142857,-22.5,-22.5,-22.5,-22.5,-93.1,-93.1
2009,147,-22.5,-22.5,-22.5,-22.5,-22.5,-22.5,-22.5,-22.5,-22.5,-22.5,-26.432664756446993,-32.94642857142857,-22.5,-22.5,-22.5,-22.5,-135,-135
2009,148,-22.5,-0.8,6.1,-1.2,5.3,2.5,-1.8,9.4,-5.2,3.1,-26.432664756446993,-32.94642857142857,-22.5,-22.5,-22.5,-22.5,-10.6,-10.600000000000001
2009,149,-22.5,-22.5,-22.5,-22.5,-22.5,-22.5,-22.5,-22.5,-22.5,-22.5,-26.432664756446993,-32.94642857142857,-22.5,-22.5,-22.5,-22.5,-135,-135
2009,150,-22.5,-22.5,-22.5,-22.5,-22.5,-22.5,-22.5,2.5,7,14.9,5.873925501432665,5.417857142857143,19,8,-0.1,6.8,-135,-135
2009,151,-22.5,-22.5,-22.5,-22.5,-22.5,-22.5,-22.5,-22.5,-22.5,-22.5,-26.432664756446993,-32.94642857142857,-22.5,-22.5,-22.5,-22.5,-135,-135
2009,152,-22.5,-22.5,-22.5,-22.5,2.9,6.2,2.4,11.8,8.6,8.8,4.229226361031519,7.321428571428571,4.5,6.9,8.3,9.1,-80.89999999999999,-80.89999999999999
2009,153,-22.5,-22.5,-22.5,-22.5,-22.5,-22.5,-22.5,-22.5,-22.5,-22.5,-26.432664756446993,-32.94642857142857,-22.5,-22.5,-22.5,-22.5,-135,-135
2009,154,-22.5,-22.5,-22.5,-22.5,-22.5,-22.5,-22.5,-22.5,-22.5,-22.5,-26.432664756446993,-32.94642857142857,-22.5,-22.5,-22.5,-22.5,-135,-135
2009,155,-22.5,-22.5,-22.5,-22.5,-22.5,-22.5,-22.5,-22.5,-22.5,-22.5,-26.432664756446993,-32.94642857142857,-22.5,-22.5,-22.5,-22.5,-135,-135
2009,156,-22.5,-22.5,-22.5,-22.5,-22.5,-22.5,-22.5,-22.5,-22.5,-22.5,-26.432664756446993,-32.94642857142857,-22.5,-22.5,-22.5,-22.5,-135,-135
2009,157,-22.5,-22.5,-22.5,-22.5,2.6,-0.3,-22.5,-22.5,-22.5,-22.5,-26.432664756446993,-32.94642857142857,-22.5,-22.5,-22.5,-22.5,-87.7,-87.7
2009,158,-22.5,-22.5,-22.5,-22.5,-22.5,-6.5,-22.5,1.6,0.5,-22.5,-26.432664756446993,-32.94642857142857,-22.5,-22.5,-22.5,-22.5,-119,-119
2009,159,-22.5,-22.5,-22.5,-22.5,-22.5,-22.5,-22.5,-22.5,-22.5,-22.5,-26.432664756446993,-32.94642857142857,-22.5,-22.5,-22.5,-22.5,-135,-135
2009,160,-22.5,-22.5,-22.5,-22.5,-22.5,-22.5,-22.5,-22.5,-22.5,-22.5,-26.432664756446993,-32.94642857142857,-22.5,-22.5,-22.5,-22.5,-135,-135
2009,161,-22.5,-22.5,-22.5,1.8,5.6,-6.2,4.1,-8,13.4,23.4,23.49570200573066,0.5857142857142857,30.4,19.4,-7.2,33,-66.3,-66.3
2009,162,-22.5,-22.5,-22.5,-22.5,-22.5,-22.5,-22.5,-22.5,-22.5,-22.5,-26.432664756446993,-32.94642857142857,-22.5,-22.5,-22.5,-22.5,-135,-135
2009,163,-22.5,-22.5,-22.5,-22.5,0.1,-22.5,-22.5,-22.5,-22.5,-22.5,-26.432664756446993,-32.94642857142857,-22.5,-22.5,-22.5,-22.5,-112.4,-112.4
2009,164,-22.5,-2.4,-22.5,-1.3,-22.5,-22.5,-22.5,-22.5,-22.5,-22.5,-26.432664756446993,-32.94642857142857,-22.5,-22.5,-22.5,-22.5,-93.7,-93.69999999999999
2009,165,-22.5,-22.5,-22.5,-22.5,-22.5,-22.5,-22.5,-22.5,-22.5,-22.5,-26.432664756446993,-32.94642857142857,-22.5,-22.5,-22.5,-22.5,-135,-135
2009,166,-22.5,-22.5,-22.5,-22.5,-22.5,-22.5,-22.5,-22.5,-22.5,-22.5,-26.432664756446993,-32.94642857142857,-22.5,-22.5,-22.5,-22.5,-135,-135
2009,167,-22.5,-22.5,-22.5,-22.5,-22.5,-22.5,-22.5,-22.5,-22.5,-22.5,-26.432664756446993,-32.94642857142857,-22.5,-22.5,-22.5,-22.5,-135,-135
2009,168,-22.5,-22.5,-22.5,-22.5,-22.5,-22.5,-22.5,-22.5,-22.5,-22.5,-26.432664756446993,-32.94642857142857,-22.5,-22.5,-22.5,-22.5,-135,-135
2009,169,-22.5,-22.5,-22.5,-22.5,-22.5,-22.5,-22.5,-22.5,-22.5,-22.5,-26.432664756446993,-32.94642857142857,-22.5,-22.5,-22.5,-22.5,-135,-135
2009,170,-22.5,-22.5,-22.5,-22.5,-2.9,-2.5,3.1,-22.5,-22.5,-22.5,-26.432664756446993,-32.94642857142857,-22.5,-22.5,-22.5,-22.5,-95.4,-95.4
2009,171,-22.5,-22.5,6.2,-22.5,-22.5,-22.5,-22.5,-22.5,-22.5,-22.5,-26.432664756446993,-32.94642857142857,-22.5,-22.5,-22.5,-22.5,-106.3,-106.3
2009,172,-22.5,-22.5,-22.5,-22.5,-22.5,-22.5,-22.5,-22.5,-22.5,-22.5,-26.432664756446993,-32.94642857142857,-22.5,-22.5,-22.5,-22.5,-135,-135
2009,173,-22.5,-22.5,-22.5,-22.5,-22.5,-22.5,-22.5,-22.5,-22.5,-22.5,-26.432664756446993,-32.94642857142857,-22.5,-22.5,-22.5,-22.5,-135,-135
2009,174,-22.5,-22.5,-22.5,-22.5,-22.5,-22.5,-22.5,-22.5,-22.5,-22.5,-26.432664756446993,-32.94642857142857,-22.5,-22.5,-22.5,-22.5,-135,-135
2009,175,-22.5,-22.5,-22.5,-22.5,-22.5,-22.5,2.6,-22.5,-22.5,-22.5,-26.432664756446993,-32.94642857142857,-22.5,-22.5,-22.5,-22.5,-135,-135
2009,176,-22.5,-22.5,-22.5,-22.5,-22.5,-22.5,-22.5,-22.5,-22.5,-22.5,-26.432664756446993,-32.94642857142857,-22.5,-22.5,-22.5,-22.5,-135,-135
2009,177,-22.5,-22.5,-22.5,-22.5,-22.5,-2.9,-22.5,-22.5,-22.5,-22.5,-26.432664756446993,-32.94642857142857,-22.5,-22.5,-22.5,-22.5,-115.4,-115.4
2009,178,-22.5,-22.5,-22.5,-22.5,-22.5,-0.3,-22.5,-22.5,-22.5,-22.5,-26.432664756446993,-32.94642857142857,-22.5,-22.5,-22.5,-22.5,-112.8,-112.8
2009,179,-22.5,-22.5,-22.5,-22.5,-22.5,-22.5,-22.5,-22.5,-22.5,-22.5,-26.432664756446993,-32.94642857142857,-22.5,-22.5,-22.5,-22.5,-135,-135
2009,180,-22.5,-22.5,-22.5,-22.5,-22.5,-22.5,-22.5,-22.5,-22.5,-22.5,-26.432664756446993,-32.94642857142857,-22.5,-22.5,-22.5,-22.5,-135,-135
2009,181,-22.5,-22.5,-22.5,-22.5,-22.5,-22.5,-22.5,-22.5,-22.5,-22.5,-26.432664756446993,-32.94642857142857,-22.5,-22.5,-22.5,-22.5,-135,-135
2009,182,-22.5,-22.5,-22.5,-22.5,5.9,-0.3,10.1,4.9,4.7,1,-0.5873925501432665,-1.3178571428571428,9.5,5.3,2.7,4.2,-84.39999999999999,-84.39999999999999
2009,183,-22.5,-22.5,-22.5,-22.5,-22.5,-22.5,-22.5,-22.5,-22.5,-22.5,-26.432664756446993,-32.94642857142857,-22.5,-22.5,-22.5,-22.5,-135,-135
2009,184,-22.5,-22.5,-22.5,-22.5,-22.5,-22.5,-22.5,-22.5,-22.5,-22.5,-26.432664756446993,-32.94642857142857,-22.5,-22.5,-22.5,-22.5,-135,-135
2009,185,-22.5,-22.5,2.5,-2.6,0.6,-1.8,-3,-2.4,-1.1,1.5,-26.432664756446993,-32.94642857142857,-22.5,-22.5,-22.5,-22.5,-46.3,-46.3
2009,186,-22.5,-22.5,-22.5,-22.5,-22.5,-22.5,-22.5,-22.5,-22.5,-22.5,-26.432664756446993,-32.94642857142857,-22.5,-22.5,-22.5,-22.5,-135,-135
2009,187,-22.5,-22.5,-22.5,-22.5,-22.5,-22.5,-22.5,-22.5,-22.5,-22.5,-26.432664756446993,-32.94642857142857,-22.5,-22.5,-22.5,-22.5,-135,-135
2009,188,-22.5,-22.5,-22.5,-22.5,-22.5,-22.5,-22.5,-22.5,-22.5,-22.5,-26.432664756446993,-32.94642857142857,-22.5,-22.5,-22.5,-22.5,-135,-135
2009,189,-22.5,-22.5,-22.5,-22.5,-22.5,-22.5,-22.5,-22.5,-22.5,-22.5,-26.432664756446993,-32.94642857142857,-22.5,-22.5,-22.5,-22.5,-135,-135
2009,190,-22.5,-22.5,-22.5,-22.5,-22.5,-22.5,-22.5,-22.5,-22.5,-22.5,-26.432664756446993,-32.94642857142857,-22.5,-22.5,-22.5,-22.5,-135,-135
2009,191,-22.5,-22.5,-22.5,-22.5,-22.5,-22.5,-22.5,-22.5,-22.5,-22.5,-26.432664756446993,-32.94642857142857,-22.5,-22.5,-22.5,-22.5,-135,-135
2009,192,-22.5,-22.5,-22.5,-22.5,-22.5,-22.5,-22.5,-22.5,-22.5,-22.5,-26.432664756446993,-32.94642857142857,-22.5,-22.5,-22.5,-22.5,-135,-135
2009,193,-22.5,-22.5,-22.5,-22.5,-22.5,-22.5,-22.5,-22.5,-22.5,-22.5,-26.432664756446993,-32.94642857142857,-22.5,-22.5,-22.5,-22.5,-135,-135
2009,194,-22.5,-22.5,-22.5,-22.5,-22.5,-22.5,-22.5,-22.5,-22.5,-22.5,-26.432664756446993,-32.94642857142857,-22.5,-22.5,-22.5,-22.5,-135,-135
2009,195,-22.5,-22.5,-22.5,1.6,-22.5,-22.5,-22.5,-22.5,-22.5,-22.5,-26.432664756446993,-32.94642857142857,-22.5,-22.5,-22.5,-22.5,-110.9,-110.9
2009,196,-22.5,-22.5,-22.5,-22.5,-22.5,-22.5,-22.5,-22.5,-22.5,-22.5,-26.432664756446993,-32.94642857142857,-22.5,-22.5,-22.5,-22.5,-135,-135
2009,197,-22.5,-22.5,-22.5,-22.5,-22.5,-22.5,-22.5,-22.5,-22.5,-22.5,-26.432664756446993,-32.94642857142857,-22.5,-22.5,-22.5,-22.5,-135,-135
2009,198,-22.5,-22.5,-22.5,-22.5,-22.5,-22.5,0.4,1.6,-3.4,7.4,7.7535816618911175,-5.271428571428571,3.1,9.2,5.8,5.8,-135,-135
2010,1,5.8,13.2,9.2,11.8,0.5,12.2,14.6,26.2,7.9,3.2893982808022924,11.567857142857143,16.8,6.6,-1.1,1.9,NA,52.7,52.7
2010,2,-1.8,21.2,7.6,20.9,11.7,15.3,8.5,17.9,16.2,6.578796561604585,0.29285714285714287,1.9,4.6,5.7,7.8,NA,74.89999999999999,74.89999999999999
2010,3,-22.5,-5.5,-7.7,0.8,1.4,1.2,-2,-0.8,-5,0,-8.932142857142855,4.1,-7.9,-2.5,2.9,NA,-32.300000000000004,-32.300000000000004
2010,4,-22.5,3.1,-0.3,9.8,8.9,8.8,7.5,1.5,0,-2.584527220630373,2.9285714285714284,11.5,-2.1,-3.6,-22.5,NA,7.800000000000003,7.8000000000000025
2010,5,-1.6,-10.1,-22.5,10,9.4,17.3,18.1,9.5,11.2,0.8223495702005731,9.371428571428572,14.2,9.2,4.2,6.5,NA,2.4999999999999982,2.4999999999999982
2010,6,-22.5,-4.2,-0.9,-1.3,1.8,6.6,6.9,0.3,8.2,2.702005730659026,0.4392857142857142,-2.1,-22.5,-22.5,-22.5,NA,-20.5,-20.5
2010,7,15.8,9.8,2.4,14.7,2,13.9,17.2,6.3,18.1,-0.46991404011461324,7.028571428571428,7.9,19.5,1.2,-1.1,NA,58.6,58.6
2010,8,-0.7,6.5,0.3,-22.5,-22.5,-2.6,-1.4,-1,-22.5,-26.432664756446993,-32.94642857142857,-22.5,-22.5,-22.5,-22.5,NA,-41.5,-41.5
2010,9,-22.5,-22.5,-3.5,10.8,10.7,2.9,18.8,14.3,4,3.6418338108882526,0.8785714285714284,6.3,-3.4,5.2,-5.8,NA,-24.100000000000005,-24.100000000000005
2010,10,-22.5,-22.5,-22.5,-22.5,-22.5,0.7,-0.5,-22.5,1.2,-6.696275071633239,-32.94642857142857,-22.5,-1,-22.5,-1.7,NA,-111.8,-111.8
2010,11,-22.5,-22.5,-22.5,0.2,-22.5,-22.5,0.1,-1.5,21.4,0.46991404011461324,20.64642857142857,2.7,-17,-3.8,-22.5,NA,-112.3,-112.3
2010,12,-0.4,1.5,0.6,6.5,9.3,-1,9,-2.5,-0.6,4.581661891117479,6.735714285714285,10.4,-2.6,-9,9.3,NA,16.5,16.5
2010,13,-22.5,-22.5,-22.5,0.5,1.2,2.1,-22.5,-22.5,-22.5,-26.432664756446993,-32.94642857142857,-22.5,-22.5,-22.5,-22.5,NA,-63.7,-63.699999999999996
2010,14,-22.5,0.9,3.7,18.2,7.3,8.6,13.9,16.6,2,14.21489971346705,4.539285714285714,2.1,-4.1,4.9,5.3,NA,16.199999999999996,16.199999999999996
2010,15,-22.5,-22.5,-22.5,-22.5,-22.5,-0.8,1.7,4.6,-4.5,-4.581661891117479,3.3678571428571424,3.4,0.6,7.5,2.3,NA,-113.3,-113.3
2010,16,-22.5,-22.5,5.9,15,22.7,13.6,13.2,13.9,10.9,1.997134670487106,-0.29285714285714287,8.4,1.7,5,6,NA,12.199999999999998,12.199999999999998
2010,17,-22.5,-22.5,-22.5,-22.5,0.8,-22.5,-22.5,-22.5,-22.5,-26.432664756446993,-32.94642857142857,-22.5,-22.5,-22.5,-22.5,NA,-111.7,-111.7
2010,18,-22.5,-22.5,-0.1,-22.5,-22.5,3.6,3,2.3,2.6,-3.1719197707736395,10.25,0,-2.9,-0.1,0.4,NA,-86.5,-86.5
2010,19,-22.5,-22.5,-2.7,-0.2,2.1,2.8,-7.1,7.8,-0.1,0.23495702005730662,-0.5857142857142857,-2,1.9,4.2,0.7,NA,-43.00000000000001,-43.00000000000001
2010,20,-22.5,-22.5,6.4,0.5,1.5,0,0.8,-1.8,-22.5,-26.432664756446993,-32.94642857142857,-22.5,-22.5,-22.5,-22.5,NA,-36.6,-36.6
2010,21,-22.5,-22.5,-22.5,6.9,8.5,-1.2,-2.6,7.5,1.3,0.11747851002865331,-5.417857142857143,6.5,-22.5,-22.5,-22.5,NA,-53.3,-53.300000000000004
2010,22,-22.5,-22.5,3.2,-0.6,-2,0.6,-22.5,-22.5,-22.5,-1.879656160458453,-0.14642857142857144,-1.3,1.3,-5.5,-22.5,NA,-43.8,-43.8
2010,23,-22.5,-22.5,-1.1,-1.9,2,4.6,9.2,12.4,0.8,1.2922636103151866,-1.1714285714285715,2.8,-22.5,-22.5,-22.5,NA,-41.4,-41.4
2010,24,-22.5,-22.5,-22.5,-22.5,5.5,2.7,2.6,1.9,13.9,-1.174785100286533,0,2.1,-0.6,6.2,3.2,NA,-81.8,-81.8
2010,25,-22.5,-22.5,-0.6,-0.9,-22.5,2,-22.5,-22.5,-22.5,-26.432664756446993,-32.94642857142857,-22.5,-22.5,-22.5,-22.5,NA,-67,-67
2010,26,-22.5,-22.5,-22.5,0.9,7.1,21.2,7.6,10.2,2.8,1.0573065902578798,8.2,6.4,-9.1,-13.9,-22.5,NA,-38.3,-38.3
2010,27,-22.5,-22.5,-22.5,0.1,-22.5,-22.5,-22.5,-22.5,-22.5,-26.432664756446993,-32.94642857142857,-22.5,-22.5,-22.5,-22.5,NA,-112.4,-112.4
2010,28,-22.5,-22.5,2.4,3.5,10.7,8.2,9.1,8,7,11.74785100286533,-5.125,5.1,5.2,2.5,5.5,NA,-20.200000000000003,-20.200000000000003
2010,29,-22.5,-22.5,1.3,0.1,-2,1.4,-22.5,-22.5,-22.5,-26.432664756446993,-32.94642857142857,-22.5,-22.5,-22.5,-22.5,NA,-44.2,-44.2
2010,30,-22.5,-22.5,-22.5,10.8,10.8,3.3,6.2,1.1,3.8,13.627507163323783,-1.6107142857142858,9.5,17.9,11.3,9.6,NA,-42.60000000000001,-42.60000000000001
2010,31,-22.5,-22.5,-22.5,-0.8,1.2,-22.5,3,3.3,0.4,8.223495702005732,-1.9035714285714285,-2.4,3,-1.9,-22.5,NA,-89.6,-89.6
2010,32,-22.5,-22.5,-22.5,-22.5,-22.5,-22.5,-22.5,-22.5,-22.5,-26.432664756446993,-32.94642857142857,-22.5,-22.5,-22.5,-22.5,NA,-135,-135
2010,33,-22.5,-22.5,-22.5,-22.5,-22.5,-22.5,-22.5,-22.5,-22.5,-26.432664756446993,-32.94642857142857,-22.5,-22.5,-22.5,-22.5,NA,-135,-135
2010,34,-22.5,-22.5,-22.5,-22.5,-22.5,-22.5,-22.5,-22.5,-22.5,-26.432664756446993,-32.94642857142857,-22.5,-22.5,-22.5,-22.5,NA,-135,-135
2010,35,-22.5,-22.5,-22.5,-22.5,-22.5,-22.5,-22.5,-22.5,-22.5,-26.432664756446993,-32.94642857142857,-22.5,-22.5,-22.5,-22.5,NA,-135,-135
2010,36,-22.5,-22.5,-3.2,1.9,-2,7.3,2.9,0.1,-9,-26.432664756446993,-32.94642857142857,-22.5,-22.5,-22.5,-0.5,NA,-41.00000000000001,-41.00000000000001
2010,37,-22.5,1.3,1.6,4.8,2.2,-2.8,2.8,0.1,0.1,-4.346704871060172,13.178571428571427,16.6,6.3,3,-7.5,NA,-15.4,-15.399999999999999
2010,38,-22.5,-22.5,-22.5,-7.4,2.6,-1.1,1.1,2,5.1,4.346704871060172,5.564285714285714,5,0.6,0.7,4.2,NA,-73.4,-73.4
2010,39,-22.5,0.7,-22.5,-0.2,-22.5,-22.5,-22.5,-22.5,-22.5,-26.432664756446993,-32.94642857142857,-22.5,-22.5,-22.5,-22.5,NA,-89.5,-89.5
2010,40,-22.5,-22.5,-22.5,-22.5,-0.6,0.6,-22.5,-22.5,-22.5,-26.432664756446993,-32.94642857142857,-22.5,-22.5,-22.5,-22.5,NA,-90,-90
2010,41,-22.5,-22.5,-22.5,-0.3,0,0.1,-3.2,12,5,1.4097421203438396,1.6107142857142858,-8.2,-12.7,-22.5,-22.5,NA,-67.7,-67.7
2010,42,-22.5,-5.4,-0.3,2.7,-1,6.3,-4.2,-3.6,-5,-26.432664756446993,-32.94642857142857,-22.5,-22.5,-22.5,-22.5,NA,-20.2,-20.2
2010,43,-22.5,-22.5,-22.5,-22.5,-22.5,-22.5,-22.5,-22.5,-22.5,-26.432664756446993,-32.94642857142857,-22.5,-22.5,-22.5,-22.5,NA,-135,-135
2010,44,-22.5,-22.5,-22.5,-22.5,-22.5,-22.5,-22.5,-22.5,-22.5,-26.432664756446993,-32.94642857142857,-22.5,-22.5,-22.5,-22.5,NA,-135,-135
2010,45,-22.5,-22.5,-22.5,2.8,1.1,0,7.1,4.7,-5.5,-26.432664756446993,-32.94642857142857,-22.5,-22.5,-22.5,-22.5,NA,-63.6,-63.6
2010,46,-22.5,-22.5,-22.5,-3.3,-3.7,1.1,3.6,-22.5,1.4,-0.9398280802292265,-32.94642857142857,-22.5,-22.5,-22.5,-22.5,NA,-73.4,-73.4
2010,47,-22.5,-22.5,1.2,9.9,12.6,18.6,3.1,0.4,7.9,11.39541547277937,8.346428571428572,0.6,21.1,11.7,4.1,NA,-2.6999999999999957,-2.6999999999999957
2010,48,-22.5,-22.5,-22.5,-22.5,-22.5,-22.5,-22.5,-22.5,-22.5,-26.432664756446993,-32.94642857142857,-22.5,-22.5,-22.5,-22.5,NA,-135,-135
2010,49,-22.5,-22.5,-22.5,-22.5,10.5,10.7,-14.1,0,-6.3,-4.229226361031519,-8.785714285714285,-0.7,-22.5,2.5,-2.8,NA,-68.8,-68.8
2010,50,-22.5,-22.5,-22.5,-22.5,-22.5,-0.2,-22.5,1.8,-0.5,-26.432664756446993,-32.94642857142857,-22.5,-22.5,-22.5,-22.5,NA,-112.7,-112.7
2010,51,-22.5,-22.5,-22.5,5.6,4.9,7.4,10.2,2.5,4.4,-1.0573065902578798,12.153571428571428,2.3,4.9,3.1,0,NA,-49.6,-49.6
2010,52,-22.5,-22.5,-22.5,-22.5,-22.5,-22.5,-22.5,-22.5,-22.5,-26.432664756446993,-32.94642857142857,-22.5,-22.5,-22.5,-22.5,NA,-135,-135
2010,53,-22.5,-22.5,-22.5,-22.5,-22.5,-22.5,-22.5,-0.9,-22.5,-26.432664756446993,-32.94642857142857,-22.5,-22.5,-22.5,-22.5,NA,-135,-135
2010,54,-22.5,-22.5,-22.5,-22.5,-22.5,-22.5,-22.5,-22.5,-1.1,3.2893982808022924,11.275,7.4,7.9,2.8,5,NA,-135,-135
2010,55,-22.5,-22.5,-22.5,-22.5,-22.5,-22.5,-22.5,-22.5,-22.5,-26.432664756446993,-32.94642857142857,-22.5,-22.5,-22.5,-22.5,NA,-135,-135
2010,56,-22.5,-22.5,-22.5,0,7.4,4.1,1.6,-4.5,6.3,8.928366762177651,0.5857142857142857,9.5,-22.5,-22.5,-22.5,NA,-56,-56
2010,57,-22.5,-22.5,-22.5,-22.5,-22.5,0.4,1,-0.4,5.4,-26.432664756446993,-32.94642857142857,-22.5,-22.5,-22.5,-22.5,NA,-112.1,-112.1
2010,58,-22.5,-22.5,-22.5,0,-22.5,-22.5,-22.5,-22.5,-22.5,-26.432664756446993,-32.94642857142857,-22.5,-22.5,-22.5,-22.5,NA,-112.5,-112.5
2010,59,-22.5,-0.2,1.7,2,5.3,3.8,23.9,19.2,7.9,8.458452722063038,-4.392857142857142,7.2,9.3,3,6.9,NA,-9.9,-9.899999999999999
2010,60,-22.5,-22.5,-22.5,-22.5,-22.5,-1.3,4.6,1.9,-22.5,0.7048710601719198,-32.94642857142857,-22.5,-22.5,-22.5,-22.5,NA,-113.8,-113.8
2010,61,-22.5,-22.5,-22.5,-22.5,-22.5,-22.5,-22.5,-22.5,-22.5,-26.432664756446993,-32.94642857142857,-22.5,-22.5,-22.5,-22.5,NA,-135,-135
2010,62,-22.5,-22.5,-22.5,-22.5,-22.5,0.2,3.3,1.7,0.5,-5.756446991404013,-32.94642857142857,-3.8,-22.5,-22.5,-22.5,NA,-112.3,-112.3
2010,63,-22.5,-22.5,-22.5,-22.5,-22.5,-22.5,-22.5,-22.5,-22.5,-26.432664756446993,-32.94642857142857,-22.5,-22.5,-22.5,-22.5,NA,-135,-135
2010,64,-22.5,-22.5,0.9,0.4,-22.5,-22.5,-22.5,-22.5,-22.5,-26.432664756446993,-32.94642857142857,-22.5,-22.5,-22.5,-22.5,NA,-88.7,-88.7
2010,65,-22.5,-22.5,-22.5,-22.5,-22.5,-22.5,-22.5,-22.5,-22.5,-26.432664756446993,-32.94642857142857,-22.5,-22.5,-22.5,-22.5,NA,-135,-135
2010,66,-22.5,-22.5,2.4,-1.4,-4.9,0.3,15.4,5.9,7.4,5.756446991404013,3.0749999999999997,5.1,3.9,11.8,-3.7,NA,-48.6,-48.6
2010,67,-22.5,-22.5,-22.5,-22.5,-0.2,-22.5,-22.5,-22.5,-22.5,-26.432664756446993,-32.94642857142857,-22.5,-22.5,-22.5,-22.5,NA,-112.7,-112.7
2010,68,-22.5,-22.5,-22.5,-22.5,-22.5,-22.5,-22.5,-22.5,-22.5,-26.432664756446993,-32.94642857142857,-22.5,-22.5,-22.5,-22.5,NA,-135,-135
2010,69,-22.5,-22.5,-22.5,-22.5,-22.5,-22.5,-22.5,-22.5,-22.5,-26.432664756446993,-32.94642857142857,-22.5,-22.5,-22.5,-22.5,NA,-135,-135
2010,70,-22.5,-22.5,-22.5,-22.5,-22.5,-0.8,4.6,4.5,3,-1.174785100286533,-32.94642857142857,-22.5,-22.5,-22.5,-22.5,NA,-113.3,-113.3
2010,71,-22.5,-22.5,-22.5,0.2,4.6,-22.5,-0.4,-22.5,-22.5,-26.432664756446993,-32.94642857142857,-22.5,-22.5,-22.5,-22.5,NA,-85.19999999999999,-85.19999999999999
2010,72,-22.5,-22.5,-22.5,-22.5,-22.5,-22.5,-22.5,-22.5,-22.5,-26.432664756446993,-32.94642857142857,-22.5,-22.5,-22.5,-22.5,NA,-135,-135
2010,73,-22.5,-22.5,-22.5,-22.5,-22.5,-22.5,-22.5,-22.5,-22.5,-26.432664756446993,-32.94642857142857,-22.5,-22.5,-22.5,-22.5,NA,-135,-135
2010,74,-22.5,-22.5,-22.5,-22.5,-22.5,-22.5,-22.5,-22.5,-22.5,-26.432664756446993,-32.94642857142857,-22.5,-22.5,-22.5,-22.5,NA,-135,-135
2010,75,-22.5,-22.5,-22.5,-22.5,-22.5,-22.5,-22.5,-22.5,-22.5,-26.432664756446993,-32.94642857142857,-22.5,-22.5,-22.5,-22.5,NA,-135,-135
2010,76,-22.5,-22.5,-22.5,-22.5,-22.5,-22.5,-22.5,-22.5,-22.5,-26.432664756446993,-32.94642857142857,-22.5,-22.5,-22.5,-22.5,NA,-135,-135
2010,77,-22.5,-22.5,-22.5,-22.5,-22.5,-22.5,-22.5,-22.5,-22.5,-26.432664756446993,-32.94642857142857,-22.5,-22.5,-22.5,-22.5,NA,-135,-135
2010,78,-22.5,-22.5,-22.5,-22.5,-22.5,-22.5,-22.5,-22.5,-22.5,-26.432664756446993,-32.94642857142857,-22.5,-22.5,-22.5,-22.5,NA,-135,-135
2010,79,-22.5,-22.5,-22.5,-22.5,-22.5,-22.5,-22.5,-22.5,-22.5,-26.432664756446993,-32.94642857142857,-22.5,-22.5,-22.5,-22.5,NA,-135,-135
2010,80,-22.5,-22.5,-22.5,-22.5,-0.7,3.5,3.6,9.2,2.9,18.679083094555875,6.5892857142857135,4.6,2.4,10.2,0.9,NA,-87.2,-87.2
2010,81,-22.5,-22.5,-22.5,-22.5,-22.5,-22.5,-22.5,-22.5,-22.5,-26.432664756446993,-32.94642857142857,-22.5,-22.5,-22.5,-22.5,NA,-135,-135
2010,82,-22.5,-22.5,-22.5,-22.5,-22.5,-22.5,-22.5,-22.5,-22.5,-26.432664756446993,-32.94642857142857,-22.5,-22.5,-22.5,-22.5,NA,-135,-135
2010,83,-22.5,-22.5,-22.5,-22.5,-22.5,-22.5,-22.5,-22.5,-22.5,-26.432664756446993,-32.94642857142857,-22.5,-22.5,-22.5,-22.5,NA,-135,-135
2010,84,-22.5,-22.5,-22.5,-22.5,-22.5,3.4,-22.5,0.7,-22.5,-26.432664756446993,0.4392857142857142,13.5,7.8,-1.2,7.1,NA,-109.1,-109.1
2010,85,-22.5,-22.5,-22.5,-22.5,-22.5,-22.5,-22.5,-22.5,-22.5,-26.432664756446993,-32.94642857142857,-22.5,-22.5,-22.5,-22.5,NA,-135,-135
2010,86,-22.5,-22.5,-22.5,-22.5,-22.5,-0.7,-22.5,-22.5,-22.5,-26.432664756446993,-32.94642857142857,-22.5,-22.5,-22.5,-22.5,NA,-113.2,-113.2
2010,87,-22.5,-22.5,-22.5,-22.5,-22.5,0.1,-1.7,-22.5,-22.5,-26.432664756446993,-32.94642857142857,-22.5,-22.5,-22.5,-22.5,NA,-112.4,-112.4
2010,88,-22.5,-22.5,-22.5,-22.5,-22.5,-22.5,-22.5,-22.5,-22.5,-26.432664756446993,-32.94642857142857,-22.5,-22.5,-22.5,-22.5,NA,-135,-135
2010,89,-22.5,-22.5,-22.5,1.5,-2.8,1.7,-2.9,0.6,-2,-26.432664756446993,-4.1,-22.5,-22.5,-22.5,-22.5,NA,-67.1,-67.1
2010,90,-22.5,-22.5,-22.5,-0.4,-1.6,2,-1.5,-0.5,2.8,-4.346704871060172,4.246428571428571,-22.5,-22.5,-22.5,-22.5,NA,-67.5,-67.5
2010,91,-22.5,-22.5,-22.5,-22.5,-22.5,-22.5,-22.5,-22.5,-22.5,-26.432664756446993,-32.94642857142857,-22.5,-22.5,-22.5,-22.5,NA,-135,-135
2010,92,-22.5,-22.5,-22.5,-22.5,-22.5,-22.5,-22.5,-22.5,-22.5,-26.432664756446993,-32.94642857142857,-22.5,-22.5,-22.5,-22.5,NA,-135,-135
2010,93,-22.5,-22.5,-22.5,-22.5,-22.5,-22.5,-22.5,-22.5,-22.5,-26.432664756446993,-32.94642857142857,-22.5,-22.5,-22.5,-22.5,NA,-135,-135
2010,94,-22.5,-22.5,-22.5,-22.5,-22.5,-22.5,-22.5,-22.5,-22.5,-26.432664756446993,-32.94642857142857,-22.5,-22.5,-22.5,-22.5,NA,-135,-135
2010,95,-22.5,-22.5,-22.5,-22.5,-22.5,-22.5,-22.5,-22.5,-22.5,-26.432664756446993,-32.94642857142857,-22.5,-22.5,-22.5,-22.5,NA,-135,-135
2010,96,-22.5,-22.5,-22.5,-22.5,-22.5,-22.5,-22.5,-22.5,-22.5,-26.432664756446993,-32.94642857142857,-22.5,-22.5,-22.5,-22.5,NA,-135,-135
2010,97,-22.5,-22.5,-22.5,-22.5,-0.9,-0.5,-22.5,-22.5,-22.5,-26.432664756446993,-32.94642857142857,-22.5,-22.5,-22.5,-22.5,NA,-91.4,-91.4
2010,98,-22.5,-22.5,-22.5,-22.5,-22.5,-22.5,-22.5,-22.5,-22.5,-26.432664756446993,-32.94642857142857,-22.5,-22.5,-22.5,-22.5,NA,-135,-135
2010,99,-22.5,-22.5,-22.5,-22.5,-22.5,13.5,0,9,12.1,1.4097421203438396,13.032142857142857,0.7,-22.5,-22.5,-22.5,NA,-99,-99
2010,100,-22.5,-22.5,-22.5,-22.5,-22.5,-22.5,-22.5,-22.5,-22.5,-26.432664756446993,-32.94642857142857,-22.5,-22.5,-22.5,-22.5,NA,-135,-135
2010,101,-22.5,-22.5,-22.5,-22.5,-22.5,-22.5,-22.5,-22.5,-22.5,-26.432664756446993,-32.94642857142857,-22.5,-22.5,-22.5,-22.5,NA,-135,-135
2010,102,-22.5,-22.5,-22.5,-22.5,-22.5,-22.5,-22.5,-22.5,-22.5,-26.432664756446993,-32.94642857142857,-22.5,-22.5,-22.5,-22.5,NA,-135,-135
2010,103,-22.5,-22.5,-22.5,-22.5,-22.5,-22.5,-22.5,-22.5,-22.5,-26.432664756446993,-32.94642857142857,-22.5,-22.5,-22.5,-22.5,NA,-135,-135
2010,104,-22.5,-22.5,-22.5,-22.5,-22.5,-22.5,-22.5,-22.5,-22.5,0.3524355300859599,1.3178571428571428,6,4,6.1,-22.5,NA,-135,-135
2010,105,-22.5,-22.5,-22.5,-22.5,-22.5,-22.5,-22.5,-22.5,-22.5,-26.432664756446993,-32.94642857142857,-22.5,-22.5,-22.5,-22.5,NA,-135,-135
2010,106,-22.5,-22.5,-22.5,-22.5,-22.5,-22.5,-0.5,0.1,6.4,-3.4068767908309456,-2.9285714285714284,-22.5,-22.5,-22.5,-22.5,NA,-135,-135
2010,107,-22.5,-22.5,0.2,0.1,-22.5,-22.5,-22.5,-22.5,-22.5,-26.432664756446993,-32.94642857142857,-22.5,-22.5,-22.5,-22.5,NA,-89.69999999999999,-89.69999999999999
2010,108,-22.5,-22.5,-22.5,-22.5,-22.5,-22.5,-22.5,-22.5,-22.5,-26.432664756446993,-32.94642857142857,-22.5,-22.5,-22.5,-22.5,NA,-135,-135
2010,109,-22.5,-22.5,-22.5,-22.5,-22.5,-22.5,-22.5,-22.5,-22.5,-26.432664756446993,-32.94642857142857,-22.5,-22.5,-22.5,-22.5,NA,-135,-135
2010,110,-22.5,-22.5,-22.5,-22.5,-22.5,3.1,2.1,-2.3,-2.3,-4.934097421203439,-32.94642857142857,-22.5,-22.5,-22.5,-22.5,NA,-109.4,-109.4
2010,111,-22.5,-22.5,-22.5,-22.5,-0.3,-0.2,0.2,-22.5,-22.5,-26.432664756446993,-32.94642857142857,-22.5,-22.5,-22.5,-22.5,NA,-90.5,-90.5
2010,112,-22.5,-22.5,0.8,3,0.2,4.7,12.1,25.9,12.6,18.679083094555875,20.5,-21.7,8.9,7.4,-13.1,NA,-36.3,-36.3
2010,113,-22.5,-22.5,-22.5,-22.5,-22.5,-22.5,-22.5,-22.5,-22.5,-26.432664756446993,-32.94642857142857,-22.5,-22.5,-22.5,-22.5,NA,-135,-135
2010,114,-22.5,-22.5,-22.5,-22.5,-22.5,-22.5,-22.5,-22.5,-22.5,-26.432664756446993,-32.94642857142857,-22.5,-22.5,-22.5,-22.5,NA,-135,-135
2010,115,-22.5,-22.5,-22.5,-22.5,-22.5,-22.5,-22.5,-22.5,-22.5,-26.432664756446993,-32.94642857142857,-22.5,-22.5,-22.5,-22.5,NA,-135,-135
2010,116,-22.5,-22.5,-22.5,-22.5,-1,-1.2,0.3,-22.5,-22.5,-26.432664756446993,-32.94642857142857,-22.5,-22.5,-22.5,-22.5,NA,-92.2,-92.2
2010,117,-22.5,-22.5,-22.5,-22.5,-22.5,-22.5,-22.5,-22.5,-22.5,-26.432664756446993,-32.94642857142857,-22.5,-22.5,-22.5,-22.5,NA,-135,-135
2010,118,-22.5,-22.5,-22.5,-22.5,-22.5,-22.5,-22.5,-22.5,-22.5,-26.432664756446993,-32.94642857142857,-22.5,-22.5,-22.5,-22.5,NA,-135,-135
2010,119,-22.5,-22.5,3.2,2,0.7,-22.5,-22.5,-22.5,-22.5,-26.432664756446993,-32.94642857142857,-22.5,-22.5,-22.5,-22.5,NA,-61.599999999999994,-61.599999999999994
2010,120,-22.5,-22.5,-22.5,-22.5,-22.5,-22.5,-22.5,-22.5,-22.5,-26.432664756446993,-32.94642857142857,-22.5,-22.5,-22.5,-22.5,NA,-135,-135
2010,121,-22.5,-22.5,-22.5,-22.5,0,-22.5,-22.5,-22.5,-22.5,-26.432664756446993,-32.94642857142857,-22.5,-22.5,-22.5,-22.5,NA,-112.5,-112.5
2010,122,-22.5,-22.5,-22.5,-22.5,-0.6,0.1,1.5,-10.4,0.9,-1.0573065902578798,-3.2214285714285715,-22.5,-22.5,-0.3,-3.4,NA,-90.5,-90.5
2010,123,-22.5,-22.5,-22.5,-22.5,-22.5,2.4,-2.5,7.9,5,7.636103151862465,12.153571428571428,1.5,23.5,28.6,14.5,NA,-110.1,-110.1
2010,124,-22.5,-22.5,-22.5,-22.5,-22.5,-22.5,-22.5,-22.5,-22.5,-26.432664756446993,-32.94642857142857,-22.5,-22.5,-22.5,-22.5,NA,-135,-135
2010,125,-22.5,-22.5,-22.5,-22.5,-22.5,-22.5,-22.5,-22.5,-22.5,-26.432664756446993,-32.94642857142857,-22.5,-22.5,-22.5,-22.5,NA,-135,-135
2010,126,-22.5,-22.5,-22.5,-22.5,-22.5,-22.5,-22.5,-22.5,-22.5,-26.432664756446993,-32.94642857142857,-22.5,-22.5,-22.5,-22.5,NA,-135,-135
2010,127,-22.5,-22.5,-22.5,-22.5,-22.5,-22.5,-22.5,-22.5,-22.5,-26.432664756446993,-32.94642857142857,-22.5,-22.5,-22.5,-22.5,NA,-135,-135
2010,128,-22.5,-22.5,-22.5,-22.5,-22.5,-22.5,-22.5,-22.5,-22.5,-26.432664756446993,-32.94642857142857,-22.5,-22.5,-22.5,-22.5,NA,-135,-135
2010,129,-22.5,-22.5,-22.5,-0.9,1.5,-0.6,-1.4,-1.5,-22.5,-26.432664756446993,-32.94642857142857,-22.5,-22.5,-22.5,-22.5,NA,-67.5,-67.5
2010,130,-22.5,-22.5,-22.5,-22.5,-22.5,-22.5,-22.5,-22.5,-22.5,-26.432664756446993,-32.94642857142857,-22.5,-22.5,-22.5,-22.5,NA,-135,-135
2010,131,-22.5,-22.5,-22.5,-22.5,13.5,15.4,10.1,15.9,9.7,-0.7048710601719198,8.785714285714285,4.4,-7.7,-4.4,-0.4,NA,-61.1,-61.1
2010,132,-22.5,-22.5,-22.5,-22.5,-22.5,-22.5,-22.5,1.8,7,-3.8767908309455588,-32.94642857142857,-22.5,-22.5,-22.5,-22.5,NA,-135,-135
2010,133,-22.5,-22.5,-22.5,-22.5,-0.1,2.2,2.8,7.6,7.2,-0.23495702005730662,-32.94642857142857,-22.5,-22.5,-22.5,-22.5,NA,-87.89999999999999,-87.89999999999999
2010,134,-22.5,-22.5,-22.5,-22.5,-22.5,-22.5,-22.5,-22.5,-22.5,-26.432664756446993,-32.94642857142857,-22.5,-22.5,-22.5,-22.5,NA,-135,-135
2010,135,-22.5,-22.5,-22.5,-22.5,-22.5,-22.5,-22.5,-22.5,-22.5,-26.432664756446993,-32.94642857142857,-22.5,-22.5,-22.5,-22.5,NA,-135,-135
2010,136,-22.5,-22.5,-22.5,-22.5,-22.5,-22.5,-22.5,-22.5,-22.5,-26.432664756446993,-32.94642857142857,-22.5,-22.5,-22.5,-22.5,NA,-135,-135
2010,137,-22.5,-22.5,-22.5,-22.5,-22.5,-22.5,-22.5,-22.5,-22.5,-26.432664756446993,-32.94642857142857,-22.5,-22.5,-22.5,-22.5,NA,-135,-135
2010,138,-22.5,-22.5,-22.5,-22.5,0.5,2.8,2.9,-0.3,-0.9,-9.750716332378225,-0.4392857142857142,2.4,-22.5,0.7,0.3,NA,-86.7,-86.7
2010,139,-22.5,-22.5,-22.5,-22.5,-22.5,-22.5,-22.5,-22.5,-22.5,-26.432664756446993,-32.94642857142857,-22.5,-22.5,-22.5,-22.5,NA,-135,-135
2010,140,-22.5,-22.5,-22.5,-1.5,-22.5,-22.5,0.5,0.1,4.4,-26.432664756446993,-32.94642857142857,-22.5,-22.5,-22.5,-22.5,NA,-114,-114
2010,141,-22.5,-22.5,0.2,1.5,9.4,19.1,-1.5,1.7,15.1,12.217765042979945,19.035714285714285,-9.3,-1.4,21.6,-8.4,NA,-14.799999999999995,-14.799999999999997
2010,142,-22.5,-22.5,-22.5,-22.5,-22.5,-22.5,-22.5,-22.5,-22.5,-26.432664756446993,-32.94642857142857,-22.5,-22.5,-22.5,-22.5,NA,-135,-135
2010,143,-22.5,-22.5,-22.5,-22.5,-22.5,-22.5,-22.5,-22.5,-22.5,-26.432664756446993,-32.94642857142857,-22.5,-22.5,-22.5,-22.5,NA,-135,-135
2010,144,-22.5,-22.5,-22.5,-22.5,-0.1,-22.5,-22.5,-22.5,-1.3,0.8223495702005731,3.6607142857142856,1.5,-5.1,-3.9,-0.1,NA,-112.6,-112.6
2010,145,-22.5,-22.5,-22.5,-22.5,-22.5,-22.5,-22.5,-22.5,-22.5,-26.432664756446993,-32.94642857142857,-22.5,-22.5,-22.5,-22.5,NA,-135,-135
2010,146,-22.5,-22.5,-22.5,-22.5,-22.5,-22.5,-22.5,-22.5,-22.5,-26.432664756446993,-32.94642857142857,-22.5,-22.5,-22.5,-22.5,NA,-135,-135
2010,147,-22.5,-22.5,10.5,13.9,5.9,14.6,4,11.7,8.5,14.097421203438397,16.4,4.4,1.9,-2.7,4.3,NA,-0.10000000000000142,-0.10000000000000142
2010,148,-22.5,-22.5,-22.5,-22.5,-22.5,0.8,5.6,-1.6,3.4,-26.432664756446993,-32.94642857142857,-22.5,-2.9,-22.5,1.2,NA,-111.7,-111.7
2010,149,-22.5,-22.5,-22.5,-22.5,-22.5,-22.5,-22.5,-22.5,-22.5,-26.432664756446993,-32.94642857142857,-22.5,-22.5,-22.5,-22.5,NA,-135,-135
2010,150,-22.5,-22.5,-22.5,-22.5,-22.5,-22.5,-22.5,-22.5,-22.5,-26.432664756446993,-32.94642857142857,-22.5,-22.5,-22.5,-22.5,NA,-135,-135
2010,151,-22.5,-22.5,-22.5,-22.5,-22.5,-22.5,-22.5,-22.5,-22.5,-26.432664756446993,-32.94642857142857,-22.5,-22.5,-22.5,-22.5,NA,-135,-135
2010,152,-22.5,-22.5,-22.5,-22.5,-22.5,-22.5,-22.5,-22.5,-22.5,-26.432664756446993,-32.94642857142857,-22.5,-22.5,-22.5,-22.5,NA,-135,-135
2010,153,-22.5,-22.5,-22.5,-22.5,-22.5,-22.5,-22.5,-22.5,-22.5,-26.432664756446993,-32.94642857142857,-22.5,-22.5,-22.5,-22.5,NA,-135,-135
2010,154,-22.5,0.2,2.5,0.1,-2.6,-2.8,1.6,-0.6,0.8,-26.432664756446993,-32.94642857142857,-22.5,-22.5,-22.5,-22.5,NA,-25.1,-25.1
2010,155,-22.5,-22.5,-22.5,-22.5,-22.5,-22.5,-22.5,-22.5,-22.5,-26.432664756446993,-32.94642857142857,-22.5,-22.5,-22.5,-22.5,NA,-135,-135
2010,156,-22.5,-22.5,-22.5,-22.5,-22.5,-22.5,-22.5,-22.5,-22.5,-26.432664756446993,-32.94642857142857,-22.5,-22.5,-22.5,-22.5,NA,-135,-135
2010,157,-22.5,-22.5,-22.5,-0.3,2.7,4.6,4.8,2.5,1.9,3.1719197707736395,1.757142857142857,11.9,5.5,0.9,-22.5,NA,-60.49999999999999,-60.49999999999999
2010,158,-22.5,-22.5,-22.5,-22.5,-22.5,-22.5,-22.5,-22.5,-22.5,-26.432664756446993,-32.94642857142857,-22.5,-22.5,-22.5,-22.5,NA,-135,-135
2010,159,-22.5,-22.5,-22.5,-22.5,-22.5,-22.5,-22.5,-22.5,-22.5,-26.432664756446993,-32.94642857142857,-22.5,-22.5,-22.5,-22.5,NA,-135,-135
2010,160,-22.5,-22.5,-22.5,-22.5,-22.5,-22.5,-22.5,-22.5,-22.5,-26.432664756446993,-32.94642857142857,-22.5,-22.5,-22.5,-22.5,NA,-135,-135
2010,161,-22.5,-22.5,-22.5,-22.5,-22.5,-22.5,-22.5,-22.5,-22.5,-26.432664756446993,-32.94642857142857,-22.5,-22.5,-22.5,-22.5,NA,-135,-135
2010,162,-22.5,-22.5,-22.5,-22.5,1.8,4.4,1.8,4.4,-1.9,-0.8223495702005731,-3.0749999999999997,-22.5,-22.5,-22.5,-22.5,NA,-83.8,-83.8
2010,163,-22.5,-22.5,-22.5,-22.5,-22.5,-22.5,-22.5,-22.5,-22.5,-26.432664756446993,-32.94642857142857,-22.5,-22.5,-22.5,-22.5,NA,-135,-135
2010,164,-22.5,-22.5,-22.5,-22.5,-22.5,-22.5,-22.5,-22.5,-22.5,-26.432664756446993,-32.94642857142857,-22.5,-22.5,-22.5,-22.5,NA,-135,-135
2010,165,-22.5,-22.5,-22.5,-22.5,-22.5,-22.5,-5.6,-22.5,-22.5,-26.432664756446993,-32.94642857142857,-22.5,-22.5,-22.5,-22.5,NA,-135,-135
2010,166,-22.5,-22.5,-22.5,-22.5,-22.5,-22.5,-22.5,-22.5,-22.5,-26.432664756446993,-32.94642857142857,-22.5,-22.5,-22.5,-22.5,NA,-135,-135
2010,167,-22.5,-22.5,-22.5,-22.5,-22.5,-22.5,-22.5,-22.5,-22.5,-26.432664756446993,-32.94642857142857,-22.5,-22.5,-22.5,-22.5,NA,-135,-135
2010,168,-22.5,-22.5,-22.5,-22.5,-2.2,-1.3,-1.2,-2.1,-5.1,3.1719197707736395,-2.6357142857142857,-22.5,-22.5,-22.5,-22.5,NA,-93.5,-93.5
2010,169,-22.5,-22.5,-22.5,-22.5,-22.5,-22.5,-22.5,-22.5,-22.5,-26.432664756446993,-32.94642857142857,-22.5,-22.5,-22.5,-22.5,NA,-135,-135
2010,170,-22.5,-22.5,-22.5,-22.5,-22.5,-22.5,-22.5,-22.5,-22.5,-26.432664756446993,-32.94642857142857,-22.5,-22.5,-22.5,-22.5,NA,-135,-135
2010,171,-22.5,-22.5,-22.5,-22.5,-22.5,-22.5,-22.5,-22.5,-22.5,-26.432664756446993,-32.94642857142857,-22.5,-22.5,-22.5,-22.5,NA,-135,-135
2010,172,-22.5,-22.5,-22.5,-22.5,-22.5,-22.5,-22.5,-22.5,-22.5,-26.432664756446993,-32.94642857142857,-22.5,-22.5,-22.5,-22.5,NA,-135,-135
2010,173,-22.5,-22.5,-22.5,-22.5,-22.5,-22.5,-22.5,-22.5,-22.5,-26.432664756446993,-32.94642857142857,-22.5,-22.5,-22.5,-22.5,NA,-135,-135
2010,174,-22.5,-22.5,-22.5,-22.5,-22.5,-22.5,-22.5,-22.5,-22.5,-26.432664756446993,-32.94642857142857,-22.5,-22.5,-22.5,-22.5,NA,-135,-135
2010,175,-22.5,-22.5,-22.5,-22.5,-22.5,-22.5,-22.5,-22.5,-22.5,-26.432664756446993,-32.94642857142857,-22.5,-22.5,-22.5,-22.5,NA,-135,-135
2010,176,-22.5,-22.5,-22.5,-22.5,-22.5,-22.5,-22.5,-22.5,-22.5,-26.432664756446993,-32.94642857142857,-22.5,-22.5,-22.5,-22.5,NA,-135,-135
2010,177,-22.5,-22.5,-22.5,-22.5,-22.5,-22.5,-22.5,-22.5,-22.5,-26.432664756446993,-32.94642857142857,-22.5,-22.5,-22.5,-22.5,NA,-135,-135
2010,178,-22.5,-22.5,-22.5,2.7,21,17.6,19.3,15.1,28.3,18.561604584527224,20.5,6.6,19.2,9.5,12.8,NA,-26.199999999999996,-26.199999999999996
2010,179,-22.5,-22.5,-22.5,-22.5,-22.5,-22.5,-22.5,-22.5,-22.5,-26.432664756446993,-32.94642857142857,-22.5,-22.5,-22.5,-22.5,NA,-135,-135
2010,180,-22.5,-22.5,-22.5,-22.5,-22.5,-22.5,-22.5,-22.5,-22.5,-26.432664756446993,-32.94642857142857,-22.5,-22.5,-22.5,-22.5,NA,-135,-135
2010,181,-22.5,-22.5,-22.5,-22.5,-22.5,-22.5,-22.5,-22.5,-22.5,-26.432664756446993,-32.94642857142857,-22.5,-22.5,-22.5,-22.5,NA,-135,-135
2010,182,-22.5,-22.5,-22.5,-22.5,-22.5,-22.5,-22.5,-22.5,-22.5,-26.432664756446993,-32.94642857142857,-22.5,-22.5,-22.5,-22.5,NA,-135,-135
2010,183,-22.5,-22.5,-22.5,-22.5,-22.5,-22.5,-22.5,-22.5,-22.5,-26.432664756446993,-32.94642857142857,-22.5,-22.5,-22.5,-22.5,NA,-135,-135
2010,184,-22.5,-22.5,-22.5,-22.5,-22.5,-22.5,-22.5,-22.5,-22.5,-26.432664756446993,-32.94642857142857,-22.5,-22.5,-22.5,-22.5,NA,-135,-135
2010,185,-22.5,-22.5,-22.5,-22.5,-22.5,-22.5,-22.5,-22.5,-22.5,-26.432664756446993,-32.94642857142857,-22.5,-22.5,-22.5,-22.5,NA,-135,-135
2010,186,-22.5,-22.5,-22.5,-22.5,-22.5,-22.5,-22.5,-22.5,-22.5,-26.432664756446993,-32.94642857142857,-22.5,-22.5,-22.5,-22.5,NA,-135,-135
2010,187,-22.5,-22.5,-22.5,-22.5,-22.5,-22.5,-22.5,-22.5,-22.5,-26.432664756446993,-32.94642857142857,-22.5,-22.5,-22.5,-22.5,NA,-135,-135
2010,188,-22.5,-22.5,-22.5,-22.5,-22.5,-22.5,-22.5,-22.5,-22.5,-26.432664756446993,-32.94642857142857,-22.5,-22.5,-22.5,-22.5,NA,-135,-135
2010,189,-22.5,-22.5,-22.5,-22.5,-22.5,-22.5,-22.5,-22.5,-22.5,-26.432664756446993,-32.94642857142857,-22.5,-22.5,-22.5,-22.5,NA,-135,-135
2010,190,-22.5,-22.5,-22.5,-22.5,-22.5,-22.5,-22.5,-22.5,-22.5,-26.432664756446993,-32.94642857142857,-22.5,-22.5,-22.5,-22.5,NA,-135,-135
2010,191,-22.5,-22.5,-22.5,-22.5,-22.5,-22.5,-22.5,-22.5,-22.5,-26.432664756446993,-32.94642857142857,-22.5,-22.5,-22.5,-22.5,NA,-135,-135
2010,192,-22.5,-22.5,-22.5,-22.5,-22.5,-22.5,-22.5,-22.5,-22.5,-26.432664756446993,-32.94642857142857,-22.5,-22.5,-22.5,-22.5,NA,-135,-135
2010,193,-22.5,-22.5,-22.5,-22.5,-22.5,-22.5,-22.5,-22.5,-22.5,-26.432664756446993,-32.94642857142857,-22.5,-22.5,-22.5,-22.5,NA,-135,-135
2010,194,-22.5,-22.5,-22.5,-22.5,-22.5,-22.5,-22.5,-22.5,-22.5,-26.432664756446993,-32.94642857142857,-22.5,-22.5,-22.5,-22.5,NA,-135,-135
2010,195,-22.5,-22.5,-22.5,-22.5,-22.5,-22.5,-22.5,-22.5,-22.5,-26.432664756446993,-32.94642857142857,-22.5,-22.5,-22.5,-22.5,NA,-135,-135
2010,196,-22.5,-22.5,-22.5,-22.5,-22.5,-22.5,-22.5,-22.5,-22.5,-26.432664756446993,-32.94642857142857,-22.5,-22.5,-22.5,-22.5,NA,-135,-135
2010,197,-22.5,-22.5,-22.5,-22.5,-22.5,-22.5,-22.5,-22.5,-22.5,-26.432664756446993,-32.94642857142857,-22.5,-22.5,-22.5,-22.5,NA,-135,-135
2010,198,-22.5,-22.5,-22.5,-22.5,-22.5,-22.5,-22.5,-22.5,-22.5,-26.432664756446993,-32.94642857142857,-22.5,-22.5,-22.5,-22.5,NA,-135,-135
2010,199,-22.5,-22.5,-22.5,-22.5,-22.5,-22.5,-22.5,-22.5,-22.5,-26.432664756446993,-32.94642857142857,-22.5,-22.5,-22.5,-22.5,NA,-135,-135
2010,200,-22.5,-22.5,-22.5,-22.5,-22.5,-22.5,-22.5,-22.5,-22.5,-26.432664756446993,-32.94642857142857,-22.5,-22.5,-22.5,-22.5,NA,-135,-135
2010,201,-22.5,-22.5,-22.5,-22.5,-22.5,-22.5,-22.5,-22.5,-22.5,-26.432664756446993,-32.94642857142857,-22.5,-22.5,-22.5,-22.5,NA,-135,-135
2010,202,-22.5,-22.5,-22.5,-22.5,-22.5,-22.5,-22.5,-22.5,-22.5,-26.432664756446993,-32.94642857142857,-22.5,-22.5,-22.5,-22.5,NA,-135,-135
2010,203,-22.5,-22.5,-22.5,-22.5,-22.5,-22.5,-22.5,-22.5,-22.5,-26.432664756446993,-32.94642857142857,-22.5,-22.5,-22.5,-22.5,NA,-135,-135
2010,204,-22.5,-22.5,-22.5,-22.5,-22.5,-22.5,-22.5,-22.5,-22.5,-26.432664756446993,-32.94642857142857,-22.5,-22.5,-22.5,-22.5,NA,-135,-135
2010,205,-22.5,-22.5,-22.5,-22.5,-22.5,-22.5,-22.5,-22.5,-22.5,-26.432664756446993,-32.94642857142857,-22.5,-22.5,-22.5,-22.5,NA,-135,-135
2010,206,-22.5,-22.5,-22.5,-22.5,-22.5,-22.5,-22.5,-22.5,-22.5,-26.432664756446993,-32.94642857142857,-22.5,-22.5,-22.5,-22.5,NA,-135,-135
2010,207,-22.5,-22.5,-22.5,-22.5,-22.5,-22.5,-22.5,-22.5,-22.5,-26.432664756446993,-32.94642857142857,-22.5,-22.5,-22.5,-22.5,NA,-135,-135
2010,208,-22.5,-22.5,-22.5,-22.5,-22.5,-22.5,-22.5,-22.5,-22.5,-26.432664756446993,-32.94642857142857,-22.5,-22.5,-22.5,-22.5,NA,-135,-135
2010,209,-22.5,-22.5,-22.5,-22.5,-22.5,-22.5,-22.5,-22.5,-22.5,-26.432664756446993,-32.94642857142857,-22.5,-22.5,-22.5,-22.5,NA,-135,-135
2010,210,-22.5,-22.5,-22.5,-22.5,4.4,2,-22.5,-22.5,0.9,-1.5272206303724931,-32.94642857142857,-22.5,-22.5,-22.5,-22.5,NA,-83.6,-83.6
2011,1,8.6,5.8,5.8,8.2,7.6,-6.6,6.3,8.9,15.742120343839543,5.857142857142857,10.1,19.5,9.9,3.8,NA,NA,29.4,29.4
2011,2,11.5,2.4,16.2,13.5,6,4.2,16,11.6,7.988538681948424,12.885714285714286,11.9,-22.5,-22.5,-22.5,NA,NA,53.8,53.800000000000004
2011,3,-22.5,3.1,6.4,12.1,14.3,4.5,8.5,14.1,15.742120343839543,16.4,14.8,7.7,1.2,10.1,NA,NA,17.900000000000002,17.900000000000002
2011,4,4.5,2.5,-0.2,3.5,8.5,7.3,1.1,-6.8,0.7048710601719198,6.735714285714285,-1.8,3.4,-4.3,5.6,NA,NA,26.1,26.1
2011,5,-22.5,-22.5,4.3,16.6,-1.3,-2.7,-2.7,-0.8,7.871060171919772,12.739285714285712,9.6,-15.1,-4.5,-3.5,NA,NA,-28.1,-28.1
2011,6,-1.6,9.4,2.9,6.1,6.5,11.8,10.5,7.1,9.985673352435532,6.296428571428571,17.5,10.7,12.2,1.4,NA,NA,35.1,35.1
2011,7,-0.4,-22.5,11.9,18.2,16.1,20.5,13,9,14.684813753581663,10.689285714285713,8.3,11.5,6.9,15.7,NA,NA,43.8,43.800000000000004
2011,8,6.8,2.8,4.2,10.3,13.8,9.7,24.6,21.5,17.15186246418338,15.374999999999998,2.3,-22.5,8.7,9.5,NA,NA,47.60000000000001,47.60000000000001
2011,9,-22.5,-0.9,4.3,6.1,1.1,8.2,8.5,4.5,15.507163323782235,11.128571428571428,3.6,14.4,2.8,10.4,NA,NA,-3.6999999999999993,-3.6999999999999993
2011,10,-22.5,6.2,2.5,12.3,-3.1,10.6,12.7,5,13.86246418338109,7.467857142857142,5.9,7.4,11.1,8.3,NA,NA,6,6
2011,11,-22.5,-22.5,-22.5,-22.5,-22.5,-22.5,-0.1,-22.5,-26.432664756446993,-32.94642857142857,-22.5,-22.5,-22.5,-22.5,NA,NA,-135,-135
2011,12,-22.5,-1.6,-8.2,-0.3,2.7,-4,-1.6,-22.5,-26.432664756446993,-32.94642857142857,-22.5,-22.5,-22.5,-22.5,NA,NA,-33.89999999999999,-33.89999999999999
2011,13,0.7,1.5,3.6,0.1,6,6.4,7.1,-0.4,-0.5873925501432665,-32.94642857142857,-22.5,-22.5,-22.5,-22.5,NA,NA,18.3,18.3
2011,14,-22.5,-3.5,-1.6,2.1,0,0.6,2,6.9,2.9369627507163325,1.025,9.9,2.8,4.8,-1.3,NA,NA,-24.9,-24.9
2011,15,-22.5,-1.3,-1.5,6.9,5.6,0.9,8.5,12.9,12.687679083094558,4.832142857142856,16.4,-0.6,12.9,7.5,NA,NA,-11.9,-11.899999999999999
2011,16,-22.5,-22.5,-22.5,-22.5,1.8,-1.7,8.8,2.5,7.518624641833812,6.735714285714285,-2.6,-8.9,9.7,-2.1,NA,NA,-89.9,-89.9
2011,17,-22.5,3,2.5,0.2,2.8,11.5,-0.6,6.4,5.169054441260746,-7.175,-4.1,-4,-22.5,-22.5,NA,NA,-2.5,-2.5
2011,18,-22.5,-22.5,-22.5,-22.5,-22.5,-22.5,-22.5,-22.5,-26.432664756446993,-32.94642857142857,-22.5,-22.5,-22.5,-22.5,NA,NA,-135,-135
2011,19,-22.5,-22.5,0.8,-1.3,5.3,14,5.3,-0.7,9.633237822349571,-32.94642857142857,-22.5,-22.5,-22.5,-22.5,NA,NA,-26.200000000000003,-26.200000000000003
2011,20,-22.5,-22.5,6.7,0.9,6.8,5.8,2.9,2.2,4.934097421203439,11.128571428571428,3.2,4.5,0,3.5,NA,NA,-24.799999999999997,-24.799999999999997
2011,21,-22.5,-22.5,-22.5,-22.5,-22.5,4.2,8,-5.6,-1.2922636103151866,-0.4392857142857142,-22.5,9.9,11.5,6.5,NA,NA,-108.3,-108.3
2011,22,-22.5,-22.5,-22.5,-22.5,-22.5,-22.5,-22.5,-22.5,-26.432664756446993,-32.94642857142857,-22.5,-22.5,-22.5,-22.5,NA,NA,-135,-135
2011,23,-22.5,-22.5,-22.5,0.2,2.4,-2.5,-4.6,1.6,-26.432664756446993,-32.94642857142857,-22.5,-22.5,-22.5,-22.5,NA,NA,-67.39999999999999,-67.39999999999999
2011,24,-22.5,-22.5,-22.5,2.5,-4.7,-0.2,-22.5,-1.6,-26.432664756446993,-32.94642857142857,-22.5,-22.5,-22.5,-22.5,NA,NA,-69.9,-69.9
2011,25,-22.5,-22.5,-22.5,0.7,-22.5,-22.5,-22.5,-22.5,-26.432664756446993,-32.94642857142857,-22.5,-22.5,-22.5,-22.5,NA,NA,-111.8,-111.8
2011,26,-22.5,-22.5,-22.5,-22.5,-3.6,6.3,2.2,10.3,12.45272206303725,6.882142857142857,5.3,3.6,9.3,8.2,NA,NA,-87.3,-87.3
2011,27,-22.5,-22.5,-22.5,-0.2,10.7,6.8,5.3,-0.5,0,-2.489285714285714,5.5,4.3,13.5,5.2,NA,NA,-50.2,-50.2
2011,28,-22.5,-22.5,-22.5,-22.5,-22.5,-22.5,-22.5,-22.5,-26.432664756446993,-32.94642857142857,-22.5,-22.5,-22.5,-22.5,NA,NA,-135,-135
2011,29,-22.5,-22.5,1.5,-22.5,-22.5,-1.1,-22.5,-22.5,-26.432664756446993,-32.94642857142857,-22.5,-22.5,-22.5,-22.5,NA,NA,-89.6,-89.6
2011,30,-22.5,-22.5,0.3,5.2,16,13.3,12.5,5.5,6.226361031518625,-0.29285714285714287,13.3,10,10.4,15.2,NA,NA,-10.2,-10.2
2011,31,-22.5,-22.5,-22.5,-1.1,-22.5,-22.5,-22.5,-22.5,-26.432664756446993,-32.94642857142857,-22.5,-22.5,-22.5,-22.5,NA,NA,-113.6,-113.6
2011,32,-22.5,-22.5,-22.5,0.1,3.2,-0.8,2.6,0.7,-26.432664756446993,-32.94642857142857,-22.5,-22.5,-22.5,-22.5,NA,NA,-65,-65
2011,33,-22.5,-22.5,-22.5,-0.8,0.4,-22.5,1.4,0.7,6.461318051575931,-1.757142857142857,-0.1,-22.5,-22.5,-22.5,NA,NA,-90.4,-90.39999999999999
2011,34,-22.5,-22.5,-0.9,-22.5,-0.9,5.7,-1.4,3,-3.1719197707736395,3.807142857142857,1.9,-1.8,-1.3,5.5,NA,NA,-63.60000000000001,-63.60000000000001
2011,35,-22.5,-22.5,0.5,3.4,-0.2,-4,1.7,-22.5,1.2922636103151866,0,-22.5,-22.5,-22.5,-22.5,NA,NA,-45.3,-45.300000000000004
2011,36,-22.5,-22.5,-22.5,0.6,2.9,1.3,-1.3,-22.5,-26.432664756446993,-32.94642857142857,-22.5,-22.5,-22.5,-22.5,NA,NA,-62.7,-62.7
2011,37,-22.5,-22.5,7.5,5.7,-2.4,1.7,2.7,3.9,-1.4097421203438396,2.196428571428571,-0.5,1.6,-0.2,3.8,NA,NA,-32.5,-32.5
2011,38,-22.5,-22.5,0,-22.5,0,0.3,-22.5,-22.5,-26.432664756446993,-32.94642857142857,0,-4,1,-22.5,NA,NA,-67.2,-67.2
2011,39,-22.5,-22.5,3.8,1.6,11.8,21.8,39.2,35.5,7.988538681948424,15.082142857142857,9,1.4,-2.9,12.4,NA,NA,-6,-6
2011,40,-22.5,-22.5,-22.5,-22.5,-0.7,-22.5,-22.5,-22.5,-26.432664756446993,-32.94642857142857,-22.5,-22.5,-22.5,-22.5,NA,NA,-113.2,-113.2
2011,41,-22.5,-22.5,-2,8.5,4.3,3.8,8.4,-0.5,-26.432664756446993,-32.94642857142857,-0.9,-22.5,-22.5,-22.5,NA,NA,-30.4,-30.400000000000002
2011,42,-22.5,-22.5,-22.5,6.4,7.4,2.3,3.8,-5.8,3.1719197707736395,12.299999999999999,3.4,-22.5,-22.5,-22.5,NA,NA,-51.400000000000006,-51.400000000000006
2011,43,-22.5,6,15.5,11.2,11.2,15,4.5,0.5,1.6446991404011462,8.639285714285714,7,2.2,5.6,6.1,NA,NA,36.4,36.4
2011,44,-22.5,-22.5,-22.5,-0.9,0.1,5.5,1.5,-9,-1.997134670487106,-5.710714285714285,0.3,1.9,-22.5,-22.5,NA,NA,-62.80000000000001,-62.80000000000001
2011,45,-22.5,-22.5,1.4,2.9,0.2,6.8,-6.4,0.1,-2.232091690544413,-32.94642857142857,-22.5,-22.5,-22.5,-22.5,NA,NA,-33.7,-33.7
2011,46,-22.5,-22.5,-22.5,-22.5,-0.3,-4.9,0.2,-1,-3.994269340974212,16.253571428571426,-1.9,-5.7,0.7,2.7,NA,NA,-95.2,-95.2
2011,47,-22.5,-22.5,1,2.1,-3.6,-2.8,7.3,4.6,1.0573065902578798,-3.3678571428571424,4.3,7.3,0.8,-0.1,NA,NA,-48.3,-48.3
2011,48,-22.5,-22.5,-1,5.2,-1.1,1.7,0,-0.6,1.5272206303724931,-2.342857142857143,-22.5,-22.5,-22.5,-22.5,NA,NA,-40.2,-40.199999999999996
2011,49,-22.5,-22.5,-22.5,-22.5,-3.8,-22.5,1.1,0.1,-26.432664756446993,-1.025,-22.5,-22.5,-22.5,-22.5,NA,NA,-116.3,-116.3
2011,50,-22.5,-22.5,-0.2,-22.5,-22.5,-22.5,-22.5,-22.5,-26.432664756446993,-32.94642857142857,-22.5,-22.5,-22.5,-22.5,NA,NA,-112.7,-112.7
2011,51,-22.5,-22.5,-22.5,-22.5,-22.5,-22.5,-22.5,-22.5,-26.432664756446993,-32.94642857142857,-22.5,-22.5,-22.5,-22.5,NA,NA,-135,-135
2011,52,-22.5,-22.5,-22.5,-22.5,2.7,-0.6,0.3,1,0.9398280802292265,-32.94642857142857,-22.5,-22.5,-22.5,-22.5,NA,NA,-87.89999999999999,-87.89999999999999
2011,53,-22.5,-22.5,-22.5,2.1,2.4,3.9,18.5,9.4,9.280802292263612,4.685714285714286,2.9,5.3,18.1,3.5,NA,NA,-59.10000000000001,-59.10000000000001
2011,54,-22.5,-22.5,-22.5,-2.1,-0.1,2.8,-0.2,-0.3,-6.343839541547279,2.196428571428571,-1.5,5.6,-22.5,-22.5,NA,NA,-66.89999999999999,-66.89999999999999
2011,55,-22.5,-22.5,-22.5,-22.5,-22.5,-3.2,0.3,-22.5,-26.432664756446993,-32.94642857142857,-22.5,-22.5,-22.5,-22.5,NA,NA,-115.7,-115.7
2011,56,-22.5,-22.5,-22.5,0.7,1.4,-22.5,-22.5,-22.5,-26.432664756446993,-32.94642857142857,-22.5,-22.5,-22.5,-22.5,NA,NA,-87.89999999999999,-87.89999999999999
2011,57,-22.5,-22.5,-2.3,-22.5,1.4,-22.5,-22.5,-22.5,-26.432664756446993,-32.94642857142857,-22.5,-22.5,-22.5,-22.5,NA,NA,-90.9,-90.89999999999999
2011,58,-22.5,-22.5,3,17.9,13.2,15.8,17,18,16.564469914040117,-32.94642857142857,12.9,16.1,24.7,23.1,NA,NA,4.899999999999999,4.899999999999999
2011,59,-22.5,-22.5,-22.5,-22.5,-22.5,-22.5,-22.5,-22.5,-26.432664756446993,-32.94642857142857,-22.5,-22.5,-22.5,-22.5,NA,NA,-135,-135
2011,60,-22.5,-22.5,-22.5,-22.5,-22.5,-22.5,-22.5,-22.5,-26.432664756446993,-32.94642857142857,-22.5,-22.5,-22.5,-22.5,NA,NA,-135,-135
2011,61,-22.5,-22.5,-22.5,-22.5,6.8,1.7,-2.4,-22.5,-26.432664756446993,-32.94642857142857,-22.5,-22.5,-22.5,-22.5,NA,NA,-81.5,-81.5
2011,62,-22.5,-22.5,-22.5,-22.5,-22.5,-22.5,-22.5,-22.5,-26.432664756446993,-32.94642857142857,-22.5,-22.5,-22.5,-22.5,NA,NA,-135,-135
2011,63,-22.5,-22.5,-22.5,-22.5,-4.4,-22.5,-22.5,-22.5,-26.432664756446993,-32.94642857142857,-22.5,-22.5,-22.5,-22.5,NA,NA,-116.9,-116.9
2011,64,-22.5,-22.5,-1.5,8.7,11.8,15.5,-0.2,1.2,10.338108882521492,6.296428571428571,6.6,6.3,16.7,5.8,NA,NA,-10.499999999999996,-10.499999999999996
2011,65,-22.5,-22.5,-22.5,-22.5,-22.5,-0.7,-22.5,-22.5,-26.432664756446993,-32.94642857142857,-22.5,-22.5,-22.5,-22.5,NA,NA,-113.2,-113.2
2011,66,-22.5,-22.5,-22.5,-22.5,-22.5,-22.5,-22.5,-22.5,-1.174785100286533,-32.94642857142857,-22.5,-22.5,-22.5,-0.8,NA,NA,-135,-135
2011,67,-22.5,-22.5,-22.5,2.7,-3,3.3,9.7,3.5,-0.7048710601719198,7.614285714285714,-3.7,0.2,5.8,3.2,NA,NA,-64.5,-64.5
2011,68,-22.5,-22.5,-22.5,0.6,6,-0.4,7.5,7.2,12.45272206303725,7.321428571428571,2.3,0.4,-5.1,3.9,NA,NA,-61.3,-61.300000000000004
2011,69,-22.5,-22.5,-22.5,-22.5,-22.5,-22.5,-22.5,-22.5,-26.432664756446993,-32.94642857142857,-22.5,-22.5,-22.5,-22.5,NA,NA,-135,-135
2011,70,-22.5,-22.5,-22.5,-22.5,-22.5,-22.5,-22.5,-22.5,-26.432664756446993,-32.94642857142857,-22.5,-22.5,-22.5,-22.5,NA,NA,-135,-135
2011,71,-22.5,-22.5,-22.5,-22.5,-22.5,-22.5,-22.5,-22.5,-26.432664756446993,-32.94642857142857,-22.5,-22.5,-22.5,-22.5,NA,NA,-135,-135
2011,72,-22.5,-22.5,-22.5,-22.5,-22.5,-22.5,-22.5,-0.8,-26.432664756446993,1.1714285714285715,-22.5,-22.5,-22.5,-22.5,NA,NA,-135,-135
2011,73,-22.5,-22.5,-22.5,-22.5,-22.5,-22.5,-22.5,-22.5,-26.432664756446993,-32.94642857142857,-22.5,-22.5,-22.5,-22.5,NA,NA,-135,-135
2011,74,-22.5,-22.5,-22.5,-22.5,-22.5,-22.5,-22.5,-22.5,-26.432664756446993,-32.94642857142857,-22.5,-22.5,-22.5,-22.5,NA,NA,-135,-135
2011,75,-22.5,-22.5,-22.5,-22.5,-22.5,-2.9,10.8,5.3,12.80515759312321,8.053571428571429,2.4,1.2,6.2,-0.2,NA,NA,-115.4,-115.4
2011,76,-22.5,-22.5,-22.5,-22.5,-0.2,-2.2,-1.9,-22.5,0.11747851002865331,-32.94642857142857,0.8,-22.5,-22.5,-22.5,NA,NA,-92.4,-92.4
2011,77,-22.5,-22.5,-22.5,-22.5,-0.2,-22.5,-22.5,-22.5,-26.432664756446993,-32.94642857142857,-22.5,-22.5,-22.5,-22.5,NA,NA,-112.7,-112.7
2011,78,-22.5,-22.5,-22.5,-22.5,-22.5,-22.5,-22.5,-22.5,-26.432664756446993,-32.94642857142857,-22.5,-22.5,-22.5,-22.5,NA,NA,-135,-135
2011,79,-22.5,-22.5,-22.5,-1.4,-1.3,-9.4,-2.2,-22.5,-26.432664756446993,-32.94642857142857,-22.5,-22.5,-22.5,-22.5,NA,NA,-79.60000000000001,-79.60000000000001
2011,80,-22.5,-22.5,-22.5,-3.2,-0.8,-3.5,-1.7,-22.5,-2.232091690544413,-2.6357142857142857,-1.1,-22.5,-22.5,-22.5,NA,NA,-75,-75
2011,81,-22.5,-22.5,-22.5,-22.5,-22.5,-22.5,-22.5,-22.5,-26.432664756446993,-32.94642857142857,-22.5,-22.5,-22.5,-22.5,NA,NA,-135,-135
2011,82,-22.5,-22.5,-22.5,3,-0.3,4.1,1.5,-22.5,-5.286532951289399,-32.94642857142857,-22.5,-22.5,-22.5,-22.5,NA,NA,-60.7,-60.699999999999996
2011,83,-22.5,-22.5,-22.5,-22.5,-22.5,-22.5,-0.8,-3.1,-26.432664756446993,2.05,-22.5,-22.5,-22.5,-22.5,NA,NA,-135,-135
2011,84,-22.5,-22.5,-22.5,-22.5,-22.5,-22.5,-22.5,-22.5,-26.432664756446993,-32.94642857142857,-22.5,-22.5,-22.5,-22.5,NA,NA,-135,-135
2011,85,-22.5,-22.5,-22.5,-22.5,-22.5,-22.5,-22.5,-22.5,-26.432664756446993,-32.94642857142857,-22.5,-22.5,-22.5,-22.5,NA,NA,-135,-135
2011,86,-22.5,-22.5,0.5,0.4,0.3,4.2,0,6.8,5.286532951289399,0.7321428571428571,2,7.6,-22.5,-22.5,NA,NA,-39.6,-39.6
2011,87,-22.5,-22.5,-22.5,-22.5,-22.5,-22.5,-22.5,-22.5,-26.432664756446993,-32.94642857142857,-22.5,-22.5,-22.5,-22.5,NA,NA,-135,-135
2011,88,-22.5,-22.5,-22.5,-22.5,0,-22.5,-22.5,20.8,17.974212034383957,23.282142857142855,-1.2,2.8,25.7,17.8,NA,NA,-112.5,-112.5
2011,89,-22.5,-22.5,-22.5,-22.5,-22.5,-22.5,-22.5,-22.5,-26.432664756446993,-32.94642857142857,-22.5,-22.5,-22.5,-22.5,NA,NA,-135,-135
2011,90,-22.5,-22.5,-22.5,-22.5,-1.3,-22.5,-22.5,-22.5,-26.432664756446993,-32.94642857142857,-22.5,-22.5,-22.5,-22.5,NA,NA,-113.8,-113.8
2011,91,-22.5,-22.5,-22.5,-22.5,-0.3,-0.6,-22.5,-22.5,-26.432664756446993,1.025,-22.5,-22.5,-22.5,-22.5,NA,NA,-90.9,-90.89999999999999
2011,92,-22.5,-22.5,-22.5,-22.5,-22.5,-22.5,-22.5,-22.5,-26.432664756446993,-32.94642857142857,-22.5,-22.5,-22.5,-22.5,NA,NA,-135,-135
2011,93,-22.5,-22.5,-22.5,-22.5,-22.5,-22.5,-22.5,-22.5,-26.432664756446993,-32.94642857142857,-22.5,-22.5,-22.5,-22.5,NA,NA,-135,-135
2011,94,-22.5,-22.5,-22.5,-22.5,-22.5,-22.5,-22.5,-22.5,-26.432664756446993,-32.94642857142857,-22.5,-22.5,-22.5,-22.5,NA,NA,-135,-135
2011,95,-22.5,-22.5,-22.5,-22.5,-22.5,0.8,-22.5,-22.5,-26.432664756446993,-32.94642857142857,-22.5,-22.5,-22.5,-22.5,NA,NA,-111.7,-111.7
2011,96,-22.5,1.6,-0.6,5.6,6.6,6.1,2,-4.6,7.283667621776505,3.2214285714285715,4.8,1.7,1.1,2.6,NA,NA,-3.200000000000001,-3.200000000000001
2011,97,-22.5,-22.5,-22.5,-22.5,-22.5,-22.5,-22.5,-22.5,-26.432664756446993,-32.94642857142857,-22.5,-22.5,-22.5,-22.5,NA,NA,-135,-135
2011,98,-22.5,-22.5,-22.5,-22.5,-2.8,1,-3.2,0.2,4.581661891117479,13.178571428571427,2.3,-0.2,6,-2.3,NA,NA,-91.8,-91.8
2011,99,-22.5,-22.5,1.4,0.1,2.8,-3.2,-0.5,-22.5,-26.432664756446993,-32.94642857142857,-22.5,-22.5,-22.5,-22.5,NA,NA,-43.900000000000006,-43.900000000000006
2011,100,-22.5,-22.5,-22.5,-22.5,-22.5,-22.5,-22.5,-22.5,-26.432664756446993,-32.94642857142857,-22.5,-22.5,-22.5,-22.5,NA,NA,-135,-135
2011,101,-22.5,-22.5,-22.5,-22.5,-22.5,0.5,-22.5,-22.5,-26.432664756446993,-32.94642857142857,-22.5,-22.5,-22.5,1,NA,NA,-112,-112
2011,102,-22.5,-22.5,-22.5,-22.5,-22.5,-22.5,-22.5,-22.5,-26.432664756446993,-32.94642857142857,-22.5,-22.5,-22.5,-22.5,NA,NA,-135,-135
2011,103,-22.5,-22.5,-22.5,-22.5,-22.5,-22.5,-22.5,-22.5,-26.432664756446993,-32.94642857142857,4.7,-22.5,-22.5,-22.5,NA,NA,-135,-135
2011,104,-22.5,-22.5,-22.5,17.9,14.2,13,17.1,17.3,3.5243553008595994,16.54642857142857,31.3,9.2,7.7,-22.5,NA,NA,-22.40000000000001,-22.400000000000006
2011,105,-22.5,-22.5,-22.5,-22.5,-22.5,-22.5,-22.5,-22.5,-26.432664756446993,-32.94642857142857,-22.5,-22.5,-22.5,-22.5,NA,NA,-135,-135
2011,106,-22.5,-22.5,-22.5,-22.5,-22.5,-22.5,-22.5,-22.5,-26.432664756446993,-32.94642857142857,-22.5,-22.5,-22.5,-22.5,NA,NA,-135,-135
2011,107,-22.5,-22.5,-22.5,-22.5,-22.5,-22.5,-22.5,-22.5,-26.432664756446993,-32.94642857142857,-22.5,-22.5,-22.5,-22.5,NA,NA,-135,-135
2011,108,-22.5,-22.5,-22.5,-22.5,-22.5,-22.5,-22.5,-22.5,-26.432664756446993,-32.94642857142857,-22.5,-22.5,-22.5,-22.5,NA,NA,-135,-135
2011,109,-22.5,-22.5,-22.5,-22.5,-22.5,-22.5,-22.5,-22.5,-26.432664756446993,-32.94642857142857,-22.5,-22.5,-22.5,-22.5,NA,NA,-135,-135
2011,110,-22.5,-22.5,-22.5,-22.5,0.1,-22.5,-22.5,-22.5,-26.432664756446993,-32.94642857142857,-22.5,-22.5,-22.5,-22.5,NA,NA,-112.4,-112.4
2011,111,-22.5,-22.5,-22.5,-22.5,-22.5,-22.5,-22.5,-22.5,-26.432664756446993,-32.94642857142857,-22.5,-22.5,-22.5,-22.5,NA,NA,-135,-135
2011,112,-22.5,-22.5,-22.5,-22.5,-22.5,-22.5,-22.5,-22.5,-26.432664756446993,-32.94642857142857,-22.5,-22.5,-22.5,-22.5,NA,NA,-135,-135
2011,113,-22.5,-22.5,-22.5,-22.5,-22.5,-22.5,-22.5,-22.5,-26.432664756446993,-32.94642857142857,-22.5,-22.5,-22.5,-22.5,NA,NA,-135,-135
2011,114,-22.5,-22.5,-22.5,1.1,5.6,-2.2,4.6,-6.9,-3.1719197707736395,-1.1714285714285715,-22.5,-22.5,-22.5,-22.5,NA,NA,-63.00000000000001,-63.00000000000001
2011,115,-22.5,-22.5,-22.5,-22.5,-22.5,-22.5,-22.5,-22.5,-26.432664756446993,-32.94642857142857,-22.5,-22.5,-22.5,-22.5,NA,NA,-135,-135
2011,116,-22.5,-22.5,-22.5,-22.5,-22.5,-22.5,-22.5,-22.5,-26.432664756446993,-32.94642857142857,-22.5,-22.5,-22.5,-22.5,NA,NA,-135,-135
2011,117,-22.5,-22.5,-22.5,-22.5,-22.5,-22.5,-22.5,-22.5,-26.432664756446993,-32.94642857142857,-22.5,-22.5,-22.5,-22.5,NA,NA,-135,-135
2011,118,-22.5,-22.5,-22.5,-22.5,-22.5,-22.5,-22.5,-22.5,-26.432664756446993,-32.94642857142857,-22.5,-22.5,-22.5,-22.5,NA,NA,-135,-135
2011,119,-22.5,-22.5,-22.5,-22.5,-22.5,-22.5,-22.5,-22.5,-26.432664756446993,-32.94642857142857,-22.5,-22.5,-22.5,-22.5,NA,NA,-135,-135
2011,120,-22.5,-22.5,-22.5,-22.5,-22.5,-22.5,-22.5,-22.5,-26.432664756446993,-32.94642857142857,-22.5,-22.5,-22.5,-22.5,NA,NA,-135,-135
2011,121,-22.5,-22.5,-22.5,0,-22.5,-22.5,-22.5,-22.5,-26.432664756446993,-32.94642857142857,-22.5,-22.5,-22.5,-22.5,NA,NA,-112.5,-112.5
2011,122,-22.5,-22.5,-22.5,-22.5,-22.5,-22.5,-22.5,-22.5,-26.432664756446993,-32.94642857142857,-22.5,-22.5,-22.5,-22.5,NA,NA,-135,-135
2011,123,-22.5,-22.5,-22.5,-22.5,-22.5,-22.5,-22.5,-22.5,-26.432664756446993,-32.94642857142857,-22.5,-22.5,-22.5,-22.5,NA,NA,-135,-135
2011,124,-22.5,-22.5,-22.5,-22.5,-22.5,-22.5,-22.5,-22.5,-26.432664756446993,-32.94642857142857,-22.5,-22.5,-22.5,-22.5,NA,NA,-135,-135
2011,125,-22.5,-22.5,-0.4,-22.5,-22.5,-22.5,-22.5,-22.5,-26.432664756446993,-32.94642857142857,-22.5,-22.5,-22.5,-22.5,NA,NA,-112.9,-112.9
2011,126,-22.5,-22.5,-22.5,-22.5,-1.6,1.7,2.2,4,2.1146131805157595,0.14642857142857144,-1.8,-22.5,-22.5,-22.5,NA,NA,-89.89999999999999,-89.89999999999999
2011,127,-22.5,-22.5,-22.5,-22.5,-22.5,-22.5,-22.5,-22.5,-26.432664756446993,-32.94642857142857,-22.5,-22.5,-22.5,-22.5,NA,NA,-135,-135
2011,128,-22.5,-22.5,-22.5,-22.5,-22.5,-22.5,-22.5,-22.5,-26.432664756446993,-32.94642857142857,-22.5,-22.5,-22.5,-22.5,NA,NA,-135,-135
2011,129,-22.5,-22.5,-22.5,-22.5,-0.4,0.3,-22.5,-1.8,-26.432664756446993,-32.94642857142857,-22.5,-22.5,-22.5,-22.5,NA,NA,-90.1,-90.10000000000001
2011,130,-22.5,-22.5,-22.5,-22.5,-22.5,-22.5,-22.5,-22.5,-26.432664756446993,-32.94642857142857,-22.5,-22.5,-22.5,-22.5,NA,NA,-135,-135
2011,131,-22.5,-22.5,-22.5,-22.5,-22.5,-22.5,4.4,1.9,-3.8767908309455588,-32.94642857142857,-1.4,11.8,10.7,8.3,NA,NA,-135,-135
2011,132,-22.5,-22.5,-22.5,-22.5,-22.5,-22.5,-22.5,-22.5,-26.432664756446993,-32.94642857142857,-22.5,-22.5,-22.5,-22.5,NA,NA,-135,-135
2011,133,-22.5,-22.5,-22.5,-22.5,-22.5,-0.2,-1.7,-1.9,-0.11747851002865331,0.8785714285714284,1.3,-2,1,2.1,NA,NA,-112.7,-112.7
2011,134,-22.5,-22.5,-22.5,-22.5,-22.5,-22.5,-22.5,-22.5,-26.432664756446993,-32.94642857142857,-22.5,-22.5,-22.5,-22.5,NA,NA,-135,-135
2011,135,-22.5,-22.5,-22.5,-22.5,-22.5,-22.5,-22.5,-22.5,-26.432664756446993,-32.94642857142857,-22.5,-22.5,-22.5,-22.5,NA,NA,-135,-135
2011,136,-22.5,-22.5,-22.5,-22.5,-22.5,-22.5,-22.5,-22.5,-26.432664756446993,-32.94642857142857,-22.5,-22.5,-22.5,-22.5,NA,NA,-135,-135
2011,137,-22.5,-22.5,-22.5,-22.5,-22.5,-22.5,-22.5,-22.5,-26.432664756446993,-32.94642857142857,-22.5,-22.5,-22.5,-22.5,NA,NA,-135,-135
2011,138,-22.5,-22.5,-22.5,-22.5,1.4,-22.5,-22.5,-22.5,-26.432664756446993,-32.94642857142857,-22.5,-22.5,-22.5,-22.5,NA,NA,-111.1,-111.1
2011,139,8.4,-1.1,13.5,-0.7,5.3,6.8,1.4,12.3,-4.229226361031519,0.5857142857142857,-22.5,-22.5,-22.5,-22.5,NA,NA,32.2,32.2
2011,140,-22.5,-22.5,-22.5,-22.5,-22.5,-22.5,-22.5,-22.5,-26.432664756446993,-32.94642857142857,-22.5,-22.5,-22.5,-22.5,NA,NA,-135,-135
2011,141,-22.5,-22.5,-22.5,-22.5,-22.5,-22.5,-22.5,-22.5,-26.432664756446993,-32.94642857142857,-22.5,-22.5,-22.5,-22.5,NA,NA,-135,-135
2011,142,-22.5,-22.5,-22.5,-22.5,-22.5,-22.5,-22.5,-22.5,-26.432664756446993,-32.94642857142857,-22.5,-22.5,-22.5,-22.5,NA,NA,-135,-135
2011,143,-22.5,-22.5,-22.5,-22.5,-22.5,-22.5,-22.5,-22.5,-26.432664756446993,-32.94642857142857,-22.5,-22.5,-22.5,-22.5,NA,NA,-135,-135
2011,144,-22.5,-22.5,-22.5,-22.5,-22.5,-22.5,-22.5,-22.5,-26.432664756446993,-32.94642857142857,-22.5,-22.5,-22.5,-22.5,NA,NA,-135,-135
2011,145,-22.5,-22.5,-22.5,-22.5,-22.5,-22.5,-22.5,-22.5,-26.432664756446993,-32.94642857142857,-22.5,-22.5,-22.5,-22.5,NA,NA,-135,-135
2011,146,-22.5,-22.5,-22.5,-22.5,-22.5,-22.5,-22.5,-22.5,-26.432664756446993,-32.94642857142857,-22.5,-22.5,-22.5,-22.5,NA,NA,-135,-135
2011,147,-22.5,-22.5,-22.5,-22.5,-22.5,-22.5,-22.5,-22.5,-26.432664756446993,-32.94642857142857,-22.5,-22.5,-22.5,-22.5,NA,NA,-135,-135
2011,148,-22.5,-22.5,-22.5,3.2,-3.6,-1.2,-22.5,-22.5,-26.432664756446993,-3.6607142857142856,-22.5,-22.5,-22.5,-22.5,NA,NA,-69.1,-69.1
2011,149,-22.5,-22.5,-22.5,-22.5,-22.5,-22.5,-22.5,-22.5,-26.432664756446993,-32.94642857142857,-22.5,-22.5,-22.5,-22.5,NA,NA,-135,-135
2011,150,-22.5,-1.1,0.6,-0.8,0.5,-22.5,-0.5,-22.5,-26.432664756446993,-32.94642857142857,-22.5,-22.5,-22.5,-22.5,NA,NA,-45.8,-45.8
2011,151,-22.5,-22.5,-22.5,-22.5,-22.5,-22.5,0,-22.5,-26.432664756446993,-32.94642857142857,-22.5,-22.5,-22.5,-22.5,NA,NA,-135,-135
2011,152,-22.5,-22.5,-22.5,-22.5,-22.5,-22.5,-22.5,-22.5,-26.432664756446993,-32.94642857142857,-22.5,-22.5,-22.5,-22.5,NA,NA,-135,-135
2011,153,-22.5,-22.5,-22.5,-22.5,-22.5,-22.5,-22.5,-22.5,-26.432664756446993,-32.94642857142857,-22.5,-22.5,-22.5,-22.5,NA,NA,-135,-135
2011,154,-22.5,-22.5,-22.5,-22.5,-22.5,-22.5,-22.5,-22.5,-26.432664756446993,-32.94642857142857,-22.5,-22.5,-22.5,-22.5,NA,NA,-135,-135
2011,155,-22.5,-22.5,-22.5,-22.5,-22.5,-22.5,-22.5,-22.5,-26.432664756446993,-32.94642857142857,-22.5,-22.5,-22.5,-22.5,NA,NA,-135,-135
2011,156,-22.5,-22.5,-22.5,-22.5,-22.5,-22.5,-22.5,-22.5,-26.432664756446993,-32.94642857142857,-22.5,-22.5,-22.5,-22.5,NA,NA,-135,-135
2011,157,-22.5,-22.5,-22.5,-22.5,0,-22.5,-22.5,-22.5,-26.432664756446993,-32.94642857142857,-22.5,-22.5,-22.5,-22.5,NA,NA,-112.5,-112.5
2011,158,-22.5,-22.5,-22.5,-22.5,-22.5,4.1,1.1,2.7,-26.432664756446993,-32.94642857142857,-22.5,1.8,-22.5,-22.5,NA,NA,-108.4,-108.4
2011,159,-22.5,-22.5,-22.5,-22.5,-22.5,-22.5,-22.5,-22.5,-26.432664756446993,-32.94642857142857,-22.5,-22.5,-22.5,-22.5,NA,NA,-135,-135
2011,160,-22.5,-22.5,-22.5,-4,12.1,4.9,13.9,-0.3,0.7048710601719198,-1.3178571428571428,-1.8,4.6,3.9,0.5,NA,NA,-54.5,-54.5
2011,161,-22.5,-22.5,-22.5,-22.5,-22.5,-22.5,-22.5,-22.5,-26.432664756446993,-32.94642857142857,-22.5,-22.5,-22.5,-22.5,NA,NA,-135,-135
2011,162,-22.5,-22.5,-22.5,-22.5,-22.5,-22.5,-22.5,-22.5,-26.432664756446993,-32.94642857142857,-22.5,-22.5,-22.5,-22.5,NA,NA,-135,-135
2011,163,-22.5,-22.5,-22.5,-22.5,-22.5,-22.5,-22.5,-22.5,-26.432664756446993,-32.94642857142857,-22.5,-22.5,-22.5,-22.5,NA,NA,-135,-135
2011,164,-22.5,-22.5,-22.5,1.4,-2,3.6,-5.7,17,-2.232091690544413,9.225,2.2,11.7,16.3,-22.5,NA,NA,-64.5,-64.5
2011,165,-22.5,-22.5,-22.5,-22.5,-22.5,-22.5,-22.5,-22.5,-26.432664756446993,-32.94642857142857,-22.5,-22.5,-22.5,-22.5,NA,NA,-135,-135
2011,166,-22.5,-22.5,-22.5,-22.5,-22.5,-22.5,-22.5,-22.5,-26.432664756446993,-32.94642857142857,-22.5,-22.5,-22.5,-22.5,NA,NA,-135,-135
2011,167,-22.5,-22.5,2.6,-22.5,-22.5,-22.5,-22.5,-22.5,-26.432664756446993,-32.94642857142857,-22.5,-22.5,-22.5,-22.5,NA,NA,-109.9,-109.9
2011,168,-22.5,-22.5,-22.5,-22.5,-22.5,-22.5,-22.5,-22.5,-26.432664756446993,-32.94642857142857,-22.5,-22.5,-22.5,-22.5,NA,NA,-135,-135
2011,169,-22.5,-22.5,-22.5,-22.5,-22.5,-22.5,-22.5,-22.5,-26.432664756446993,-32.94642857142857,-22.5,-22.5,-22.5,-22.5,NA,NA,-135,-135
2011,170,-22.5,-22.5,-22.5,-22.5,-22.5,-22.5,-0.7,-22.5,-26.432664756446993,-32.94642857142857,-22.5,-22.5,-22.5,-22.5,NA,NA,-135,-135
2011,171,-22.5,-22.5,-22.5,-22.5,-0.8,-22.5,1,-2.5,-26.432664756446993,-1.6107142857142858,-0.1,-22.5,-22.5,-22.5,NA,NA,-113.3,-113.3
2011,172,-22.5,-22.5,-22.5,-22.5,-22.5,-22.5,-22.5,-22.5,-26.432664756446993,-32.94642857142857,-22.5,-22.5,-22.5,-22.5,NA,NA,-135,-135
2011,173,-22.5,-22.5,-22.5,-22.5,-22.5,-22.5,-22.5,-22.5,-26.432664756446993,-32.94642857142857,-22.5,-22.5,-22.5,-22.5,NA,NA,-135,-135
2011,174,-22.5,-22.5,-22.5,-22.5,-22.5,0.2,0.9,4.7,0.7048710601719198,0.29285714285714287,-1,11.6,-22.5,-22.5,NA,NA,-112.3,-112.3
2011,175,-22.5,-22.5,-22.5,-22.5,-22.5,-22.5,-22.5,-22.5,-26.432664756446993,-32.94642857142857,-22.5,-22.5,-22.5,-22.5,NA,NA,-135,-135
2011,176,-22.5,-22.5,-22.5,-22.5,-22.5,-22.5,-22.5,-22.5,-26.432664756446993,-32.94642857142857,-22.5,-22.5,-22.5,-22.5,NA,NA,-135,-135
2011,177,-22.5,-22.5,-22.5,-22.5,-22.5,-22.5,-0.1,4.8,7.166189111747851,0.8785714285714284,7.1,-5.9,2.1,-22.5,NA,NA,-135,-135
2011,178,-22.5,-22.5,-22.5,-22.5,-22.5,-22.5,0.2,-22.5,-26.432664756446993,-32.94642857142857,-22.5,-22.5,-22.5,-22.5,NA,NA,-135,-135
2011,179,-22.5,-22.5,-22.5,-22.5,0.7,1.4,3.9,11.9,5.404011461318052,12.153571428571428,2.5,11.2,13.9,10.6,NA,NA,-87.89999999999999,-87.89999999999999
2011,180,-22.5,-22.5,-22.5,-22.5,-22.5,-22.5,-22.5,-22.5,-26.432664756446993,-32.94642857142857,-22.5,-22.5,-22.5,-22.5,NA,NA,-135,-135
2011,181,-22.5,-22.5,-22.5,-22.5,-22.5,-22.5,-22.5,-22.5,-26.432664756446993,-32.94642857142857,-22.5,-22.5,-22.5,-22.5,NA,NA,-135,-135
2011,182,-22.5,-22.5,-22.5,-22.5,-22.5,-22.5,-22.5,-22.5,-26.432664756446993,-32.94642857142857,-22.5,-22.5,-22.5,-22.5,NA,NA,-135,-135
2011,183,-22.5,-22.5,-22.5,-22.5,-22.5,-22.5,-22.5,-22.5,-26.432664756446993,-32.94642857142857,-22.5,-22.5,-22.5,-22.5,NA,NA,-135,-135
2011,184,-22.5,-22.5,-22.5,-2,-0.5,1.6,0.2,-22.5,-26.432664756446993,-32.94642857142857,-22.5,-22.5,-22.5,-22.5,NA,NA,-68.4,-68.4
2011,185,-22.5,-22.5,-22.5,-22.5,-22.5,-22.5,-22.5,-22.5,-26.432664756446993,-32.94642857142857,-22.5,-22.5,-22.5,-22.5,NA,NA,-135,-135
2011,186,-22.5,-22.5,-22.5,-22.5,-22.5,-22.5,-22.5,-22.5,-26.432664756446993,-32.94642857142857,-22.5,-22.5,-22.5,-22.5,NA,NA,-135,-135
2011,187,-22.5,-22.5,-22.5,-22.5,-22.5,-22.5,-22.5,-22.5,-26.432664756446993,-32.94642857142857,-22.5,-22.5,-22.5,-22.5,NA,NA,-135,-135
2011,188,-22.5,-22.5,-22.5,-3.4,0.5,0.1,-2.3,-22.5,-1.174785100286533,2.196428571428571,25.1,6.9,-5.9,4.5,NA,NA,-70.30000000000001,-70.30000000000001
2011,189,-22.5,-22.5,-22.5,-22.5,-22.5,-22.5,-22.5,-22.5,-26.432664756446993,-32.94642857142857,-22.5,-22.5,-22.5,-22.5,NA,NA,-135,-135
2011,190,-22.5,-22.5,-22.5,-22.5,-5.6,-22.5,-22.5,-1.4,0.11747851002865331,-32.94642857142857,0.6,-22.5,-22.5,-22.5,NA,NA,-118.1,-118.1
2011,191,-22.5,-22.5,-22.5,-22.5,-22.5,0.9,-22.5,-22.5,-0.7048710601719198,-0.29285714285714287,-22.5,-22.5,-22.5,-22.5,NA,NA,-111.6,-111.6
2011,192,-22.5,-22.5,-22.5,-22.5,-22.5,-22.5,-22.5,-22.5,-26.432664756446993,-32.94642857142857,-22.5,-22.5,-22.5,-22.5,NA,NA,-135,-135
2011,193,-22.5,-22.5,-22.5,-22.5,-1.8,-22.5,-22.5,-22.5,-26.432664756446993,-32.94642857142857,-22.5,-22.5,-22.5,-22.5,NA,NA,-114.3,-114.3
2011,194,-22.5,-22.5,-22.5,-22.5,-22.5,-22.5,-22.5,-1,6.813753581661891,7.175,2.2,0.9,-1.6,4.7,NA,NA,-135,-135
2011,195,-22.5,-22.5,-22.5,0.2,6.8,-2.4,-22.5,-22.5,-26.432664756446993,-32.94642857142857,-22.5,-22.5,-22.5,-22.5,NA,NA,-62.9,-62.9
2011,196,-22.5,-22.5,-22.5,-22.5,-22.5,-22.5,-22.5,-22.5,-26.432664756446993,-32.94642857142857,-22.5,-22.5,-22.5,-22.5,NA,NA,-135,-135
2011,197,-22.5,-22.5,-22.5,-22.5,-22.5,-22.5,-22.5,-22.5,-26.432664756446993,-32.94642857142857,-22.5,-22.5,-22.5,-22.5,NA,NA,-135,-135
2011,198,-22.5,-22.5,-22.5,-22.5,-22.5,-22.5,-22.5,-22.5,-26.432664756446993,-32.94642857142857,-22.5,-22.5,-22.5,-22.5,NA,NA,-135,-135
2011,199,-22.5,-22.5,-22.5,-22.5,-22.5,-22.5,-22.5,-22.5,-26.432664756446993,-32.94642857142857,-22.5,-22.5,-22.5,-22.5,NA,NA,-135,-135
2011,200,-22.5,-22.5,-22.5,-22.5,-22.5,-22.5,-22.5,-22.5,-26.432664756446993,-32.94642857142857,-22.5,-22.5,-22.5,-22.5,NA,NA,-135,-135
2011,201,-22.5,-22.5,-22.5,-22.5,-22.5,-0.9,2.7,-2.5,-0.46991404011461324,-32.94642857142857,-22.5,-22.5,-22.5,-22.5,NA,NA,-113.4,-113.4
2011,202,-22.5,-22.5,-22.5,-22.5,-22.5,-22.5,-22.5,-22.5,-26.432664756446993,-32.94642857142857,-22.5,-22.5,-22.5,-22.5,NA,NA,-135,-135
2011,203,-22.5,-22.5,-22.5,-22.5,-22.5,-22.5,-22.5,-22.5,-26.432664756446993,-32.94642857142857,-22.5,-22.5,-22.5,-22.5,NA,NA,-135,-135
2011,204,-22.5,-22.5,-22.5,-22.5,2.5,7.6,3.8,4,0.46991404011461324,-2.489285714285714,0.3,-22.5,-22.5,-22.5,NA,NA,-79.9,-79.9
2011,205,-22.5,-22.5,-22.5,0.2,1.5,2.2,-22.5,-22.5,-26.432664756446993,-32.94642857142857,-22.5,-22.5,-22.5,-22.5,NA,NA,-63.599999999999994,-63.599999999999994
2011,206,-22.5,-22.5,-22.5,-22.5,-22.5,-22.5,-22.5,-22.5,-26.432664756446993,-32.94642857142857,-22.5,-22.5,-22.5,-22.5,NA,NA,-135,-135
2011,207,-22.5,-22.5,-22.5,-22.5,-22.5,-22.5,-22.5,-22.5,-26.432664756446993,-32.94642857142857,-22.5,-22.5,-22.5,-22.5,NA,NA,-135,-135
2011,208,-22.5,2.2,19,16.6,9.6,13,13.7,3.6,12.922636103151863,10.835714285714285,9.8,3.1,5.1,-3.1,NA,NA,37.9,37.9
2011,209,-22.5,-22.5,-22.5,-22.5,1,5.7,1.6,-1.1,1.879656160458453,-32.94642857142857,-22.5,-22.5,-22.5,-22.5,NA,NA,-83.3,-83.3
2012,1,0.7,0,-4.4,2,3.6,6,-22.5,-26.432664756446993,-32.94642857142857,-22.5,-22.5,-22.5,-22.5,NA,NA,NA,7.9,7.9
2012,2,-22.5,9.2,2,1.7,1,4.5,10.5,3.1719197707736395,6.442857142857143,-1.6,-1.8,-22.5,-22.5,NA,NA,NA,-4.100000000000001,-4.100000000000001
2012,3,6.4,2.5,7.6,14.7,-0.3,-4.5,-3.2,0.46991404011461324,-0.5857142857142857,-6.9,-2.6,-22.5,-22.5,NA,NA,NA,26.4,26.4
2012,4,-22.5,-22.5,0,0.1,-22.5,-22.5,-22.5,-26.432664756446993,-32.94642857142857,-22.5,-22.5,-22.5,-22.5,NA,NA,NA,-89.9,-89.9
2012,5,-22.5,10.9,0.5,1.8,0.2,5.1,19.7,5.169054441260746,6.1499999999999995,15.9,3.5,15.9,8.3,NA,NA,NA,-4,-4
2012,6,-22.5,11.9,9.5,10,11.2,11.8,7,1.4097421203438396,0.7321428571428571,5.3,20.1,8,4.3,NA,NA,NA,31.9,31.900000000000002
2012,7,-22.5,-1.4,13.3,6.8,13.2,13.8,4.3,4.934097421203439,4.1,-0.4,-5.5,-8.2,-1.7,NA,NA,NA,23.200000000000003,23.200000000000003
2012,8,-22.5,-22.5,-4.8,2.9,-4,-0.8,0.5,-26.432664756446993,-32.94642857142857,1.9,1.1,-1.5,-22.5,NA,NA,NA,-51.7,-51.699999999999996
2012,9,-22.5,7.6,2.3,9.7,8.9,10.2,8,-9.985673352435532,0.29285714285714287,4.4,2.2,-5.3,-3.6,NA,NA,NA,16.199999999999996,16.199999999999996
2012,10,-22.5,-22.5,-22.5,-1.1,0.7,2,4.5,4.581661891117479,-6.1499999999999995,0.6,-22.5,-22.5,-22.5,NA,NA,NA,-65.89999999999999,-65.89999999999999
2012,11,-2.4,-0.7,16.9,19.6,8,13.9,7.9,7.7535816618911175,2.6357142857142857,22.5,9.1,23.1,9.3,NA,NA,NA,55.3,55.3
2012,12,0,0.3,0.8,8.9,0.2,-22.5,-22.5,-26.432664756446993,0.7321428571428571,-22.5,-22.5,-22.5,-22.5,NA,NA,NA,-12.3,-12.3
2012,13,-22.5,-22.5,-22.5,4.7,2.6,9.9,-1.5,1.2922636103151866,-10.39642857142857,-6.7,5.6,2.1,-0.3,NA,NA,NA,-50.3,-50.3
2012,14,-22.5,6.3,-0.9,3.5,-2.7,-1.5,1.3,0.8223495702005731,-32.94642857142857,1,-1.6,-0.5,1,NA,NA,NA,-17.799999999999997,-17.799999999999997
2012,15,-22.5,2.3,-0.7,4.3,1.5,0.3,-0.7,-0.11747851002865331,9.957142857142856,0.1,-2.4,3.1,-4.9,NA,NA,NA,-14.799999999999995,-14.799999999999997
2012,16,-22.5,0.7,3.6,7.4,6,9.1,4.7,3.759312320916906,10.103571428571428,13.8,-0.8,-6,19.1,NA,NA,NA,4.300000000000001,4.300000000000001
2012,17,-22.5,9.2,5.7,16.9,-0.2,11.2,14,10.925501432664758,9.078571428571427,14.8,2,2.7,11.5,NA,NA,NA,20.299999999999997,20.299999999999997
2012,18,-22.5,-22.5,0.3,5.2,4.8,14.6,10.4,14.449856733524358,4.978571428571428,6,-1.2,7.8,10.5,NA,NA,NA,-20.1,-20.1
2012,19,-22.5,-22.5,2.2,-2.9,0.7,0.3,22.5,13.979942693409743,35.28928571428571,29.5,32.9,3.1,35.1,NA,NA,NA,-44.7,-44.699999999999996
2012,20,-0.6,-22.5,0.3,0.2,-22.5,2.4,1.7,7.871060171919772,3.6607142857142856,-1,-1.8,-10.9,2.4,NA,NA,NA,-42.7,-42.7
2012,21,-22.5,-22.5,-22.5,-22.5,-22.5,0.8,4.7,0.23495702005730662,-0.5857142857142857,-1.4,-1.2,6,6.1,NA,NA,NA,-111.7,-111.7
2012,22,-22.5,8.7,2.8,12.7,8.3,1.7,12.4,7.871060171919772,5.125,4.6,-1.5,12.2,5.8,NA,NA,NA,11.7,11.7
2012,23,-22.5,-22.5,-22.5,0,7.5,7,3.5,5.873925501432665,8.639285714285714,10.4,0.4,-4.9,-4.4,NA,NA,NA,-53,-53
2012,24,-22.5,-22.5,0,-22.5,0.1,5.4,-5.8,-4.699140401146132,-1.3178571428571428,-5.8,-22.5,0.6,-22.5,NA,NA,NA,-62.00000000000001,-62.00000000000001
2012,25,-22.5,-22.5,-22.5,-22.5,0.8,-0.5,-3.4,-26.432664756446993,-32.94642857142857,-22.5,-22.5,-22.5,-22.5,NA,NA,NA,-89.7,-89.7
2012,26,-22.5,-22.5,-22.5,-1.6,-1.6,0,-22.5,-26.432664756446993,-32.94642857142857,1.7,-1.4,-1.9,-2.8,NA,NA,NA,-70.69999999999999,-70.69999999999999
2012,27,-22.5,-22.5,-22.5,-22.5,-22.5,-22.5,-22.5,-26.432664756446993,-32.94642857142857,-22.5,-22.5,-22.5,-22.5,NA,NA,NA,-135,-135
2012,28,-22.5,-22.5,-22.5,-2.9,14.4,-5.9,3.5,-6.696275071633239,-1.6107142857142858,5.6,1.9,8,-9.2,NA,NA,NA,-61.900000000000006,-61.900000000000006
2012,29,-0.6,-22.5,-0.9,-3.9,-22.5,0,-22.5,0.7048710601719198,-5.271428571428571,-22.5,-22.5,-22.5,-22.5,NA,NA,NA,-50.4,-50.4
2012,30,-22.5,3.2,2.1,9.8,14.1,9.6,-5.1,-3.994269340974212,0.29285714285714287,8,-2.8,-6,-5.4,NA,NA,NA,16.3,16.3
2012,31,-22.5,-22.5,-22.5,-22.5,-22.5,2.9,-22.5,-0.11747851002865331,-0.29285714285714287,-22.5,-22.5,-22.5,-22.5,NA,NA,NA,-109.6,-109.6
2012,32,-22.5,-22.5,-22.5,-22.5,-22.5,-22.5,-22.5,-26.432664756446993,-32.94642857142857,-22.5,-22.5,-22.5,-22.5,NA,NA,NA,-135,-135
2012,33,-22.5,-22.5,-22.5,-22.5,-22.5,-22.5,-22.5,-26.432664756446993,-32.94642857142857,-22.5,-22.5,-22.5,-22.5,NA,NA,NA,-135,-135
2012,34,-22.5,-22.5,-22.5,-22.5,-22.5,-22.5,-22.5,-26.432664756446993,-32.94642857142857,-22.5,-22.5,-22.5,-22.5,NA,NA,NA,-135,-135
2012,35,-22.5,-22.5,-22.5,-22.5,-22.5,-22.5,-22.5,-26.432664756446993,-32.94642857142857,-22.5,-22.5,-22.5,-22.5,NA,NA,NA,-135,-135
2012,36,-22.5,-22.5,-22.5,-22.5,-22.5,-22.5,-22.5,-26.432664756446993,-32.94642857142857,-22.5,-22.5,-22.5,-22.5,NA,NA,NA,-135,-135
2012,37,-22.5,-22.5,-22.5,-22.5,0.1,4.2,1.7,-26.432664756446993,-32.94642857142857,-22.5,-22.5,-22.5,-22.5,NA,NA,NA,-85.7,-85.7
2012,38,-22.5,-22.5,-22.5,2.2,-3.5,0.9,-1.4,2.232091690544413,0.5857142857142857,-22.5,2.6,-8.4,0.7,NA,NA,NA,-67.89999999999999,-67.89999999999999
2012,39,-22.5,-22.5,-22.5,-22.5,-22.5,-22.5,-22.5,-26.432664756446993,-32.94642857142857,-22.5,-22.5,-22.5,-22.5,NA,NA,NA,-135,-135
2012,40,-22.5,-22.5,-22.5,-22.5,-22.5,-22.5,-22.5,-26.432664756446993,-32.94642857142857,-22.5,-22.5,-22.5,-22.5,NA,NA,NA,-135,-135
2012,41,-22.5,-22.5,-22.5,-22.5,-22.5,-22.5,-22.5,-26.432664756446993,-32.94642857142857,-22.5,-22.5,-22.5,-22.5,NA,NA,NA,-135,-135
2012,42,-22.5,-22.5,-22.5,-22.5,-22.5,-22.5,-22.5,-26.432664756446993,-32.94642857142857,-22.5,-22.5,-22.5,-22.5,NA,NA,NA,-135,-135
2012,43,-22.5,-22.5,-22.5,-22.5,-22.5,-22.5,-22.5,-26.432664756446993,-32.94642857142857,-22.5,-22.5,-22.5,-22.5,NA,NA,NA,-135,-135
2012,44,-22.5,-1.2,-22.5,5.3,4.9,4.8,1.8,6.931232091690545,8.053571428571429,4.9,12.7,6.4,11.7,NA,NA,NA,-31.200000000000006,-31.200000000000006
2012,45,-22.5,-22.5,-22.5,-22.5,4.9,-22.5,4.2,0.5873925501432665,6.003571428571427,12.3,2,24.2,37.3,NA,NA,NA,-107.6,-107.6
2012,46,-22.5,-22.5,-22.5,-22.5,-22.5,-22.5,-22.5,-26.432664756446993,-32.94642857142857,-22.5,-22.5,-22.5,-22.5,NA,NA,NA,-135,-135
2012,47,-22.5,-22.5,-22.5,-0.9,0.5,-0.5,5.9,0.5873925501432665,5.710714285714285,-2,2.2,0.5,3.1,NA,NA,NA,-68.4,-68.4
2012,48,-22.5,-22.5,-22.5,-22.5,-22.5,-22.5,-22.5,-26.432664756446993,-32.94642857142857,-22.5,-22.5,-22.5,-22.5,NA,NA,NA,-135,-135
2012,49,-22.5,-22.5,-22.5,-22.5,-22.5,-0.2,-1.8,-0.23495702005730662,-32.94642857142857,-1.6,-22.5,-22.5,-22.5,NA,NA,NA,-112.7,-112.7
2012,50,-22.5,1.4,-22.5,5.7,0.4,4.7,10,5.6389684813753584,4.978571428571428,-3.1,-0.7,-4.1,0,NA,NA,NA,-32.8,-32.8
2012,51,-22.5,-22.5,-22.5,-22.5,-22.5,-22.5,-22.5,-26.432664756446993,-32.94642857142857,-22.5,-22.5,-22.5,-22.5,NA,NA,NA,-135,-135
2012,52,-22.5,-22.5,-22.5,-22.5,-22.5,-22.5,0,3.759312320916906,8.932142857142855,7.2,-2.2,2.1,-1.5,NA,NA,NA,-135,-135
2012,53,-22.5,-22.5,-22.5,-22.5,-22.5,-22.5,-22.5,-26.432664756446993,-32.94642857142857,-22.5,-22.5,-22.5,-22.5,NA,NA,NA,-135,-135
2012,54,-22.5,-22.5,-22.5,-22.5,-22.5,-22.5,-22.5,-26.432664756446993,-32.94642857142857,-22.5,-22.5,-22.5,-22.5,NA,NA,NA,-135,-135
2012,55,-22.5,-22.5,5.4,-3.3,4.4,-3.8,5.3,4.464183381088826,2.6357142857142857,-1.2,0,3.1,-22.5,NA,NA,NA,-42.3,-42.3
2012,56,-22.5,-22.5,-22.5,-22.5,-22.5,-22.5,-22.5,-26.432664756446993,-32.94642857142857,-22.5,-22.5,-22.5,-22.5,NA,NA,NA,-135,-135
2012,57,-22.5,-22.5,-22.5,-22.5,-22.5,-22.5,-22.5,-26.432664756446993,-32.94642857142857,-22.5,-22.5,-22.5,-22.5,NA,NA,NA,-135,-135
2012,58,-22.5,-22.5,0.4,1.6,2.9,-0.6,7.6,-0.11747851002865331,-0.5857142857142857,-0.4,6.3,9.4,5.2,NA,NA,NA,-40.7,-40.7
2012,59,-22.5,-22.5,-22.5,-22.5,-22.5,1.5,0.2,-26.432664756446993,-32.94642857142857,-22.5,-22.5,-22.5,-22.5,NA,NA,NA,-111,-111
2012,60,-22.5,-22.5,0.3,-1.6,-4.7,-0.2,0.5,3.759312320916906,-3.2214285714285715,2.1,1.9,1.5,4.3,NA,NA,NA,-51.20000000000001,-51.20000000000001
2012,61,-22.5,-22.5,-22.5,-22.5,5.3,-0.3,2.7,0.23495702005730662,0.14642857142857144,-0.3,-1.8,3.7,-3.6,NA,NA,NA,-85,-85
2012,62,-22.5,-22.5,-22.5,18.2,2.8,-3.8,-1.2,8.810888252148997,-15.667857142857141,-10.3,18.1,-9.4,6.6,NA,NA,NA,-50.3,-50.3
2012,63,-22.5,-22.5,-22.5,0.3,-0.1,0,2.1,-3.4068767908309456,0,-1.7,0.9,-22.5,-22.5,NA,NA,NA,-67.3,-67.3
2012,64,-22.5,-22.5,-22.5,-22.5,-22.5,-22.5,-22.5,-26.432664756446993,-32.94642857142857,-22.5,-22.5,-22.5,-22.5,NA,NA,NA,-135,-135
2012,65,-22.5,-22.5,-22.5,0.6,0.9,4.8,8.8,5.6389684813753584,13.764285714285714,10.6,3.9,9.2,6,NA,NA,NA,-61.2,-61.2
2012,66,-22.5,-22.5,-22.5,-22.5,-1.8,1.1,0.6,7.401146131805158,-1.4642857142857142,-2.2,7.2,2.1,-2,NA,NA,NA,-90.7,-90.7
2012,67,-22.5,-22.5,-22.5,-22.5,-22.5,-22.5,-0.9,0.5873925501432665,-0.14642857142857144,-2.2,-22.5,0.5,-22.5,NA,NA,NA,-135,-135
2012,68,-22.5,-22.5,-22.5,-22.5,-22.5,-22.5,-22.5,-26.432664756446993,-32.94642857142857,-22.5,-22.5,-22.5,-22.5,NA,NA,NA,-135,-135
2012,69,-22.5,-22.5,-22.5,-22.5,-22.5,-22.5,-22.5,-26.432664756446993,-32.94642857142857,-22.5,-22.5,-22.5,-22.5,NA,NA,NA,-135,-135
2012,70,-22.5,-22.5,-22.5,0.4,-22.5,-22.5,-22.5,-26.432664756446993,-32.94642857142857,-22.5,-22.5,-22.5,-22.5,NA,NA,NA,-112.1,-112.1
2012,71,-22.5,-22.5,-22.5,-22.5,-22.5,-22.5,-22.5,-26.432664756446993,-32.94642857142857,-22.5,-22.5,-22.5,-22.5,NA,NA,NA,-135,-135
2012,72,-22.5,-22.5,-22.5,-22.5,-22.5,-22.5,-22.5,-26.432664756446993,-32.94642857142857,-22.5,-22.5,-22.5,-22.5,NA,NA,NA,-135,-135
2012,73,-22.5,-22.5,-22.5,-22.5,-22.5,-22.5,-22.5,-26.432664756446993,-32.94642857142857,-22.5,-22.5,-22.5,-22.5,NA,NA,NA,-135,-135
2012,74,-22.5,-22.5,-22.5,-1,-0.2,7.7,5.6,10.338108882521492,9.078571428571427,10.3,10.4,10.1,16.4,NA,NA,NA,-61,-61
2012,75,-22.5,-22.5,-22.5,-22.5,0.5,-2.1,-22.5,-26.432664756446993,-32.94642857142857,-9,-0.9,-22.5,-22.5,NA,NA,NA,-91.6,-91.6
2012,76,-22.5,-22.5,0.1,0.1,0,-22.5,-22.5,11.630372492836678,23.721428571428568,1.9,-22.5,1.3,-22.5,NA,NA,NA,-67.3,-67.3
2012,77,-22.5,-22.5,-22.5,-0.8,-22.5,4.7,-6.8,14.332378223495702,18.157142857142855,5.3,12.2,-6.6,1.7,NA,NA,NA,-86.1,-86.1
2012,78,-22.5,-22.5,-22.5,13.9,-6.2,14.2,2.9,-3.5243553008595994,13.325,3.2,6.6,5.3,8.6,NA,NA,NA,-45.60000000000001,-45.60000000000001
2012,79,-22.5,-22.5,-22.5,-22.5,-22.5,-22.5,-22.5,-26.432664756446993,-32.94642857142857,-22.5,-22.5,-22.5,-22.5,NA,NA,NA,-135,-135
2012,80,-22.5,-22.5,-22.5,-22.5,-22.5,-22.5,-22.5,-26.432664756446993,-32.94642857142857,-22.5,-22.5,-22.5,-22.5,NA,NA,NA,-135,-135
2012,81,-22.5,-22.5,-22.5,-1.6,-0.9,2.1,5.9,1.879656160458453,0.14642857142857144,1.6,5.6,-6,4,NA,NA,NA,-67.9,-67.9
2012,82,-22.5,-22.5,-22.5,-22.5,-22.5,-22.5,-22.5,-26.432664756446993,-32.94642857142857,-22.5,-22.5,-22.5,-22.5,NA,NA,NA,-135,-135
2012,83,-22.5,-22.5,-22.5,4.1,24,-5.9,22.8,-5.6389684813753584,-5.125,9,5.6,-22.5,-0.8,NA,NA,NA,-45.3,-45.3
2012,84,-22.5,-22.5,-22.5,-22.5,-22.5,-22.5,-22.5,-26.432664756446993,-32.94642857142857,-22.5,-22.5,-22.5,-22.5,NA,NA,NA,-135,-135
2012,85,-22.5,-22.5,-22.5,-22.5,-22.5,8.7,1.2,6.226361031518625,6.003571428571427,13.9,10.7,-6.6,8.2,NA,NA,NA,-103.8,-103.8
2012,86,-22.5,-22.5,-22.5,22.6,11.3,12.7,14.2,7.871060171919772,0,15.3,-5.9,4.4,9.4,NA,NA,NA,-20.899999999999995,-20.899999999999995
2012,87,-22.5,11.5,15.6,15.4,39.1,27.9,35.3,12.217765042979945,-1.9035714285714285,38.5,2.6,13.4,8.4,NA,NA,NA,87,87
2012,88,-22.5,-22.5,-22.5,-22.5,-22.5,-22.5,-22.5,-26.432664756446993,-32.94642857142857,-22.5,-22.5,-22.5,-22.5,NA,NA,NA,-135,-135
2012,89,-22.5,-22.5,-22.5,0.4,-22.5,1.5,6.1,3.5243553008595994,-32.94642857142857,-22.5,-22.5,-22.5,-22.5,NA,NA,NA,-88.1,-88.1
2012,90,-22.5,-22.5,-22.5,-22.5,-22.5,-22.5,-22.5,-26.432664756446993,-32.94642857142857,-22.5,-22.5,-22.5,-22.5,NA,NA,NA,-135,-135
2012,91,-22.5,-22.5,-22.5,-22.5,-22.5,-22.5,-22.5,-26.432664756446993,-32.94642857142857,-22.5,-22.5,-22.5,-22.5,NA,NA,NA,-135,-135
2012,92,-22.5,-22.5,-22.5,-22.5,-22.5,-22.5,-22.5,-26.432664756446993,-32.94642857142857,-22.5,-22.5,-22.5,-22.5,NA,NA,NA,-135,-135
2012,93,-22.5,-22.5,-22.5,4.6,-22.5,7.7,9.6,-0.5873925501432665,5.710714285714285,-0.8,11.8,6.6,5.1,NA,NA,NA,-77.7,-77.7
2012,94,-22.5,-22.5,-22.5,-22.5,-22.5,-22.5,-22.5,-26.432664756446993,-32.94642857142857,-22.5,-22.5,-22.5,-22.5,NA,NA,NA,-135,-135
2012,95,-22.5,-22.5,0.1,0.4,5.1,3,14,-1.174785100286533,-6.296428571428571,-1,1.5,-6.1,-2.3,NA,NA,NA,-36.4,-36.4
2012,96,-22.5,-22.5,-22.5,-22.5,-22.5,-22.5,-22.5,-26.432664756446993,-32.94642857142857,-22.5,-22.5,-22.5,-22.5,NA,NA,NA,-135,-135
2012,97,-22.5,-22.5,-22.5,-22.5,-22.5,1.1,-22.5,-26.432664756446993,-32.94642857142857,-22.5,-22.5,-22.5,-22.5,NA,NA,NA,-111.4,-111.4
2012,98,-22.5,-22.5,-22.5,-22.5,-22.5,-22.5,-22.5,-26.432664756446993,-32.94642857142857,-22.5,-22.5,-22.5,-22.5,NA,NA,NA,-135,-135
2012,99,-22.5,-22.5,-22.5,-22.5,-22.5,-22.5,-22.5,-26.432664756446993,-32.94642857142857,-22.5,-22.5,-22.5,-22.5,NA,NA,NA,-135,-135
2012,100,-22.5,-22.5,-22.5,-22.5,-22.5,-22.5,-22.5,-26.432664756446993,-32.94642857142857,-22.5,-22.5,-22.5,-22.5,NA,NA,NA,-135,-135
2012,101,-22.5,-22.5,-1,-2,-1.1,-1.3,-0.3,-1.174785100286533,-0.14642857142857144,-3,-22.5,-22.5,-22.5,NA,NA,NA,-50.4,-50.4
2012,102,-22.5,-22.5,-22.5,-22.5,-22.5,-22.5,-22.5,-26.432664756446993,-32.94642857142857,-22.5,-22.5,-22.5,-22.5,NA,NA,NA,-135,-135
2012,103,-22.5,-22.5,-22.5,-22.5,-22.5,-22.5,-22.5,-26.432664756446993,-32.94642857142857,-22.5,-22.5,-22.5,-22.5,NA,NA,NA,-135,-135
2012,104,-22.5,-22.5,-22.5,-22.5,-1.2,3.9,0.6,-26.432664756446993,-0.14642857142857144,-22.5,-22.5,-22.5,-22.5,NA,NA,NA,-87.3,-87.3
2012,105,-22.5,-22.5,-22.5,-1.1,-2.7,5.4,10.5,5.991404011461318,1.1714285714285715,10,1,3.6,2.9,NA,NA,NA,-65.89999999999999,-65.89999999999999
2012,106,-22.5,-22.5,-22.5,-22.5,-22.5,-22.5,-22.5,-26.432664756446993,-32.94642857142857,-22.5,-22.5,-22.5,-22.5,NA,NA,NA,-135,-135
2012,107,-22.5,-22.5,-22.5,-22.5,-22.5,-22.5,-22.5,-26.432664756446993,-32.94642857142857,-22.5,-22.5,-22.5,-22.5,NA,NA,NA,-135,-135
2012,108,-22.5,-22.5,-22.5,-22.5,-22.5,-22.5,-22.5,-26.432664756446993,-32.94642857142857,-22.5,-22.5,-22.5,-22.5,NA,NA,NA,-135,-135
2012,109,-22.5,-22.5,-22.5,-22.5,-22.5,-22.5,-22.5,-26.432664756446993,-32.94642857142857,-22.5,-22.5,-22.5,-22.5,NA,NA,NA,-135,-135
2012,110,-22.5,-22.5,-22.5,2,7.9,2,6.9,-3.6418338108882526,4.539285714285714,4.5,1.7,-0.5,-0.6,NA,NA,NA,-55.6,-55.6
2012,111,-22.5,-22.5,-22.5,-22.5,-22.5,-22.5,-22.5,-26.432664756446993,-32.94642857142857,-22.5,-22.5,-22.5,-22.5,NA,NA,NA,-135,-135
2012,112,-22.5,-22.5,-22.5,-22.5,-22.5,-22.5,-22.5,-26.432664756446993,-32.94642857142857,-22.5,-22.5,-22.5,-22.5,NA,NA,NA,-135,-135
2012,113,-22.5,-22.5,-22.5,-22.5,-22.5,-22.5,-22.5,-26.432664756446993,-32.94642857142857,-22.5,-22.5,-22.5,-22.5,NA,NA,NA,-135,-135
2012,114,-22.5,-22.5,-22.5,-22.5,-22.5,-22.5,-22.5,-26.432664756446993,-32.94642857142857,-22.5,-22.5,-22.5,-22.5,NA,NA,NA,-135,-135
2012,115,-22.5,-22.5,-22.5,-22.5,-22.5,-22.5,-22.5,-26.432664756446993,-32.94642857142857,-22.5,-22.5,-22.5,-22.5,NA,NA,NA,-135,-135
2012,116,-22.5,-22.5,-22.5,-22.5,-22.5,-22.5,-22.5,-26.432664756446993,-32.94642857142857,-22.5,-22.5,-22.5,-22.5,NA,NA,NA,-135,-135
2012,117,-22.5,-22.5,-22.5,-22.5,0.4,-0.2,-22.5,-26.432664756446993,-32.94642857142857,-22.5,-22.5,-22.5,-22.5,NA,NA,NA,-89.8,-89.8
2012,118,-22.5,-22.5,-22.5,-22.5,-22.5,-22.5,-22.5,-26.432664756446993,-32.94642857142857,-22.5,-22.5,-22.5,-22.5,NA,NA,NA,-135,-135
2012,119,-22.5,-22.5,-22.5,-22.5,-22.5,-22.5,-22.5,-26.432664756446993,-32.94642857142857,-22.5,-22.5,-22.5,-22.5,NA,NA,NA,-135,-135
2012,120,-22.5,-22.5,-22.5,12.8,21,10.3,0.9,19.383954154727796,11.714285714285714,15.7,12,11.5,11.3,NA,NA,NA,-23.4,-23.400000000000002
2012,121,-22.5,-22.5,-22.5,-22.5,-22.5,-22.5,-22.5,-6.1088825214899725,-32.94642857142857,-22.5,-22.5,-22.5,-22.5,NA,NA,NA,-135,-135
2012,122,-22.5,-22.5,-22.5,-22.5,-22.5,7.7,-4.5,-3.5243553008595994,-32.94642857142857,-22.5,-1.1,-22.5,-22.5,NA,NA,NA,-104.8,-104.8
2012,123,-22.5,-22.5,-22.5,-22.5,-22.5,-22.5,-22.5,-26.432664756446993,-32.94642857142857,-22.5,-22.5,-22.5,-22.5,NA,NA,NA,-135,-135
2012,124,-22.5,-22.5,-22.5,-22.5,-22.5,-22.5,-22.5,-26.432664756446993,-32.94642857142857,-22.5,-22.5,-22.5,-22.5,NA,NA,NA,-135,-135
2012,125,-22.5,-22.5,-22.5,-22.5,-22.5,-22.5,-22.5,-26.432664756446993,-32.94642857142857,-22.5,-22.5,-22.5,-22.5,NA,NA,NA,-135,-135
2012,126,-22.5,-22.5,-22.5,-22.5,-22.5,1.9,-22.5,1.7621776504297997,-32.94642857142857,-2.2,-22.5,2.2,-22.5,NA,NA,NA,-110.6,-110.6
2012,127,-22.5,-22.5,-22.5,-22.5,-22.5,-22.5,-22.5,-26.432664756446993,-32.94642857142857,-22.5,-22.5,-22.5,-22.5,NA,NA,NA,-135,-135
2012,128,-22.5,-22.5,-22.5,-22.5,-22.5,-22.5,-22.5,-26.432664756446993,-32.94642857142857,-22.5,-22.5,-22.5,-22.5,NA,NA,NA,-135,-135
2012,129,-22.5,-22.5,-22.5,-22.5,-22.5,-22.5,-22.5,-26.432664756446993,-32.94642857142857,-22.5,-22.5,-22.5,-22.5,NA,NA,NA,-135,-135
2012,130,-22.5,-22.5,-22.5,10.9,3.9,36.7,17.9,40.647564469914045,39.38928571428571,31,38.8,41.5,51.4,NA,NA,NA,-16,-16
2012,131,-22.5,-22.5,-0.4,-22.5,1.7,-2.2,-22.5,-26.432664756446993,-32.94642857142857,-22.5,-22.5,-22.5,-22.5,NA,NA,NA,-68.4,-68.4
2012,132,-22.5,-22.5,-22.5,-22.5,-22.5,-22.5,-22.5,-26.432664756446993,-32.94642857142857,-22.5,-22.5,-22.5,-22.5,NA,NA,NA,-135,-135
2012,133,-22.5,-22.5,-22.5,-22.5,-22.5,-22.5,-22.5,-26.432664756446993,-32.94642857142857,-22.5,-22.5,-22.5,-22.5,NA,NA,NA,-135,-135
2012,134,-22.5,-22.5,-22.5,-22.5,-22.5,-22.5,-22.5,-26.432664756446993,-32.94642857142857,-22.5,-22.5,-22.5,-22.5,NA,NA,NA,-135,-135
2012,135,-22.5,-22.5,-22.5,-22.5,-22.5,-22.5,-22.5,-26.432664756446993,-32.94642857142857,-22.5,-22.5,-22.5,-22.5,NA,NA,NA,-135,-135
2012,136,-22.5,-22.5,-22.5,-22.5,-22.5,-22.5,-22.5,-26.432664756446993,-32.94642857142857,-22.5,-22.5,-22.5,-22.5,NA,NA,NA,-135,-135
2012,137,-22.5,-1.1,-22.5,-1.3,9,4.2,-0.1,-3.4068767908309456,0.4392857142857142,-22.5,-22.5,-22.5,-22.5,NA,NA,NA,-34.199999999999996,-34.199999999999996
2012,138,-22.5,-22.5,-22.5,-22.5,-22.5,-0.3,-22.5,-26.432664756446993,-32.94642857142857,-0.7,-22.5,-22.5,-22.5,NA,NA,NA,-112.8,-112.8
2012,139,-22.5,-22.5,-22.5,-22.5,-22.5,-22.5,-22.5,-26.432664756446993,-32.94642857142857,-22.5,-22.5,-22.5,-22.5,NA,NA,NA,-135,-135
2012,140,-22.5,-22.5,-22.5,-22.5,-22.5,-22.5,-22.5,-26.432664756446993,-32.94642857142857,-22.5,-22.5,-22.5,-22.5,NA,NA,NA,-135,-135
2012,141,-22.5,-22.5,-22.5,-22.5,-22.5,-22.5,-22.5,-26.432664756446993,-32.94642857142857,-22.5,-22.5,-22.5,-22.5,NA,NA,NA,-135,-135
2012,142,-22.5,-22.5,-22.5,-22.5,-22.5,-22.5,-22.5,-26.432664756446993,-32.94642857142857,-22.5,-22.5,-22.5,-22.5,NA,NA,NA,-135,-135
2012,143,-22.5,-22.5,-22.5,-22.5,-22.5,-22.5,-22.5,-26.432664756446993,-32.94642857142857,-22.5,-22.5,-22.5,-22.5,NA,NA,NA,-135,-135
2012,144,-22.5,-22.5,-22.5,-22.5,-22.5,-22.5,-22.5,-26.432664756446993,-32.94642857142857,-22.5,-22.5,-22.5,-22.5,NA,NA,NA,-135,-135
2012,145,-22.5,-22.5,-22.5,-22.5,-22.5,-22.5,-22.5,-26.432664756446993,-32.94642857142857,-22.5,-22.5,-22.5,-22.5,NA,NA,NA,-135,-135
2012,146,-22.5,-22.5,-22.5,-22.5,-22.5,-22.5,-22.5,-26.432664756446993,-32.94642857142857,-22.5,-22.5,-22.5,-22.5,NA,NA,NA,-135,-135
2012,147,-22.5,-22.5,-22.5,-2.6,-3.6,1.2,-4.3,7.871060171919772,-7.321428571428571,6.4,0.4,7.7,0.4,NA,NA,NA,-72.49999999999999,-72.49999999999999
2012,148,-22.5,-22.5,-22.5,-22.5,-22.5,-22.5,-22.5,-26.432664756446993,-32.94642857142857,-22.5,-22.5,-22.5,-22.5,NA,NA,NA,-135,-135
2012,149,-22.5,-22.5,-22.5,-22.5,-22.5,-22.5,-22.5,-26.432664756446993,-32.94642857142857,-22.5,-22.5,-22.5,-22.5,NA,NA,NA,-135,-135
2012,150,-22.5,-22.5,-22.5,-22.5,-22.5,8.8,6.2,7.518624641833812,1.9035714285714285,14.9,8,0.4,-2.1,NA,NA,NA,-103.7,-103.7
2012,151,-22.5,-22.5,-22.5,5.3,3.5,9.7,7,0.9398280802292265,2.6357142857142857,6.5,11.2,2.6,4.6,NA,NA,NA,-49,-49
2012,152,-22.5,-22.5,-22.5,-22.5,-22.5,-22.5,-22.5,-26.432664756446993,-32.94642857142857,-22.5,-22.5,-22.5,-22.5,NA,NA,NA,-135,-135
2012,153,-22.5,-22.5,-22.5,-22.5,-22.5,-22.5,-22.5,-26.432664756446993,-32.94642857142857,-22.5,-22.5,-22.5,-22.5,NA,NA,NA,-135,-135
2012,154,-22.5,-22.5,-22.5,-22.5,-22.5,-22.5,-22.5,-26.432664756446993,-32.94642857142857,-22.5,-22.5,-22.5,-22.5,NA,NA,NA,-135,-135
2012,155,-22.5,-22.5,-22.5,-22.5,-22.5,-22.5,-22.5,-26.432664756446993,-32.94642857142857,-22.5,-22.5,-22.5,-22.5,NA,NA,NA,-135,-135
2012,156,-22.5,-22.5,-22.5,2.6,4.4,0.6,1.7,1.997134670487106,7.760714285714285,5.3,-1.1,-8.4,6.4,NA,NA,NA,-59.900000000000006,-59.900000000000006
2012,157,-22.5,-22.5,-22.5,-22.5,-22.5,-22.5,-22.5,-26.432664756446993,-32.94642857142857,-22.5,-22.5,-22.5,-22.5,NA,NA,NA,-135,-135
2012,158,-22.5,-22.5,-22.5,-22.5,-22.5,-22.5,-22.5,-26.432664756446993,-32.94642857142857,-22.5,-22.5,-22.5,-22.5,NA,NA,NA,-135,-135
2012,159,-22.5,-22.5,-22.5,-22.5,-22.5,-22.5,-22.5,-26.432664756446993,-32.94642857142857,-22.5,-22.5,-22.5,-22.5,NA,NA,NA,-135,-135
2012,160,-22.5,-22.5,-22.5,-22.5,-22.5,-22.5,-22.5,-26.432664756446993,-32.94642857142857,-22.5,-22.5,-22.5,-22.5,NA,NA,NA,-135,-135
2012,161,-22.5,-22.5,-22.5,-22.5,1.3,6.6,-3.7,-26.432664756446993,-32.94642857142857,-22.5,-22.5,-22.5,-22.5,NA,NA,NA,-82.10000000000001,-82.10000000000001
2012,162,-22.5,-22.5,-22.5,0.5,0.5,-22.5,-0.8,2.8194842406876792,-32.94642857142857,-22.5,-22.5,-22.5,-22.5,NA,NA,NA,-89,-89
2012,163,-22.5,-22.5,-22.5,-0.4,0.2,3.3,-2.7,5.521489971346705,14.789285714285713,8.2,45.4,23.9,12,NA,NA,NA,-64.4,-64.4
2012,164,-22.5,-22.5,-22.5,-22.5,-22.5,-22.5,-22.5,-26.432664756446993,-32.94642857142857,-22.5,-22.5,-22.5,-22.5,NA,NA,NA,-135,-135
2012,165,-22.5,-22.5,-22.5,-22.5,-22.5,-22.5,-22.5,-26.432664756446993,-32.94642857142857,-22.5,-22.5,-22.5,-22.5,NA,NA,NA,-135,-135
2012,166,-22.5,-22.5,-22.5,-22.5,-22.5,-22.5,-22.5,-26.432664756446993,-32.94642857142857,-22.5,-22.5,-22.5,-22.5,NA,NA,NA,-135,-135
2012,167,-22.5,-22.5,-22.5,-22.5,-22.5,-22.5,-22.5,-1.2922636103151866,-32.94642857142857,-22.5,-22.5,-22.5,-22.5,NA,NA,NA,-135,-135
2012,168,-22.5,-22.5,-22.5,-22.5,-22.5,-22.5,-22.5,-26.432664756446993,-32.94642857142857,-22.5,-22.5,-22.5,-22.5,NA,NA,NA,-135,-135
2012,169,-22.5,-22.5,-22.5,0.1,-1.2,6.4,5.2,5.169054441260746,1.757142857142857,3.7,-1.3,-1.9,2.8,NA,NA,NA,-62.20000000000001,-62.20000000000001
2012,170,-22.5,-22.5,-22.5,-22.5,-22.5,-22.5,-22.5,-26.432664756446993,-32.94642857142857,-22.5,-22.5,-22.5,-22.5,NA,NA,NA,-135,-135
2012,171,-22.5,-22.5,-22.5,-22.5,-22.5,0.6,2.5,-26.432664756446993,-32.94642857142857,-22.5,-22.5,-22.5,-22.5,NA,NA,NA,-111.9,-111.9
2012,172,-22.5,-22.5,-22.5,-22.5,-22.5,-22.5,-22.5,-26.432664756446993,-32.94642857142857,-22.5,-22.5,-22.5,-22.5,NA,NA,NA,-135,-135
2012,173,-22.5,-22.5,-22.5,-22.5,-22.5,-22.5,-22.5,-26.432664756446993,-32.94642857142857,-22.5,-22.5,-22.5,-22.5,NA,NA,NA,-135,-135
2012,174,-22.5,-22.5,-22.5,-22.5,-22.5,-22.5,-22.5,-26.432664756446993,-32.94642857142857,-22.5,-22.5,-22.5,-22.5,NA,NA,NA,-135,-135
2012,175,-22.5,-22.5,-22.5,-22.5,8.6,5.4,10.5,6.226361031518625,-1.6107142857142858,-0.1,5.7,-4.5,-1.7,NA,NA,NA,-76,-76
2012,176,-22.5,-22.5,0.3,-0.8,-1.6,-22.5,-22.5,-26.432664756446993,-32.94642857142857,-0.3,-22.5,-22.5,-22.5,NA,NA,NA,-69.6,-69.6
2012,177,-22.5,-22.5,-22.5,-22.5,-22.5,-22.5,-22.5,-26.432664756446993,-32.94642857142857,-22.5,-22.5,-22.5,-22.5,NA,NA,NA,-135,-135
2012,178,-22.5,-22.5,-22.5,-22.5,-22.5,-22.5,-22.5,-26.432664756446993,-32.94642857142857,-22.5,-22.5,-22.5,-22.5,NA,NA,NA,-135,-135
2012,179,-22.5,-5.8,0.5,-22.5,-3.2,-22.5,-22.5,-26.432664756446993,-32.94642857142857,-22.5,-22.5,-22.5,-22.5,NA,NA,NA,-76,-76
2012,180,-22.5,-22.5,-22.5,-22.5,-22.5,-22.5,-22.5,-26.432664756446993,-32.94642857142857,-22.5,-22.5,-22.5,-22.5,NA,NA,NA,-135,-135
2012,181,-22.5,-22.5,-22.5,-22.5,2.8,2.8,3.9,-26.432664756446993,-32.94642857142857,-22.5,-22.5,-22.5,-22.5,NA,NA,NA,-84.4,-84.4
2012,182,-22.5,-22.5,-22.5,-22.5,-22.5,-22.5,-22.5,-26.432664756446993,-32.94642857142857,-22.5,-22.5,-22.5,-22.5,NA,NA,NA,-135,-135
2012,183,-22.5,-22.5,-22.5,-22.5,-22.5,-22.5,-22.5,-26.432664756446993,-32.94642857142857,-22.5,-22.5,-22.5,-22.5,NA,NA,NA,-135,-135
2012,184,-22.5,-22.5,-22.5,-22.5,0,0.1,-22.5,-26.432664756446993,-32.94642857142857,-22.5,-22.5,-22.5,-22.5,NA,NA,NA,-89.9,-89.9
2012,185,-22.5,-22.5,-22.5,-22.5,-22.5,-22.5,-22.5,-0.23495702005730662,-32.94642857142857,-22.5,-22.5,-22.5,-22.5,NA,NA,NA,-135,-135
2012,186,-22.5,-22.5,-22.5,-22.5,-22.5,-22.5,-22.5,-26.432664756446993,-32.94642857142857,-22.5,-22.5,-22.5,-22.5,NA,NA,NA,-135,-135
2012,187,-22.5,-22.5,-22.5,-22.5,-22.5,-22.5,-22.5,-26.432664756446993,-32.94642857142857,-22.5,-22.5,-22.5,-22.5,NA,NA,NA,-135,-135
2012,188,-22.5,-22.5,-22.5,-22.5,-22.5,-22.5,-22.5,-26.432664756446993,-32.94642857142857,-22.5,-22.5,-22.5,-22.5,NA,NA,NA,-135,-135
2012,189,-22.5,-22.5,-22.5,-22.5,-22.5,-22.5,-22.5,-26.432664756446993,-32.94642857142857,-22.5,-22.5,-22.5,-22.5,NA,NA,NA,-135,-135
2012,190,-22.5,-22.5,-22.5,-22.5,-22.5,-22.5,-22.5,-26.432664756446993,-32.94642857142857,-22.5,-22.5,-22.5,-22.5,NA,NA,NA,-135,-135
2012,191,-22.5,-22.5,-22.5,-22.5,-22.5,-22.5,-22.5,-26.432664756446993,-32.94642857142857,-22.5,-22.5,-22.5,-22.5,NA,NA,NA,-135,-135
2012,192,-22.5,-22.5,-22.5,-22.5,-22.5,-22.5,-22.5,-26.432664756446993,-32.94642857142857,-22.5,-22.5,-22.5,-22.5,NA,NA,NA,-135,-135
2012,193,-22.5,-22.5,-22.5,-22.5,-0.3,-22.5,-22.5,-26.432664756446993,-32.94642857142857,-22.5,-22.5,-22.5,-22.5,NA,NA,NA,-112.8,-112.8
2012,194,-22.5,-22.5,-22.5,-22.5,-22.5,-22.5,-22.5,-26.432664756446993,-32.94642857142857,-22.5,-22.5,-22.5,-22.5,NA,NA,NA,-135,-135
2012,195,-22.5,-22.5,-22.5,-22.5,-22.5,5.1,-0.6,1.997134670487106,-7.614285714285714,-22.5,-22.5,-22.5,-22.5,NA,NA,NA,-107.4,-107.4
2012,196,-22.5,-22.5,-22.5,-22.5,-22.5,-22.5,-22.5,-26.432664756446993,-32.94642857142857,-22.5,-22.5,-22.5,-22.5,NA,NA,NA,-135,-135
2012,197,-22.5,-22.5,-22.5,-22.5,-22.5,-22.5,-22.5,-26.432664756446993,-32.94642857142857,-22.5,-22.5,-22.5,-22.5,NA,NA,NA,-135,-135
2012,198,-22.5,-22.5,-22.5,-22.5,-22.5,5,-0.8,-3.759312320916906,-32.94642857142857,-22.5,-22.5,-22.5,-22.5,NA,NA,NA,-107.5,-107.5
2012,199,-22.5,-22.5,-22.5,-22.5,-22.5,-22.5,-22.5,-26.432664756446993,-32.94642857142857,-22.5,-22.5,-0.9,-22.5,NA,NA,NA,-135,-135
2012,200,-22.5,-22.5,-22.5,-22.5,-22.5,-22.5,-22.5,-26.432664756446993,-32.94642857142857,-22.5,-22.5,-22.5,-22.5,NA,NA,NA,-135,-135
2012,201,-22.5,-22.5,-22.5,-22.5,-22.5,-22.5,-22.5,-26.432664756446993,-32.94642857142857,-22.5,-22.5,-22.5,-22.5,NA,NA,NA,-135,-135
2012,202,-22.5,-22.5,-22.5,-22.5,-22.5,-22.5,-22.5,6.343839541547279,-10.689285714285713,-22.5,-22.5,-22.5,-22.5,NA,NA,NA,-135,-135
2012,203,-22.5,-22.5,-22.5,-22.5,-22.5,-22.5,-22.5,-26.432664756446993,-32.94642857142857,-22.5,-22.5,-22.5,-22.5,NA,NA,NA,-135,-135
2012,204,-22.5,-22.5,-22.5,-22.5,-22.5,-22.5,-22.5,-26.432664756446993,-32.94642857142857,-22.5,-22.5,-22.5,-22.5,NA,NA,NA,-135,-135
2012,205,-22.5,-22.5,-22.5,-22.5,-22.5,-22.5,-22.5,-26.432664756446993,-32.94642857142857,-22.5,-22.5,-22.5,-22.5,NA,NA,NA,-135,-135
2012,206,-22.5,-22.5,-22.5,-22.5,-22.5,-22.5,-22.5,-26.432664756446993,-32.94642857142857,-22.5,-22.5,-22.5,-22.5,NA,NA,NA,-135,-135
2012,207,-22.5,-22.5,-22.5,-22.5,-22.5,-22.5,-22.5,-26.432664756446993,-32.94642857142857,-22.5,-22.5,-22.5,-22.5,NA,NA,NA,-135,-135
2012,208,-22.5,-22.5,-22.5,-22.5,-22.5,-22.5,-22.5,-26.432664756446993,-32.94642857142857,-22.5,-22.5,-22.5,-22.5,NA,NA,NA,-135,-135
2012,209,-22.5,-22.5,-22.5,-22.5,-22.5,-22.5,-22.5,-26.432664756446993,-32.94642857142857,-22.5,-22.5,-22.5,-22.5,NA,NA,NA,-135,-135
2012,210,-22.5,-22.5,-22.5,-22.5,-22.5,1.2,-0.5,-26.432664756446993,-32.94642857142857,-0.4,5.9,-1.6,-0.9,NA,NA,NA,-111.3,-111.3
2013,1,15.3,3.4,11.9,10.5,19.8,17.1,23.260744985673355,18.45,13.8,27.8,36,15.3,NA,NA,NA,NA,78,78
2013,2,6.8,3.7,13.6,15,15.6,23.9,2.702005730659026,17.425,19.4,16.9,21.6,13.5,NA,NA,NA,NA,78.6,78.6
2013,3,-22.5,2.7,4.4,9.3,-6.2,0.5,-2.584527220630373,0.14642857142857144,-2.4,-4.2,15.4,8.9,NA,NA,NA,NA,-11.8,-11.8
2013,4,0.5,5.8,-4.1,8.3,7.3,3.2,5.286532951289399,-8.639285714285714,5.8,7.1,3.7,4.7,NA,NA,NA,NA,21,21
2013,5,-1.5,1,-0.9,6.7,1.5,11,6.1088825214899725,14.496428571428572,22.1,7,-4.5,11.3,NA,NA,NA,NA,17.8,17.8
2013,6,4.2,6.1,12.2,7,10.1,12.2,1.2922636103151866,0,-2.1,2.3,9.6,16.4,NA,NA,NA,NA,51.8,51.8
2013,7,-22.5,-22.5,-6.4,-1.8,3.2,5,0.11747851002865331,14.642857142857142,0.4,4.1,2.9,1.9,NA,NA,NA,NA,-44.99999999999999,-44.99999999999999
2013,8,-3.3,-10.4,6.5,5,4.1,1.1,6.696275071633239,-6.296428571428571,2.8,9,2.1,6.5,NA,NA,NA,NA,3.0000000000000004,3.0000000000000004
2013,9,-22.5,-2.7,-0.4,5.9,13.6,9.4,0.7048710601719198,7.467857142857142,8.7,8.5,13.8,2.7,NA,NA,NA,NA,3.3000000000000043,3.3000000000000043
2013,10,8,-0.7,3.1,-22.5,-22.5,4.2,17.269340974212035,7.321428571428571,17,9.3,8.7,2.5,NA,NA,NA,NA,-30.4,-30.400000000000002
2013,11,-22.5,-22.5,-22.5,-22.5,-22.5,-1.4,-26.432664756446993,-4.978571428571428,-22.5,-22.5,-22.5,-22.5,NA,NA,NA,NA,-113.9,-113.9
2013,12,-22.5,-22.5,12.3,5.8,3.5,10.5,14.097421203438397,-6.5892857142857135,7.1,-2.3,11.3,0.2,NA,NA,NA,NA,-12.900000000000002,-12.900000000000002
2013,13,-22.5,-22.5,-22.5,6.3,10.4,8,0.11747851002865331,-8.932142857142855,8.1,15.6,15.4,10.5,NA,NA,NA,NA,-42.8,-42.800000000000004
2013,14,-22.5,-2.6,10.4,12.4,19.2,-1.7,1.997134670487106,8.346428571428572,2.5,-0.6,9.2,2.9,NA,NA,NA,NA,15.2,15.2
2013,15,-22.5,-22.5,5.2,-22.5,8.7,12,22.673352435530088,8.785714285714285,8,6.9,7.9,-2.3,NA,NA,NA,NA,-41.599999999999994,-41.599999999999994
2013,16,-0.1,2.1,-0.9,-4.1,4.9,5.1,-4.111747851002866,-0.29285714285714287,-2.5,6.3,-4.3,2.5,NA,NA,NA,NA,7,7
2013,17,-22.5,5.2,-3.4,-0.2,1.7,-22.5,0.8223495702005731,4.1,4.8,-2.8,8.9,-4.8,NA,NA,NA,NA,-41.7,-41.7
2013,18,-22.5,2.2,-4.4,-22.5,3.7,1.4,-5.873925501432665,-32.94642857142857,-22.5,-22.5,-22.5,-22.5,NA,NA,NA,NA,-42.1,-42.1
2013,19,-22.5,1.7,2.9,-22.5,-22.5,-22.5,-26.432664756446993,-32.94642857142857,-22.5,-22.5,-22.5,-22.5,NA,NA,NA,NA,-85.4,-85.4
2013,20,-22.5,-22.5,1.6,8.5,8,5,11.74785100286533,1.6107142857142858,7.9,4.7,17.6,3.1,NA,NA,NA,NA,-21.9,-21.9
2013,21,-22.5,-22.5,-0.9,1.8,-2.2,4.1,0.23495702005730662,-32.94642857142857,-0.3,-22.5,-22.5,-22.5,NA,NA,NA,NA,-42.2,-42.2
2013,22,-22.5,-22.5,-22.5,-22.5,-22.5,-22.5,-26.432664756446993,-32.94642857142857,-22.5,-22.5,-22.5,-22.5,NA,NA,NA,NA,-135,-135
2013,23,-22.5,11.8,3.2,2,5.3,2.6,6.226361031518625,14.935714285714283,11.7,0.3,-3,4.9,NA,NA,NA,NA,2.400000000000001,2.400000000000001
2013,24,-22.5,-22.5,-0.2,-0.9,-22.5,-22.5,-26.432664756446993,-32.94642857142857,-22.5,-22.5,-22.5,-22.5,NA,NA,NA,NA,-91.1,-91.1
2013,25,-22.5,-22.5,-2.6,0.2,-0.5,-22.5,-26.432664756446993,-1.757142857142857,3,-1.6,2.8,-0.9,NA,NA,NA,NA,-70.4,-70.4
2013,26,-22.5,-22.5,2.8,-1.1,5.7,5.4,7.518624641833812,12.592857142857142,5.9,10.2,6.2,7.5,NA,NA,NA,NA,-32.2,-32.2
2013,27,-22.5,9.1,0.8,3.6,-0.2,-0.6,-26.432664756446993,-32.94642857142857,-22.5,-22.5,-22.5,-22.5,NA,NA,NA,NA,-9.8,-9.799999999999999
2013,28,-22.5,-22.5,-22.5,-22.5,-22.5,-22.5,-26.432664756446993,-32.94642857142857,-22.5,-22.5,-22.5,-22.5,NA,NA,NA,NA,-135,-135
2013,29,-22.5,-22.5,-22.5,0.9,-2,10.2,8.693409742120345,2.489285714285714,-5.7,4.9,16.3,2.8,NA,NA,NA,NA,-58.39999999999999,-58.39999999999999
2013,30,-22.5,-22.5,-22.5,8.9,4.2,2.2,10.808022922636104,6.882142857142857,10.1,4.1,9.5,6.5,NA,NA,NA,NA,-52.2,-52.199999999999996
2013,31,-22.5,-22.5,-22.5,-22.5,-2.1,-1.7,-26.432664756446993,-32.94642857142857,-22.5,-22.5,-22.5,-22.5,NA,NA,NA,NA,-93.8,-93.8
2013,32,-22.5,-22.5,-7,-22.5,-1.9,-22.5,-26.432664756446993,-32.94642857142857,-22.5,-22.5,-22.5,-22.5,NA,NA,NA,NA,-98.9,-98.9
2013,33,-22.5,-22.5,-22.5,-2,1.1,2.9,-7.048710601719199,-0.8785714285714284,-3.6,-2,0.5,-22.5,NA,NA,NA,NA,-65.5,-65.5
2013,34,-22.5,-1.8,-2.2,-1.2,-1.5,-0.5,-2.232091690544413,-0.5857142857142857,-22.5,-22.5,-22.5,-22.5,NA,NA,NA,NA,-29.7,-29.7
2013,35,-22.5,-22.5,-22.5,3.2,-6.9,-0.5,12.10028653295129,11.275,0.8,9.9,1.3,1.8,NA,NA,NA,NA,-71.7,-71.7
2013,36,-22.5,-22.5,-22.5,-22.5,-22.5,-22.5,-26.432664756446993,-32.94642857142857,3,-22.5,-22.5,-22.5,NA,NA,NA,NA,-135,-135
2013,37,-22.5,-22.5,-22.5,-22.5,3.1,-2.5,-2.9369627507163325,-32.94642857142857,-22.5,-22.5,-22.5,-22.5,NA,NA,NA,NA,-89.4,-89.4
2013,38,-22.5,-22.5,-22.5,-22.5,-22.5,-22.5,-26.432664756446993,-32.94642857142857,-22.5,-22.5,-22.5,-22.5,NA,NA,NA,NA,-135,-135
2013,39,-22.5,-22.5,1,-1.3,-22.5,-22.5,-26.432664756446993,-32.94642857142857,-3,-2.7,-22.5,-22.5,NA,NA,NA,NA,-90.3,-90.3
2013,40,-22.5,-22.5,-22.5,1.7,1.6,-3.5,-26.432664756446993,-32.94642857142857,-22.5,-22.5,-22.5,-22.5,NA,NA,NA,NA,-67.7,-67.7
2013,41,-22.5,-22.5,-22.5,-22.5,-0.1,-10.4,3.1719197707736395,-4.392857142857142,-2,0.2,-2,-22.5,NA,NA,NA,NA,-100.5,-100.5
2013,42,-22.5,-22.5,-22.5,1.7,0.4,0.6,-26.432664756446993,-32.94642857142857,-22.5,1.1,-22.5,-22.5,NA,NA,NA,NA,-64.8,-64.8
2013,43,-22.5,-22.5,-1.1,-0.1,0.3,0.4,0.3524355300859599,-2.05,-2.7,2.7,0,-22.5,NA,NA,NA,NA,-45.50000000000001,-45.50000000000001
2013,44,-22.5,-22.5,-22.5,0.3,0.8,-2.5,14.332378223495702,10.835714285714285,28.7,7.7,19.2,-2.3,NA,NA,NA,NA,-68.9,-68.9
2013,45,-22.5,-22.5,-22.5,-0.4,-22.5,-22.5,-26.432664756446993,-32.94642857142857,-22.5,-22.5,-22.5,-22.5,NA,NA,NA,NA,-112.9,-112.9
2013,46,-22.5,-22.5,-22.5,0.6,1.7,-22.5,-26.432664756446993,-32.94642857142857,-22.5,-22.5,-22.5,-22.5,NA,NA,NA,NA,-87.7,-87.7
2013,47,-22.5,-22.5,-22.5,-22.5,-22.5,-22.5,-26.432664756446993,-32.94642857142857,-22.5,-22.5,-22.5,-22.5,NA,NA,NA,NA,-135,-135
2013,48,-22.5,-22.5,-22.5,-22.5,-22.5,-22.5,-26.432664756446993,-32.94642857142857,-22.5,-22.5,-22.5,-22.5,NA,NA,NA,NA,-135,-135
2013,49,-22.5,-22.5,-22.5,-22.5,-22.5,-22.5,-26.432664756446993,-32.94642857142857,-22.5,-22.5,-22.5,-22.5,NA,NA,NA,NA,-135,-135
2013,50,-22.5,-22.5,-22.5,-22.5,2,2.5,-26.432664756446993,-32.94642857142857,-1.3,-22.5,-22.5,-22.5,NA,NA,NA,NA,-85.5,-85.5
2013,51,-22.5,-22.5,-22.5,-22.5,1.5,4,-1.6446991404011462,-32.94642857142857,-22.5,-22.5,-22.5,-22.5,NA,NA,NA,NA,-84.5,-84.5
2013,52,-22.5,-22.5,0.2,0.2,1.3,0.1,-26.432664756446993,-32.94642857142857,-2,-22.5,8.8,-22.5,NA,NA,NA,NA,-43.2,-43.199999999999996
2013,53,-22.5,-22.5,-22.5,-22.5,-6.5,-4.9,-3.5243553008595994,-32.94642857142857,-22.5,-22.5,-22.5,-22.5,NA,NA,NA,NA,-101.4,-101.4
2013,54,-22.5,-22.5,-22.5,-22.5,-22.5,-22.5,-26.432664756446993,-32.94642857142857,-22.5,-22.5,-22.5,-22.5,NA,NA,NA,NA,-135,-135
2013,55,-22.5,-22.5,-22.5,8.1,0.6,7.5,7.871060171919772,-0.5857142857142857,7.7,7.9,13.3,9.8,NA,NA,NA,NA,-51.3,-51.3
2013,56,-22.5,-22.5,-22.5,-22.5,-22.5,-22.5,-26.432664756446993,-32.94642857142857,-22.5,-22.5,-22.5,-22.5,NA,NA,NA,NA,-135,-135
2013,57,-22.5,-22.5,-22.5,1.3,-0.4,-1.6,3.2893982808022924,-0.8785714285714284,6.1,8.7,3.1,1.9,NA,NA,NA,NA,-68.2,-68.2
2013,58,-22.5,-22.5,-22.5,-0.3,7.1,9,7.166189111747851,0,13.5,9.1,8.3,4.3,NA,NA,NA,NA,-51.7,-51.699999999999996
2013,59,-22.5,-22.5,-22.5,0.3,-4.6,-0.3,-0.7048710601719198,0.29285714285714287,14.4,-8.5,1,9.3,NA,NA,NA,NA,-72.1,-72.1
2013,60,-22.5,-22.5,-22.5,-22.5,-22.5,-22.5,-26.432664756446993,-32.94642857142857,-22.5,-22.5,-22.5,-22.5,NA,NA,NA,NA,-135,-135
2013,61,-22.5,-22.5,-22.5,-0.3,-22.5,2.2,11.630372492836678,3.9535714285714287,-1.4,1.2,1.3,-22.5,NA,NA,NA,NA,-88.1,-88.1
2013,62,-22.5,-22.5,-22.5,-22.5,-22.5,-22.5,-26.432664756446993,-32.94642857142857,-22.5,-22.5,-22.5,-22.5,NA,NA,NA,NA,-135,-135
2013,63,-22.5,-22.5,-22.5,-5,-22.5,-22.5,-26.432664756446993,-32.94642857142857,11.5,-19.7,0.4,-5.2,NA,NA,NA,NA,-117.5,-117.5
2013,64,-22.5,-22.5,-22.5,-22.5,-22.5,-22.5,-26.432664756446993,-32.94642857142857,-22.5,-22.5,-22.5,-22.5,NA,NA,NA,NA,-135,-135
2013,65,-22.5,-22.5,-22.5,-22.5,-22.5,-22.5,-26.432664756446993,-32.94642857142857,-22.5,-22.5,-22.5,-22.5,NA,NA,NA,NA,-135,-135
2013,66,-22.5,-22.5,1.9,23.1,6.5,14.6,-1.4097421203438396,16.4,6,8.9,3.6,2.7,NA,NA,NA,NA,1.0999999999999996,1.0999999999999996
2013,67,-22.5,-22.5,-22.5,-22.5,-22.5,-22.5,-26.432664756446993,-32.94642857142857,-22.5,-22.5,-22.5,-22.5,NA,NA,NA,NA,-135,-135
2013,68,-22.5,-22.5,-22.5,-22.5,-22.5,-22.5,-26.432664756446993,-32.94642857142857,-22.5,-22.5,-22.5,-22.5,NA,NA,NA,NA,-135,-135
2013,69,-22.5,-22.5,-22.5,0.5,-1.2,-22.5,-26.432664756446993,-32.94642857142857,-22.5,-22.5,-22.5,-22.5,NA,NA,NA,NA,-90.7,-90.7
2013,70,-22.5,-22.5,-22.5,-22.5,-22.5,-22.5,-26.432664756446993,-32.94642857142857,-22.5,-22.5,-22.5,-22.5,NA,NA,NA,NA,-135,-135
2013,71,-22.5,-22.5,-22.5,-22.5,-22.5,-22.5,-26.432664756446993,-32.94642857142857,-22.5,-22.5,-22.5,-22.5,NA,NA,NA,NA,-135,-135
2013,72,-22.5,-22.5,-22.5,-22.5,-1,-22.5,-26.432664756446993,-32.94642857142857,-22.5,-22.5,-22.5,-22.5,NA,NA,NA,NA,-113.5,-113.5
2013,73,-22.5,-22.5,-22.5,-22.5,-22.5,-22.5,-26.432664756446993,-32.94642857142857,-22.5,-22.5,-22.5,-22.5,NA,NA,NA,NA,-135,-135
2013,74,-22.5,-22.5,-22.5,2.7,0.1,-1.4,-0.8223495702005731,0.8785714285714284,-3.7,-0.7,-22.5,0.2,NA,NA,NA,NA,-66.10000000000001,-66.10000000000001
2013,75,-22.5,-22.5,-22.5,6.8,3.3,3.8,15.742120343839543,12.153571428571428,17,14.9,12.4,3.1,NA,NA,NA,NA,-53.60000000000001,-53.60000000000001
2013,76,-22.5,-22.5,-22.5,-22.5,-22.5,-22.5,-26.432664756446993,-32.94642857142857,-22.5,-22.5,-22.5,-22.5,NA,NA,NA,NA,-135,-135
2013,77,-22.5,-22.5,-22.5,7.6,-7.8,15.6,11.39541547277937,10.542857142857143,9.4,7.3,12.8,17.5,NA,NA,NA,NA,-52.1,-52.1
2013,78,-22.5,-22.5,-22.5,-22.5,-22.5,0.9,5.521489971346705,-10.25,-22.5,-22.5,-22.5,-2,NA,NA,NA,NA,-111.6,-111.6
2013,79,-22.5,-22.5,10.3,-22.5,-2.7,0.8,6.578796561604585,3.9535714285714287,0.4,-0.5,1.4,-6.7,NA,NA,NA,NA,-59.10000000000001,-59.10000000000001
2013,80,-22.5,0.1,12.9,4.3,3.2,0.8,1.6446991404011462,14.203571428571427,9.8,-3.3,12.7,-5.7,NA,NA,NA,NA,-1.1999999999999982,-1.1999999999999982
2013,81,-22.5,-22.5,-22.5,-0.8,-22.5,-1.1,-26.432664756446993,0,-22.5,-22.5,-22.5,-22.5,NA,NA,NA,NA,-91.9,-91.89999999999999
2013,82,-22.5,-22.5,-22.5,-22.5,-22.5,-22.5,2.9369627507163325,8.2,1,6.9,13.2,4.7,NA,NA,NA,NA,-135,-135
2013,83,-22.5,-22.5,-22.5,-22.5,-22.5,-22.5,-26.432664756446993,-32.94642857142857,-22.5,-22.5,-22.5,-22.5,NA,NA,NA,NA,-135,-135
2013,84,-22.5,-22.5,-22.5,-22.5,-22.5,-22.5,-26.432664756446993,-32.94642857142857,-22.5,-22.5,-22.5,-22.5,NA,NA,NA,NA,-135,-135
2013,85,-22.5,-22.5,-22.5,-22.5,-22.5,-22.5,-26.432664756446993,-32.94642857142857,-22.5,-22.5,-22.5,-22.5,NA,NA,NA,NA,-135,-135
2013,86,-22.5,1.6,4.8,2.7,1.1,2.6,-26.432664756446993,-32.94642857142857,-22.5,-22.5,-22.5,-22.5,NA,NA,NA,NA,-9.7,-9.7
2013,87,-22.5,-22.5,-22.5,-22.5,-22.5,-22.5,-26.432664756446993,-32.94642857142857,-22.5,-22.5,-22.5,-22.5,NA,NA,NA,NA,-135,-135
2013,88,-22.5,-22.5,-1,-2.8,-0.9,-22.5,-26.432664756446993,-32.94642857142857,-22.5,-22.5,-22.5,-22.5,NA,NA,NA,NA,-72.19999999999999,-72.19999999999999
2013,89,-22.5,-22.5,3.7,5,5.1,9,16.0945558739255,15.374999999999998,8.7,4.2,15.1,10.2,NA,NA,NA,NA,-22.199999999999996,-22.199999999999996
2013,90,-22.5,-22.5,-22.5,0.8,-0.4,-0.5,-26.432664756446993,-32.94642857142857,-22.5,-22.5,-22.5,-22.5,NA,NA,NA,NA,-67.60000000000001,-67.60000000000001
2013,91,-22.5,-22.5,-0.6,-22.5,-22.5,-22.5,-26.432664756446993,-32.94642857142857,-22.5,-22.5,-22.5,-22.5,NA,NA,NA,NA,-113.1,-113.1
2013,92,-22.5,-22.5,-22.5,-22.5,-22.5,-22.5,-26.432664756446993,-32.94642857142857,-22.5,-22.5,-22.5,-22.5,NA,NA,NA,NA,-135,-135
2013,93,-22.5,-22.5,-22.5,-22.5,-22.5,-22.5,-26.432664756446993,-32.94642857142857,-0.8,-22.5,-22.5,-22.5,NA,NA,NA,NA,-135,-135
2013,94,-22.5,-22.5,-22.5,-22.5,-22.5,-22.5,-26.432664756446993,-32.94642857142857,-22.5,-22.5,-22.5,-22.5,NA,NA,NA,NA,-135,-135
2013,95,-22.5,-22.5,-22.5,-22.5,-22.5,-22.5,-26.432664756446993,-32.94642857142857,-22.5,-22.5,-22.5,-22.5,NA,NA,NA,NA,-135,-135
2013,96,-22.5,-22.5,-22.5,-22.5,-22.5,-22.5,-26.432664756446993,-32.94642857142857,-22.5,-22.5,-22.5,-22.5,NA,NA,NA,NA,-135,-135
2013,97,-22.5,-22.5,-22.5,-22.5,-22.5,-22.5,-26.432664756446993,-32.94642857142857,-22.5,-22.5,-22.5,-22.5,NA,NA,NA,NA,-135,-135
2013,98,-22.5,-22.5,-22.5,-22.5,-22.5,-22.5,-26.432664756446993,-32.94642857142857,-22.5,-22.5,-22.5,-22.5,NA,NA,NA,NA,-135,-135
2013,99,-22.5,-22.5,0.2,6.7,18.1,13.2,18.914040114613183,34.99642857142857,31.9,52.2,8.1,-3.8,NA,NA,NA,NA,-6.799999999999994,-6.799999999999994
2013,100,-22.5,-22.5,-22.5,1.4,7.3,3.4,-0.7048710601719198,6.1499999999999995,-22.5,-4.7,-5.3,0.5,NA,NA,NA,NA,-55.4,-55.4
2013,101,-22.5,-22.5,1.4,-22.5,-0.6,-1.3,4.111747851002866,9.371428571428572,4.3,4.2,15.6,4.3,NA,NA,NA,NA,-67.99999999999999,-67.99999999999999
2013,102,-22.5,-22.5,0.3,-22.5,-22.5,-22.5,-26.432664756446993,-32.94642857142857,-22.5,-22.5,-22.5,-22.5,NA,NA,NA,NA,-112.2,-112.2
2013,103,-22.5,-22.5,-22.5,-22.5,-22.5,-22.5,-26.432664756446993,-32.94642857142857,-22.5,-22.5,-22.5,-22.5,NA,NA,NA,NA,-135,-135
2013,104,-22.5,-22.5,6.3,6.6,7.6,8.7,6.226361031518625,9.078571428571427,9.9,-4,2.9,4,NA,NA,NA,NA,-15.8,-15.8
2013,105,-22.5,-22.5,-22.5,-22.5,-22.5,-22.5,-26.432664756446993,-32.94642857142857,-22.5,-22.5,-22.5,-22.5,NA,NA,NA,NA,-135,-135
2013,106,-22.5,-22.5,-22.5,-22.5,-22.5,-22.5,-26.432664756446993,-32.94642857142857,-22.5,-22.5,-22.5,-22.5,NA,NA,NA,NA,-135,-135
2013,107,-22.5,-22.5,-22.5,-22.5,-22.5,-22.5,-26.432664756446993,-32.94642857142857,-22.5,-22.5,-22.5,-22.5,NA,NA,NA,NA,-135,-135
2013,108,-22.5,-22.5,0.6,1.8,-8.1,-3.9,-26.432664756446993,1.6107142857142858,-5.3,-2.7,-22.5,-22.5,NA,NA,NA,NA,-54.6,-54.6
2013,109,-22.5,-22.5,-22.5,-22.5,-22.5,-22.5,-26.432664756446993,-32.94642857142857,-22.5,-22.5,-22.5,-22.5,NA,NA,NA,NA,-135,-135
2013,110,-22.5,-22.5,-22.5,-22.5,-22.5,0.8,10.338108882521492,3.514285714285714,5.8,10.6,-4.4,2.9,NA,NA,NA,NA,-111.7,-111.7
2013,111,-22.5,-22.5,-22.5,-22.5,-22.5,-22.5,-26.432664756446993,-32.94642857142857,-22.5,-22.5,-22.5,-22.5,NA,NA,NA,NA,-135,-135
2013,112,-22.5,-22.5,-22.5,-22.5,-22.5,-22.5,-26.432664756446993,-32.94642857142857,-22.5,-22.5,-22.5,-22.5,NA,NA,NA,NA,-135,-135
2013,113,-22.5,-22.5,-22.5,-22.5,-22.5,-22.5,-26.432664756446993,-32.94642857142857,-22.5,-22.5,-22.5,-22.5,NA,NA,NA,NA,-135,-135
2013,114,-22.5,-22.5,-22.5,-22.5,-22.5,-22.5,-26.432664756446993,-32.94642857142857,-22.5,-22.5,-22.5,-22.5,NA,NA,NA,NA,-135,-135
2013,115,-22.5,-22.5,-22.5,-22.5,-22.5,-22.5,-26.432664756446993,-32.94642857142857,-22.5,-22.5,-22.5,-22.5,NA,NA,NA,NA,-135,-135
2013,116,-22.5,-22.5,-22.5,-22.5,-22.5,-22.5,-26.432664756446993,-32.94642857142857,-22.5,-22.5,-22.5,-22.5,NA,NA,NA,NA,-135,-135
2013,117,-22.5,-22.5,-22.5,-22.5,-22.5,-22.5,-26.432664756446993,-32.94642857142857,-22.5,-22.5,-22.5,-22.5,NA,NA,NA,NA,-135,-135
2013,118,-22.5,-22.5,2.3,-1,-22.5,-22.5,-26.432664756446993,-32.94642857142857,-1.1,8.3,1.5,-1.8,NA,NA,NA,NA,-88.7,-88.7
2013,119,-22.5,-22.5,-22.5,-22.5,-22.5,-22.5,-26.432664756446993,-32.94642857142857,-22.5,-22.5,-22.5,-22.5,NA,NA,NA,NA,-135,-135
2013,120,-22.5,-22.5,-22.5,-22.5,-22.5,-22.5,-26.432664756446993,-32.94642857142857,-22.5,-22.5,-22.5,-22.5,NA,NA,NA,NA,-135,-135
2013,121,-22.5,-22.5,-22.5,-3.2,-0.1,-1.1,-2.1146131805157595,4.1,5,0.2,-0.3,3.2,NA,NA,NA,NA,-71.89999999999999,-71.89999999999999
2013,122,-22.5,-22.5,-22.5,-22.5,-22.5,-22.5,-26.432664756446993,-32.94642857142857,-22.5,-22.5,-22.5,-22.5,NA,NA,NA,NA,-135,-135
2013,123,-22.5,-22.5,-22.5,-22.5,12.2,13.1,5.6389684813753584,1.1714285714285715,1.4,-22.5,-22.5,-22.5,NA,NA,NA,NA,-64.7,-64.7
2013,124,0.3,-22.5,0.3,0,-22.5,-22.5,-26.432664756446993,-32.94642857142857,-22.5,-22.5,-22.5,-22.5,NA,NA,NA,NA,-66.9,-66.9
2013,125,-22.5,-22.5,-22.5,-22.5,-22.5,0.9,-26.432664756446993,-32.94642857142857,-22.5,-1.1,-22.5,-22.5,NA,NA,NA,NA,-111.6,-111.6
2013,126,-22.5,-22.5,-22.5,-22.5,-22.5,-22.5,-26.432664756446993,-32.94642857142857,-22.5,-22.5,-22.5,-22.5,NA,NA,NA,NA,-135,-135
2013,127,-22.5,-22.5,-22.5,-22.5,-0.2,-22.5,6.813753581661891,-7.175,0.1,-22.5,-22.5,-22.5,NA,NA,NA,NA,-112.7,-112.7
2013,128,-22.5,-22.5,-22.5,-22.5,-22.5,-22.5,-26.432664756446993,-32.94642857142857,-22.5,-22.5,-22.5,-22.5,NA,NA,NA,NA,-135,-135
2013,129,-22.5,-22.5,-22.5,-22.5,-22.5,5,7.636103151862465,27.52857142857143,-0.8,-7.4,-6.7,-22.5,NA,NA,NA,NA,-107.5,-107.5
2013,130,-22.5,-22.5,-22.5,-22.5,-22.5,-22.5,-26.432664756446993,-32.94642857142857,-22.5,-22.5,-22.5,-22.5,NA,NA,NA,NA,-135,-135
2013,131,-22.5,-22.5,-22.5,-22.5,-22.5,-22.5,-26.432664756446993,-32.94642857142857,-22.5,-22.5,-22.5,-22.5,NA,NA,NA,NA,-135,-135
2013,132,-22.5,-22.5,-22.5,-22.5,-22.5,-22.5,-26.432664756446993,-32.94642857142857,-22.5,-22.5,-22.5,-22.5,NA,NA,NA,NA,-135,-135
2013,133,-22.5,-22.5,-22.5,-22.5,-22.5,1.2,2.4670487106017194,7.9071428571428575,4.3,4.3,0.9,1.7,NA,NA,NA,NA,-111.3,-111.3
2013,134,-22.5,-22.5,-22.5,-22.5,-22.5,-2.7,-26.432664756446993,-1.1714285714285715,-22.5,-22.5,-22.5,-22.5,NA,NA,NA,NA,-115.2,-115.2
2013,135,-22.5,-22.5,-22.5,-22.5,-22.5,-22.5,-26.432664756446993,-32.94642857142857,-22.5,-22.5,-22.5,-22.5,NA,NA,NA,NA,-135,-135
2013,136,-22.5,-22.5,-22.5,-22.5,-22.5,-22.5,-26.432664756446993,-32.94642857142857,-22.5,-22.5,-22.5,-22.5,NA,NA,NA,NA,-135,-135
2013,137,-22.5,-22.5,-22.5,-22.5,-22.5,-22.5,7.283667621776505,9.517857142857142,1.2,0.8,3,-6.4,NA,NA,NA,NA,-135,-135
2013,138,-22.5,-22.5,-22.5,-22.5,-22.5,-22.5,-26.432664756446993,-32.94642857142857,-22.5,-22.5,-22.5,-22.5,NA,NA,NA,NA,-135,-135
2013,139,-22.5,-22.5,-22.5,-22.5,-22.5,-22.5,-26.432664756446993,-32.94642857142857,-22.5,-22.5,-22.5,-22.5,NA,NA,NA,NA,-135,-135
2013,140,-22.5,-22.5,-22.5,-22.5,-22.5,-22.5,-26.432664756446993,-32.94642857142857,-22.5,-22.5,-22.5,-22.5,NA,NA,NA,NA,-135,-135
2013,141,-22.5,-22.5,-22.5,-22.5,-22.5,-22.5,-26.432664756446993,-32.94642857142857,-22.5,-22.5,-22.5,-22.5,NA,NA,NA,NA,-135,-135
2013,142,-22.5,-22.5,-22.5,-22.5,-22.5,-22.5,-26.432664756446993,-32.94642857142857,-22.5,-22.5,-22.5,-22.5,NA,NA,NA,NA,-135,-135
2013,143,-22.5,-22.5,-22.5,-22.5,-22.5,-22.5,-26.432664756446993,-32.94642857142857,-22.5,-22.5,-22.5,-22.5,NA,NA,NA,NA,-135,-135
2013,144,-22.5,-22.5,-22.5,-22.5,-22.5,-22.5,-26.432664756446993,-32.94642857142857,-22.5,-22.5,-22.5,-22.5,NA,NA,NA,NA,-135,-135
2013,145,-22.5,-22.5,-22.5,-22.5,-22.5,-22.5,-26.432664756446993,-32.94642857142857,-22.5,-22.5,-22.5,-22.5,NA,NA,NA,NA,-135,-135
2013,146,-22.5,-22.5,-22.5,-22.5,-22.5,-22.5,-26.432664756446993,-32.94642857142857,-22.5,-22.5,-22.5,-22.5,NA,NA,NA,NA,-135,-135
2013,147,-22.5,-22.5,-22.5,-22.5,-22.5,-22.5,-26.432664756446993,-32.94642857142857,-22.5,-22.5,-22.5,-22.5,NA,NA,NA,NA,-135,-135
2013,148,-22.5,-22.5,-22.5,0.8,2.2,-0.1,-26.432664756446993,-2.782142857142857,-1.8,1.1,4.8,-0.9,NA,NA,NA,NA,-64.6,-64.6
2013,149,-22.5,-22.5,-22.5,-22.5,-22.5,-22.5,-26.432664756446993,-32.94642857142857,-22.5,-22.5,-22.5,-22.5,NA,NA,NA,NA,-135,-135
2013,150,-22.5,-22.5,-22.5,-22.5,-22.5,-22.5,-26.432664756446993,-32.94642857142857,-22.5,-22.5,-22.5,-22.5,NA,NA,NA,NA,-135,-135
2013,151,-22.5,-22.5,-22.5,-22.5,-22.5,-22.5,-26.432664756446993,-32.94642857142857,-22.5,-22.5,-22.5,-22.5,NA,NA,NA,NA,-135,-135
2013,152,-22.5,-22.5,-22.5,-22.5,-22.5,-2.3,3.759312320916906,-2.196428571428571,-3.6,-5.1,-2.5,-1.8,NA,NA,NA,NA,-114.8,-114.8
2013,153,-22.5,-22.5,-22.5,-22.5,-22.5,-22.5,-26.432664756446993,-32.94642857142857,-22.5,-22.5,-22.5,-22.5,NA,NA,NA,NA,-135,-135
2013,154,-22.5,-22.5,-22.5,-22.5,-22.5,-22.5,-26.432664756446993,-32.94642857142857,-22.5,-22.5,-22.5,-22.5,NA,NA,NA,NA,-135,-135
2013,155,-22.5,-22.5,-22.5,-22.5,-22.5,-22.5,-26.432664756446993,-32.94642857142857,-22.5,-22.5,-22.5,-22.5,NA,NA,NA,NA,-135,-135
2013,156,-22.5,-22.5,-22.5,-22.5,-22.5,-22.5,-26.432664756446993,-32.94642857142857,-22.5,-22.5,-22.5,-22.5,NA,NA,NA,NA,-135,-135
2013,157,-22.5,-22.5,-22.5,-22.5,-22.5,-22.5,-26.432664756446993,-32.94642857142857,-22.5,-22.5,-22.5,-22.5,NA,NA,NA,NA,-135,-135
2013,158,-22.5,-22.5,-22.5,-22.5,-22.5,-22.5,-26.432664756446993,-32.94642857142857,-22.5,-22.5,-22.5,-22.5,NA,NA,NA,NA,-135,-135
2013,159,-22.5,-22.5,-22.5,-22.5,-22.5,-22.5,-26.432664756446993,-32.94642857142857,-22.5,-22.5,-22.5,-22.5,NA,NA,NA,NA,-135,-135
2013,160,-22.5,-22.5,-22.5,-22.5,-22.5,-22.5,-26.432664756446993,-32.94642857142857,-22.5,-22.5,-22.5,-22.5,NA,NA,NA,NA,-135,-135
2013,161,-22.5,-22.5,-22.5,-22.5,-22.5,-22.5,-26.432664756446993,-32.94642857142857,-22.5,-22.5,-22.5,-22.5,NA,NA,NA,NA,-135,-135
2013,162,-22.5,-22.5,-22.5,-22.5,-22.5,-22.5,-26.432664756446993,-32.94642857142857,-22.5,-22.5,-22.5,-22.5,NA,NA,NA,NA,-135,-135
2013,163,-22.5,-22.5,-22.5,-22.5,-22.5,-22.5,-26.432664756446993,-32.94642857142857,-22.5,-22.5,-22.5,-22.5,NA,NA,NA,NA,-135,-135
2013,164,-22.5,-22.5,-22.5,-22.5,-22.5,-22.5,-26.432664756446993,-32.94642857142857,-22.5,-22.5,-22.5,-22.5,NA,NA,NA,NA,-135,-135
2013,165,-22.5,-22.5,-22.5,-22.5,-22.5,-22.5,-26.432664756446993,-32.94642857142857,-22.5,-22.5,-22.5,-22.5,NA,NA,NA,NA,-135,-135
2013,166,-22.5,-22.5,-22.5,1.1,-1.7,-0.6,-1.879656160458453,-32.94642857142857,-22.5,-22.5,-22.5,-22.5,NA,NA,NA,NA,-68.7,-68.7
2013,167,-22.5,-22.5,-22.5,-22.5,-22.5,-22.5,-26.432664756446993,-32.94642857142857,-22.5,-22.5,-22.5,-22.5,NA,NA,NA,NA,-135,-135
2013,168,-22.5,-22.5,-22.5,-22.5,-22.5,-22.5,-26.432664756446993,-32.94642857142857,-22.5,-22.5,-22.5,-22.5,NA,NA,NA,NA,-135,-135
2013,169,-22.5,-22.5,-22.5,-22.5,-22.5,-22.5,-26.432664756446993,-32.94642857142857,-22.5,-22.5,-22.5,-22.5,NA,NA,NA,NA,-135,-135
2013,170,-22.5,0.7,-22.5,-22.5,-22.5,-22.5,-26.432664756446993,-32.94642857142857,-22.5,-22.5,-22.5,-22.5,NA,NA,NA,NA,-111.8,-111.8
2013,171,-22.5,-22.5,-22.5,-22.5,-22.5,-22.5,-26.432664756446993,-32.94642857142857,-22.5,-22.5,-22.5,-22.5,NA,NA,NA,NA,-135,-135
2013,172,-22.5,-22.5,-22.5,1.3,-22.5,-22.5,1.0573065902578798,-32.94642857142857,-22.5,-22.5,-22.5,-22.5,NA,NA,NA,NA,-111.2,-111.2
2013,173,-22.5,-22.5,-22.5,-22.5,-22.5,-22.5,-26.432664756446993,-32.94642857142857,-22.5,-22.5,-22.5,-22.5,NA,NA,NA,NA,-135,-135
2013,174,-22.5,-22.5,-22.5,-22.5,-22.5,-22.5,-26.432664756446993,-32.94642857142857,-22.5,-22.5,-22.5,-22.5,NA,NA,NA,NA,-135,-135
2013,175,-22.5,-22.5,-22.5,-22.5,-22.5,-22.5,-26.432664756446993,-32.94642857142857,-22.5,-22.5,-22.5,-22.5,NA,NA,NA,NA,-135,-135
2013,176,-22.5,-22.5,-22.5,-22.5,-22.5,-22.5,-26.432664756446993,-32.94642857142857,-22.5,-22.5,-22.5,-22.5,NA,NA,NA,NA,-135,-135
2013,177,-22.5,-22.5,-22.5,-22.5,-22.5,-22.5,-26.432664756446993,-32.94642857142857,-22.5,-22.5,-22.5,-22.5,NA,NA,NA,NA,-135,-135
2013,178,-22.5,-22.5,-22.5,-22.5,-22.5,-22.5,-26.432664756446993,-32.94642857142857,-22.5,-22.5,-22.5,-22.5,NA,NA,NA,NA,-135,-135
2013,179,-22.5,-22.5,-22.5,-22.5,-22.5,-22.5,-26.432664756446993,-32.94642857142857,-22.5,-22.5,-22.5,-22.5,NA,NA,NA,NA,-135,-135
2013,180,-22.5,-22.5,-22.5,-0.1,-22.5,-22.5,0.11747851002865331,-1.025,1.2,-1.5,-22.5,-22.5,NA,NA,NA,NA,-112.6,-112.6
2013,181,-22.5,-22.5,-22.5,-22.5,-22.5,-22.5,-26.432664756446993,-32.94642857142857,-22.5,-22.5,-22.5,-22.5,NA,NA,NA,NA,-135,-135
2013,182,-22.5,-22.5,-22.5,-22.5,-22.5,-22.5,-26.432664756446993,-32.94642857142857,-22.5,-22.5,-22.5,-22.5,NA,NA,NA,NA,-135,-135
2013,183,-22.5,-22.5,-22.5,-22.5,-22.5,-22.5,-26.432664756446993,-32.94642857142857,-22.5,-22.5,-22.5,-22.5,NA,NA,NA,NA,-135,-135
2013,184,-22.5,-22.5,-22.5,-22.5,-22.5,-22.5,-26.432664756446993,-32.94642857142857,-22.5,-22.5,-22.5,-22.5,NA,NA,NA,NA,-135,-135
2013,185,-22.5,-22.5,-22.5,-22.5,-22.5,-22.5,-26.432664756446993,-32.94642857142857,-22.5,-22.5,-22.5,-22.5,NA,NA,NA,NA,-135,-135
2013,186,-22.5,-22.5,0.6,0.7,-22.5,-22.5,-26.432664756446993,-32.94642857142857,-22.5,-22.5,-22.5,-22.5,NA,NA,NA,NA,-88.69999999999999,-88.69999999999999
2013,187,-22.5,-22.5,-22.5,-22.5,-22.5,-22.5,-26.432664756446993,-32.94642857142857,-22.5,-22.5,-22.5,-22.5,NA,NA,NA,NA,-135,-135
2013,188,-22.5,-22.5,-22.5,-22.5,-22.5,-22.5,-26.432664756446993,-32.94642857142857,-22.5,-22.5,-22.5,-22.5,NA,NA,NA,NA,-135,-135
2013,189,-22.5,-22.5,-22.5,-22.5,-22.5,-22.5,-26.432664756446993,-32.94642857142857,-22.5,-22.5,-22.5,-22.5,NA,NA,NA,NA,-135,-135
2013,190,-22.5,-22.5,-22.5,-22.5,-22.5,-22.5,-26.432664756446993,-32.94642857142857,-22.5,-22.5,-22.5,-22.5,NA,NA,NA,NA,-135,-135
2013,191,-22.5,-22.5,-22.5,-22.5,-22.5,-22.5,12.217765042979945,8.346428571428572,1.7,6.1,-12.6,-22.5,NA,NA,NA,NA,-135,-135
2013,192,-22.5,-22.5,-22.5,-22.5,-22.5,-22.5,-26.432664756446993,-32.94642857142857,-22.5,-22.5,-22.5,-22.5,NA,NA,NA,NA,-135,-135
2013,193,-22.5,-22.5,-22.5,-22.5,-22.5,-22.5,-26.432664756446993,-32.94642857142857,-22.5,-22.5,-22.5,-22.5,NA,NA,NA,NA,-135,-135
2013,194,-22.5,-22.5,-22.5,-22.5,-22.5,-22.5,-26.432664756446993,-32.94642857142857,-22.5,-22.5,-22.5,-22.5,NA,NA,NA,NA,-135,-135
2013,195,-22.5,-22.5,-22.5,-22.5,-22.5,-22.5,-26.432664756446993,-32.94642857142857,-22.5,-22.5,-22.5,-22.5,NA,NA,NA,NA,-135,-135
2013,196,-22.5,-22.5,-22.5,-22.5,-22.5,-22.5,-26.432664756446993,0.8785714285714284,-3,-2.8,0.9,1.9,NA,NA,NA,NA,-135,-135
2013,197,-22.5,-22.5,-22.5,-22.5,-22.5,-22.5,-26.432664756446993,-32.94642857142857,-22.5,-22.5,-22.5,-22.5,NA,NA,NA,NA,-135,-135
2013,198,-22.5,-22.5,-22.5,-22.5,-0.3,-2.1,-1.5272206303724931,-32.94642857142857,-22.5,-22.5,-22.5,-22.5,NA,NA,NA,NA,-92.4,-92.39999999999999
2013,199,-22.5,-22.5,-22.5,-22.5,-22.5,-22.5,-26.432664756446993,-32.94642857142857,-22.5,-22.5,-22.5,-22.5,NA,NA,NA,NA,-135,-135
2013,200,-22.5,-22.5,-22.5,-22.5,-22.5,-22.5,-26.432664756446993,-32.94642857142857,-22.5,-22.5,-22.5,-22.5,NA,NA,NA,NA,-135,-135
2013,201,-22.5,-22.5,-22.5,-22.5,-22.5,-22.5,-26.432664756446993,-32.94642857142857,-22.5,-22.5,-22.5,-22.5,NA,NA,NA,NA,-135,-135
2013,202,-22.5,-22.5,-22.5,-22.5,2,7.8,2.8194842406876792,5.564285714285714,6.4,0,-22.5,-22.5,NA,NA,NA,NA,-80.2,-80.2
2013,203,-22.5,-22.5,-22.5,-22.5,-22.5,-22.5,-26.432664756446993,-32.94642857142857,-22.5,-22.5,-22.5,-22.5,NA,NA,NA,NA,-135,-135
2013,204,-22.5,-22.5,-22.5,-22.5,-22.5,-22.5,-0.5873925501432665,-32.94642857142857,-22.5,-22.5,-22.5,-22.5,NA,NA,NA,NA,-135,-135
2013,205,-22.5,-22.5,-22.5,-22.5,-22.5,-22.5,-26.432664756446993,-32.94642857142857,-22.5,-22.5,-22.5,-22.5,NA,NA,NA,NA,-135,-135
2013,206,-22.5,-22.5,-22.5,-0.9,-2.3,3.8,9.868194842406877,21.96428571428571,9.7,9.3,9.2,18.5,NA,NA,NA,NA,-66.9,-66.9
2014,1,13.8,7.9,-4,0.3,17.1,13.392550143266478,3.807142857142857,18,1.1,2,1.2,NA,NA,NA,NA,NA,46.50000000000001,48.492550143266484
2014,2,-0.9,12.1,13.7,10.1,10.5,6.931232091690545,10.982142857142856,20.4,8.3,21,19.9,NA,NA,NA,NA,NA,51.4,52.431232091690546
2014,3,-1.4,8.6,17,10.3,20.8,18.09169054441261,20.939285714285713,14.1,21.6,14.4,28.8,NA,NA,NA,NA,NA,70.7,73.39169054441261
2014,4,-22.5,6.9,1.6,-9.3,3,-4.934097421203439,6.5892857142857135,4.1,4.9,9.2,2.6,NA,NA,NA,NA,NA,-24.5,-25.23409742120344
2014,5,-22.5,-22.5,-22.5,0,4,-3.994269340974212,0,-22.5,-22.5,-22.5,-22.5,NA,NA,NA,NA,NA,-66.9,-67.49426934097421
2014,6,-22.5,6.5,-1,2.8,-5.2,2.232091690544413,-4.832142857142856,-22.5,-22.5,-22.5,-22.5,NA,NA,NA,NA,NA,-17.5,-17.167908309455587
2014,7,-22.5,-22.5,-22.5,-6.5,3.8,2.349570200573066,-8.492857142857142,2.4,-1.6,4.9,-7.3,NA,NA,NA,NA,NA,-68.2,-67.85042979942693
2014,8,-22.5,0.4,3.6,17.3,5.2,8.693409742120345,11.128571428571428,12.4,13.2,9.8,10.1,NA,NA,NA,NA,NA,11.400000000000002,12.693409742120345
2014,9,-22.5,11.8,6.5,13.6,5.5,13.392550143266478,19.475,13.4,6.7,8.1,14.1,NA,NA,NA,NA,NA,26.3,28.292550143266478
2014,10,-22.5,-2.6,2,-1.5,6.5,0.46991404011461324,-0.14642857142857144,-5.4,-4.7,-22.5,-22.5,NA,NA,NA,NA,NA,-17.700000000000003,-17.63008595988539
2014,11,-22.5,-1.1,1.8,10.4,-7.4,11.160458452722064,6.1499999999999995,13.3,8.1,13.1,2.6,NA,NA,NA,NA,NA,-9.3,-7.639541547277936
2014,12,-22.5,-22.5,0.4,6.1,-6,-7.7535816618911175,-32.94642857142857,-0.4,-22.5,-22.5,-22.5,NA,NA,NA,NA,NA,-51.1,-52.25358166189112
2014,13,-22.5,-22.5,-2,3.1,12.4,12.10028653295129,11.42142857142857,0.6,-1.1,-4.5,-2.2,NA,NA,NA,NA,NA,-21.2,-19.39971346704871
2014,14,-22.5,-22.5,1.2,-2.3,4.3,-26.432664756446993,-32.94642857142857,-22.5,-22.5,-22.5,-22.5,NA,NA,NA,NA,NA,-64.3,-68.232664756447
2014,15,-22.5,12,-2.4,4,7.5,13.392550143266478,-4.1,11.1,10.7,13,14.5,NA,NA,NA,NA,NA,10,11.992550143266477
2014,16,-22.5,-22.5,-22.5,2.8,0.7,-0.11747851002865331,0.14642857142857144,7.3,8.8,8.5,-22.5,NA,NA,NA,NA,NA,-64.1,-64.11747851002865
2014,17,-22.5,-22.5,-22.5,1.8,13.6,8.458452722063038,-0.14642857142857144,13.9,-4.8,3.7,7.7,NA,NA,NA,NA,NA,-44.9,-43.641547277936965
2014,18,-22.5,-22.5,-1,5.8,17.3,1.879656160458453,14.203571428571427,11.1,17.7,6.6,5.5,NA,NA,NA,NA,NA,-21.3,-21.02034383954155
2014,19,-22.5,-22.5,-6,-1.7,9,10.808022922636104,-1.025,15,-9.5,-2.8,-4.8,NA,NA,NA,NA,NA,-34.5,-32.8919770773639
2014,20,-22.5,-22.5,5.6,6.2,1.5,10.808022922636104,9.371428571428572,11.8,7.9,7.7,10.3,NA,NA,NA,NA,NA,-22.499999999999996,-20.89197707736389
2014,21,-22.5,5.1,2.9,-22.5,0.2,-0.7048710601719198,7.614285714285714,-2.6,-1.1,-0.1,-13.8,NA,NA,NA,NA,NA,-37.4,-37.504871060171915
2014,22,-22.5,-2.4,-0.7,-2.1,7.5,-0.7048710601719198,10.542857142857143,-0.1,-0.9,-2.9,-1.9,NA,NA,NA,NA,NA,-20.8,-20.90487106017192
2014,23,-22.5,-22.5,-22.5,-22.5,-22.5,-26.432664756446993,-32.94642857142857,-22.5,-22.5,-22.5,-22.5,NA,NA,NA,NA,NA,-135,-138.932664756447
2014,24,-22.5,-3.2,4.3,3.6,4.6,15.037249283667624,26.210714285714282,7.3,25,14.4,13.5,NA,NA,NA,NA,NA,-0.3999999999999968,1.8372492836676262
2014,25,8.3,3.1,19.9,13.8,18.8,20.91117478510029,12.299999999999999,21.8,22.9,23.8,23.6,NA,NA,NA,NA,NA,81.69999999999999,84.81117478510028
2014,26,-22.5,-22.5,-22.5,0.2,-0.8,-26.432664756446993,-32.94642857142857,-22.5,-22.5,-22.5,-22.5,NA,NA,NA,NA,NA,-90.6,-94.53266475644699
2014,27,-22.5,0.6,-1.8,-1.5,0.3,-26.432664756446993,-32.94642857142857,-22.5,-22.5,-22.5,-22.5,NA,NA,NA,NA,NA,-47.4,-51.33266475644699
2014,28,-22.5,-22.5,1.9,1.6,1.7,-26.432664756446993,-32.94642857142857,-22.5,-22.5,-22.5,-22.5,NA,NA,NA,NA,NA,-62.3,-66.232664756447
2014,29,-22.5,-22.5,-1.3,-3,0.6,-1.174785100286533,-1.4642857142857142,-0.1,8.7,10.9,16.4,NA,NA,NA,NA,NA,-49.7,-49.87478510028653
2014,30,-22.5,-22.5,0.4,-22.5,-0.9,0.23495702005730662,-32.94642857142857,-22.5,-22.5,-22.5,-22.5,NA,NA,NA,NA,NA,-67.8,-67.76504297994269
2014,31,-22.5,-22.5,-22.5,0.9,4.2,2.584527220630373,-2.489285714285714,3.4,-2.4,-1.4,-22.5,NA,NA,NA,NA,NA,-60.19999999999999,-59.81547277936962
2014,32,-22.5,-22.5,-22.5,-22.5,1.5,2.9369627507163325,1.3178571428571428,-22.5,-22.5,-22.5,-22.5,NA,NA,NA,NA,NA,-86,-85.56303724928367
2014,33,-22.5,-22.5,3.8,2.1,-0.6,-5.873925501432665,-3.0749999999999997,3.9,2.4,7.8,10.4,NA,NA,NA,NA,NA,-44.7,-45.57392550143267
2014,34,-22.5,-22.5,-22.5,-22.5,-22.5,-26.432664756446993,-32.94642857142857,-22.5,-22.5,-22.5,-22.5,NA,NA,NA,NA,NA,-135,-138.932664756447
2014,35,-22.5,-22.5,-22.5,-22.5,-22.5,-26.432664756446993,-32.94642857142857,-22.5,-22.5,-22.5,-22.5,NA,NA,NA,NA,NA,-135,-138.932664756447
2014,36,-22.5,-22.5,-22.5,0.5,0.2,2.1146131805157595,34.70357142857142,30.7,5,26.4,5.6,NA,NA,NA,NA,NA,-65,-64.68538681948424
2014,37,-22.5,-22.5,0,-22.5,0.1,-2.584527220630373,33.67857142857142,12.2,-0.1,4.1,0,NA,NA,NA,NA,NA,-69.60000000000001,-69.98452722063038
2014,38,-22.5,-22.5,-22.5,-0.5,7.5,10.220630372492836,1.757142857142857,5.6,7.5,15.2,18.9,NA,NA,NA,NA,NA,-51.8,-50.279369627507165
2014,39,-22.5,-22.5,-22.5,-22.5,-22.5,-26.432664756446993,12.446428571428571,12.1,21.3,-3.1,0.6,NA,NA,NA,NA,NA,-135,-138.932664756447
2014,40,-22.5,-22.5,-0.6,-22.5,-22.5,-4.464183381088826,-32.94642857142857,-22.5,0,-3,-1.5,NA,NA,NA,NA,NA,-94.4,-95.06418338108882
2014,41,-22.5,-22.5,-22.5,-22.5,-22.5,-26.432664756446993,-32.94642857142857,-22.5,-22.5,-22.5,-22.5,NA,NA,NA,NA,NA,-135,-138.932664756447
2014,42,-22.5,-22.5,-22.5,-22.5,-0.3,-2.1146131805157595,-32.94642857142857,-22.5,-22.5,-22.5,-22.5,NA,NA,NA,NA,NA,-92.1,-92.41461318051576
2014,43,-22.5,-22.5,-22.5,-22.5,-22.5,0.9398280802292265,-3.2214285714285715,-22.5,-22.5,-22.5,-22.5,NA,NA,NA,NA,NA,-111.7,-111.56017191977077
2014,44,-22.5,-22.5,-22.5,-22.5,-22.5,-26.432664756446993,-32.94642857142857,-22.5,-22.5,-22.5,-22.5,NA,NA,NA,NA,NA,-135,-138.932664756447
2014,45,-22.5,-22.5,-22.5,-22.5,-22.5,-26.432664756446993,-32.94642857142857,-22.5,-22.5,-22.5,-22.5,NA,NA,NA,NA,NA,-135,-138.932664756447
2014,46,-22.5,-22.5,-22.5,-22.5,-22.5,-26.432664756446993,-32.94642857142857,-22.5,-22.5,-22.5,-22.5,NA,NA,NA,NA,NA,-135,-138.932664756447
2014,47,-22.5,-22.5,-22.5,-22.5,-22.5,-26.432664756446993,-32.94642857142857,-22.5,-22.5,-22.5,-22.5,NA,NA,NA,NA,NA,-135,-138.932664756447
2014,48,-22.5,-22.5,-22.5,-22.5,0.6,7.283667621776505,-3.807142857142857,1,1.5,9.1,-1,NA,NA,NA,NA,NA,-83.2,-82.1163323782235
2014,49,-22.5,-22.5,-22.5,-22.5,-22.5,-26.432664756446993,-32.94642857142857,-22.5,-22.5,-22.5,-22.5,NA,NA,NA,NA,NA,-135,-138.932664756447
2014,50,-22.5,-22.5,-22.5,1.5,-22.5,-26.432664756446993,-32.94642857142857,-22.5,-2.1,-22.5,-22.5,NA,NA,NA,NA,NA,-111,-114.932664756447
2014,51,-22.5,-22.5,-22.5,-22.5,-22.5,-26.432664756446993,-32.94642857142857,-22.5,-22.5,-22.5,-22.5,NA,NA,NA,NA,NA,-135,-138.932664756447
2014,52,-22.5,-22.5,-22.5,-22.5,-22.5,-26.432664756446993,-32.94642857142857,-22.5,-22.5,-22.5,-22.5,NA,NA,NA,NA,NA,-135,-138.932664756447
2014,53,-22.5,-22.5,-22.5,-22.5,-22.5,-26.432664756446993,-32.94642857142857,-22.5,-22.5,-22.5,-22.5,NA,NA,NA,NA,NA,-135,-138.932664756447
2014,54,-22.5,-22.5,-22.5,-22.5,-22.5,-26.432664756446993,-32.94642857142857,-22.5,-22.5,-22.5,-22.5,NA,NA,NA,NA,NA,-135,-138.932664756447
2014,55,-22.5,-22.5,-0.5,6.5,-6.6,-1.174785100286533,0.29285714285714287,5,15.9,6.3,0.1,NA,NA,NA,NA,NA,-46.6,-46.774785100286536
2014,56,-22.5,-22.5,-22.5,4.5,3.6,7.636103151862465,7.028571428571428,6.3,3.5,0.1,6.5,NA,NA,NA,NA,NA,-52.9,-51.763896848137534
2014,57,-22.5,-22.5,-22.5,-22.5,-22.5,-26.432664756446993,-32.94642857142857,-22.5,-22.5,-22.5,-22.5,NA,NA,NA,NA,NA,-135,-138.932664756447
2014,58,-22.5,-22.5,3.1,4.8,0.6,13.627507163323783,-3.0749999999999997,1.8,-6.2,-3,3.2,NA,NA,NA,NA,NA,-24.9,-22.872492836676216
2014,59,-22.5,-22.5,-22.5,0,-22.5,-26.432664756446993,-32.94642857142857,-22.5,-22.5,-22.5,-0.6,NA,NA,NA,NA,NA,-112.5,-116.432664756447
2014,60,-22.5,-22.5,-22.5,-22.5,-22.5,-26.432664756446993,-32.94642857142857,-22.5,-22.5,-22.5,-22.5,NA,NA,NA,NA,NA,-135,-138.932664756447
2014,61,-22.5,-22.5,-22.5,-22.5,-22.5,-3.4068767908309456,-3.2214285714285715,-13.2,1.6,-6.8,2.4,NA,NA,NA,NA,NA,-115.4,-115.90687679083095
2014,62,-22.5,-22.5,-22.5,-22.5,-22.5,-26.432664756446993,-32.94642857142857,-22.5,0.5,-22.5,3.4,NA,NA,NA,NA,NA,-135,-138.932664756447
2014,63,-22.5,-22.5,-22.5,-22.5,-0.5,-26.432664756446993,-32.94642857142857,-22.5,-22.5,-22.5,-22.5,NA,NA,NA,NA,NA,-113,-116.932664756447
2014,64,-22.5,-22.5,-22.5,-22.5,-22.5,-26.432664756446993,-32.94642857142857,-22.5,-22.5,-22.5,-22.5,NA,NA,NA,NA,NA,-135,-138.932664756447
2014,65,-22.5,-22.5,-22.5,-22.5,-1.8,-26.432664756446993,-3.6607142857142856,-0.5,-22.5,-22.5,-22.5,NA,NA,NA,NA,NA,-114.3,-118.232664756447
2014,66,-22.5,-1.2,-5.4,-22.5,-22.5,-26.432664756446993,-32.94642857142857,-22.5,-22.5,-22.5,-22.5,NA,NA,NA,NA,NA,-96.6,-100.53266475644699
2014,67,-22.5,-22.5,-22.5,-22.5,-2.5,0.7048710601719198,2.342857142857143,-0.3,6.8,5.7,14.5,NA,NA,NA,NA,NA,-91.9,-91.79512893982807
2014,68,-22.5,2,-22.5,-22.5,-22.5,-26.432664756446993,-32.94642857142857,-22.5,-22.5,-22.5,-22.5,NA,NA,NA,NA,NA,-110.5,-114.432664756447
2014,69,-22.5,-22.5,-22.5,-22.5,-22.5,-26.432664756446993,-32.94642857142857,-22.5,-22.5,-22.5,-22.5,NA,NA,NA,NA,NA,-135,-138.932664756447
2014,70,-22.5,-22.5,-22.5,-22.5,-22.5,-26.432664756446993,-32.94642857142857,-22.5,-22.5,-22.5,-22.5,NA,NA,NA,NA,NA,-135,-138.932664756447
2014,71,-22.5,-22.5,-22.5,-22.5,-22.5,-26.432664756446993,-32.94642857142857,-22.5,-22.5,-22.5,-22.5,NA,NA,NA,NA,NA,-135,-138.932664756447
2014,72,-22.5,-22.5,-22.5,-22.5,-22.5,-26.432664756446993,-32.94642857142857,-22.5,-22.5,-22.5,-22.5,NA,NA,NA,NA,NA,-135,-138.932664756447
2014,73,-22.5,-22.5,-22.5,-3.7,-22.5,-26.432664756446993,-32.94642857142857,-22.5,-22.5,-22.5,-22.5,NA,NA,NA,NA,NA,-116.2,-120.132664756447
2014,74,-22.5,-22.5,-22.5,-22.5,-22.5,-26.432664756446993,-32.94642857142857,-22.5,-22.5,-22.5,-22.5,NA,NA,NA,NA,NA,-135,-138.932664756447
2014,75,-22.5,-22.5,-22.5,-22.5,-22.5,-26.432664756446993,-32.94642857142857,-22.5,-22.5,-22.5,-22.5,NA,NA,NA,NA,NA,-135,-138.932664756447
2014,76,-22.5,-22.5,-22.5,-22.5,-22.5,17.504297994269344,10.39642857142857,7.4,-22.5,3.7,3.9,NA,NA,NA,NA,NA,-97.6,-94.99570200573066
2014,77,-22.5,-22.5,-22.5,-22.5,-22.5,-26.432664756446993,-32.94642857142857,-22.5,-22.5,-22.5,-22.5,NA,NA,NA,NA,NA,-135,-138.932664756447
2014,78,-22.5,-22.5,-22.5,-22.5,-22.5,-26.432664756446993,11.42142857142857,40,49.4,15.1,29.1,NA,NA,NA,NA,NA,-135,-138.932664756447
2014,79,-22.5,-22.5,12.8,15.9,23.4,25.257879656160462,18.742857142857144,8.4,20.3,14.2,17.3,NA,NA,NA,NA,NA,28.59999999999999,32.357879656160456
2014,80,-22.5,-22.5,-22.5,-22.5,-22.5,-26.432664756446993,-32.94642857142857,-22.5,-22.5,2.1,-22.5,NA,NA,NA,NA,NA,-135,-138.932664756447
2014,81,-22.5,-22.5,-22.5,-22.5,-22.5,-26.432664756446993,-32.94642857142857,-22.5,-22.5,-22.5,-22.5,NA,NA,NA,NA,NA,-135,-138.932664756447
2014,82,-22.5,-22.5,-22.5,-22.5,-22.5,-26.432664756446993,-7.028571428571428,-6.8,9.5,-1.7,8.4,NA,NA,NA,NA,NA,-135,-138.932664756447
2014,83,-22.5,-22.5,-22.5,-22.5,-22.5,-26.432664756446993,-32.94642857142857,-22.5,-22.5,-22.5,-22.5,NA,NA,NA,NA,NA,-135,-138.932664756447
2014,84,-22.5,-22.5,-22.5,-22.5,-22.5,-26.432664756446993,-32.94642857142857,-22.5,-22.5,-22.5,-22.5,NA,NA,NA,NA,NA,-135,-138.932664756447
2014,85,-22.5,-22.5,-22.5,-22.5,-22.5,-26.432664756446993,-32.94642857142857,-22.5,-22.5,-22.5,-22.5,NA,NA,NA,NA,NA,-135,-138.932664756447
2014,86,-22.5,-22.5,-22.5,-22.5,-22.5,-1.174785100286533,2.9285714285714284,1.5,1.9,2.3,-1,NA,NA,NA,NA,NA,-113.5,-113.67478510028653
2014,87,-22.5,-22.5,-22.5,-22.5,-22.5,-26.432664756446993,-32.94642857142857,-22.5,-22.5,-22.5,-22.5,NA,NA,NA,NA,NA,-135,-138.932664756447
2014,88,-22.5,-22.5,-22.5,-22.5,-22.5,-26.432664756446993,-32.94642857142857,-22.5,-22.5,-22.5,-22.5,NA,NA,NA,NA,NA,-135,-138.932664756447
2014,89,-22.5,-22.5,-22.5,1.1,-22.5,-1.0573065902578798,0.14642857142857144,5.1,1.5,1.1,-0.9,NA,NA,NA,NA,NA,-89.80000000000001,-89.95730659025789
2014,90,-22.5,-22.5,-22.5,3.9,6.4,5.404011461318052,-1.9035714285714285,7.6,8.8,9.1,9.3,NA,NA,NA,NA,NA,-52.6,-51.795988538681954
2014,91,-22.5,-22.5,-22.5,-22.5,-22.5,-0.7048710601719198,2.489285714285714,2.8,-22.5,-0.9,-0.9,NA,NA,NA,NA,NA,-113.1,-113.20487106017193
2014,92,-22.5,-22.5,-22.5,-22.5,-22.5,-26.432664756446993,-32.94642857142857,-22.5,-22.5,-22.5,-22.5,NA,NA,NA,NA,NA,-135,-138.932664756447
2014,93,-22.5,-22.5,-22.5,-22.5,-22.5,-26.432664756446993,-32.94642857142857,-22.5,-22.5,-22.5,-22.5,NA,NA,NA,NA,NA,-135,-138.932664756447
2014,94,-22.5,-22.5,-22.5,-22.5,-22.5,-26.432664756446993,-1.1714285714285715,22.4,1,4.7,-1.4,NA,NA,NA,NA,NA,-135,-138.932664756447
2014,95,-22.5,-22.5,-22.5,-22.5,-22.5,-26.432664756446993,-32.94642857142857,-22.5,-22.5,-22.5,-22.5,NA,NA,NA,NA,NA,-135,-138.932664756447
2014,96,-22.5,-22.5,-22.5,-22.5,-22.5,-26.432664756446993,-32.94642857142857,-22.5,-22.5,-22.5,-22.5,NA,NA,NA,NA,NA,-135,-138.932664756447
2014,97,-22.5,-22.5,-0.4,-1,-4.1,3.994269340974212,-0.29285714285714287,-22.5,-22.5,-22.5,-22.5,NA,NA,NA,NA,NA,-47.1,-46.50573065902579
2014,98,-22.5,-22.5,-22.5,-22.5,-22.5,-26.432664756446993,-32.94642857142857,-22.5,2,-1.2,-22.5,NA,NA,NA,NA,NA,-135,-138.932664756447
2014,99,-22.5,-22.5,-22.5,-22.5,-22.5,-26.432664756446993,-32.94642857142857,-22.5,-22.5,-22.5,-22.5,NA,NA,NA,NA,NA,-135,-138.932664756447
2014,100,-22.5,-22.5,-22.5,-22.5,-22.5,-26.432664756446993,-32.94642857142857,-22.5,-22.5,-22.5,-22.5,NA,NA,NA,NA,NA,-135,-138.932664756447
2014,101,-22.5,-22.5,-0.2,-22.5,-22.5,-26.432664756446993,-32.94642857142857,-22.5,-22.5,-22.5,-22.5,NA,NA,NA,NA,NA,-112.7,-116.632664756447
2014,102,-22.5,-22.5,-22.5,-22.5,-22.5,-26.432664756446993,-32.94642857142857,-22.5,-22.5,-22.5,-22.5,NA,NA,NA,NA,NA,-135,-138.932664756447
2014,103,-22.5,-22.5,-22.5,-22.5,-22.5,-26.432664756446993,-32.94642857142857,-22.5,-22.5,-22.5,-22.5,NA,NA,NA,NA,NA,-135,-138.932664756447
2014,104,-22.5,-22.5,-22.5,-22.5,-22.5,-26.432664756446993,-32.94642857142857,-22.5,-22.5,-22.5,-22.5,NA,NA,NA,NA,NA,-135,-138.932664756447
2014,105,-22.5,-22.5,-22.5,-22.5,-22.5,-26.432664756446993,-32.94642857142857,-22.5,-22.5,-22.5,-22.5,NA,NA,NA,NA,NA,-135,-138.932664756447
2014,106,-22.5,-22.5,-22.5,-22.5,-3.1,-3.8767908309455588,-32.94642857142857,-22.5,-22.5,-22.5,-22.5,NA,NA,NA,NA,NA,-96.4,-96.97679083094555
2014,107,-22.5,-22.5,-22.5,-22.5,-22.5,-26.432664756446993,-32.94642857142857,-22.5,-22.5,-22.5,-22.5,NA,NA,NA,NA,NA,-135,-138.932664756447
2014,108,-22.5,-22.5,-22.5,-22.5,3.9,5.756446991404013,21.525,20.9,17.6,10.3,4.8,NA,NA,NA,NA,NA,-81.19999999999999,-80.34355300859598
2014,109,-22.5,-22.5,-22.5,-22.5,-22.5,0.7048710601719198,-14.203571428571427,16.4,-13.2,7.6,-0.3,NA,NA,NA,NA,NA,-111.9,-111.79512893982807
2014,110,-22.5,-22.5,-22.5,-22.5,-22.5,-26.432664756446993,-32.94642857142857,-0.4,-22.5,-22.5,-22.5,NA,NA,NA,NA,NA,-135,-138.932664756447
2014,111,-22.5,-22.5,-22.5,-22.5,-22.5,-26.432664756446993,-32.94642857142857,-22.5,-22.5,-22.5,-22.5,NA,NA,NA,NA,NA,-135,-138.932664756447
2014,112,0.2,0.2,12.9,6.3,5.3,3.759312320916906,10.542857142857143,8.1,11.9,2.4,-3.9,NA,NA,NA,NA,NA,28.1,28.659312320916907
2014,113,-22.5,-22.5,-22.5,-22.5,-22.5,0.9398280802292265,-4.392857142857142,1.3,-2,-0.6,-5.9,NA,NA,NA,NA,NA,-111.7,-111.56017191977077
2014,114,-22.5,-22.5,-22.5,-22.5,-22.5,-26.432664756446993,-32.94642857142857,-22.5,-22.5,-22.5,-22.5,NA,NA,NA,NA,NA,-135,-138.932664756447
2014,115,-22.5,-22.5,-22.5,-22.5,-22.5,-26.432664756446993,-32.94642857142857,-22.5,-22.5,-22.5,-22.5,NA,NA,NA,NA,NA,-135,-138.932664756447
2014,116,-22.5,-22.5,-2.4,11.5,7.7,-1.0573065902578798,3.514285714285714,11.6,3.5,6.7,0.4,NA,NA,NA,NA,NA,-29.1,-29.25730659025788
2014,117,-22.5,-22.5,-22.5,-22.5,-22.5,-26.432664756446993,5.417857142857143,25.6,8.1,4,4.6,NA,NA,NA,NA,NA,-135,-138.932664756447
2014,118,-22.5,-22.5,-22.5,-22.5,-22.5,8.810888252148997,24.01428571428571,50.6,32,23.3,23.2,NA,NA,NA,NA,NA,-105,-103.689111747851
2014,119,-22.5,-22.5,-22.5,-22.5,-22.5,-26.432664756446993,2.196428571428571,-22.5,-22.5,-22.5,-22.5,NA,NA,NA,NA,NA,-135,-138.932664756447
2014,120,-22.5,-22.5,-22.5,-22.5,-22.5,-26.432664756446993,-32.94642857142857,-22.5,-22.5,-22.5,-22.5,NA,NA,NA,NA,NA,-135,-138.932664756447
2014,121,-22.5,-22.5,-22.5,-22.5,-22.5,-26.432664756446993,-32.94642857142857,-1.6,-1.1,-1.3,-22.5,NA,NA,NA,NA,NA,-135,-138.932664756447
2014,122,-22.5,-22.5,-22.5,-22.5,-22.5,-26.432664756446993,-32.94642857142857,-22.5,-22.5,-22.5,-22.5,NA,NA,NA,NA,NA,-135,-138.932664756447
2014,123,-22.5,-22.5,-22.5,-22.5,-22.5,-26.432664756446993,-32.94642857142857,-22.5,-22.5,-22.5,-22.5,NA,NA,NA,NA,NA,-135,-138.932664756447
2014,124,-22.5,-22.5,-22.5,-22.5,-22.5,-26.432664756446993,-32.94642857142857,-22.5,-22.5,-22.5,-22.5,NA,NA,NA,NA,NA,-135,-138.932664756447
2014,125,-22.5,-22.5,-22.5,-22.5,-22.5,-26.432664756446993,-32.94642857142857,-22.5,-22.5,-22.5,-22.5,NA,NA,NA,NA,NA,-135,-138.932664756447
2014,126,-22.5,-22.5,-4,1.7,-9.6,-26.432664756446993,13.47142857142857,11.9,2.1,16.6,8.7,NA,NA,NA,NA,NA,-79.4,-83.33266475644699
2014,127,-22.5,-22.5,-22.5,-22.5,0.9,-26.432664756446993,3.514285714285714,-0.7,-22.5,-22.5,-22.5,NA,NA,NA,NA,NA,-111.6,-115.53266475644699
2014,128,-22.5,-22.5,-22.5,-22.5,-22.5,-26.432664756446993,-0.4392857142857142,6.3,-1,6.6,-3,NA,NA,NA,NA,NA,-135,-138.932664756447
2014,129,-22.5,-22.5,-22.5,-22.5,-22.5,-26.432664756446993,-32.94642857142857,-22.5,-22.5,-22.5,-22.5,NA,NA,NA,NA,NA,-135,-138.932664756447
2014,130,-22.5,-22.5,-22.5,-22.5,-22.5,-26.432664756446993,-32.94642857142857,-22.5,-22.5,-22.5,-22.5,NA,NA,NA,NA,NA,-135,-138.932664756447
2014,131,-22.5,-22.5,-22.5,-22.5,-22.5,-26.432664756446993,-32.94642857142857,-22.5,-22.5,-22.5,-22.5,NA,NA,NA,NA,NA,-135,-138.932664756447
2014,132,-22.5,-22.5,-22.5,-22.5,-22.5,-26.432664756446993,-32.94642857142857,-22.5,-22.5,-22.5,-22.5,NA,NA,NA,NA,NA,-135,-138.932664756447
2014,133,-22.5,-22.5,-22.5,-22.5,-22.5,-26.432664756446993,-32.94642857142857,-5.9,-1,-22.5,-22.5,NA,NA,NA,NA,NA,-135,-138.932664756447
2014,134,-22.5,-22.5,-22.5,-22.5,-22.5,-26.432664756446993,-32.94642857142857,-22.5,-22.5,-22.5,-22.5,NA,NA,NA,NA,NA,-135,-138.932664756447
2014,135,-22.5,-22.5,-22.5,-22.5,-22.5,-26.432664756446993,-32.94642857142857,-22.5,-22.5,-22.5,-22.5,NA,NA,NA,NA,NA,-135,-138.932664756447
2014,136,-22.5,-22.5,-22.5,-22.5,-22.5,-26.432664756446993,-32.94642857142857,-22.5,-22.5,-22.5,-22.5,NA,NA,NA,NA,NA,-135,-138.932664756447
2014,137,-22.5,-22.5,-22.5,-22.5,-22.5,-26.432664756446993,-32.94642857142857,-22.5,-22.5,-22.5,-22.5,NA,NA,NA,NA,NA,-135,-138.932664756447
2014,138,-22.5,-22.5,-22.5,1.5,5.4,4.111747851002866,-2.196428571428571,2.1,-0.9,-22.5,-22.5,NA,NA,NA,NA,NA,-57.1,-56.488252148997134
2014,139,-22.5,-22.5,-22.5,-22.5,-22.5,-26.432664756446993,-32.94642857142857,-22.5,-22.5,-22.5,-22.5,NA,NA,NA,NA,NA,-135,-138.932664756447
2014,140,-22.5,-22.5,-22.5,-22.5,-22.5,-26.432664756446993,-32.94642857142857,-22.5,-22.5,-22.5,-22.5,NA,NA,NA,NA,NA,-135,-138.932664756447
2014,141,-22.5,-22.5,-22.5,-22.5,-22.5,-26.432664756446993,-32.94642857142857,-22.5,-22.5,-22.5,-22.5,NA,NA,NA,NA,NA,-135,-138.932664756447
2014,142,-22.5,-22.5,-22.5,-22.5,-22.5,-26.432664756446993,-32.94642857142857,-22.5,-22.5,-22.5,-22.5,NA,NA,NA,NA,NA,-135,-138.932664756447
2014,143,-22.5,-22.5,-22.5,-22.5,-22.5,-26.432664756446993,-32.94642857142857,-22.5,-22.5,-22.5,-22.5,NA,NA,NA,NA,NA,-135,-138.932664756447
2014,144,-22.5,-22.5,-1.2,-2.7,-22.5,-26.432664756446993,-32.94642857142857,-22.5,-22.5,-22.5,-22.5,NA,NA,NA,NA,NA,-93.9,-97.832664756447
2014,145,-22.5,-22.5,-22.5,-22.5,-22.5,-26.432664756446993,1.6107142857142858,-22.5,-22.5,-22.5,-22.5,NA,NA,NA,NA,NA,-135,-138.932664756447
2014,146,-22.5,-22.5,-22.5,3.8,0.4,6.931232091690545,-0.8785714285714284,-1.5,2.4,-22.5,-22.5,NA,NA,NA,NA,NA,-57.400000000000006,-56.36876790830946
2014,147,-22.5,-22.5,-22.5,-22.5,-22.5,-26.432664756446993,-32.94642857142857,-22.5,-22.5,-22.5,-22.5,NA,NA,NA,NA,NA,-135,-138.932664756447
2014,148,-22.5,-22.5,-22.5,-22.5,-22.5,-26.432664756446993,-32.94642857142857,-22.5,-22.5,-22.5,-22.5,NA,NA,NA,NA,NA,-135,-138.932664756447
2014,149,-22.5,-22.5,-22.5,-22.5,-1.4,-26.432664756446993,-32.94642857142857,-22.5,0.4,1.6,-22.5,NA,NA,NA,NA,NA,-113.9,-117.832664756447
2014,150,-22.5,-22.5,-22.5,-22.5,-22.5,-26.432664756446993,-32.94642857142857,-22.5,-22.5,-22.5,-22.5,NA,NA,NA,NA,NA,-135,-138.932664756447
2014,151,-22.5,-22.5,-22.5,-22.5,-22.5,-26.432664756446993,-32.94642857142857,-22.5,-22.5,-22.5,-22.5,NA,NA,NA,NA,NA,-135,-138.932664756447
2014,152,-22.5,-22.5,-22.5,-22.5,-22.5,-26.432664756446993,-32.94642857142857,-22.5,-22.5,-22.5,-22.5,NA,NA,NA,NA,NA,-135,-138.932664756447
2014,153,-22.5,-22.5,-22.5,-22.5,-22.5,-26.432664756446993,-32.94642857142857,-22.5,-22.5,-22.5,-22.5,NA,NA,NA,NA,NA,-135,-138.932664756447
2014,154,-22.5,-22.5,-22.5,-22.5,-22.5,-26.432664756446993,-32.94642857142857,-22.5,-22.5,-22.5,-22.5,NA,NA,NA,NA,NA,-135,-138.932664756447
2014,155,-22.5,-22.5,-22.5,-22.5,-22.5,-26.432664756446993,-32.94642857142857,-22.5,-22.5,-22.5,-22.5,NA,NA,NA,NA,NA,-135,-138.932664756447
2014,156,-22.5,-22.5,-22.5,-22.5,-22.5,-26.432664756446993,-32.94642857142857,-22.5,-22.5,-22.5,-22.5,NA,NA,NA,NA,NA,-135,-138.932664756447
2014,157,-22.5,-22.5,-22.5,-22.5,-22.5,-26.432664756446993,-32.94642857142857,-22.5,-22.5,-22.5,-22.5,NA,NA,NA,NA,NA,-135,-138.932664756447
2014,158,-22.5,-22.5,-22.5,-22.5,-22.5,-26.432664756446993,-32.94642857142857,-22.5,-22.5,-22.5,-22.5,NA,NA,NA,NA,NA,-135,-138.932664756447
2014,159,-22.5,-22.5,-22.5,-22.5,-22.5,-26.432664756446993,-32.94642857142857,-22.5,-22.5,-22.5,-22.5,NA,NA,NA,NA,NA,-135,-138.932664756447
2014,160,-22.5,-22.5,-22.5,-22.5,-22.5,-26.432664756446993,-32.94642857142857,-22.5,-22.5,-22.5,-22.5,NA,NA,NA,NA,NA,-135,-138.932664756447
2014,161,-22.5,-22.5,-22.5,-22.5,-22.5,-26.432664756446993,-32.94642857142857,-22.5,-22.5,-22.5,-22.5,NA,NA,NA,NA,NA,-135,-138.932664756447
2014,162,-22.5,-22.5,-22.5,-22.5,-22.5,-26.432664756446993,-32.94642857142857,-22.5,-22.5,-22.5,-22.5,NA,NA,NA,NA,NA,-135,-138.932664756447
2014,163,-22.5,-22.5,-22.5,-22.5,-22.5,-26.432664756446993,-32.94642857142857,-22.5,-22.5,-22.5,-22.5,NA,NA,NA,NA,NA,-135,-138.932664756447
2014,164,-22.5,-22.5,-22.5,-22.5,-22.5,-26.432664756446993,-32.94642857142857,-22.5,-22.5,-22.5,-22.5,NA,NA,NA,NA,NA,-135,-138.932664756447
2014,165,-22.5,-22.5,-22.5,-22.5,-22.5,-26.432664756446993,-32.94642857142857,-22.5,-22.5,-22.5,-22.5,NA,NA,NA,NA,NA,-135,-138.932664756447
2014,166,-22.5,-22.5,-22.5,-22.5,-22.5,-26.432664756446993,-32.94642857142857,-22.5,-22.5,-22.5,-22.5,NA,NA,NA,NA,NA,-135,-138.932664756447
2014,167,-22.5,-22.5,-22.5,-22.5,-22.5,-26.432664756446993,-32.94642857142857,-22.5,-22.5,-22.5,-22.5,NA,NA,NA,NA,NA,-135,-138.932664756447
2014,168,-22.5,-22.5,-22.5,-22.5,-22.5,-26.432664756446993,-32.94642857142857,-22.5,-22.5,-22.5,-22.5,NA,NA,NA,NA,NA,-135,-138.932664756447
2014,169,-22.5,-22.5,-22.5,-22.5,-22.5,-26.432664756446993,-32.94642857142857,-22.5,-22.5,-22.5,-22.5,NA,NA,NA,NA,NA,-135,-138.932664756447
2014,170,-22.5,-22.5,-22.5,-22.5,-22.5,-26.432664756446993,-32.94642857142857,-22.5,-22.5,-22.5,-22.5,NA,NA,NA,NA,NA,-135,-138.932664756447
2014,171,-22.5,-22.5,2.6,7.4,2.3,-2.9369627507163325,3.514285714285714,0.4,3.3,-4.8,2.6,NA,NA,NA,NA,NA,-35.2,-35.636962750716336
2014,172,-22.5,-22.5,-22.5,-22.5,-22.5,-26.432664756446993,-32.94642857142857,-22.5,-22.5,-22.5,-22.5,NA,NA,NA,NA,NA,-135,-138.932664756447
2014,173,-22.5,-22.5,-22.5,-22.5,-22.5,-26.432664756446993,-32.94642857142857,-22.5,-22.5,-22.5,-22.5,NA,NA,NA,NA,NA,-135,-138.932664756447
2014,174,-22.5,-22.5,-22.5,-22.5,-22.5,-26.432664756446993,-32.94642857142857,-22.5,-22.5,-22.5,-22.5,NA,NA,NA,NA,NA,-135,-138.932664756447
2014,175,-22.5,-22.5,-22.5,-22.5,-22.5,-26.432664756446993,-32.94642857142857,-22.5,-22.5,-22.5,-22.5,NA,NA,NA,NA,NA,-135,-138.932664756447
2014,176,-22.5,-22.5,-22.5,0.2,0.9,0.3524355300859599,2.489285714285714,0.7,7.9,-4.2,-22.5,NA,NA,NA,NA,NA,-66.1,-66.04756446991404
2014,177,-22.5,-22.5,-22.5,-22.5,-22.5,-26.432664756446993,-32.94642857142857,-22.5,-22.5,-22.5,-22.5,NA,NA,NA,NA,NA,-135,-138.932664756447
2014,178,-22.5,-22.5,-22.5,1.9,3.8,0.23495702005730662,0.8785714285714284,-22.5,-22.5,-22.5,-22.5,NA,NA,NA,NA,NA,-61.599999999999994,-61.56504297994269
2014,179,-22.5,-22.5,-22.5,-22.5,-22.5,-26.432664756446993,-32.94642857142857,-22.5,-22.5,-22.5,-22.5,NA,NA,NA,NA,NA,-135,-138.932664756447
2014,180,-22.5,-22.5,-22.5,-22.5,-22.5,-26.432664756446993,-32.94642857142857,-22.5,-22.5,-22.5,-22.5,NA,NA,NA,NA,NA,-135,-138.932664756447
2014,181,-22.5,-22.5,-22.5,-22.5,0.9,4.464183381088826,2.342857142857143,1.2,-0.8,-0.3,10.5,NA,NA,NA,NA,NA,-85.3,-84.63581661891116
2014,182,-22.5,-22.5,-22.5,-22.5,-22.5,-26.432664756446993,-32.94642857142857,-22.5,-22.5,-22.5,-22.5,NA,NA,NA,NA,NA,-135,-138.932664756447
2014,183,-22.5,-22.5,-22.5,-22.5,-22.5,-26.432664756446993,-32.94642857142857,-22.5,-22.5,-22.5,-22.5,NA,NA,NA,NA,NA,-135,-138.932664756447
2014,184,-22.5,-22.5,-22.5,-22.5,-22.5,-26.432664756446993,-32.94642857142857,-22.5,-22.5,-22.5,-22.5,NA,NA,NA,NA,NA,-135,-138.932664756447
2014,185,-22.5,-22.5,-22.5,-22.5,-22.5,-26.432664756446993,-32.94642857142857,-22.5,-22.5,-22.5,-22.5,NA,NA,NA,NA,NA,-135,-138.932664756447
2014,186,-22.5,-22.5,-22.5,-22.5,-22.5,-26.432664756446993,-32.94642857142857,-22.5,-22.5,-22.5,-22.5,NA,NA,NA,NA,NA,-135,-138.932664756447
2014,187,-22.5,-22.5,-22.5,-22.5,-22.5,-26.432664756446993,-32.94642857142857,-22.5,-22.5,-22.5,-22.5,NA,NA,NA,NA,NA,-135,-138.932664756447
2014,188,-22.5,-22.5,-22.5,-22.5,-22.5,4.111747851002866,-0.29285714285714287,2.7,9.7,-0.5,-1,NA,NA,NA,NA,NA,-109,-108.38825214899714
2014,189,-22.5,-22.5,-22.5,-22.5,-22.5,-26.432664756446993,-32.94642857142857,-22.5,-22.5,-22.5,-22.5,NA,NA,NA,NA,NA,-135,-138.932664756447
2014,190,-22.5,-22.5,-22.5,-22.5,-22.5,-26.432664756446993,-32.94642857142857,-22.5,-22.5,-22.5,-22.5,NA,NA,NA,NA,NA,-135,-138.932664756447
2014,191,-22.5,-22.5,-22.5,-22.5,-22.5,-26.432664756446993,-32.94642857142857,-22.5,-22.5,-22.5,-22.5,NA,NA,NA,NA,NA,-135,-138.932664756447
2014,192,-22.5,-22.5,-22.5,-22.5,-22.5,-26.432664756446993,-32.94642857142857,-22.5,-22.5,-22.5,-22.5,NA,NA,NA,NA,NA,-135,-138.932664756447
2014,193,-22.5,-22.5,-22.5,-22.5,-22.5,-26.432664756446993,-32.94642857142857,-22.5,-22.5,-22.5,-22.5,NA,NA,NA,NA,NA,-135,-138.932664756447
2014,194,-22.5,-22.5,-22.5,-22.5,-22.5,-26.432664756446993,-32.94642857142857,-22.5,-22.5,-22.5,-22.5,NA,NA,NA,NA,NA,-135,-138.932664756447
2014,195,-22.5,-22.5,-22.5,-22.5,-22.5,-26.432664756446993,-32.94642857142857,-22.5,-22.5,-22.5,-22.5,NA,NA,NA,NA,NA,-135,-138.932664756447
2014,196,-22.5,-22.5,-22.5,-22.5,-22.5,-26.432664756446993,-32.94642857142857,-22.5,-22.5,-22.5,-22.5,NA,NA,NA,NA,NA,-135,-138.932664756447
2014,197,-22.5,-22.5,-22.5,-22.5,-22.5,-26.432664756446993,-32.94642857142857,-22.5,-22.5,-22.5,-22.5,NA,NA,NA,NA,NA,-135,-138.932664756447
2014,198,-22.5,-22.5,-22.5,-22.5,-22.5,-26.432664756446993,-32.94642857142857,-22.5,-22.5,-22.5,-22.5,NA,NA,NA,NA,NA,-135,-138.932664756447
2014,199,-22.5,-22.5,-22.5,-22.5,-22.5,-26.432664756446993,-32.94642857142857,-22.5,-22.5,-22.5,-22.5,NA,NA,NA,NA,NA,-135,-138.932664756447
2014,200,-22.5,-22.5,-22.5,-22.5,-22.5,-26.432664756446993,-32.94642857142857,-22.5,-22.5,-22.5,-22.5,NA,NA,NA,NA,NA,-135,-138.932664756447
2014,201,-22.5,-22.5,-22.5,-22.5,-22.5,-26.432664756446993,-32.94642857142857,-22.5,-22.5,-22.5,-22.5,NA,NA,NA,NA,NA,-135,-138.932664756447
2014,202,-22.5,-22.5,-22.5,-22.5,-22.5,-26.432664756446993,-32.94642857142857,-22.5,-22.5,-22.5,-22.5,NA,NA,NA,NA,NA,-135,-138.932664756447
2014,203,-22.5,-22.5,-22.5,-22.5,-22.5,-26.432664756446993,-32.94642857142857,-22.5,-22.5,-22.5,-22.5,NA,NA,NA,NA,NA,-135,-138.932664756447
2014,204,-22.5,-22.5,-22.5,-22.5,-22.5,-26.432664756446993,-32.94642857142857,-22.5,-22.5,-22.5,-22.5,NA,NA,NA,NA,NA,-135,-138.932664756447
2014,205,-22.5,-22.5,1,12.4,7.5,5.169054441260746,-32.94642857142857,4.8,-22.5,-22.5,-22.5,NA,NA,NA,NA,NA,-19.700000000000003,-18.930945558739253
2014,206,-22.5,-22.5,-22.5,-22.5,-22.5,-26.432664756446993,-32.94642857142857,-22.5,-22.5,-22.5,-22.5,NA,NA,NA,NA,NA,-135,-138.932664756447
2014,207,-22.5,-22.5,-22.5,-22.5,-22.5,0.7048710601719198,5.417857142857143,3.2,4.5,-2.6,3.8,NA,NA,NA,NA,NA,-111.9,-111.79512893982807
2014,208,-22.5,-22.5,-22.5,-22.5,-22.5,-26.432664756446993,-32.94642857142857,-22.5,-22.5,-22.5,-22.5,NA,NA,NA,NA,NA,-135,-138.932664756447
2014,209,-22.5,-22.5,-22.5,-22.5,-22.5,-26.432664756446993,-32.94642857142857,-22.5,-22.5,-22.5,-22.5,NA,NA,NA,NA,NA,-135,-138.932664756447
2014,210,-22.5,-22.5,-22.5,-22.5,-22.5,-0.9398280802292265,-32.94642857142857,5.7,2.9,-0.1,1.5,NA,NA,NA,NA,NA,-113.3,-113.43982808022923
2015,1,13.2,33.6,23,22.8,18.679083094555875,39.82857142857142,27.9,31.7,32.4,24.8,NA,NA,NA,NA,NA,NA,135.7,151.10765452312728
2015,2,7.4,8.3,12,12.5,19.383954154727796,7.760714285714285,4.8,17.6,15.3,19.8,NA,NA,NA,NA,NA,NA,62,67.34466844044208
2015,3,-22.5,-2.2,0.3,11.8,5.521489971346705,-2.342857142857143,9.4,14.7,11,1.9,NA,NA,NA,NA,NA,NA,-9.499999999999998,-9.421367171510436
2015,4,-22.5,10.3,13,18.6,9.163323782234958,20.79285714285714,22.1,22.3,16.1,17.1,NA,NA,NA,NA,NA,NA,41.400000000000006,49.356180925092104
2015,5,-3.2,-0.3,4,-0.2,0.46991404011461324,-0.29285714285714287,14.9,0.4,13.5,7.8,NA,NA,NA,NA,NA,NA,0.49999999999999994,0.4770568972574703
2015,6,-22.5,0.1,-1,2.3,3.994269340974212,2.196428571428571,2.2,14.3,10,7.3,NA,NA,NA,NA,NA,NA,-16.2,-14.909302087597213
2015,7,-22.5,5.6,10.1,1.3,12.570200573065902,3.514285714285714,1.3,-3,0.1,4.7,NA,NA,NA,NA,NA,NA,7.6,10.584486287351616
2015,8,-22.5,7.6,7,1.9,11.160458452722064,4.1,2.6,6,15.3,10.8,NA,NA,NA,NA,NA,NA,6.3,9.260458452722064
2015,9,-22.5,0.7,9.8,14,3.759312320916906,8.492857142857142,16.1,13,3.3,9.3,NA,NA,NA,NA,NA,NA,11,14.252169463774049
2015,10,-3.1,3.9,14.8,10.5,6.461318051575931,24.160714285714285,27.5,14.7,18,-3.4,NA,NA,NA,NA,NA,NA,48.1,56.722032337290216
2015,11,-22.5,-7.5,-1.2,1.1,-0.11747851002865331,0.14642857142857144,2.3,1.6,1.6,-0.6,NA,NA,NA,NA,NA,NA,-30.1,-30.07104993860008
2015,12,-22.5,-22.5,-22.5,-2.2,7.401146131805158,3.2214285714285715,-1.6,-6.3,1.7,-22.5,NA,NA,NA,NA,NA,NA,-61.2,-59.07742529676628
2015,13,-22.5,-22.5,-22.5,-22.5,-26.432664756446993,-4.539285714285714,1.9,-1.2,-22.5,-22.5,NA,NA,NA,NA,NA,NA,-115.6,-120.97195047073271
2015,14,-22.5,-22.5,16.3,12.3,9.633237822349571,-0.4392857142857142,6.8,19.8,4.1,7.4,NA,NA,NA,NA,NA,NA,-8.5,-7.206047891936142
2015,15,-22.5,-22.5,-22.5,-22.5,-26.432664756446993,-2.196428571428571,-22.5,-22.5,-22.5,-22.5,NA,NA,NA,NA,NA,NA,-114,-118.62909332787557
2015,16,-22.5,-22.5,20.7,7,9.515759312320917,14.496428571428572,3.9,7.2,13,7.2,NA,NA,NA,NA,NA,NA,0.6999999999999993,6.712187883749488
2015,17,-22.5,-2.8,5.4,10.6,0,10.25,5.1,8.8,1.5,16,NA,NA,NA,NA,NA,NA,-2.299999999999999,0.9500000000000011
2015,18,-22.5,-22.5,4.1,15.9,4.934097421203439,1.4642857142857142,16.9,14.6,9.3,17.4,NA,NA,NA,NA,NA,NA,-19.8,-18.601616864510845
2015,19,-22.5,-22.5,0.8,-22.5,-26.432664756446993,-0.8785714285714284,2.4,2.5,-22.5,-22.5,NA,NA,NA,NA,NA,NA,-89.8,-94.01123618501843
2015,20,-22.5,1.4,2.5,6.4,13.86246418338109,12.299999999999999,12.3,11.1,17,9,NA,NA,NA,NA,NA,NA,8,13.962464183381089
2015,21,-22.5,-22.5,2.2,7.5,-1.2922636103151866,3.3678571428571424,1.4,0.7,-2.7,-22.5,NA,NA,NA,NA,NA,NA,-34.1,-33.224406467458046
2015,22,-22.5,-22.5,-22.5,-22.5,9.868194842406877,1.6107142857142858,-2.8,26.1,1.4,2.4,NA,NA,NA,NA,NA,NA,-80.5,-78.52109087187884
2015,23,-22.5,1.3,12.2,9.9,14.097421203438397,12.592857142857142,2.3,4.2,9.2,1.3,NA,NA,NA,NA,NA,NA,21.5,27.59027834629554
2015,24,-22.5,5.4,10.9,5.4,13.744985673352435,6.003571428571427,5.4,0.5,8.6,-0.8,NA,NA,NA,NA,NA,NA,14.999999999999998,18.94855710192386
2015,25,-22.5,-22.5,5.5,6.2,3.0544412607449862,7.175,7.1,0.6,5.6,1.1,NA,NA,NA,NA,NA,NA,-25.799999999999997,-23.07055873925501
2015,26,-22.5,-22.5,-2.6,1.5,-26.432664756446993,-32.94642857142857,-0.7,0.5,-0.4,-2.7,NA,NA,NA,NA,NA,NA,-91.1,-105.47909332787556
2015,27,-22.5,-1,-22.5,-0.4,-5.169054441260746,0.4392857142857142,-1.6,-0.2,-22.5,-22.5,NA,NA,NA,NA,NA,NA,-50.5,-51.12976872697503
2015,28,-22.5,2,4.3,5.1,13.627507163323783,12.299999999999999,-2.5,1.2,-1.8,10,NA,NA,NA,NA,NA,NA,8.9,14.827507163323782
2015,29,-22.5,-22.5,-2,-22.5,-0.7048710601719198,1.4642857142857142,0.9,-0.3,-22.5,-22.5,NA,NA,NA,NA,NA,NA,-69.1,-68.74058534588622
2015,30,-22.5,-22.5,-22.5,-22.5,-26.432664756446993,2.05,1.3,-22.5,-22.5,-22.5,NA,NA,NA,NA,NA,NA,-111.1,-114.382664756447
2015,31,-22.5,-22.5,-22.5,-22.5,-26.432664756446993,-32.94642857142857,-22.5,-22.5,-22.5,-22.5,NA,NA,NA,NA,NA,NA,-135,-149.37909332787558
2015,32,-22.5,0.8,6.8,-1.2,4.346704871060172,3.9535714285714287,-8.1,-1,3,-5.4,NA,NA,NA,NA,NA,NA,-9.7,-7.799723700368396
2015,33,-22.5,-22.5,-22.5,-22.5,2.232091690544413,-3.9535714285714287,-2.6,-22.5,0.6,-2.4,NA,NA,NA,NA,NA,NA,-90.8,-91.72147973802701
2015,34,-22.5,-22.5,8.3,3,12.10028653295129,-2.782142857142857,4.7,-0.9,-7.2,-2.9,NA,NA,NA,NA,NA,NA,-25.3,-24.38185632419157
2015,35,-22.5,5.6,10.1,14.9,8.10601719197708,10.39642857142857,10.4,15,15.6,10.5,NA,NA,NA,NA,NA,NA,22.1,26.602445763405655
2015,36,-22.5,-22.5,-22.5,-22.5,-26.432664756446993,-32.94642857142857,-22.5,-22.5,-22.5,-22.5,NA,NA,NA,NA,NA,NA,-135,-149.37909332787558
2015,37,-22.5,9.4,3.4,8.3,0.5873925501432665,2.196428571428571,5.4,14.3,4.3,1.6,NA,NA,NA,NA,NA,NA,0.6000000000000014,1.383821121571839
2015,38,-22.5,-22.5,-22.5,-22.5,-26.432664756446993,-32.94642857142857,-22.5,-22.5,-22.5,-22.5,NA,NA,NA,NA,NA,NA,-135,-149.37909332787558
2015,39,-22.5,0.1,-0.8,-1.7,-26.432664756446993,-32.94642857142857,2.1,2,-1,-1.7,NA,NA,NA,NA,NA,NA,-69.9,-84.27909332787556
2015,40,-22.5,-22.5,-22.5,-22.5,-26.432664756446993,0.8785714285714284,-1.6,-22.5,-22.5,-22.5,NA,NA,NA,NA,NA,NA,-111.9,-115.55409332787556
2015,41,-22.5,-22.5,-22.5,-22.5,-26.432664756446993,-32.94642857142857,-22.5,-22.5,-22.5,-22.5,NA,NA,NA,NA,NA,NA,-135,-149.37909332787558
2015,42,-22.5,-22.5,-22.5,9.4,17.38681948424069,2.782142857142857,-5.3,2.4,10.6,26,NA,NA,NA,NA,NA,NA,-41.4,-37.931037658616454
2015,43,-22.5,-22.5,-22.5,12.1,2.8194842406876792,8.932142857142855,4.2,-3.8,0.4,0.7,NA,NA,NA,NA,NA,NA,-46.9,-43.64837290216946
2015,44,-22.5,-22.5,-22.5,-22.5,-26.432664756446993,-32.94642857142857,-22.5,-22.5,-22.5,-22.5,NA,NA,NA,NA,NA,NA,-135,-149.37909332787558
2015,45,-22.5,-22.5,-22.5,-0.9,-26.432664756446993,-32.94642857142857,-22.5,-22.5,-22.5,-22.5,NA,NA,NA,NA,NA,NA,-113.4,-127.77909332787557
2015,46,-2.8,-22.5,3.7,-3.8,1.174785100286533,6.003571428571427,-0.8,12.8,5.8,1.6,NA,NA,NA,NA,NA,NA,-20.300000000000004,-18.22164347114204
2015,47,-22.5,-22.5,-22.5,-22.5,1.997134670487106,-2.9285714285714284,0.8,3.3,-1.2,1.2,NA,NA,NA,NA,NA,NA,-90.3,-90.93143675808433
2015,48,-22.5,-22.5,0.3,-0.8,1.174785100286533,-32.94642857142857,-22.5,-22.5,-22.5,-22.5,NA,NA,NA,NA,NA,NA,-67,-77.27164347114203
2015,49,-22.5,-22.5,-22.5,1,8.223495702005732,18.596428571428568,17.5,18.8,24.2,10.5,NA,NA,NA,NA,NA,NA,-46.8,-39.6800757265657
2015,50,-22.5,-22.5,-0.4,0.7,8.57593123209169,0.4392857142857142,8.8,3.4,2.1,1.4,NA,NA,NA,NA,NA,NA,-37.1,-35.68478305362259
2015,51,-22.5,-22.5,1.1,-1.5,-1.0573065902578798,-32.94642857142857,2,-22.5,-22.5,-22.5,NA,NA,NA,NA,NA,NA,-68.8,-79.40373516168646
2015,52,-22.5,-22.5,-22.5,-2.2,-1.2922636103151866,3.9535714285714287,-8,-6.9,-4.9,-3.2,NA,NA,NA,NA,NA,NA,-68.1,-67.03869218174377
2015,53,-22.5,-22.5,-0.3,10.8,8.458452722063038,-3.514285714285714,14.3,8.1,1.6,-11.4,NA,NA,NA,NA,NA,NA,-29.7,-29.555832992222676
2015,54,-22.5,-22.5,-22.5,-22.5,-26.432664756446993,-32.94642857142857,-22.5,-22.5,-22.5,-22.5,NA,NA,NA,NA,NA,NA,-135,-149.37909332787558
2015,55,-22.5,-22.5,-22.5,-22.5,3.6418338108882526,3.0749999999999997,0.2,-2.5,2.7,3.2,NA,NA,NA,NA,NA,NA,-84.80000000000001,-83.28316618911174
2015,56,-22.5,-22.5,6.7,8.2,14.21489971346705,1.025,-1.5,22.2,5.7,7.9,NA,NA,NA,NA,NA,NA,-17.3,-14.860100286532948
2015,57,-22.5,-22.5,-22.5,2.3,5.991404011461318,-5.271428571428571,14.4,14,-10.9,11.3,NA,NA,NA,NA,NA,NA,-63.7,-64.48002455996725
2015,58,-22.5,-22.5,-22.5,-22.5,1.5272206303724931,6.003571428571427,-22.5,-0.6,-6.6,3.7,NA,NA,NA,NA,NA,NA,-84.60000000000001,-82.46920794105607
2015,59,-22.5,-22.5,-22.5,-22.5,-26.432664756446993,-32.94642857142857,-22.5,-22.5,-22.5,-22.5,NA,NA,NA,NA,NA,NA,-135,-149.37909332787558
2015,60,-22.5,-22.5,-22.5,-2.8,-0.11747851002865331,0.29285714285714287,17.2,-22.5,-5.6,-1.2,NA,NA,NA,NA,NA,NA,-70.19999999999999,-70.1246213671715
2015,61,-22.5,-22.5,-22.5,-22.5,-26.432664756446993,-32.94642857142857,-22.5,-22.5,-22.5,-22.5,NA,NA,NA,NA,NA,NA,-135,-149.37909332787558
2015,62,-22.5,-22.5,-22.5,-22.5,-26.432664756446993,-32.94642857142857,-22.5,-22.5,-22.5,-22.5,NA,NA,NA,NA,NA,NA,-135,-149.37909332787558
2015,63,-22.5,-22.5,-22.5,-22.5,0,-32.94642857142857,-3.2,2.1,-22.5,-22.5,NA,NA,NA,NA,NA,NA,-112.5,-122.94642857142857
2015,64,-22.5,-22.5,-22.5,-22.5,-26.432664756446993,-32.94642857142857,-22.5,-22.5,-22.5,-22.5,NA,NA,NA,NA,NA,NA,-135,-149.37909332787558
2015,65,-22.5,-22.5,-22.5,-22.5,-26.432664756446993,-32.94642857142857,-22.5,-22.5,-22.5,-22.5,NA,NA,NA,NA,NA,NA,-135,-149.37909332787558
2015,66,-22.5,-22.5,-22.5,0.2,-26.432664756446993,-32.94642857142857,-22.5,-0.5,-22.5,-22.5,NA,NA,NA,NA,NA,NA,-112.3,-126.67909332787556
2015,67,-22.5,-22.5,-22.5,-22.5,-26.432664756446993,-32.94642857142857,-22.5,-22.5,-22.5,-22.5,NA,NA,NA,NA,NA,NA,-135,-149.37909332787558
2015,68,-22.5,-22.5,-22.5,-22.5,-26.432664756446993,-32.94642857142857,-22.5,-22.5,-22.5,-22.5,NA,NA,NA,NA,NA,NA,-135,-149.37909332787558
2015,69,-22.5,-22.5,-22.5,-22.5,-26.432664756446993,1.3178571428571428,-2.8,3.8,-1.2,2,NA,NA,NA,NA,NA,NA,-111.6,-115.11480761358986
2015,70,-22.5,-22.5,-22.5,-22.5,-26.432664756446993,-32.94642857142857,3.8,-7.2,-4,-22.5,NA,NA,NA,NA,NA,NA,-135,-149.37909332787558
2015,71,-22.5,-22.5,-22.5,-22.5,-1.879656160458453,-32.94642857142857,-22.5,-22.5,-22.5,-22.5,NA,NA,NA,NA,NA,NA,-114.1,-124.82608473188702
2015,72,-22.5,-22.5,3.7,16.2,18.444126074498566,1.1714285714285715,10.3,7.3,8,16.1,NA,NA,NA,NA,NA,NA,-8.599999999999998,-5.48444535407286
2015,73,-22.5,-22.5,-22.5,-22.5,-26.432664756446993,-32.94642857142857,-22.5,-22.5,-22.5,-22.5,NA,NA,NA,NA,NA,NA,-135,-149.37909332787558
2015,74,-22.5,-22.5,-22.5,-22.5,-26.432664756446993,-32.94642857142857,-22.5,-22.5,-22.5,-22.5,NA,NA,NA,NA,NA,NA,-135,-149.37909332787558
2015,75,-22.5,-22.5,-22.5,-22.5,-26.432664756446993,-2.489285714285714,7.1,-0.4,-7.4,6.6,NA,NA,NA,NA,NA,NA,-114.2,-118.92195047073271
2015,76,-22.5,-22.5,0.3,0.6,4.111747851002866,7.9071428571428575,4.6,12,16,17.6,NA,NA,NA,NA,NA,NA,-35.2,-32.081109291854276
2015,77,-22.5,-22.5,-22.5,-3.8,-9.045845272206305,-32.94642857142857,1.1,9.6,19.4,18.1,NA,NA,NA,NA,NA,NA,-101.5,-113.29227384363487
2015,78,-22.5,-22.5,-22.5,-22.5,-26.432664756446993,-32.94642857142857,-22.5,-22.5,-22.5,-22.5,NA,NA,NA,NA,NA,NA,-135,-149.37909332787558
2015,79,-22.5,-22.5,-22.5,-22.5,-26.432664756446993,-32.94642857142857,-22.5,-22.5,-22.5,-22.5,NA,NA,NA,NA,NA,NA,-135,-149.37909332787558
2015,80,-22.5,-22.5,-22.5,-22.5,-26.432664756446993,-32.94642857142857,-22.5,-22.5,-22.5,-22.5,NA,NA,NA,NA,NA,NA,-135,-149.37909332787558
2015,81,-22.5,-22.5,-22.5,-22.5,-26.432664756446993,-32.94642857142857,-22.5,-22.5,-22.5,-22.5,NA,NA,NA,NA,NA,NA,-135,-149.37909332787558
2015,82,-22.5,-22.5,-22.5,-22.5,-26.432664756446993,-32.94642857142857,-22.5,-22.5,-22.5,-22.5,NA,NA,NA,NA,NA,NA,-135,-149.37909332787558
2015,83,-22.5,-22.5,-22.5,-22.5,-26.432664756446993,-32.94642857142857,-22.5,-22.5,-22.5,-22.5,NA,NA,NA,NA,NA,NA,-135,-149.37909332787558
2015,84,-22.5,-22.5,-22.5,-22.5,-26.432664756446993,-32.94642857142857,-22.5,-22.5,-22.5,-22.5,NA,NA,NA,NA,NA,NA,-135,-149.37909332787558
2015,85,-22.5,-22.5,-22.5,-22.5,-26.432664756446993,-32.94642857142857,0.9,6.7,13.8,1.2,NA,NA,NA,NA,NA,NA,-135,-149.37909332787558
2015,86,-22.5,-22.5,-22.5,-22.5,-26.432664756446993,-32.94642857142857,-22.5,-22.5,-22.5,-22.5,NA,NA,NA,NA,NA,NA,-135,-149.37909332787558
2015,87,-22.5,-22.5,-22.5,-22.5,0.3524355300859599,-32.94642857142857,-1.3,-22.5,-22.5,-22.5,NA,NA,NA,NA,NA,NA,-112.2,-122.59399304134261
2015,88,-22.5,-22.5,-22.5,-22.5,-26.432664756446993,-32.94642857142857,-22.5,-22.5,-22.5,-22.5,NA,NA,NA,NA,NA,NA,-135,-149.37909332787558
2015,89,-22.5,-22.5,-22.5,-22.5,0.3524355300859599,-32.94642857142857,-22.5,-22.5,-22.5,-22.5,NA,NA,NA,NA,NA,NA,-112.2,-122.59399304134261
2015,90,-22.5,-22.5,-22.5,-22.5,-26.432664756446993,-32.94642857142857,-22.5,-22.5,-22.5,-22.5,NA,NA,NA,NA,NA,NA,-135,-149.37909332787558
2015,91,-22.5,-22.5,-22.5,-22.5,-3.0544412607449862,-32.94642857142857,-22.5,1.7,-1.8,1.6,NA,NA,NA,NA,NA,NA,-115.1,-126.00086983217355
2015,92,-22.5,-22.5,-22.5,-1.9,-26.432664756446993,0.4392857142857142,-1.1,8.2,2.6,-1,NA,NA,NA,NA,NA,NA,-91.6,-95.39337904216129
2015,93,-22.5,-22.5,-22.5,-22.5,-26.432664756446993,-32.94642857142857,-22.5,-22.5,-22.5,-22.5,NA,NA,NA,NA,NA,NA,-135,-149.37909332787558
2015,94,-22.5,-22.5,-22.5,-22.5,-26.432664756446993,-32.94642857142857,-22.5,-22.5,-22.5,-22.5,NA,NA,NA,NA,NA,NA,-135,-149.37909332787558
2015,95,-22.5,-22.5,-22.5,-22.5,-26.432664756446993,-32.94642857142857,-22.5,-22.5,-22.5,-22.5,NA,NA,NA,NA,NA,NA,-135,-149.37909332787558
2015,96,-22.5,-22.5,-22.5,-22.5,2.702005730659026,3.3678571428571424,3.7,0.8,4.7,-4.6,NA,NA,NA,NA,NA,NA,-85.4,-83.93013712648383
2015,97,-22.5,-22.5,-22.5,-22.5,-1.5272206303724931,-32.94642857142857,3.6,-0.6,-22.5,-22.5,NA,NA,NA,NA,NA,NA,-113.8,-124.47364920180107
2015,98,-22.5,-22.5,-22.5,-22.5,-26.432664756446993,-32.94642857142857,-22.5,-22.5,-22.5,-22.5,NA,NA,NA,NA,NA,NA,-135,-149.37909332787558
2015,99,-22.5,-22.5,-22.5,1.1,0.3524355300859599,-1.1714285714285715,-22.5,-1,-22.5,-22.5,NA,NA,NA,NA,NA,NA,-66.9,-67.21899304134263
2015,100,-22.5,-22.5,-22.5,-22.5,-26.432664756446993,-32.94642857142857,-22.5,1.5,-1.4,1.4,NA,NA,NA,NA,NA,NA,-135,-149.37909332787558
2015,101,-22.5,-22.5,-0.5,-22.5,-26.432664756446993,-32.94642857142857,-22.5,-22.5,-22.5,-22.5,NA,NA,NA,NA,NA,NA,-113,-127.37909332787557
2015,102,-22.5,2.2,7.4,2.2,-3.8767908309455588,-32.94642857142857,-22.5,3,-22.5,-22.5,NA,NA,NA,NA,NA,NA,-36.5,-47.523219402374124
2015,103,-22.5,-22.5,-22.5,-22.5,-26.432664756446993,-32.94642857142857,-22.5,-22.5,-22.5,-22.5,NA,NA,NA,NA,NA,NA,-135,-149.37909332787558
2015,104,-22.5,-22.5,-22.5,-0.5,-3.994269340974212,-32.94642857142857,-22.5,-22.5,-22.5,-22.5,NA,NA,NA,NA,NA,NA,-93.9,-104.94069791240278
2015,105,-22.5,-22.5,-22.5,-22.5,-26.432664756446993,-32.94642857142857,-22.5,-22.5,-22.5,-22.5,NA,NA,NA,NA,NA,NA,-135,-149.37909332787558
2015,106,-22.5,-22.5,-22.5,-22.5,-26.432664756446993,-32.94642857142857,-22.5,-22.5,-22.5,-22.5,NA,NA,NA,NA,NA,NA,-135,-149.37909332787558
2015,107,-22.5,-22.5,0.7,7.8,-0.3524355300859599,-2.9285714285714284,0.5,-1,-22.5,-22.5,NA,NA,NA,NA,NA,NA,-38.8,-39.78100695865739
2015,108,-22.5,-22.5,-22.5,-22.5,-26.432664756446993,-32.94642857142857,-22.5,-22.5,-22.5,-22.5,NA,NA,NA,NA,NA,NA,-135,-149.37909332787558
2015,109,-22.5,-22.5,-22.5,-22.5,-26.432664756446993,-32.94642857142857,-22.5,-22.5,-22.5,-22.5,NA,NA,NA,NA,NA,NA,-135,-149.37909332787558
2015,110,-22.5,-22.5,-22.5,-22.5,-26.432664756446993,-32.94642857142857,-22.5,-22.5,-22.5,-22.5,NA,NA,NA,NA,NA,NA,-135,-149.37909332787558
2015,111,-22.5,-22.5,-22.5,-22.5,-26.432664756446993,-32.94642857142857,-22.5,-22.5,-22.5,0.3,NA,NA,NA,NA,NA,NA,-135,-149.37909332787558
2015,112,-22.5,-22.5,-22.5,-22.5,-26.432664756446993,-32.94642857142857,-22.5,1.3,0.5,2.6,NA,NA,NA,NA,NA,NA,-135,-149.37909332787558
2015,113,-22.5,-22.5,-22.5,-22.5,-26.432664756446993,-32.94642857142857,-22.5,-22.5,-22.5,-22.5,NA,NA,NA,NA,NA,NA,-135,-149.37909332787558
2015,114,-22.5,-22.5,-22.5,-22.5,-26.432664756446993,-32.94642857142857,-22.5,-22.5,-22.5,-22.5,NA,NA,NA,NA,NA,NA,-135,-149.37909332787558
2015,115,-22.5,-22.5,-22.5,-22.5,-26.432664756446993,3.2214285714285715,8.4,1.2,5.7,5,NA,NA,NA,NA,NA,NA,-110.3,-113.21123618501842
2015,116,-22.5,-22.5,-22.5,-22.5,-26.432664756446993,-32.94642857142857,-22.5,-22.5,-22.5,-22.5,NA,NA,NA,NA,NA,NA,-135,-149.37909332787558
2015,117,-22.5,-22.5,-22.5,0.5,9.045845272206305,-2.489285714285714,3.7,2.2,1,-0.6,NA,NA,NA,NA,NA,NA,-61,-60.44344044207941
2015,118,-22.5,-22.5,-22.5,-22.5,-26.432664756446993,-32.94642857142857,-22.5,-22.5,-22.5,-22.5,NA,NA,NA,NA,NA,NA,-135,-149.37909332787558
2015,119,-22.5,-22.5,-22.5,-22.5,-26.432664756446993,-32.94642857142857,-22.5,-22.5,-22.5,-22.5,NA,NA,NA,NA,NA,NA,-135,-149.37909332787558
2015,120,-22.5,-22.5,-22.5,5.5,1.0573065902578798,2.05,8.5,4.9,7.3,3.7,NA,NA,NA,NA,NA,NA,-59.7,-58.89269340974212
2015,121,-22.5,-22.5,-22.5,-22.5,-26.432664756446993,-32.94642857142857,-22.5,-22.5,-3.9,2.2,NA,NA,NA,NA,NA,NA,-135,-149.37909332787558
2015,122,-22.5,-22.5,-22.5,-22.5,-26.432664756446993,-32.94642857142857,-22.5,-22.5,-22.5,-22.5,NA,NA,NA,NA,NA,NA,-135,-149.37909332787558
2015,123,-22.5,-22.5,-22.5,4,11.160458452722064,11.567857142857143,18,8.6,20.2,9.2,NA,NA,NA,NA,NA,NA,-46.1,-40.77168440442079
2015,124,-22.5,-22.5,-4.3,-22.5,5.404011461318052,0,0.3,4.4,-1.6,-22.5,NA,NA,NA,NA,NA,NA,-67.2,-66.39598853868195
2015,125,-22.5,-22.5,-22.5,-22.5,0.9398280802292265,-32.94642857142857,-22.5,-22.5,-22.5,-22.5,NA,NA,NA,NA,NA,NA,-111.7,-122.00660049119934
2015,126,-22.5,-22.5,-22.5,-22.5,-26.432664756446993,-32.94642857142857,-22.5,-22.5,-22.5,-22.5,NA,NA,NA,NA,NA,NA,-135,-149.37909332787558
2015,127,-22.5,-22.5,-22.5,-22.5,1.174785100286533,0.8785714285714284,1.3,-2.1,2.1,11.1,NA,NA,NA,NA,NA,NA,-88.4,-87.94664347114204
2015,128,-22.5,-22.5,-22.5,-22.5,0.23495702005730662,-32.94642857142857,-22.5,-22.5,-22.5,-22.5,NA,NA,NA,NA,NA,NA,-112.3,-122.71147155137126
2015,129,-22.5,-22.5,-22.5,-22.5,-26.432664756446993,-32.94642857142857,-22.5,-22.5,-22.5,-22.5,NA,NA,NA,NA,NA,NA,-135,-149.37909332787558
2015,130,-22.5,-22.5,-22.5,-22.5,-26.432664756446993,-32.94642857142857,-22.5,-22.5,-22.5,-22.5,NA,NA,NA,NA,NA,NA,-135,-149.37909332787558
2015,131,-22.5,-22.5,-22.5,-22.5,-26.432664756446993,-32.94642857142857,-22.5,-22.5,-22.5,-22.5,NA,NA,NA,NA,NA,NA,-135,-149.37909332787558
2015,132,-22.5,-22.5,-22.5,-22.5,-26.432664756446993,-32.94642857142857,-22.5,-22.5,-22.5,-22.5,NA,NA,NA,NA,NA,NA,-135,-149.37909332787558
2015,133,-22.5,-22.5,-22.5,-22.5,-26.432664756446993,-32.94642857142857,-22.5,-22.5,-22.5,-22.5,NA,NA,NA,NA,NA,NA,-135,-149.37909332787558
2015,134,-22.5,-22.5,-22.5,-22.5,-26.432664756446993,-32.94642857142857,-22.5,-22.5,-22.5,-22.5,NA,NA,NA,NA,NA,NA,-135,-149.37909332787558
2015,135,-22.5,-22.5,-22.5,-22.5,-26.432664756446993,13.47142857142857,21.9,12.6,23.3,13,NA,NA,NA,NA,NA,NA,-103.3,-102.96123618501842
2015,136,-22.5,-22.5,-22.5,-22.5,-26.432664756446993,-32.94642857142857,-22.5,-22.5,-22.5,-22.5,NA,NA,NA,NA,NA,NA,-135,-149.37909332787558
2015,137,-22.5,-22.5,1.5,11.1,-5.404011461318052,-0.29285714285714287,2.1,-22.5,-22.5,-22.5,NA,NA,NA,NA,NA,NA,-37.2,-38.09686860417519
2015,138,-22.5,-22.5,-22.5,-22.5,-26.432664756446993,-32.94642857142857,-22.5,-22.5,-22.5,-22.5,NA,NA,NA,NA,NA,NA,-135,-149.37909332787558
2015,139,-22.5,-22.5,-22.5,-0.2,0.46991404011461324,-1.025,-0.8,-22.5,-22.5,-22.5,NA,NA,NA,NA,NA,NA,-68,-68.25508595988539
2015,140,-22.5,-22.5,-22.5,-22.5,-26.432664756446993,-32.94642857142857,-22.5,-22.5,-22.5,-22.5,NA,NA,NA,NA,NA,NA,-135,-149.37909332787558
2015,141,-22.5,-22.5,-22.5,-22.5,-26.432664756446993,-32.94642857142857,-22.5,-22.5,-22.5,-22.5,NA,NA,NA,NA,NA,NA,-135,-149.37909332787558
2015,142,-22.5,-22.5,-22.5,-2,1.174785100286533,5.564285714285714,4.2,0.4,-22.5,-22.5,NA,NA,NA,NA,NA,NA,-64.7,-62.760929185427756
2015,143,-22.5,-22.5,-22.5,-22.5,-26.432664756446993,-32.94642857142857,-22.5,-22.5,-22.5,-22.5,NA,NA,NA,NA,NA,NA,-135,-149.37909332787558
2015,144,-22.5,-22.5,-22.5,-22.5,-26.432664756446993,-32.94642857142857,-22.5,-22.5,-22.5,-22.5,NA,NA,NA,NA,NA,NA,-135,-149.37909332787558
2015,145,-22.5,-22.5,-22.5,-22.5,-26.432664756446993,-32.94642857142857,-8.3,7.6,-0.7,25.6,NA,NA,NA,NA,NA,NA,-135,-149.37909332787558
2015,146,-22.5,-22.5,-22.5,-22.5,-26.432664756446993,-32.94642857142857,-22.5,-22.5,-22.5,-22.5,NA,NA,NA,NA,NA,NA,-135,-149.37909332787558
2015,147,-22.5,-22.5,-22.5,-22.5,-26.432664756446993,-32.94642857142857,-22.5,-22.5,-22.5,-22.5,NA,NA,NA,NA,NA,NA,-135,-149.37909332787558
2015,148,-22.5,-22.5,-22.5,7.5,0.7048710601719198,9.371428571428572,16.3,13.9,13.7,4.1,NA,NA,NA,NA,NA,NA,-53,-49.92370036839951
2015,149,-22.5,-22.5,-0.1,-1.9,5.404011461318052,-4.978571428571428,-5.8,-22.5,-22.5,6.7,NA,NA,NA,NA,NA,NA,-45.8,-46.57455996725338
2015,150,-22.5,-22.5,-22.5,-22.5,-26.432664756446993,-32.94642857142857,-22.5,-22.5,-22.5,-22.5,NA,NA,NA,NA,NA,NA,-135,-149.37909332787558
2015,151,-22.5,-22.5,-22.5,-22.5,-26.432664756446993,-32.94642857142857,-22.5,-22.5,-22.5,-22.5,NA,NA,NA,NA,NA,NA,-135,-149.37909332787558
2015,152,-22.5,-22.5,-22.5,-22.5,-26.432664756446993,-32.94642857142857,-22.5,-22.5,-22.5,-22.5,NA,NA,NA,NA,NA,NA,-135,-149.37909332787558
2015,153,-22.5,-22.5,-22.5,-22.5,-26.432664756446993,-32.94642857142857,-22.5,-22.5,-22.5,-22.5,NA,NA,NA,NA,NA,NA,-135,-149.37909332787558
2015,154,-22.5,-22.5,-22.5,-22.5,17.974212034383957,2.782142857142857,2.7,4,3.3,2.8,NA,NA,NA,NA,NA,NA,-72.8,-69.24364510847319
2015,155,-22.5,-22.5,-22.5,-22.5,-26.432664756446993,-32.94642857142857,-22.5,-22.5,-22.5,-22.5,NA,NA,NA,NA,NA,NA,-135,-149.37909332787558
2015,156,-22.5,-22.5,-22.5,-22.5,-26.432664756446993,-32.94642857142857,-22.5,-22.5,-22.5,-22.5,NA,NA,NA,NA,NA,NA,-135,-149.37909332787558
2015,157,-22.5,-22.5,-22.5,0.4,-26.432664756446993,-32.94642857142857,-22.5,-0.1,-22.5,-22.5,NA,NA,NA,NA,NA,NA,-112.1,-126.47909332787556
2015,158,-22.5,-22.5,-22.5,-22.5,-26.432664756446993,-32.94642857142857,-22.5,-22.5,-22.5,-22.5,NA,NA,NA,NA,NA,NA,-135,-149.37909332787558
2015,159,-22.5,-22.5,-22.5,-22.5,9.633237822349571,1.6107142857142858,4.5,1.4,8.9,6.9,NA,NA,NA,NA,NA,NA,-80.7,-78.75604789193615
2015,160,-22.5,-22.5,-22.5,-22.5,-26.432664756446993,-32.94642857142857,-22.5,-22.5,-22.5,-22.5,NA,NA,NA,NA,NA,NA,-135,-149.37909332787558
2015,161,-22.5,-22.5,-22.5,-22.5,-26.432664756446993,-32.94642857142857,-22.5,-22.5,-22.5,-22.5,NA,NA,NA,NA,NA,NA,-135,-149.37909332787558
2015,162,-22.5,-22.5,-22.5,-22.5,-26.432664756446993,-32.94642857142857,-22.5,-22.5,-22.5,-22.5,NA,NA,NA,NA,NA,NA,-135,-149.37909332787558
2015,163,-22.5,-22.5,-22.5,-22.5,-26.432664756446993,-32.94642857142857,-22.5,-22.5,-22.5,-22.5,NA,NA,NA,NA,NA,NA,-135,-149.37909332787558
2015,164,-22.5,-22.5,-22.5,-22.5,-26.432664756446993,-32.94642857142857,-22.5,-22.5,-22.5,-22.5,NA,NA,NA,NA,NA,NA,-135,-149.37909332787558
2015,165,-22.5,-22.5,-22.5,-22.5,-26.432664756446993,-32.94642857142857,-22.5,-22.5,-22.5,-22.5,NA,NA,NA,NA,NA,NA,-135,-149.37909332787558
2015,166,-22.5,-22.5,-1.1,6.2,13.744985673352435,10.103571428571428,14.7,7,5.7,1.5,NA,NA,NA,NA,NA,NA,-21.299999999999997,-16.051442898076136
2015,167,-22.5,-22.5,-22.5,-22.5,-26.432664756446993,-32.94642857142857,-22.5,-22.5,-22.5,-22.5,NA,NA,NA,NA,NA,NA,-135,-149.37909332787558
2015,168,-22.5,-22.5,-22.5,3.9,-0.3524355300859599,5.271428571428571,-2.1,2,-2.2,-1.6,NA,NA,NA,NA,NA,NA,-60.3,-58.68100695865739
2015,169,-22.5,-22.5,-22.5,-22.5,-26.432664756446993,-32.94642857142857,-22.5,-22.5,-22.5,-22.5,NA,NA,NA,NA,NA,NA,-135,-149.37909332787558
2015,170,-22.5,-22.5,-22.5,-22.5,-26.432664756446993,-32.94642857142857,-22.5,-22.5,-22.5,-22.5,NA,NA,NA,NA,NA,NA,-135,-149.37909332787558
2015,171,-22.5,-22.5,-22.5,-22.5,-26.432664756446993,-32.94642857142857,-22.5,-22.5,-22.5,-22.5,NA,NA,NA,NA,NA,NA,-135,-149.37909332787558
2015,172,-22.5,-22.5,-22.5,-22.5,-26.432664756446993,-32.94642857142857,-22.5,-22.5,-22.5,-22.5,NA,NA,NA,NA,NA,NA,-135,-149.37909332787558
2015,173,-22.5,-22.5,-22.5,-22.5,-26.432664756446993,-32.94642857142857,-22.5,-22.5,-22.5,-22.5,NA,NA,NA,NA,NA,NA,-135,-149.37909332787558
2015,174,-22.5,-22.5,-22.5,-22.5,-26.432664756446993,-32.94642857142857,-22.5,-22.5,-22.5,-22.5,NA,NA,NA,NA,NA,NA,-135,-149.37909332787558
2015,175,-22.5,-22.5,-22.5,-22.5,-26.432664756446993,-32.94642857142857,-22.5,-22.5,-22.5,-22.5,NA,NA,NA,NA,NA,NA,-135,-149.37909332787558
2015,176,-22.5,-22.5,-22.5,-22.5,-26.432664756446993,-32.94642857142857,-22.5,-22.5,-22.5,-22.5,NA,NA,NA,NA,NA,NA,-135,-149.37909332787558
2015,177,-22.5,-22.5,-22.5,-22.5,-26.432664756446993,-32.94642857142857,-22.5,-22.5,-22.5,-22.5,NA,NA,NA,NA,NA,NA,-135,-149.37909332787558
2015,178,-22.5,-22.5,-22.5,-22.5,-26.432664756446993,-32.94642857142857,-22.5,-22.5,-22.5,-22.5,NA,NA,NA,NA,NA,NA,-135,-149.37909332787558
2015,179,-22.5,-22.5,-22.5,-22.5,-26.432664756446993,-32.94642857142857,-22.5,-22.5,-22.5,-22.5,NA,NA,NA,NA,NA,NA,-135,-149.37909332787558
2015,180,-22.5,-22.5,-22.5,-22.5,-26.432664756446993,-32.94642857142857,-22.5,-22.5,-22.5,1.2,NA,NA,NA,NA,NA,NA,-135,-149.37909332787558
2015,181,-22.5,-22.5,-22.5,-22.5,-26.432664756446993,-32.94642857142857,-22.5,-22.5,-22.5,-22.5,NA,NA,NA,NA,NA,NA,-135,-149.37909332787558
2015,182,-22.5,-22.5,-22.5,-22.5,-26.432664756446993,-32.94642857142857,-22.5,-22.5,-22.5,-22.5,NA,NA,NA,NA,NA,NA,-135,-149.37909332787558
2015,183,-22.5,-22.5,-22.5,-22.5,-26.432664756446993,-32.94642857142857,-5.4,1.2,-22.5,-22.5,NA,NA,NA,NA,NA,NA,-135,-149.37909332787558
2015,184,-22.5,-22.5,-22.5,-22.5,-26.432664756446993,-32.94642857142857,-1,-22.5,-22.5,-22.5,NA,NA,NA,NA,NA,NA,-135,-149.37909332787558
2015,185,-22.5,-22.5,-22.5,-22.5,-26.432664756446993,-32.94642857142857,-22.5,-22.5,-22.5,-22.5,NA,NA,NA,NA,NA,NA,-135,-149.37909332787558
2015,186,-22.5,-22.5,-22.5,-22.5,-26.432664756446993,-0.4392857142857142,-0.4,-0.4,-2.6,10.3,NA,NA,NA,NA,NA,NA,-112.8,-116.87195047073271
2015,187,-22.5,-22.5,-22.5,-22.5,-26.432664756446993,-32.94642857142857,-22.5,-22.5,-22.5,-22.5,NA,NA,NA,NA,NA,NA,-135,-149.37909332787558
2015,188,-22.5,-22.5,-22.5,-22.5,-26.432664756446993,-32.94642857142857,-22.5,-22.5,-3.3,-14.3,NA,NA,NA,NA,NA,NA,-135,-149.37909332787558
2015,189,-22.5,-3.5,5.7,5.2,-1.0573065902578798,-1.6107142857142858,-22.5,-22.5,-22.5,-22.5,NA,NA,NA,NA,NA,NA,-17.1,-17.76802087597217
2015,190,-22.5,-22.5,-22.5,-22.5,-26.432664756446993,-32.94642857142857,-22.5,-22.5,-22.5,-22.5,NA,NA,NA,NA,NA,NA,-135,-149.37909332787558
2015,191,-22.5,-22.5,-22.5,-22.5,-26.432664756446993,-32.94642857142857,-22.5,-22.5,-22.5,-22.5,NA,NA,NA,NA,NA,NA,-135,-149.37909332787558
2015,192,-22.5,-22.5,-22.5,-22.5,-26.432664756446993,-32.94642857142857,-22.5,-22.5,-22.5,-22.5,NA,NA,NA,NA,NA,NA,-135,-149.37909332787558
2015,193,-22.5,-22.5,-22.5,-22.5,-26.432664756446993,-32.94642857142857,-22.5,-22.5,-22.5,-22.5,NA,NA,NA,NA,NA,NA,-135,-149.37909332787558
2015,194,-22.5,-22.5,-22.5,1,14.56733524355301,2.196428571428571,7.7,11.5,10.7,6.8,NA,NA,NA,NA,NA,NA,-52.6,-49.73623618501842
2015,195,-22.5,-22.5,-22.5,-22.5,-26.432664756446993,-32.94642857142857,-22.5,-22.5,-22.5,-22.5,NA,NA,NA,NA,NA,NA,-135,-149.37909332787558
2015,196,-22.5,-22.5,-22.5,-22.5,-26.432664756446993,-32.94642857142857,-22.5,-22.5,-22.5,-22.5,NA,NA,NA,NA,NA,NA,-135,-149.37909332787558
2015,197,-22.5,-22.5,-22.5,-22.5,-26.432664756446993,-32.94642857142857,-22.5,-22.5,-22.5,-22.5,NA,NA,NA,NA,NA,NA,-135,-149.37909332787558
2015,198,-22.5,-22.5,-22.5,-1.5,-4.346704871060172,-2.05,3.1,-22.5,-22.5,-22.5,NA,NA,NA,NA,NA,NA,-74.10000000000001,-75.39670487106017
2015,199,-22.5,-22.5,-22.5,0.1,-26.432664756446993,0,-4.2,1.1,31.4,23.9,NA,NA,NA,NA,NA,NA,-89.9,-93.832664756447
2016,1,11.5,17.9,9.2,18.679083094555875,23.575,31.8,24.9,32.6,10.4,NA,NA,NA,NA,NA,NA,NA,102.4,112.65408309455587
2016,2,10.3,14,2.6,9.045845272206305,-2.782142857142857,0.4,8.2,0.5,-0.2,NA,NA,NA,NA,NA,NA,NA,33.1,33.563702415063446
2016,3,-22.5,11.3,15.8,7.283667621776505,4.1,11.9,13.8,-0.6,20,NA,NA,NA,NA,NA,NA,NA,25.5,27.883667621776507
2016,4,0.8,-0.7,-2.8,-26.432664756446993,16.692857142857143,11.7,-2.8,1.9,-0.4,NA,NA,NA,NA,NA,NA,NA,-2.0999999999999996,-0.7398076135898499
2016,5,-22.5,-22.5,-22.5,-26.432664756446993,3.0749999999999997,-0.8,-22.5,-22.5,-22.5,NA,NA,NA,NA,NA,NA,NA,-88.7,-91.65766475644699
2016,6,12.9,13.6,7.2,14.56733524355301,12.885714285714286,24,28.8,15.3,9.4,NA,NA,NA,NA,NA,NA,NA,78.9,85.15304952926729
2016,7,-22.5,6.4,2.5,3.994269340974212,14.935714285714283,12.8,9.3,4.9,14.6,NA,NA,NA,NA,NA,NA,NA,12.8,18.129983626688492
2016,8,-22.5,-22.5,-0.8,1.7621776504297997,-32.94642857142857,-22.5,1.9,0.5,-22.5,NA,NA,NA,NA,NA,NA,NA,-89.3,-99.48425092099876
2016,9,-22.5,9.2,6.5,6.461318051575931,4.978571428571428,2.4,12.4,-1.7,9.8,NA,NA,NA,NA,NA,NA,NA,4.499999999999999,7.039889480147359
2016,10,-0.1,2.5,3.5,9.045845272206305,7.760714285714285,-1.6,3.7,-2.5,1.5,NA,NA,NA,NA,NA,NA,NA,17.3,21.10655955792059
2016,11,-22.5,-22.5,-22.5,3.6418338108882526,-32.94642857142857,-2.1,-3.1,-22.5,-22.5,NA,NA,NA,NA,NA,NA,NA,-89,-98.9045947605403
2016,12,-22.5,-22.5,-2.6,2.584527220630373,0.14642857142857144,4.5,4.4,12.2,-22.5,NA,NA,NA,NA,NA,NA,NA,-40.8,-40.36904420794106
2016,13,-22.5,-22.5,-22.5,-26.432664756446993,-5.417857142857143,0.3,1,0.2,-1.2,NA,NA,NA,NA,NA,NA,NA,-93.4,-99.05052189930414
2016,14,-22.5,10.2,12.8,19.6189111747851,19.62142857142857,21.2,10.6,13,0.5,NA,NA,NA,NA,NA,NA,NA,51.8,60.94033974621367
2016,15,-22.5,-3.1,1,-4.111747851002866,6.296428571428571,-6.6,0.8,-12.2,-4.1,NA,NA,NA,NA,NA,NA,NA,-30.4,-29.0153192795743
2016,16,3.9,4.7,3.6,11.74785100286533,12.592857142857142,2.2,4.2,8.9,8.5,NA,NA,NA,NA,NA,NA,NA,33,38.74070814572247
2016,17,-22.5,-22.5,0.1,-0.3524355300859599,-0.7321428571428571,8.5,-2,3.8,8.9,NA,NA,NA,NA,NA,NA,NA,-37.2,-37.484578387228815
2016,18,-22.5,-22.5,-22.5,-26.432664756446993,9.078571428571427,-6.6,-1.9,-1.2,-4.2,NA,NA,NA,NA,NA,NA,NA,-90.4,-91.45409332787557
2016,19,-22.5,-22.5,-22.5,1.0573065902578798,-0.14642857142857144,1.5,-1.1,-22.5,-1.7,NA,NA,NA,NA,NA,NA,NA,-65.19999999999999,-65.08912198117069
2016,20,-22.5,-22.5,-2.8,-3.0544412607449862,-5.857142857142857,2,-22.5,-22.5,0.6,NA,NA,NA,NA,NA,NA,NA,-52.4,-54.71158411788784
2016,21,-22.5,-22.5,-22.5,0.5873925501432665,1.757142857142857,-2.6,1.7,-1.3,-22.5,NA,NA,NA,NA,NA,NA,NA,-68.39999999999999,-67.75546459271388
2016,22,-22.5,-22.5,-22.5,-26.432664756446993,-32.94642857142857,-22.5,-22.5,-22.5,-22.5,NA,NA,NA,NA,NA,NA,NA,-135,-149.37909332787558
2016,23,-22.5,0.9,2.5,-26.432664756446993,-32.94642857142857,-1.7,-22.5,-22.5,-22.5,NA,NA,NA,NA,NA,NA,NA,-65.8,-80.17909332787556
2016,24,-22.5,-22.5,-0.9,-6.1088825214899725,-0.29285714285714287,-22.5,-4.8,1.3,-5.3,NA,NA,NA,NA,NA,NA,NA,-73.80000000000001,-74.80173966434711
2016,25,-22.5,-22.5,-22.5,-26.432664756446993,-32.94642857142857,0.9,-22.5,-0.8,-1.2,NA,NA,NA,NA,NA,NA,NA,-111.6,-125.97909332787556
2016,26,-22.5,-4.7,-10.2,-26.432664756446993,-6.003571428571427,12.3,12,9.8,10.6,NA,NA,NA,NA,NA,NA,NA,-51.7,-57.536236185018424
2016,27,-22.5,-22.5,-6,-3.2893982808022924,-1.025,6.2,-1.8,-5.2,4.5,NA,NA,NA,NA,NA,NA,NA,-48.3,-49.11439828080229
2016,28,-22.5,-22.5,-22.5,-26.432664756446993,-32.94642857142857,-22.5,-22.5,-1.7,-22.5,NA,NA,NA,NA,NA,NA,NA,-135,-149.37909332787558
2016,29,-22.5,-22.5,-3.1,-26.432664756446993,-0.7321428571428571,2,10.3,5.6,-1.9,NA,NA,NA,NA,NA,NA,NA,-69.1,-73.26480761358985
2016,30,-22.5,-22.5,-0.2,-0.3524355300859599,-2.05,2.1,6.8,2.3,-0.9,NA,NA,NA,NA,NA,NA,NA,-44.8,-45.50243553008596
2016,31,-22.5,-22.5,-22.5,-26.432664756446993,-32.94642857142857,-22.5,-22.5,-22.5,-22.5,NA,NA,NA,NA,NA,NA,NA,-135,-149.37909332787558
2016,32,-22.5,-22.5,-22.5,0,-32.94642857142857,-2.2,-22.5,-22.5,-22.5,NA,NA,NA,NA,NA,NA,NA,-92.2,-102.64642857142857
2016,33,-22.5,-22.5,-22.5,-1.5272206303724931,2.196428571428571,4.3,-0.9,-22.5,-22.5,NA,NA,NA,NA,NA,NA,NA,-63,-62.53079205894393
2016,34,-22.5,-22.5,-22.5,2.9369627507163325,-2.6357142857142857,-0.6,-0.4,-0.1,3.4,NA,NA,NA,NA,NA,NA,NA,-67.39999999999999,-67.79875153499795
2016,35,-22.5,-22.5,-2.3,2.1146131805157595,10.542857142857143,14.3,7.3,12.5,16.2,NA,NA,NA,NA,NA,NA,NA,-23.999999999999996,-20.34252967662709
2016,36,-22.5,-22.5,-22.5,-26.432664756446993,-32.94642857142857,-22.5,-22.5,-22.5,-22.5,NA,NA,NA,NA,NA,NA,NA,-135,-149.37909332787558
2016,37,-22.5,-22.5,1,-5.169054441260746,-4.246428571428571,-3.8,0.4,-22.5,-22.5,NA,NA,NA,NA,NA,NA,NA,-55.099999999999994,-57.21548301268932
2016,38,-22.5,-22.5,-22.5,-26.432664756446993,-32.94642857142857,-22.5,-22.5,-22.5,-22.5,NA,NA,NA,NA,NA,NA,NA,-135,-149.37909332787558
2016,39,-22.5,15,17.1,5.404011461318052,16.985714285714284,20,4.7,14.9,15.8,NA,NA,NA,NA,NA,NA,NA,45.8,51.98972574703234
2016,40,-22.5,-22.5,-22.5,-26.432664756446993,-32.94642857142857,-22.5,-22.5,-22.5,-22.5,NA,NA,NA,NA,NA,NA,NA,-135,-149.37909332787558
2016,41,-22.5,-22.5,0.6,-26.432664756446993,3.514285714285714,8.1,6.6,-2.4,1.1,NA,NA,NA,NA,NA,NA,NA,-56.4,-59.21837904216127
2016,42,-22.5,-22.5,-22.5,-26.432664756446993,-32.94642857142857,-2.4,-22.5,-22.5,-22.5,NA,NA,NA,NA,NA,NA,NA,-114.9,-129.27909332787556
2016,43,-22.5,-22.5,-0.3,-26.432664756446993,5.271428571428571,0.7,-22.5,-22.5,-22.5,NA,NA,NA,NA,NA,NA,NA,-63.5,-65.76123618501842
2016,44,-22.5,-22.5,-22.5,-26.432664756446993,-32.94642857142857,0.2,-3,1,-22.5,NA,NA,NA,NA,NA,NA,NA,-112.3,-126.67909332787556
2016,45,-22.5,-22.5,-22.5,-26.432664756446993,-32.94642857142857,-22.5,-22.5,-22.5,-22.5,NA,NA,NA,NA,NA,NA,NA,-135,-149.37909332787558
2016,46,-22.5,-22.5,-22.5,-0.3524355300859599,0,-1.4,-3.1,-2.1,-1.5,NA,NA,NA,NA,NA,NA,NA,-69.2,-69.25243553008596
2016,47,-22.5,5.2,9.1,6.461318051575931,14.642857142857142,3.2,2.8,4.9,5.3,NA,NA,NA,NA,NA,NA,NA,10.5,16.104175194433072
2016,48,-22.5,-22.5,6.5,17.504297994269344,-24.453571428571426,6.9,16.7,4.1,-22.5,NA,NA,NA,NA,NA,NA,NA,-33.4,-38.54927343430209
2016,49,-22.5,-22.5,-2.2,10.69054441260745,12.007142857142854,6.6,8.4,3.5,-3.7,NA,NA,NA,NA,NA,NA,NA,-23.300000000000004,-17.902312730249697
2016,50,-22.5,-22.5,-22.5,-26.432664756446993,-32.94642857142857,-22.5,-22.5,-22.5,-22.5,NA,NA,NA,NA,NA,NA,NA,-135,-149.37909332787558
2016,51,-22.5,-22.5,-22.5,-1.7621776504297997,2.6357142857142857,-10,0.2,-22.5,-22.5,NA,NA,NA,NA,NA,NA,NA,-77.2,-76.62646336471552
2016,52,-22.5,-22.5,-22.5,-26.432664756446993,0.5857142857142857,-22.5,-3.5,-22.5,-22.5,NA,NA,NA,NA,NA,NA,NA,-112.1,-115.84695047073271
2016,53,-22.5,-22.5,1.9,-0.46991404011461324,-9.225,1.6,16.3,10.9,5.9,NA,NA,NA,NA,NA,NA,NA,-48.2,-51.19491404011462
2016,54,-22.5,-22.5,-22.5,-26.432664756446993,-32.94642857142857,-22.5,-22.5,-22.5,-22.5,NA,NA,NA,NA,NA,NA,NA,-135,-149.37909332787558
2016,55,-22.5,-22.5,-22.5,-26.432664756446993,9.371428571428572,-4.9,34.7,-3.9,28.8,NA,NA,NA,NA,NA,NA,NA,-88.5,-89.46123618501844
2016,56,-22.5,-22.5,-0.1,4.934097421203439,4.246428571428571,5.9,2.7,-3.4,-22.5,NA,NA,NA,NA,NA,NA,NA,-32.1,-30.01947400736799
2016,57,-22.5,-22.5,0.8,2.8194842406876792,-7.321428571428571,1.6,3.5,-2.7,-1,NA,NA,NA,NA,NA,NA,NA,-45.2,-47.10194433074089
2016,58,-22.5,-22.5,-22.5,-26.432664756446993,-32.94642857142857,7.8,2.3,-7.6,5.2,NA,NA,NA,NA,NA,NA,NA,-104.7,-119.07909332787557
2016,59,-22.5,-22.5,-22.5,-26.432664756446993,-32.94642857142857,-22.5,-22.5,-22.5,-22.5,NA,NA,NA,NA,NA,NA,NA,-135,-149.37909332787558
2016,60,-22.5,-22.5,-1.5,2.9369627507163325,-2.6357142857142857,-2.2,-0.5,-22.5,-22.5,NA,NA,NA,NA,NA,NA,NA,-48,-48.398751534997956
2016,61,-22.5,-22.5,-22.5,-26.432664756446993,-32.94642857142857,-0.5,-22.5,-22.5,-22.5,NA,NA,NA,NA,NA,NA,NA,-113,-127.37909332787557
2016,62,-22.5,-22.5,-22.5,-26.432664756446993,-32.94642857142857,0.5,7.3,7.5,18.5,NA,NA,NA,NA,NA,NA,NA,-112,-126.37909332787557
2016,63,-22.5,-22.5,-22.5,-26.432664756446993,-32.94642857142857,-3.5,0.5,-22.5,-22.5,NA,NA,NA,NA,NA,NA,NA,-116,-130.37909332787558
2016,64,-22.5,-22.5,-22.5,-26.432664756446993,-32.94642857142857,-1.5,-0.6,1.1,-22.5,NA,NA,NA,NA,NA,NA,NA,-114,-128.37909332787558
2016,65,-22.5,-22.5,-22.5,-26.432664756446993,-32.94642857142857,-22.5,-22.5,-22.5,-22.5,NA,NA,NA,NA,NA,NA,NA,-135,-149.37909332787558
2016,66,-22.5,-22.5,-22.5,17.504297994269344,14.35,16.2,14.8,18.5,15.5,NA,NA,NA,NA,NA,NA,NA,-26.6,-19.445702005730656
2016,67,-22.5,-22.5,-22.5,-26.432664756446993,-32.94642857142857,-22.5,-22.5,-22.5,-22.5,NA,NA,NA,NA,NA,NA,NA,-135,-149.37909332787558
2016,68,-22.5,-22.5,-22.5,-26.432664756446993,-32.94642857142857,-2.4,-22.5,-22.5,1.5,NA,NA,NA,NA,NA,NA,NA,-114.9,-129.27909332787556
2016,69,-22.5,-22.5,-22.5,-26.432664756446993,-32.94642857142857,-22.5,-22.5,-22.5,-22.5,NA,NA,NA,NA,NA,NA,NA,-135,-149.37909332787558
2016,70,-22.5,-22.5,-22.5,-26.432664756446993,-32.94642857142857,-22.5,-22.5,-22.5,-22.5,NA,NA,NA,NA,NA,NA,NA,-135,-149.37909332787558
2016,71,-22.5,-22.5,-22.5,-26.432664756446993,-32.94642857142857,-22.5,-22.5,-22.5,-22.5,NA,NA,NA,NA,NA,NA,NA,-135,-149.37909332787558
2016,72,-22.5,-22.5,-22.5,-26.432664756446993,-32.94642857142857,-22.5,-22.5,-22.5,-22.5,NA,NA,NA,NA,NA,NA,NA,-135,-149.37909332787558
2016,73,-22.5,-22.5,-3.1,2.9369627507163325,-32.94642857142857,-22.5,4.9,9.1,0.8,NA,NA,NA,NA,NA,NA,NA,-90.6,-100.60946582071224
2016,74,-22.5,-22.5,-22.5,-26.432664756446993,-32.94642857142857,-22.5,-22.5,-22.5,-22.5,NA,NA,NA,NA,NA,NA,NA,-135,-149.37909332787558
2016,75,-22.5,-22.5,-22.5,-26.432664756446993,-32.94642857142857,-2,-22.5,-22.5,-22.5,NA,NA,NA,NA,NA,NA,NA,-114.5,-128.87909332787558
2016,76,-22.5,-22.5,-22.5,-26.432664756446993,0.29285714285714287,0.7,-12.6,-2.3,-22.5,NA,NA,NA,NA,NA,NA,NA,-89.1,-92.93980761358985
2016,77,-22.5,-22.5,-22.5,-26.432664756446993,-32.94642857142857,-22.5,-22.5,-22.5,-22.5,NA,NA,NA,NA,NA,NA,NA,-135,-149.37909332787558
2016,78,-22.5,-22.5,-22.5,-26.432664756446993,-32.94642857142857,-22.5,-22.5,-22.5,-22.5,NA,NA,NA,NA,NA,NA,NA,-135,-149.37909332787558
2016,79,-22.5,-22.5,-22.5,-26.432664756446993,-32.94642857142857,-22.5,-22.5,-22.5,-22.5,NA,NA,NA,NA,NA,NA,NA,-135,-149.37909332787558
2016,80,-22.5,-22.5,-22.5,-26.432664756446993,-32.94642857142857,-22.5,-22.5,-1.1,-22.5,NA,NA,NA,NA,NA,NA,NA,-135,-149.37909332787558
2016,81,-22.5,-22.5,-22.5,-26.432664756446993,-32.94642857142857,-22.5,-22.5,-22.5,-22.5,NA,NA,NA,NA,NA,NA,NA,-135,-149.37909332787558
2016,82,-22.5,-22.5,-22.5,-3.2893982808022924,-3.9535714285714287,-22.5,-22.5,-22.5,-22.5,NA,NA,NA,NA,NA,NA,NA,-95.5,-97.24296970937371
2016,83,-22.5,-22.5,-22.5,-26.432664756446993,-32.94642857142857,-22.5,-22.5,-22.5,-22.5,NA,NA,NA,NA,NA,NA,NA,-135,-149.37909332787558
2016,84,-22.5,-22.5,-22.5,-26.432664756446993,-32.94642857142857,-22.5,-22.5,-22.5,-22.5,NA,NA,NA,NA,NA,NA,NA,-135,-149.37909332787558
2016,85,-22.5,-22.5,-4.2,0.5873925501432665,1.4642857142857142,-5.2,8.2,2.3,4.2,NA,NA,NA,NA,NA,NA,NA,-52.900000000000006,-52.34832173557103
2016,86,-22.5,-22.5,-22.5,-26.432664756446993,-32.94642857142857,-1.4,-1.7,-22.5,-22.5,NA,NA,NA,NA,NA,NA,NA,-113.9,-128.27909332787556
2016,87,-22.5,-22.5,-22.5,-26.432664756446993,-32.94642857142857,-22.5,-22.5,-22.5,-22.5,NA,NA,NA,NA,NA,NA,NA,-135,-149.37909332787558
2016,88,-22.5,-22.5,-22.5,-26.432664756446993,-32.94642857142857,-2.7,10.1,21.6,-5.6,NA,NA,NA,NA,NA,NA,NA,-115.2,-129.57909332787557
2016,89,-22.5,-22.5,-22.5,-26.432664756446993,-32.94642857142857,-22.5,-22.5,-22.5,-22.5,NA,NA,NA,NA,NA,NA,NA,-135,-149.37909332787558
2016,90,-22.5,-22.5,-22.5,-26.432664756446993,-32.94642857142857,-22.5,-22.5,-22.5,-22.5,NA,NA,NA,NA,NA,NA,NA,-135,-149.37909332787558
2016,91,-22.5,-22.5,-22.5,-26.432664756446993,-32.94642857142857,-22.5,-22.5,-22.5,-22.5,NA,NA,NA,NA,NA,NA,NA,-135,-149.37909332787558
2016,92,-22.5,-22.5,-22.5,1.0573065902578798,2.782142857142857,-1.7,-22.5,-22.5,-22.5,NA,NA,NA,NA,NA,NA,NA,-66.39999999999999,-65.36055055259926
2016,93,-22.5,-22.5,-22.5,-26.432664756446993,-32.94642857142857,-22.5,-22.5,-22.5,-22.5,NA,NA,NA,NA,NA,NA,NA,-135,-149.37909332787558
2016,94,-22.5,-22.5,-22.5,-26.432664756446993,-32.94642857142857,-22.5,-22.5,-22.5,-22.5,NA,NA,NA,NA,NA,NA,NA,-135,-149.37909332787558
2016,95,-22.5,-22.5,-22.5,-26.432664756446993,-32.94642857142857,-22.5,-22.5,-22.5,-22.5,NA,NA,NA,NA,NA,NA,NA,-135,-149.37909332787558
2016,96,-22.5,-22.5,-22.5,-26.432664756446993,-32.94642857142857,-22.5,-22.5,-22.5,-22.5,NA,NA,NA,NA,NA,NA,NA,-135,-149.37909332787558
2016,97,-22.5,-22.5,-22.5,-26.432664756446993,-32.94642857142857,-22.5,-22.5,-22.5,-22.5,NA,NA,NA,NA,NA,NA,NA,-135,-149.37909332787558
2016,98,-22.5,-22.5,-22.5,-26.432664756446993,-0.14642857142857144,-22.5,-22.5,-22.5,-22.5,NA,NA,NA,NA,NA,NA,NA,-112.6,-116.57909332787557
2016,99,-22.5,-22.5,-22.5,-26.432664756446993,-32.94642857142857,0.7,-22.5,-22.5,-22.5,NA,NA,NA,NA,NA,NA,NA,-111.8,-126.17909332787556
2016,100,-22.5,10.9,2.4,5.6389684813753584,7.321428571428571,-4.6,1,-22.5,-22.5,NA,NA,NA,NA,NA,NA,NA,-3.999999999999999,-0.8396029471960693
2016,101,-22.5,-22.5,-22.5,-26.432664756446993,-32.94642857142857,-22.5,-22.5,-22.5,-1.4,NA,NA,NA,NA,NA,NA,NA,-135,-149.37909332787558
2016,102,-22.5,-22.5,-22.5,-26.432664756446993,2.342857142857143,-2.4,-22.5,-22.5,-22.5,NA,NA,NA,NA,NA,NA,NA,-90.8,-93.98980761358986
2016,103,-22.5,-22.5,-22.5,-26.432664756446993,-32.94642857142857,-22.5,-22.5,-22.5,-22.5,NA,NA,NA,NA,NA,NA,NA,-135,-149.37909332787558
2016,104,-22.5,-22.5,-22.5,-26.432664756446993,-32.94642857142857,-22.5,-22.5,-22.5,-22.5,NA,NA,NA,NA,NA,NA,NA,-135,-149.37909332787558
2016,105,-22.5,-22.5,-22.5,-26.432664756446993,-32.94642857142857,-22.5,-22.5,-22.5,-22.5,NA,NA,NA,NA,NA,NA,NA,-135,-149.37909332787558
2016,106,-22.5,-22.5,-22.5,-26.432664756446993,-32.94642857142857,-0.5,3.4,2.6,1.6,NA,NA,NA,NA,NA,NA,NA,-113,-127.37909332787557
2016,107,-22.5,-22.5,-22.5,-26.432664756446993,-32.94642857142857,-22.5,-22.5,-22.5,-22.5,NA,NA,NA,NA,NA,NA,NA,-135,-149.37909332787558
2016,108,-22.5,-22.5,-22.5,-26.432664756446993,-32.94642857142857,-22.5,-22.5,-0.7,-22.5,NA,NA,NA,NA,NA,NA,NA,-135,-149.37909332787558
2016,109,-22.5,-22.5,-22.5,3.8767908309455588,-2.9285714285714284,-2.2,-22.5,-22.5,-22.5,NA,NA,NA,NA,NA,NA,NA,-68.4,-68.75178059762587
2016,110,-22.5,-22.5,-22.5,2.584527220630373,2.196428571428571,-0.1,-22.5,-22.5,-2.6,NA,NA,NA,NA,NA,NA,NA,-63.9,-62.819044207941054
2016,111,-22.5,-22.5,-22.5,-0.23495702005730662,-5.710714285714285,-3.1,-5.1,-6.8,-8,NA,NA,NA,NA,NA,NA,NA,-74.7,-76.54567130577159
2016,112,-22.5,-22.5,-22.5,-26.432664756446993,-32.94642857142857,-1.3,-22.5,-0.6,3.7,NA,NA,NA,NA,NA,NA,NA,-113.8,-128.17909332787556
2016,113,-22.5,-22.5,-22.5,-26.432664756446993,-32.94642857142857,-22.5,-22.5,-22.5,-22.5,NA,NA,NA,NA,NA,NA,NA,-135,-149.37909332787558
2016,114,-22.5,-22.5,-22.5,-2.8194842406876792,5.710714285714285,-3.1,-3.7,-22.5,-22.5,NA,NA,NA,NA,NA,NA,NA,-69.1,-67.70876995497339
2016,115,-22.5,-22.5,-22.5,-26.432664756446993,-32.94642857142857,-22.5,-22.5,-22.5,-22.5,NA,NA,NA,NA,NA,NA,NA,-135,-149.37909332787558
2016,116,-22.5,-22.5,-22.5,-0.5873925501432665,-1.025,-22.5,-22.5,-22.5,-22.5,NA,NA,NA,NA,NA,NA,NA,-91.2,-91.61239255014327
2016,117,-22.5,-22.5,-22.5,-26.432664756446993,-32.94642857142857,-22.5,-22.5,-22.5,-22.5,NA,NA,NA,NA,NA,NA,NA,-135,-149.37909332787558
2016,118,-22.5,-22.5,-22.5,-26.432664756446993,4.685714285714286,6.3,0.9,0.3,7.2,NA,NA,NA,NA,NA,NA,NA,-80.5,-82.94695047073272
2016,119,-22.5,-22.5,-22.5,-26.432664756446993,-32.94642857142857,-22.5,-22.5,-22.5,-22.5,NA,NA,NA,NA,NA,NA,NA,-135,-149.37909332787558
2016,120,-22.5,-22.5,-22.5,-1.879656160458453,-32.94642857142857,0,0.3,-22.5,-22.5,NA,NA,NA,NA,NA,NA,NA,-91.6,-102.32608473188702
2016,121,-22.5,-22.5,-22.5,-26.432664756446993,-32.94642857142857,-22.5,-22.5,-22.5,-22.5,NA,NA,NA,NA,NA,NA,NA,-135,-149.37909332787558
2016,122,-22.5,-22.5,-22.5,-26.432664756446993,-32.94642857142857,-22.5,-22.5,-22.5,-22.5,NA,NA,NA,NA,NA,NA,NA,-135,-149.37909332787558
2016,123,-22.5,-22.5,-22.5,-26.432664756446993,-32.94642857142857,-22.5,0.3,-22.5,-22.5,NA,NA,NA,NA,NA,NA,NA,-135,-149.37909332787558
2016,124,-22.5,-22.5,-22.5,-26.432664756446993,-32.94642857142857,-22.5,-22.5,-22.5,-22.5,NA,NA,NA,NA,NA,NA,NA,-135,-149.37909332787558
2016,125,-22.5,-22.5,-22.5,-26.432664756446993,-32.94642857142857,-22.5,-22.5,-22.5,-22.5,NA,NA,NA,NA,NA,NA,NA,-135,-149.37909332787558
2016,126,-22.5,-22.5,-22.5,-26.432664756446993,-32.94642857142857,-22.5,-22.5,-22.5,-22.5,NA,NA,NA,NA,NA,NA,NA,-135,-149.37909332787558
2016,127,-22.5,-22.5,-22.5,-26.432664756446993,-32.94642857142857,-22.5,-22.5,-22.5,-22.5,NA,NA,NA,NA,NA,NA,NA,-135,-149.37909332787558
2016,128,-22.5,-22.5,-22.5,-26.432664756446993,-32.94642857142857,-22.5,-22.5,-22.5,-22.5,NA,NA,NA,NA,NA,NA,NA,-135,-149.37909332787558
2016,129,-22.5,-22.5,-22.5,-26.432664756446993,-32.94642857142857,-22.5,-22.5,-22.5,-22.5,NA,NA,NA,NA,NA,NA,NA,-135,-149.37909332787558
2016,130,-22.5,-22.5,-22.5,-26.432664756446993,-32.94642857142857,-22.5,-22.5,-22.5,-22.5,NA,NA,NA,NA,NA,NA,NA,-135,-149.37909332787558
2016,131,-22.5,-22.5,-22.5,0.46991404011461324,-32.94642857142857,-22.5,-22.5,-22.5,-22.5,NA,NA,NA,NA,NA,NA,NA,-112.1,-122.47651453131395
2016,132,-22.5,-22.5,-22.5,-26.432664756446993,-32.94642857142857,-22.5,-22.5,-22.5,-22.5,NA,NA,NA,NA,NA,NA,NA,-135,-149.37909332787558
2016,133,-22.5,-22.5,-5.7,-26.432664756446993,-32.94642857142857,-0.4,-22.5,-0.9,-22.5,NA,NA,NA,NA,NA,NA,NA,-96.1,-110.47909332787557
2016,134,-22.5,-22.5,-22.5,-26.432664756446993,-32.94642857142857,-22.5,-22.5,-22.5,-22.5,NA,NA,NA,NA,NA,NA,NA,-135,-149.37909332787558
2016,135,-22.5,-22.5,-22.5,-26.432664756446993,-32.94642857142857,-22.5,-0.3,-22.5,0.4,NA,NA,NA,NA,NA,NA,NA,-135,-149.37909332787558
2016,136,-22.5,-22.5,-22.5,-26.432664756446993,-32.94642857142857,-22.5,-22.5,-22.5,-22.5,NA,NA,NA,NA,NA,NA,NA,-135,-149.37909332787558
2016,137,-22.5,-22.5,-22.5,-26.432664756446993,-32.94642857142857,-22.5,-22.5,-22.5,-22.5,NA,NA,NA,NA,NA,NA,NA,-135,-149.37909332787558
2016,138,-22.5,-22.5,-22.5,-26.432664756446993,-32.94642857142857,-22.5,-22.5,-22.5,-22.5,NA,NA,NA,NA,NA,NA,NA,-135,-149.37909332787558
2016,139,-22.5,-22.5,-22.5,-26.432664756446993,-32.94642857142857,-2,-22.5,-22.5,-22.5,NA,NA,NA,NA,NA,NA,NA,-114.5,-128.87909332787558
2016,140,-22.5,-22.5,-22.5,-26.432664756446993,-32.94642857142857,-22.5,-22.5,-22.5,-22.5,NA,NA,NA,NA,NA,NA,NA,-135,-149.37909332787558
2016,141,-22.5,-22.5,-22.5,-26.432664756446993,-32.94642857142857,-0.1,-22.5,-22.5,-22.5,NA,NA,NA,NA,NA,NA,NA,-112.6,-126.97909332787556
2016,142,-22.5,-22.5,-22.5,-26.432664756446993,-32.94642857142857,-22.5,4.5,5.9,4.2,NA,NA,NA,NA,NA,NA,NA,-135,-149.37909332787558
2016,143,-22.5,-22.5,-22.5,-26.432664756446993,-32.94642857142857,-22.5,-22.5,-22.5,-22.5,NA,NA,NA,NA,NA,NA,NA,-135,-149.37909332787558
2016,144,-22.5,-22.5,-22.5,-26.432664756446993,-32.94642857142857,-22.5,-22.5,-22.5,-22.5,NA,NA,NA,NA,NA,NA,NA,-135,-149.37909332787558
2016,145,-22.5,-22.5,-22.5,-26.432664756446993,-32.94642857142857,1.8,0,4.3,2.3,NA,NA,NA,NA,NA,NA,NA,-110.7,-125.07909332787557
2016,146,-22.5,-22.5,-22.5,0.9398280802292265,-3.514285714285714,-22.5,-22.5,-22.5,-22.5,NA,NA,NA,NA,NA,NA,NA,-91.6,-92.57445763405649
2016,147,-22.5,-22.5,-22.5,-26.432664756446993,-32.94642857142857,0.6,2.2,0.7,-22.5,NA,NA,NA,NA,NA,NA,NA,-111.9,-126.27909332787557
2016,148,-22.5,-22.5,-22.5,-26.432664756446993,-32.94642857142857,-22.5,-22.5,-22.5,-22.5,NA,NA,NA,NA,NA,NA,NA,-135,-149.37909332787558
2016,149,-22.5,-22.5,-22.5,-26.432664756446993,-32.94642857142857,-22.5,-22.5,-22.5,-22.5,NA,NA,NA,NA,NA,NA,NA,-135,-149.37909332787558
2016,150,-22.5,-22.5,-22.5,-26.432664756446993,-32.94642857142857,-22.5,-22.5,-22.5,-22.5,NA,NA,NA,NA,NA,NA,NA,-135,-149.37909332787558
2016,151,-22.5,-22.5,-22.5,-26.432664756446993,-32.94642857142857,-22.5,-22.5,-22.5,-22.5,NA,NA,NA,NA,NA,NA,NA,-135,-149.37909332787558
2016,152,-22.5,-22.5,-22.5,-26.432664756446993,-32.94642857142857,-22.5,-22.5,-22.5,-22.5,NA,NA,NA,NA,NA,NA,NA,-135,-149.37909332787558
2016,153,-22.5,-22.5,-22.5,-26.432664756446993,-32.94642857142857,-22.5,-22.5,-22.5,-22.5,NA,NA,NA,NA,NA,NA,NA,-135,-149.37909332787558
2016,154,-22.5,-22.5,-22.5,-26.432664756446993,-32.94642857142857,-22.5,-22.5,-22.5,-22.5,NA,NA,NA,NA,NA,NA,NA,-135,-149.37909332787558
2016,155,-22.5,-22.5,-22.5,-26.432664756446993,-32.94642857142857,-22.5,-22.5,-22.5,-22.5,NA,NA,NA,NA,NA,NA,NA,-135,-149.37909332787558
2016,156,-22.5,-22.5,-22.5,-26.432664756446993,-32.94642857142857,-22.5,-22.5,-22.5,-22.5,NA,NA,NA,NA,NA,NA,NA,-135,-149.37909332787558
2016,157,-22.5,-22.5,-22.5,-26.432664756446993,-32.94642857142857,-22.5,-22.5,-22.5,-22.5,NA,NA,NA,NA,NA,NA,NA,-135,-149.37909332787558
2016,158,-22.5,-22.5,-22.5,-26.432664756446993,-32.94642857142857,-22.5,-22.5,-22.5,-22.5,NA,NA,NA,NA,NA,NA,NA,-135,-149.37909332787558
2016,159,-22.5,-22.5,-22.5,-26.432664756446993,6.003571428571427,10.1,6.8,21.2,16.6,NA,NA,NA,NA,NA,NA,NA,-75.80000000000001,-77.82909332787557
2016,160,-22.5,-22.5,-22.5,-26.432664756446993,-32.94642857142857,-0.4,3,1.9,1,NA,NA,NA,NA,NA,NA,NA,-112.9,-127.27909332787557
2016,161,-22.5,-22.5,-22.5,-26.432664756446993,-32.94642857142857,-22.5,-22.5,-22.5,-22.5,NA,NA,NA,NA,NA,NA,NA,-135,-149.37909332787558
2016,162,-22.5,-3.8,2.8,11.277936962750717,10.689285714285713,11.5,10.9,23.6,12.7,NA,NA,NA,NA,NA,NA,NA,4.8999999999999995,9.96722267703643
2016,163,-22.5,-22.5,-22.5,-26.432664756446993,-32.94642857142857,-22.5,-22.5,-22.5,-22.5,NA,NA,NA,NA,NA,NA,NA,-135,-149.37909332787558
2016,164,-22.5,-22.5,-22.5,-26.432664756446993,-32.94642857142857,-22.5,-22.5,-22.5,-22.5,NA,NA,NA,NA,NA,NA,NA,-135,-149.37909332787558
2016,165,-22.5,-22.5,-22.5,-26.432664756446993,-32.94642857142857,0.7,-22.5,0.7,-22.5,NA,NA,NA,NA,NA,NA,NA,-111.8,-126.17909332787556
2016,166,-22.5,-22.5,-22.5,-26.432664756446993,-32.94642857142857,-22.5,-22.5,0.1,-22.5,NA,NA,NA,NA,NA,NA,NA,-135,-149.37909332787558
2016,167,-22.5,-22.5,-22.5,-26.432664756446993,-32.94642857142857,-22.5,-22.5,-22.5,-22.5,NA,NA,NA,NA,NA,NA,NA,-135,-149.37909332787558
2016,168,-22.5,-22.5,-22.5,-26.432664756446993,-32.94642857142857,-22.5,-22.5,-22.5,-22.5,NA,NA,NA,NA,NA,NA,NA,-135,-149.37909332787558
2016,169,-22.5,-22.5,-22.5,-26.432664756446993,-32.94642857142857,-22.5,-2.5,-22.5,-1.1,NA,NA,NA,NA,NA,NA,NA,-135,-149.37909332787558
2016,170,-22.5,-22.5,-22.5,-26.432664756446993,-32.94642857142857,-22.5,-22.5,-22.5,-22.5,NA,NA,NA,NA,NA,NA,NA,-135,-149.37909332787558
2016,171,-22.5,-22.5,-22.5,-26.432664756446993,-32.94642857142857,-22.5,-22.5,-22.5,-22.5,NA,NA,NA,NA,NA,NA,NA,-135,-149.37909332787558
2016,172,-22.5,-22.5,-22.5,-26.432664756446993,-32.94642857142857,-22.5,-22.5,-22.5,-22.5,NA,NA,NA,NA,NA,NA,NA,-135,-149.37909332787558
2016,173,-22.5,-1.7,-22.5,-26.432664756446993,-32.94642857142857,-22.5,-22.5,-22.5,-22.5,NA,NA,NA,NA,NA,NA,NA,-114.2,-128.57909332787557
2016,174,-22.5,-22.5,-22.5,-26.432664756446993,-32.94642857142857,-22.5,-22.5,-22.5,-22.5,NA,NA,NA,NA,NA,NA,NA,-135,-149.37909332787558
2016,175,-22.5,-0.2,-0.2,-26.432664756446993,-32.94642857142857,1.5,-22.5,-22.5,-22.5,NA,NA,NA,NA,NA,NA,NA,-66.4,-80.77909332787556
2016,176,-22.5,-22.5,-22.5,-26.432664756446993,-32.94642857142857,-22.5,-22.5,-22.5,-22.5,NA,NA,NA,NA,NA,NA,NA,-135,-149.37909332787558
2016,177,-22.5,-22.5,-22.5,-26.432664756446993,-32.94642857142857,0.6,-22.5,-22.5,-22.5,NA,NA,NA,NA,NA,NA,NA,-111.9,-126.27909332787557
2016,178,-22.5,-22.5,-22.5,-26.432664756446993,-32.94642857142857,-22.5,-22.5,-22.5,-22.5,NA,NA,NA,NA,NA,NA,NA,-135,-149.37909332787558
2016,179,-22.5,-22.5,-22.5,-26.432664756446993,-32.94642857142857,-22.5,-22.5,-22.5,-22.5,NA,NA,NA,NA,NA,NA,NA,-135,-149.37909332787558
2016,180,-22.5,-22.5,-22.5,-26.432664756446993,-32.94642857142857,-22.5,-22.5,-22.5,-22.5,NA,NA,NA,NA,NA,NA,NA,-135,-149.37909332787558
2016,181,-22.5,-22.5,-22.5,-26.432664756446993,-32.94642857142857,-22.5,-22.5,-22.5,-22.5,NA,NA,NA,NA,NA,NA,NA,-135,-149.37909332787558
2016,182,-22.5,-22.5,-22.5,-26.432664756446993,-32.94642857142857,-22.5,-22.5,-22.5,-22.5,NA,NA,NA,NA,NA,NA,NA,-135,-149.37909332787558
2016,183,-22.5,-22.5,-22.5,-26.432664756446993,-32.94642857142857,-22.5,5.2,-0.8,-1.1,NA,NA,NA,NA,NA,NA,NA,-135,-149.37909332787558
2016,184,-22.5,-22.5,-22.5,-26.432664756446993,-32.94642857142857,-22.5,-22.5,-22.5,0,NA,NA,NA,NA,NA,NA,NA,-135,-149.37909332787558
2016,185,-22.5,-22.5,-22.5,-26.432664756446993,-32.94642857142857,-22.5,-22.5,-22.5,-22.5,NA,NA,NA,NA,NA,NA,NA,-135,-149.37909332787558
2016,186,-22.5,-22.5,-22.5,-26.432664756446993,-32.94642857142857,-22.5,-22.5,-22.5,-22.5,NA,NA,NA,NA,NA,NA,NA,-135,-149.37909332787558
2016,187,-22.5,-22.5,-22.5,-26.432664756446993,-32.94642857142857,-22.5,-22.5,-22.5,-22.5,NA,NA,NA,NA,NA,NA,NA,-135,-149.37909332787558
2016,188,-22.5,-22.5,-22.5,-26.432664756446993,-32.94642857142857,-22.5,-22.5,-22.5,-22.5,NA,NA,NA,NA,NA,NA,NA,-135,-149.37909332787558
2016,189,-22.5,-22.5,-22.5,-26.432664756446993,-32.94642857142857,-22.5,-22.5,-22.5,-22.5,NA,NA,NA,NA,NA,NA,NA,-135,-149.37909332787558
2016,190,-22.5,-22.5,-22.5,-26.432664756446993,-32.94642857142857,-22.5,-22.5,-22.5,-22.5,NA,NA,NA,NA,NA,NA,NA,-135,-149.37909332787558
2016,191,-22.5,-22.5,-22.5,-26.432664756446993,-32.94642857142857,-22.5,-22.5,-22.5,-22.5,NA,NA,NA,NA,NA,NA,NA,-135,-149.37909332787558
2016,192,-22.5,-22.5,-22.5,-26.432664756446993,0.8785714285714284,-0.7,-22.5,-22.5,-22.5,NA,NA,NA,NA,NA,NA,NA,-90.1,-93.75409332787557
2017,1,15.8,15.6,5.6389684813753584,1.6107142857142858,10.9,20.3,8.8,15.8,NA,NA,NA,NA,NA,NA,NA,NA,68.5,69.84968276708965
2017,2,2.1,3.8,-26.432664756446993,-2.9285714285714284,-1.3,-22.5,-22.5,-22.5,NA,NA,NA,NA,NA,NA,NA,NA,-42.400000000000006,-47.26123618501842
2017,3,-22.5,9.2,13.275071633237824,1.4642857142857142,8.7,12.5,19.3,3.1,NA,NA,NA,NA,NA,NA,NA,NA,20.2,22.639357347523536
2017,4,-22.5,-22.5,18.561604584527224,24.160714285714285,22.9,16.4,14.7,14.9,NA,NA,NA,NA,NA,NA,NA,NA,26.6,37.022318870241506
2017,5,-22.5,17.9,27.842406876790832,11.860714285714284,11.9,25.8,27.3,11.9,NA,NA,NA,NA,NA,NA,NA,NA,64.89999999999999,72.80312116250512
2017,6,-22.5,-22.5,-1.6446991404011462,-0.14642857142857144,-0.5,8.8,-8.6,9.3,NA,NA,NA,NA,NA,NA,NA,NA,-38.2,-38.49112771182972
2017,7,0.3,-4,-2.232091690544413,4.246428571428571,-5,-22.5,-22.5,-22.5,NA,NA,NA,NA,NA,NA,NA,NA,-30.2,-29.18566311911584
2017,8,2.5,3.2,-0.5873925501432665,-0.14642857142857144,0.3,12.9,15,2.6,NA,NA,NA,NA,NA,NA,NA,NA,18.3,18.166178878428163
2017,9,-22.5,-0.2,-26.432664756446993,1.3178571428571428,0.7,9.3,2,1.2,NA,NA,NA,NA,NA,NA,NA,NA,-34.3,-37.81480761358985
2017,10,-2,-22.5,-26.432664756446993,-0.7321428571428571,0.5,11.2,8.8,10.8,NA,NA,NA,NA,NA,NA,NA,NA,-35.8,-39.964807613589855
2017,11,-22.5,-22.5,0.7048710601719198,6.882142857142857,0.9,11.4,7.3,17.4,NA,NA,NA,NA,NA,NA,NA,NA,-27.4,-25.112986082685225
2017,12,-22.5,-0.9,5.286532951289399,5.271428571428571,0.2,17.3,-0.4,16.1,NA,NA,NA,NA,NA,NA,NA,NA,2.200000000000001,4.657961522717972
2017,13,-22.5,-22.5,10.69054441260745,12.739285714285712,7.2,5.6,13.4,18.2,NA,NA,NA,NA,NA,NA,NA,NA,-14.4,-8.770169873106836
2017,14,-22.5,-22.5,-26.432664756446993,4.392857142857142,4.5,0,0.6,-22.5,NA,NA,NA,NA,NA,NA,NA,NA,-60,-62.53980761358986
2017,15,-22.5,-22.5,-2.1146131805157595,5.857142857142857,-7.2,6.2,-2,1.1,NA,NA,NA,NA,NA,NA,NA,NA,-43.8,-42.25747032337291
2017,16,-22.5,-2.9,-26.432664756446993,3.9535714285714287,-0.1,11.5,13.2,0,NA,NA,NA,NA,NA,NA,NA,NA,-33.8,-36.47909332787556
2017,17,-22.5,-22.5,-2.232091690544413,-32.94642857142857,13.7,3.6,4.4,-2.4,NA,NA,NA,NA,NA,NA,NA,NA,-52.1,-62.87852026197297
2017,18,-22.5,-22.5,-0.8223495702005731,-1.4642857142857142,-0.4,-5.2,7.4,2.4,NA,NA,NA,NA,NA,NA,NA,NA,-52.3,-52.88663528448629
2017,19,-22.5,-22.5,-1.2922636103151866,6.442857142857143,13.1,1.9,-0.4,3.7,NA,NA,NA,NA,NA,NA,NA,NA,-26.700000000000003,-24.849406467458046
2017,20,-22.5,4.8,12.335243553008597,6.5892857142857135,16.8,11.2,10.5,12.2,NA,NA,NA,NA,NA,NA,NA,NA,25.3,29.22452926729431
2017,21,-2.1,-3.3,-0.9398280802292265,7.614285714285714,1.8,8.9,2,0.7,NA,NA,NA,NA,NA,NA,NA,NA,9.7,11.974457634056488
2017,22,-0.3,-1.6,9.515759312320917,1.025,2.6,6.1,0.6,0.4,NA,NA,NA,NA,NA,NA,NA,NA,15.6,17.340759312320916
2017,23,-22.5,-22.5,-26.432664756446993,-0.8785714285714284,0.1,6,-0.8,-9.4,NA,NA,NA,NA,NA,NA,NA,NA,-62,-66.21123618501844
2017,24,-22.5,-22.5,-26.432664756446993,-2.05,-1.5,-22.5,-22.5,-22.5,NA,NA,NA,NA,NA,NA,NA,NA,-92.9,-97.482664756447
2017,25,-22.5,-22.5,-4.346704871060172,-32.94642857142857,-1.9,5.4,1,6.3,NA,NA,NA,NA,NA,NA,NA,NA,-67.7,-78.79313344248874
2017,26,-22.5,-22.5,-26.432664756446993,11.128571428571428,21.7,29.4,6.8,21.2,NA,NA,NA,NA,NA,NA,NA,NA,-8.800000000000004,-9.204093327875576
2017,27,-22.5,-22.5,0.5873925501432665,-32.94642857142857,-2.9,3.7,6.7,3.4,NA,NA,NA,NA,NA,NA,NA,NA,-66.2,-76.55903602128531
2017,28,-22.5,-22.5,-26.432664756446993,-32.94642857142857,-22.5,-22.5,0.3,-22.5,NA,NA,NA,NA,NA,NA,NA,NA,-135,-149.37909332787558
2017,29,-22.5,-1.9,-1.7621776504297997,1.025,-6.6,0.4,4.7,2.3,NA,NA,NA,NA,NA,NA,NA,NA,-31.4,-31.3371776504298
2017,30,-22.5,0.4,-26.432664756446993,4.246428571428571,7.5,8.2,-0.2,5.8,NA,NA,NA,NA,NA,NA,NA,NA,-26.000000000000004,-28.586236185018418
2017,31,-22.5,-22.5,-26.432664756446993,-32.94642857142857,0,6.7,0.9,-3.6,NA,NA,NA,NA,NA,NA,NA,NA,-83.3,-97.67909332787556
2017,32,-22.5,-22.5,-26.432664756446993,-0.7321428571428571,0.2,6.3,4.6,1.5,NA,NA,NA,NA,NA,NA,NA,NA,-61.5,-65.66480761358986
2017,33,-22.5,-22.5,-26.432664756446993,-4.539285714285714,-0.6,-22.5,-22.5,-22.5,NA,NA,NA,NA,NA,NA,NA,NA,-93.7,-99.0719504707327
2017,34,-22.5,-22.5,5.873925501432665,6.296428571428571,4.6,4.5,3,-2.9,NA,NA,NA,NA,NA,NA,NA,NA,-26.6,-23.729645927138762
2017,35,-22.5,-22.5,-26.432664756446993,-32.94642857142857,-0.1,-22.5,-22.5,-22.5,NA,NA,NA,NA,NA,NA,NA,NA,-112.6,-126.97909332787556
2017,36,-22.5,-22.5,-7.283667621776505,-1.6107142857142858,-0.5,6,5.1,2,NA,NA,NA,NA,NA,NA,NA,NA,-46.8,-48.39438190749079
2017,37,-22.5,-22.5,-26.432664756446993,-32.94642857142857,-22.5,-22.5,-22.5,-22.5,NA,NA,NA,NA,NA,NA,NA,NA,-135,-149.37909332787558
2017,38,-22.5,-22.5,-5.991404011461318,1.9035714285714285,0.9,-4.8,4.1,-22.5,NA,NA,NA,NA,NA,NA,NA,NA,-52.7,-52.98783258288989
2017,39,-22.5,-22.5,-26.432664756446993,13.910714285714285,24.1,18.1,22.2,16.2,NA,NA,NA,NA,NA,NA,NA,NA,-15.799999999999995,-15.321950470732709
2017,40,-22.5,-22.5,-26.432664756446993,1.4642857142857142,-2.3,0.1,-22.5,-22.5,NA,NA,NA,NA,NA,NA,NA,NA,-68.7,-72.16837904216129
2017,41,-22.5,0.4,-26.432664756446993,-0.4392857142857142,-1.2,1,-1.8,0.8,NA,NA,NA,NA,NA,NA,NA,NA,-45.1,-49.17195047073271
2017,42,-22.5,-22.5,0,-2.342857142857143,-1.2,13.2,4.4,-0.1,NA,NA,NA,NA,NA,NA,NA,NA,-34.60000000000001,-35.34285714285714
2017,43,-22.5,-22.5,-26.432664756446993,-32.94642857142857,2,4.6,0.3,18.9,NA,NA,NA,NA,NA,NA,NA,NA,-83.4,-97.77909332787557
2017,44,-22.5,-22.5,-26.432664756446993,-32.94642857142857,-22.5,-22.5,-22.5,-22.5,NA,NA,NA,NA,NA,NA,NA,NA,-135,-149.37909332787558
2017,45,-22.5,-22.5,5.051575931232092,-3.3678571428571424,-0.2,-22.5,-7.9,-0.1,NA,NA,NA,NA,NA,NA,NA,NA,-65.7,-66.01628121162506
2017,46,-22.5,-22.5,-26.432664756446993,-32.94642857142857,-3.8,0.6,-22.5,-22.5,NA,NA,NA,NA,NA,NA,NA,NA,-93.2,-107.57909332787557
2017,47,-22.5,0.9,-26.432664756446993,2.489285714285714,-5,-22.5,-22.5,-22.5,NA,NA,NA,NA,NA,NA,NA,NA,-69.9,-73.04337904216128
2017,48,-22.5,-22.5,-1.5272206303724931,1.3178571428571428,-22.5,-22.5,-22.5,-22.5,NA,NA,NA,NA,NA,NA,NA,NA,-90.4,-90.20936348751535
2017,49,-22.5,-22.5,-0.23495702005730662,6.735714285714285,0.8,-5.5,5.9,-2.7,NA,NA,NA,NA,NA,NA,NA,NA,-45.3,-43.199242734343024
2017,50,-22.5,1.6,0.5873925501432665,2.342857142857143,-1.3,1.8,-22.5,-22.5,NA,NA,NA,NA,NA,NA,NA,NA,-18.299999999999997,-17.46975030699959
2017,51,-22.5,-22.5,-26.432664756446993,-32.94642857142857,-22.5,-22.5,-22.5,-22.5,NA,NA,NA,NA,NA,NA,NA,NA,-135,-149.37909332787558
2017,52,-22.5,-22.5,-26.432664756446993,-32.94642857142857,-22.5,-22.5,-22.5,-22.5,NA,NA,NA,NA,NA,NA,NA,NA,-135,-149.37909332787558
2017,53,-22.5,-22.5,-26.432664756446993,-0.14642857142857144,-2.7,-8.3,-3.8,-22.5,NA,NA,NA,NA,NA,NA,NA,NA,-78.6,-82.57909332787557
2017,54,-22.5,-22.5,-26.432664756446993,2.05,1.6,-7.3,22.9,-3.3,NA,NA,NA,NA,NA,NA,NA,NA,-71.8,-75.082664756447
2017,55,-22.5,-22.5,-26.432664756446993,-32.94642857142857,-3.3,2.3,-1.1,-2,NA,NA,NA,NA,NA,NA,NA,NA,-91,-105.37909332787557
2017,56,-22.5,-22.5,-26.432664756446993,-32.94642857142857,-22.5,-22.5,-22.5,-22.5,NA,NA,NA,NA,NA,NA,NA,NA,-135,-149.37909332787558
2017,57,-22.5,-22.5,-26.432664756446993,-5.271428571428571,0.3,-7.8,1.4,0.5,NA,NA,NA,NA,NA,NA,NA,NA,-78.6,-84.20409332787557
2017,58,-22.5,-22.5,-26.432664756446993,-32.94642857142857,-22.5,-22.5,-22.5,-22.5,NA,NA,NA,NA,NA,NA,NA,NA,-135,-149.37909332787558
2017,59,-22.5,-22.5,-26.432664756446993,-32.94642857142857,-22.5,-22.5,-22.5,-22.5,NA,NA,NA,NA,NA,NA,NA,NA,-135,-149.37909332787558
2017,60,-22.5,-22.5,-26.432664756446993,-32.94642857142857,-22.5,-22.5,-22.5,-22.5,NA,NA,NA,NA,NA,NA,NA,NA,-135,-149.37909332787558
2017,61,-22.5,-22.5,-26.432664756446993,-32.94642857142857,-22.5,-22.5,-22.5,-22.5,NA,NA,NA,NA,NA,NA,NA,NA,-135,-149.37909332787558
2017,62,-22.5,-22.5,-26.432664756446993,-32.94642857142857,-6.7,-6.1,-22.5,-22.5,NA,NA,NA,NA,NA,NA,NA,NA,-102.8,-117.17909332787556
2017,63,-22.5,-22.5,-26.432664756446993,-32.94642857142857,5,-0.8,6.5,9.9,NA,NA,NA,NA,NA,NA,NA,NA,-85.8,-100.17909332787556
2017,64,-22.5,-0.3,0,-32.94642857142857,0.1,-22.5,-22.5,-22.5,NA,NA,NA,NA,NA,NA,NA,NA,-67.69999999999999,-78.14642857142857
2017,65,-22.5,-22.5,-26.432664756446993,-32.94642857142857,1.4,-1,-1.7,-1.1,NA,NA,NA,NA,NA,NA,NA,NA,-89.6,-103.97909332787556
2017,66,-22.5,-22.5,-26.432664756446993,-32.94642857142857,-22.5,-22.5,-22.5,-22.5,NA,NA,NA,NA,NA,NA,NA,NA,-135,-149.37909332787558
2017,67,-22.5,-22.5,-26.432664756446993,1.3178571428571428,-1.1,5.3,7.3,16.7,NA,NA,NA,NA,NA,NA,NA,NA,-62.39999999999999,-65.91480761358986
2017,68,-22.5,-22.5,-26.432664756446993,-32.94642857142857,-22.5,-22.5,-22.5,-22.5,NA,NA,NA,NA,NA,NA,NA,NA,-135,-149.37909332787558
2017,69,-22.5,-22.5,-26.432664756446993,-32.94642857142857,0.3,-0.7,-6.4,-22.5,NA,NA,NA,NA,NA,NA,NA,NA,-90.4,-104.77909332787557
2017,70,-22.5,-22.5,-26.432664756446993,-32.94642857142857,-22.5,-22.5,-22.5,-22.5,NA,NA,NA,NA,NA,NA,NA,NA,-135,-149.37909332787558
2017,71,-22.5,-22.5,-26.432664756446993,-32.94642857142857,-22.5,-22.5,-22.5,-22.5,NA,NA,NA,NA,NA,NA,NA,NA,-135,-149.37909332787558
2017,72,-22.5,-22.5,-26.432664756446993,-32.94642857142857,-22.5,-22.5,-0.3,0.3,NA,NA,NA,NA,NA,NA,NA,NA,-135,-149.37909332787558
2017,73,-22.5,-22.5,-26.432664756446993,-32.94642857142857,-22.5,-22.5,-22.5,-22.5,NA,NA,NA,NA,NA,NA,NA,NA,-135,-149.37909332787558
2017,74,-22.5,-22.5,-26.432664756446993,-32.94642857142857,-22.5,12,5.6,9.2,NA,NA,NA,NA,NA,NA,NA,NA,-100.5,-114.87909332787557
2017,75,-22.5,-22.5,-26.432664756446993,-32.94642857142857,-22.5,-22.5,-22.5,-22.5,NA,NA,NA,NA,NA,NA,NA,NA,-135,-149.37909332787558
2017,76,-22.5,-22.5,-26.432664756446993,-32.94642857142857,-22.5,-22.5,-22.5,-22.5,NA,NA,NA,NA,NA,NA,NA,NA,-135,-149.37909332787558
2017,77,-22.5,-22.5,-26.432664756446993,-32.94642857142857,-22.5,-22.5,-22.5,-22.5,NA,NA,NA,NA,NA,NA,NA,NA,-135,-149.37909332787558
2017,78,-22.5,-22.5,-26.432664756446993,0,3.1,25.4,13.9,3.3,NA,NA,NA,NA,NA,NA,NA,NA,-39.00000000000001,-42.932664756447004
2017,79,-22.5,-22.5,-26.432664756446993,-32.94642857142857,-22.5,-22.5,-22.5,-22.5,NA,NA,NA,NA,NA,NA,NA,NA,-135,-149.37909332787558
2017,80,-22.5,-22.5,-26.432664756446993,-32.94642857142857,-22.5,-22.5,-22.5,-22.5,NA,NA,NA,NA,NA,NA,NA,NA,-135,-149.37909332787558
2017,81,-22.5,-22.5,-26.432664756446993,-32.94642857142857,-22.5,-22.5,-22.5,-22.5,NA,NA,NA,NA,NA,NA,NA,NA,-135,-149.37909332787558
2017,82,-22.5,-22.5,-26.432664756446993,-32.94642857142857,-22.5,-22.5,-22.5,-22.5,NA,NA,NA,NA,NA,NA,NA,NA,-135,-149.37909332787558
2017,83,-22.5,-22.5,-26.432664756446993,-32.94642857142857,-22.5,-22.5,-22.5,-22.5,NA,NA,NA,NA,NA,NA,NA,NA,-135,-149.37909332787558
2017,84,-22.5,-22.5,-26.432664756446993,-32.94642857142857,-22.5,-22.5,-22.5,-22.5,NA,NA,NA,NA,NA,NA,NA,NA,-135,-149.37909332787558
2017,85,-22.5,-22.5,-26.432664756446993,-32.94642857142857,-22.5,-22.5,-22.5,-22.5,NA,NA,NA,NA,NA,NA,NA,NA,-135,-149.37909332787558
2017,86,-22.5,-22.5,-26.432664756446993,-32.94642857142857,1.9,-7.2,4.4,-3.6,NA,NA,NA,NA,NA,NA,NA,NA,-95.3,-109.67909332787556
2017,87,-22.5,-22.5,-4.229226361031519,-32.94642857142857,0.2,-1.5,-22.5,2.5,NA,NA,NA,NA,NA,NA,NA,NA,-72.39999999999999,-83.47565493246009
2017,88,-22.5,-22.5,-26.432664756446993,-32.94642857142857,-22.5,-22.5,-22.5,-22.5,NA,NA,NA,NA,NA,NA,NA,NA,-135,-149.37909332787558
2017,89,-22.5,-22.5,-26.432664756446993,-32.94642857142857,-22.5,-22.5,-22.5,-22.5,NA,NA,NA,NA,NA,NA,NA,NA,-135,-149.37909332787558
2017,90,-22.5,-22.5,-26.432664756446993,-32.94642857142857,-22.5,-22.5,-22.5,-22.5,NA,NA,NA,NA,NA,NA,NA,NA,-135,-149.37909332787558
2017,91,-22.5,-22.5,-26.432664756446993,-32.94642857142857,-22.5,-22.5,-22.5,-22.5,NA,NA,NA,NA,NA,NA,NA,NA,-135,-149.37909332787558
2017,92,-22.5,-22.5,-26.432664756446993,-32.94642857142857,-22.5,-22.5,-22.5,-22.5,NA,NA,NA,NA,NA,NA,NA,NA,-135,-149.37909332787558
2017,93,-22.5,-22.5,-26.432664756446993,-32.94642857142857,-22.5,-22.5,-22.5,-22.5,NA,NA,NA,NA,NA,NA,NA,NA,-135,-149.37909332787558
2017,94,-22.5,-22.5,-26.432664756446993,-32.94642857142857,-22.5,-22.5,-22.5,-22.5,NA,NA,NA,NA,NA,NA,NA,NA,-135,-149.37909332787558
2017,95,-22.5,-22.5,-26.432664756446993,3.0749999999999997,-1.8,1.9,-22.5,-22.5,NA,NA,NA,NA,NA,NA,NA,NA,-65.3,-68.25766475644699
2017,96,-22.5,-22.5,-26.432664756446993,-32.94642857142857,-22.5,-22.5,-22.5,-22.5,NA,NA,NA,NA,NA,NA,NA,NA,-135,-149.37909332787558
2017,97,-22.5,-22.5,-26.432664756446993,-32.94642857142857,-22.5,2.1,1.2,-22.5,NA,NA,NA,NA,NA,NA,NA,NA,-110.4,-124.77909332787557
2017,98,-22.5,-22.5,-26.432664756446993,-32.94642857142857,-22.5,-22.5,-22.5,-22.5,NA,NA,NA,NA,NA,NA,NA,NA,-135,-149.37909332787558
2017,99,-22.5,-22.5,-26.432664756446993,5.857142857142857,7.5,-4.4,1.5,-1.1,NA,NA,NA,NA,NA,NA,NA,NA,-60.4,-62.475521899304134
2017,100,-22.5,-22.5,-26.432664756446993,-32.94642857142857,-22.5,-22.5,-22.5,-22.5,NA,NA,NA,NA,NA,NA,NA,NA,-135,-149.37909332787558
2017,101,-22.5,-22.5,-26.432664756446993,-32.94642857142857,-22.5,-22.5,-22.5,-22.5,NA,NA,NA,NA,NA,NA,NA,NA,-135,-149.37909332787558
2017,102,-22.5,-22.5,-26.432664756446993,-32.94642857142857,-0.6,-22.5,-22.5,-22.5,NA,NA,NA,NA,NA,NA,NA,NA,-113.1,-127.47909332787556
2017,103,-22.5,-22.5,0.8223495702005731,-1.3178571428571428,7.5,6.2,5,2.2,NA,NA,NA,NA,NA,NA,NA,NA,-31.499999999999996,-31.79550757265657
2017,104,-22.5,-22.5,-26.432664756446993,-32.94642857142857,-22.5,0.3,-22.5,-22.5,NA,NA,NA,NA,NA,NA,NA,NA,-112.2,-126.57909332787557
2017,105,-22.5,-22.5,-26.432664756446993,-32.94642857142857,-22.5,-22.5,-22.5,-22.5,NA,NA,NA,NA,NA,NA,NA,NA,-135,-149.37909332787558
2017,106,-22.5,-22.5,-26.432664756446993,-32.94642857142857,-22.5,-22.5,-22.5,-22.5,NA,NA,NA,NA,NA,NA,NA,NA,-135,-149.37909332787558
2017,107,-22.5,-22.5,-26.432664756446993,-32.94642857142857,-22.5,-22.5,-22.5,-22.5,NA,NA,NA,NA,NA,NA,NA,NA,-135,-149.37909332787558
2017,108,-22.5,-22.5,-26.432664756446993,-32.94642857142857,-22.5,-22.5,-22.5,-22.5,NA,NA,NA,NA,NA,NA,NA,NA,-135,-149.37909332787558
2017,109,-22.5,-22.5,-26.432664756446993,-32.94642857142857,2.5,2.5,-2.9,-22.5,NA,NA,NA,NA,NA,NA,NA,NA,-85,-99.37909332787557
2017,110,-22.5,-22.5,-26.432664756446993,-32.94642857142857,-22.5,-22.5,-22.5,-22.5,NA,NA,NA,NA,NA,NA,NA,NA,-135,-149.37909332787558
2017,111,-22.5,-22.5,-26.432664756446993,16.985714285714284,10.9,24.6,29.3,4.5,NA,NA,NA,NA,NA,NA,NA,NA,-20.4,-18.946950470732716
2017,112,-22.5,-22.5,-26.432664756446993,-32.94642857142857,-22.5,-22.5,-22.5,-22.5,NA,NA,NA,NA,NA,NA,NA,NA,-135,-149.37909332787558
2017,113,-22.5,-22.5,-26.432664756446993,-32.94642857142857,-2.9,2.6,-3.1,2.3,NA,NA,NA,NA,NA,NA,NA,NA,-90.3,-104.67909332787558
2017,114,-22.5,-22.5,-26.432664756446993,-32.94642857142857,-22.5,-22.5,-22.5,-22.5,NA,NA,NA,NA,NA,NA,NA,NA,-135,-149.37909332787558
2017,115,-22.5,-22.5,-26.432664756446993,-32.94642857142857,-22.5,-22.5,-22.5,-22.5,NA,NA,NA,NA,NA,NA,NA,NA,-135,-149.37909332787558
2017,116,-22.5,-22.5,-26.432664756446993,-32.94642857142857,-22.5,-22.5,-22.5,-22.5,NA,NA,NA,NA,NA,NA,NA,NA,-135,-149.37909332787558
2017,117,-22.5,-22.5,1.174785100286533,4.1,0.7,6,3.3,-0.3,NA,NA,NA,NA,NA,NA,NA,NA,-34.5,-33.02521489971346
2017,118,-22.5,-22.5,-26.432664756446993,-32.94642857142857,-22.5,-22.5,-22.5,-22.5,NA,NA,NA,NA,NA,NA,NA,NA,-135,-149.37909332787558
2017,119,-22.5,-22.5,-26.432664756446993,-32.94642857142857,-22.5,-22.5,-22.5,-22.5,NA,NA,NA,NA,NA,NA,NA,NA,-135,-149.37909332787558
2017,120,-22.5,-22.5,-26.432664756446993,-32.94642857142857,-22.5,-22.5,-22.5,-22.5,NA,NA,NA,NA,NA,NA,NA,NA,-135,-149.37909332787558
2017,121,-22.5,3,-2.8194842406876792,4.246428571428571,5.2,5,7.1,6.3,NA,NA,NA,NA,NA,NA,NA,NA,-8.8,-7.873055669259109
2017,122,-22.5,-22.5,-26.432664756446993,-32.94642857142857,-22.5,-22.5,-22.5,-22.5,NA,NA,NA,NA,NA,NA,NA,NA,-135,-149.37909332787558
2017,123,-22.5,-22.5,-26.432664756446993,-32.94642857142857,-22.5,-22.5,-22.5,-22.5,NA,NA,NA,NA,NA,NA,NA,NA,-135,-149.37909332787558
2017,124,-22.5,-22.5,-26.432664756446993,-32.94642857142857,-22.5,-22.5,-22.5,-22.5,NA,NA,NA,NA,NA,NA,NA,NA,-135,-149.37909332787558
2017,125,-22.5,-22.5,-26.432664756446993,-32.94642857142857,-22.5,-22.5,-22.5,-22.5,NA,NA,NA,NA,NA,NA,NA,NA,-135,-149.37909332787558
2017,126,-22.5,-22.5,-26.432664756446993,-32.94642857142857,-22.5,-22.5,-22.5,-22.5,NA,NA,NA,NA,NA,NA,NA,NA,-135,-149.37909332787558
2017,127,-22.5,-22.5,-26.432664756446993,-32.94642857142857,-22.5,-22.5,-22.5,-22.5,NA,NA,NA,NA,NA,NA,NA,NA,-135,-149.37909332787558
2017,128,-22.5,-22.5,-26.432664756446993,-32.94642857142857,-22.5,-22.5,-22.5,-22.5,NA,NA,NA,NA,NA,NA,NA,NA,-135,-149.37909332787558
2017,129,-22.5,-22.5,-0.23495702005730662,-32.94642857142857,-22.5,-22.5,-22.5,-22.5,NA,NA,NA,NA,NA,NA,NA,NA,-112.7,-123.18138559148588
2017,130,-22.5,-22.5,-26.432664756446993,-32.94642857142857,-22.5,-22.5,-22.5,-22.5,NA,NA,NA,NA,NA,NA,NA,NA,-135,-149.37909332787558
2017,131,-22.5,-22.5,-26.432664756446993,-32.94642857142857,-22.5,-22.5,-22.5,-22.5,NA,NA,NA,NA,NA,NA,NA,NA,-135,-149.37909332787558
2017,132,-22.5,-22.5,-26.432664756446993,-32.94642857142857,-1.3,-0.9,-1.7,-22.5,NA,NA,NA,NA,NA,NA,NA,NA,-92.2,-106.57909332787557
2017,133,-22.5,-22.5,-26.432664756446993,-32.94642857142857,-22.5,-22.5,-22.5,-22.5,NA,NA,NA,NA,NA,NA,NA,NA,-135,-149.37909332787558
2017,134,-22.5,-22.5,-26.432664756446993,-32.94642857142857,-22.5,-22.5,-22.5,-22.5,NA,NA,NA,NA,NA,NA,NA,NA,-135,-149.37909332787558
2017,135,-22.5,-22.5,-26.432664756446993,-32.94642857142857,-22.5,-22.5,-22.5,-22.5,NA,NA,NA,NA,NA,NA,NA,NA,-135,-149.37909332787558
2017,136,-22.5,-22.5,-26.432664756446993,-32.94642857142857,-22.5,-22.5,-22.5,-22.5,NA,NA,NA,NA,NA,NA,NA,NA,-135,-149.37909332787558
2017,137,-22.5,-22.5,-26.432664756446993,-32.94642857142857,4,10.3,8.5,4.7,NA,NA,NA,NA,NA,NA,NA,NA,-75.7,-90.07909332787557
2017,138,-22.5,-22.5,-26.432664756446993,-32.94642857142857,-22.5,-22.5,-22.5,-22.5,NA,NA,NA,NA,NA,NA,NA,NA,-135,-149.37909332787558
2017,139,1,-22.5,-26.432664756446993,-32.94642857142857,1.3,10.8,-7.8,-22.5,NA,NA,NA,NA,NA,NA,NA,NA,-54.400000000000006,-68.77909332787557
2017,140,-22.5,-22.5,-26.432664756446993,-32.94642857142857,-22.5,-22.5,-22.5,-22.5,NA,NA,NA,NA,NA,NA,NA,NA,-135,-149.37909332787558
2017,141,-22.5,-22.5,-26.432664756446993,-32.94642857142857,-22.5,-22.5,-22.5,-22.5,NA,NA,NA,NA,NA,NA,NA,NA,-135,-149.37909332787558
2017,142,-22.5,-22.5,-26.432664756446993,-32.94642857142857,-22.5,-22.5,-22.5,-22.5,NA,NA,NA,NA,NA,NA,NA,NA,-135,-149.37909332787558
2017,143,-22.5,-22.5,-26.432664756446993,-1.3178571428571428,0.3,-22.5,-22.5,-22.5,NA,NA,NA,NA,NA,NA,NA,NA,-90.6,-94.95052189930414
2017,144,-22.5,-22.5,-26.432664756446993,-32.94642857142857,-22.5,-22.5,-22.5,-22.5,NA,NA,NA,NA,NA,NA,NA,NA,-135,-149.37909332787558
2017,145,-22.5,-22.5,-26.432664756446993,-32.94642857142857,-22.5,-22.5,-22.5,-22.5,NA,NA,NA,NA,NA,NA,NA,NA,-135,-149.37909332787558
2017,146,-22.5,-22.5,-26.432664756446993,-32.94642857142857,-22.5,-22.5,-22.5,-22.5,NA,NA,NA,NA,NA,NA,NA,NA,-135,-149.37909332787558
2017,147,-22.5,-22.5,-26.432664756446993,-32.94642857142857,-22.5,-22.5,-22.5,-22.5,NA,NA,NA,NA,NA,NA,NA,NA,-135,-149.37909332787558
2017,148,-22.5,-22.5,-26.432664756446993,-32.94642857142857,-22.5,-22.5,-22.5,-22.5,NA,NA,NA,NA,NA,NA,NA,NA,-135,-149.37909332787558
2017,149,-22.5,-22.5,-26.432664756446993,-32.94642857142857,-22.5,-22.5,-22.5,-22.5,NA,NA,NA,NA,NA,NA,NA,NA,-135,-149.37909332787558
2017,150,-22.5,-22.5,-26.432664756446993,-32.94642857142857,-1.7,-22.5,-22.5,-22.5,NA,NA,NA,NA,NA,NA,NA,NA,-114.2,-128.57909332787557
2017,151,-22.5,-22.5,-26.432664756446993,-32.94642857142857,-22.5,-22.5,-22.5,-22.5,NA,NA,NA,NA,NA,NA,NA,NA,-135,-149.37909332787558
2017,152,-22.5,-22.5,-26.432664756446993,-32.94642857142857,-22.5,-22.5,-22.5,-22.5,NA,NA,NA,NA,NA,NA,NA,NA,-135,-149.37909332787558
2017,153,-22.5,-22.5,-26.432664756446993,-32.94642857142857,-22.5,0,-22.5,-22.5,NA,NA,NA,NA,NA,NA,NA,NA,-112.5,-126.87909332787557
2017,154,-22.5,-22.5,-26.432664756446993,-32.94642857142857,-22.5,-22.5,-22.5,-22.5,NA,NA,NA,NA,NA,NA,NA,NA,-135,-149.37909332787558
2017,155,-22.5,-22.5,-26.432664756446993,-32.94642857142857,-22.5,-22.5,-22.5,-22.5,NA,NA,NA,NA,NA,NA,NA,NA,-135,-149.37909332787558
2017,156,-22.5,-22.5,-26.432664756446993,-32.94642857142857,-22.5,-22.5,-22.5,-22.5,NA,NA,NA,NA,NA,NA,NA,NA,-135,-149.37909332787558
2017,157,-22.5,-22.5,-26.432664756446993,-32.94642857142857,-22.5,-22.5,-22.5,-22.5,NA,NA,NA,NA,NA,NA,NA,NA,-135,-149.37909332787558
2017,158,-22.5,-22.5,-26.432664756446993,-32.94642857142857,-22.5,-22.5,-22.5,-22.5,NA,NA,NA,NA,NA,NA,NA,NA,-135,-149.37909332787558
2017,159,-22.5,-22.5,-26.432664756446993,-32.94642857142857,-22.5,-22.5,-22.5,-22.5,NA,NA,NA,NA,NA,NA,NA,NA,-135,-149.37909332787558
2017,160,-22.5,-22.5,-26.432664756446993,-32.94642857142857,-22.5,-22.5,-22.5,-22.5,NA,NA,NA,NA,NA,NA,NA,NA,-135,-149.37909332787558
2017,161,-22.5,-22.5,-26.432664756446993,-32.94642857142857,-22.5,1.8,-1.6,-22.5,NA,NA,NA,NA,NA,NA,NA,NA,-110.7,-125.07909332787557
2017,162,-22.5,-22.5,-26.432664756446993,-32.94642857142857,-22.5,-22.5,-22.5,-22.5,NA,NA,NA,NA,NA,NA,NA,NA,-135,-149.37909332787558
2017,163,-22.5,-22.5,-26.432664756446993,-32.94642857142857,-22.5,-22.5,-22.5,-22.5,NA,NA,NA,NA,NA,NA,NA,NA,-135,-149.37909332787558
2017,164,-22.5,-22.5,-26.432664756446993,-32.94642857142857,-22.5,-22.5,-22.5,-22.5,NA,NA,NA,NA,NA,NA,NA,NA,-135,-149.37909332787558
2017,165,-22.5,-22.5,-26.432664756446993,-32.94642857142857,-22.5,-0.3,-22.5,-22.5,NA,NA,NA,NA,NA,NA,NA,NA,-112.8,-127.17909332787556
2017,166,-22.5,-22.5,-26.432664756446993,-32.94642857142857,-22.5,-22.5,-22.5,-22.5,NA,NA,NA,NA,NA,NA,NA,NA,-135,-149.37909332787558
2017,167,-22.5,-22.5,-26.432664756446993,-32.94642857142857,-22.5,-22.5,-22.5,-22.5,NA,NA,NA,NA,NA,NA,NA,NA,-135,-149.37909332787558
2017,168,-22.5,-22.5,-26.432664756446993,-32.94642857142857,-22.5,-2.9,0.7,-1.1,NA,NA,NA,NA,NA,NA,NA,NA,-115.4,-129.77909332787556
2017,169,-22.5,-22.5,-26.432664756446993,-32.94642857142857,-22.5,6.2,10.7,6.4,NA,NA,NA,NA,NA,NA,NA,NA,-106.3,-120.67909332787556
2017,170,-22.5,-22.5,-26.432664756446993,-32.94642857142857,-22.5,-22.5,-22.5,-22.5,NA,NA,NA,NA,NA,NA,NA,NA,-135,-149.37909332787558
2017,171,-22.5,-22.5,-26.432664756446993,-32.94642857142857,-22.5,-22.5,-22.5,-22.5,NA,NA,NA,NA,NA,NA,NA,NA,-135,-149.37909332787558
2017,172,-22.5,-22.5,-26.432664756446993,-32.94642857142857,-22.5,-22.5,-22.5,-22.5,NA,NA,NA,NA,NA,NA,NA,NA,-135,-149.37909332787558
2017,173,-22.5,-22.5,-26.432664756446993,-32.94642857142857,-22.5,-22.5,-22.5,-22.5,NA,NA,NA,NA,NA,NA,NA,NA,-135,-149.37909332787558
2017,174,-22.5,-22.5,-26.432664756446993,-0.8785714285714284,-0.9,-1.6,-1,0.9,NA,NA,NA,NA,NA,NA,NA,NA,-70.6,-74.81123618501843
2017,175,-22.5,-22.5,-26.432664756446993,-32.94642857142857,-22.5,-22.5,-22.5,-22.5,NA,NA,NA,NA,NA,NA,NA,NA,-135,-149.37909332787558
2017,176,-22.5,-22.5,-26.432664756446993,-32.94642857142857,-22.5,-22.5,-22.5,-22.5,NA,NA,NA,NA,NA,NA,NA,NA,-135,-149.37909332787558
2017,177,-22.5,-22.5,-26.432664756446993,-32.94642857142857,-22.5,-22.5,-22.5,-22.5,NA,NA,NA,NA,NA,NA,NA,NA,-135,-149.37909332787558
2017,178,-22.5,-22.5,-26.432664756446993,-32.94642857142857,-22.5,-22.5,-22.5,-22.5,NA,NA,NA,NA,NA,NA,NA,NA,-135,-149.37909332787558
2017,179,-22.5,-22.5,-26.432664756446993,-32.94642857142857,-1.2,0.3,-0.7,-22.5,NA,NA,NA,NA,NA,NA,NA,NA,-90.9,-105.27909332787557
2017,180,-22.5,-22.5,-26.432664756446993,-32.94642857142857,-22.5,-0.7,-1.6,-22.5,NA,NA,NA,NA,NA,NA,NA,NA,-113.2,-127.57909332787557
2017,181,-22.5,-22.5,-26.432664756446993,-32.94642857142857,-22.5,-22.5,-22.5,-22.5,NA,NA,NA,NA,NA,NA,NA,NA,-135,-149.37909332787558
2017,182,-22.5,-22.5,-26.432664756446993,-32.94642857142857,-22.5,-22.5,-22.5,-22.5,NA,NA,NA,NA,NA,NA,NA,NA,-135,-149.37909332787558
2017,183,-22.5,-22.5,-26.432664756446993,-32.94642857142857,-22.5,-22.5,-22.5,-22.5,NA,NA,NA,NA,NA,NA,NA,NA,-135,-149.37909332787558
2017,184,-22.5,-22.5,-26.432664756446993,-32.94642857142857,-22.5,-22.5,-22.5,-22.5,NA,NA,NA,NA,NA,NA,NA,NA,-135,-149.37909332787558
2017,185,-22.5,-22.5,-26.432664756446993,-32.94642857142857,0.7,-22.5,-22.5,-22.5,NA,NA,NA,NA,NA,NA,NA,NA,-111.8,-126.17909332787556
2017,186,-22.5,-22.5,-26.432664756446993,-32.94642857142857,-22.5,-22.5,-22.5,-22.5,NA,NA,NA,NA,NA,NA,NA,NA,-135,-149.37909332787558
2017,187,-22.5,-22.5,-26.432664756446993,-32.94642857142857,-22.5,-22.5,-22.5,-22.5,NA,NA,NA,NA,NA,NA,NA,NA,-135,-149.37909332787558
2017,188,-22.5,-22.5,-26.432664756446993,-32.94642857142857,-22.5,-22.5,-22.5,-22.5,NA,NA,NA,NA,NA,NA,NA,NA,-135,-149.37909332787558
2017,189,-22.5,-22.5,-26.432664756446993,-32.94642857142857,-22.5,-22.5,-22.5,-0.9,NA,NA,NA,NA,NA,NA,NA,NA,-135,-149.37909332787558
2017,190,-22.5,-22.5,-26.432664756446993,-32.94642857142857,-22.5,-22.5,-22.5,-22.5,NA,NA,NA,NA,NA,NA,NA,NA,-135,-149.37909332787558
2017,191,-22.5,-22.5,-26.432664756446993,-32.94642857142857,-22.5,-22.5,-22.5,-22.5,NA,NA,NA,NA,NA,NA,NA,NA,-135,-149.37909332787558
2017,192,-22.5,-22.5,-26.432664756446993,-32.94642857142857,-22.5,-22.5,-22.5,-22.5,NA,NA,NA,NA,NA,NA,NA,NA,-135,-149.37909332787558
2017,193,-22.5,-22.5,-26.432664756446993,-32.94642857142857,-22.5,-22.5,-22.5,-22.5,NA,NA,NA,NA,NA,NA,NA,NA,-135,-149.37909332787558
2017,194,0.2,-22.5,-26.432664756446993,-32.94642857142857,-22.5,2.9,-22.5,-22.5,NA,NA,NA,NA,NA,NA,NA,NA,-86.89999999999999,-101.27909332787556
2017,195,-22.5,-22.5,-26.432664756446993,-32.94642857142857,-22.5,-22.5,-22.5,-22.5,NA,NA,NA,NA,NA,NA,NA,NA,-135,-149.37909332787558
2017,196,-22.5,-22.5,-26.432664756446993,-3.514285714285714,-1.3,-22.5,-22.5,-22.5,NA,NA,NA,NA,NA,NA,NA,NA,-93.7,-98.74695047073271
2017,197,-22.5,-22.5,-26.432664756446993,-32.94642857142857,-22.5,-22.5,-22.5,-22.5,NA,NA,NA,NA,NA,NA,NA,NA,-135,-149.37909332787558
2017,198,-22.5,-22.5,-26.432664756446993,-32.94642857142857,-22.5,-22.5,-22.5,-22.5,NA,NA,NA,NA,NA,NA,NA,NA,-135,-149.37909332787558
2017,199,-22.5,-22.5,1.4097421203438396,-5.710714285714285,-11,-0.9,13.1,-9.5,NA,NA,NA,NA,NA,NA,NA,NA,-59.599999999999994,-61.20097216537044
2017,200,-22.5,-22.5,-26.432664756446993,-32.94642857142857,-22.5,0.8,-22.5,-22.5,NA,NA,NA,NA,NA,NA,NA,NA,-111.7,-126.07909332787557
2018,1,8.5,4.8166189111747855,-3.807142857142857,-3.9,17.5,5,14.8,NA,NA,NA,NA,NA,NA,NA,NA,NA,28.6,28.10947605403193
2018,2,-2.2,16.681948424068768,7.760714285714285,4.4,10.7,2.5,-4.8,NA,NA,NA,NA,NA,NA,NA,NA,NA,34.900000000000006,39.842662709783056
2018,3,4.7,-7.283667621776505,3.6607142857142856,4.8,6.5,-1.8,4.7,NA,NA,NA,NA,NA,NA,NA,NA,NA,10.5,10.577046663937779
2018,4,7.3,5.991404011461318,3.6607142857142856,8.4,12.4,14.2,10.2,NA,NA,NA,NA,NA,NA,NA,NA,NA,49.89999999999999,51.9521182971756
2018,5,-22.5,-0.3524355300859599,-0.8785714285714284,4.6,12.4,2.9,8.9,NA,NA,NA,NA,NA,NA,NA,NA,NA,-3.500000000000004,-3.831006958657387
2018,6,-2.9,3.994269340974212,-0.8785714285714284,-1.3,-1.3,-5.9,-22.5,NA,NA,NA,NA,NA,NA,NA,NA,NA,-8.600000000000001,-8.284302087597217
2018,7,-0.2,13.040114613180517,0,8.8,20.5,24.9,16.8,NA,NA,NA,NA,NA,NA,NA,NA,NA,65.1,67.04011461318052
2018,8,-22.5,5.873925501432665,3.0749999999999997,3.2,4.1,-3.8,0.2,NA,NA,NA,NA,NA,NA,NA,NA,NA,-11.9,-10.051074498567335
2018,9,-22.5,-26.432664756446993,-3.9535714285714287,-22.5,-1.2,-22.5,-22.5,NA,NA,NA,NA,NA,NA,NA,NA,NA,-93.9,-99.08623618501842
2018,10,-1,-26.432664756446993,0.8785714285714284,2.4,14.8,22.5,11.8,NA,NA,NA,NA,NA,NA,NA,NA,NA,16.8,13.145906672124436
2018,11,-22.5,0,7.467857142857142,0.8,4.7,-2.8,-4,NA,NA,NA,NA,NA,NA,NA,NA,NA,-14.7,-12.332142857142859
2018,12,-22.5,3.0544412607449862,-2.05,9.6,4.5,14.3,8.2,NA,NA,NA,NA,NA,NA,NA,NA,NA,7.100000000000003,6.904441260744987
2018,13,-22.5,-26.432664756446993,1.1714285714285715,-22.5,8.8,0.8,-8.4,NA,NA,NA,NA,NA,NA,NA,NA,NA,-57.10000000000001,-60.661236185018424
2018,14,-22.5,0.8223495702005731,12.739285714285712,5.1,8.3,2.7,-1.7,NA,NA,NA,NA,NA,NA,NA,NA,NA,2.999999999999999,7.161635284486285
2018,15,-22.5,-26.432664756446993,2.782142857142857,-22.5,-2.4,-1.1,-22.5,NA,NA,NA,NA,NA,NA,NA,NA,NA,-69.1,-72.15052189930414
2018,16,-22.5,0.8223495702005731,-32.94642857142857,0.5,1.3,-22.5,-22.5,NA,NA,NA,NA,NA,NA,NA,NA,NA,-65,-75.324079001228
2018,17,-22.5,-26.432664756446993,1.1714285714285715,-5.7,-0.1,-22.5,-0.4,NA,NA,NA,NA,NA,NA,NA,NA,NA,-72.5,-76.06123618501843
2018,18,-22.5,-26.432664756446993,0.4392857142857142,-22.5,-1.7,1.2,-22.5,NA,NA,NA,NA,NA,NA,NA,NA,NA,-67.7,-71.49337904216128
2018,19,-22.5,-26.432664756446993,-32.94642857142857,-22.5,-22.5,-22.5,-22.5,NA,NA,NA,NA,NA,NA,NA,NA,NA,-135,-149.37909332787558
2018,20,-22.5,-26.432664756446993,-1.9035714285714285,-1.6,2.6,-0.8,-3,NA,NA,NA,NA,NA,NA,NA,NA,NA,-46.099999999999994,-50.63623618501842
2018,21,-22.5,-26.432664756446993,-32.94642857142857,-6.9,-22.5,-22.5,-22.5,NA,NA,NA,NA,NA,NA,NA,NA,NA,-119.4,-133.77909332787556
2018,22,-22.5,-26.432664756446993,-2.05,6.5,7.8,5.9,4.3,NA,NA,NA,NA,NA,NA,NA,NA,NA,-26.200000000000003,-30.782664756446998
2018,23,-1.4,0.7048710601719198,-1.757142857142857,-0.4,2.4,3.3,-5,NA,NA,NA,NA,NA,NA,NA,NA,NA,3.3,2.847728203029063
2018,24,-22.5,-26.432664756446993,-32.94642857142857,-22.5,-22.5,-22.5,-22.5,NA,NA,NA,NA,NA,NA,NA,NA,NA,-135,-149.37909332787558
2018,25,-22.5,-26.432664756446993,-32.94642857142857,-22.5,-22.5,-22.5,-22.5,NA,NA,NA,NA,NA,NA,NA,NA,NA,-135,-149.37909332787558
2018,26,-22.5,-26.432664756446993,0.5857142857142857,2.1,-1.2,-0.3,6.7,NA,NA,NA,NA,NA,NA,NA,NA,NA,-44,-47.746950470732706
2018,27,-22.5,-26.432664756446993,1.9035714285714285,-22.5,-22.5,-22.5,-22.5,NA,NA,NA,NA,NA,NA,NA,NA,NA,-111.2,-114.52909332787557
2018,28,-22.5,-26.432664756446993,-32.94642857142857,1.3,-1.5,2.3,-0.8,NA,NA,NA,NA,NA,NA,NA,NA,NA,-65.4,-79.77909332787557
2018,29,-22.5,-2.9369627507163325,4.539285714285714,7.3,1.9,-1.7,14.6,NA,NA,NA,NA,NA,NA,NA,NA,NA,-14.399999999999997,-13.397677036430617
2018,30,-22.5,-26.432664756446993,-3.6607142857142856,-3.1,3.4,3.3,-3.2,NA,NA,NA,NA,NA,NA,NA,NA,NA,-43.900000000000006,-48.99337904216129
2018,31,-22.5,-26.432664756446993,-32.94642857142857,-22.5,4.3,3.1,0.6,NA,NA,NA,NA,NA,NA,NA,NA,NA,-82.60000000000001,-96.97909332787557
2018,32,-22.5,-26.432664756446993,-4.246428571428571,3.4,3.5,3.1,3.2,NA,NA,NA,NA,NA,NA,NA,NA,NA,-37.9,-43.17909332787557
2018,33,-22.5,-26.432664756446993,-32.94642857142857,-22.5,2.9,2.6,0.7,NA,NA,NA,NA,NA,NA,NA,NA,NA,-84.5,-98.87909332787557
2018,34,-22.5,-26.432664756446993,-32.94642857142857,-22.5,-22.5,-22.5,-22.5,NA,NA,NA,NA,NA,NA,NA,NA,NA,-135,-149.37909332787558
2018,35,-22.5,-26.432664756446993,-32.94642857142857,4.6,-0.1,-3,-22.5,NA,NA,NA,NA,NA,NA,NA,NA,NA,-66,-80.37909332787557
2018,36,-22.5,-26.432664756446993,-32.94642857142857,-22.5,-22.5,-22.5,-22.5,NA,NA,NA,NA,NA,NA,NA,NA,NA,-135,-149.37909332787558
2018,37,-22.5,-26.432664756446993,-32.94642857142857,-22.5,-22.5,-22.5,-22.5,NA,NA,NA,NA,NA,NA,NA,NA,NA,-135,-149.37909332787558
2018,38,-22.5,-26.432664756446993,4.539285714285714,5.1,0.8,1,5.1,NA,NA,NA,NA,NA,NA,NA,NA,NA,-35,-37.49337904216129
2018,39,-22.5,-26.432664756446993,-32.94642857142857,-22.5,-22.5,-22.5,-22.5,NA,NA,NA,NA,NA,NA,NA,NA,NA,-135,-149.37909332787558
2018,40,-22.5,-26.432664756446993,0.4392857142857142,2.1,2.7,10.2,11.7,NA,NA,NA,NA,NA,NA,NA,NA,NA,-29.7,-33.49337904216128
2018,41,-22.5,-26.432664756446993,-32.94642857142857,-22.5,-22.5,-22.5,-22.5,NA,NA,NA,NA,NA,NA,NA,NA,NA,-135,-149.37909332787558
2018,42,-22.5,-26.432664756446993,-32.94642857142857,-22.5,2.3,10.8,-5.1,NA,NA,NA,NA,NA,NA,NA,NA,NA,-76.9,-91.27909332787557
2018,43,-22.5,-26.432664756446993,-32.94642857142857,-22.5,-22.5,-22.5,-22.5,NA,NA,NA,NA,NA,NA,NA,NA,NA,-135,-149.37909332787558
2018,44,-22.5,-26.432664756446993,-32.94642857142857,-22.5,-22.5,-22.5,-22.5,NA,NA,NA,NA,NA,NA,NA,NA,NA,-135,-149.37909332787558
2018,45,-22.5,-26.432664756446993,-32.94642857142857,1.1,-22.5,6,6.5,NA,NA,NA,NA,NA,NA,NA,NA,NA,-82.9,-97.27909332787557
2018,46,-22.5,-0.23495702005730662,-32.94642857142857,-2.4,5.3,4.3,1.9,NA,NA,NA,NA,NA,NA,NA,NA,NA,-38.00000000000001,-48.48138559148588
2018,47,-22.5,-26.432664756446993,-32.94642857142857,-22.5,-22.5,-22.5,-22.5,NA,NA,NA,NA,NA,NA,NA,NA,NA,-135,-149.37909332787558
2018,48,-22.5,-26.432664756446993,-32.94642857142857,-22.5,-22.5,-22.5,-22.5,NA,NA,NA,NA,NA,NA,NA,NA,NA,-135,-149.37909332787558
2018,49,-22.5,-26.432664756446993,-32.94642857142857,-22.5,2.2,10.9,16.6,NA,NA,NA,NA,NA,NA,NA,NA,NA,-76.89999999999999,-91.27909332787556
2018,50,-22.5,-26.432664756446993,-32.94642857142857,-22.5,-22.5,-0.9,-22.5,NA,NA,NA,NA,NA,NA,NA,NA,NA,-113.4,-127.77909332787557
2018,51,-22.5,-26.432664756446993,-32.94642857142857,-22.5,-22.5,2.2,-0.7,NA,NA,NA,NA,NA,NA,NA,NA,NA,-110.3,-124.67909332787556
2018,52,-22.5,-26.432664756446993,-32.94642857142857,3.1,2.5,7.6,5.2,NA,NA,NA,NA,NA,NA,NA,NA,NA,-54.3,-68.67909332787558
2018,53,-22.5,-26.432664756446993,-0.4392857142857142,2.4,3.5,-7.2,-22.5,NA,NA,NA,NA,NA,NA,NA,NA,NA,-46.6,-50.67195047073272
2018,54,-22.5,-26.432664756446993,-32.94642857142857,-0.8,-22.5,-7.5,-22.5,NA,NA,NA,NA,NA,NA,NA,NA,NA,-98.3,-112.67909332787556
2018,55,-22.5,-26.432664756446993,-0.4392857142857142,-0.9,0.8,8.5,-0.2,NA,NA,NA,NA,NA,NA,NA,NA,NA,-36.9,-40.971950470732715
2018,56,-22.5,-26.432664756446993,-32.94642857142857,-22.5,-22.5,-22.5,-22.5,NA,NA,NA,NA,NA,NA,NA,NA,NA,-135,-149.37909332787558
2018,57,-22.5,-26.432664756446993,-32.94642857142857,-22.5,-22.5,-22.5,-22.5,NA,NA,NA,NA,NA,NA,NA,NA,NA,-135,-149.37909332787558
2018,58,-22.5,-26.432664756446993,-32.94642857142857,-22.5,-22.5,-22.5,-22.5,NA,NA,NA,NA,NA,NA,NA,NA,NA,-135,-149.37909332787558
2018,59,-22.5,-26.432664756446993,-32.94642857142857,-0.5,-22.5,-22.5,-22.5,NA,NA,NA,NA,NA,NA,NA,NA,NA,-113,-127.37909332787557
2018,60,-22.5,-1.5272206303724931,-32.94642857142857,-22.5,0.8,0.1,6.7,NA,NA,NA,NA,NA,NA,NA,NA,NA,-67.9,-78.57364920180108
2018,61,-22.5,-26.432664756446993,-32.94642857142857,-22.5,-22.5,-22.5,-22.5,NA,NA,NA,NA,NA,NA,NA,NA,NA,-135,-149.37909332787558
2018,62,-22.5,-26.432664756446993,-32.94642857142857,-22.5,-22.5,-22.5,-0.2,NA,NA,NA,NA,NA,NA,NA,NA,NA,-135,-149.37909332787558
2018,63,-22.5,-26.432664756446993,-32.94642857142857,1.5,-3.5,9.4,2.4,NA,NA,NA,NA,NA,NA,NA,NA,NA,-60.1,-74.47909332787556
2018,64,-22.5,-26.432664756446993,-32.94642857142857,-0.1,-1.1,11.6,-3.9,NA,NA,NA,NA,NA,NA,NA,NA,NA,-57.09999999999999,-71.47909332787556
2018,65,-22.5,-26.432664756446993,-32.94642857142857,-1.6,-22.5,-22.5,-22.5,NA,NA,NA,NA,NA,NA,NA,NA,NA,-114.1,-128.47909332787555
2018,66,-22.5,-26.432664756446993,-32.94642857142857,-22.5,-22.5,-22.5,-22.5,NA,NA,NA,NA,NA,NA,NA,NA,NA,-135,-149.37909332787558
2018,67,-22.5,-26.432664756446993,-32.94642857142857,2.8,-1.6,-22.5,-22.5,NA,NA,NA,NA,NA,NA,NA,NA,NA,-88.8,-103.17909332787556
2018,68,-22.5,-26.432664756446993,-32.94642857142857,-22.5,-22.5,-22.5,-22.5,NA,NA,NA,NA,NA,NA,NA,NA,NA,-135,-149.37909332787558
2018,69,-22.5,-26.432664756446993,-32.94642857142857,-22.5,-22.5,-22.5,-22.5,NA,NA,NA,NA,NA,NA,NA,NA,NA,-135,-149.37909332787558
2018,70,-22.5,-26.432664756446993,-32.94642857142857,-22.5,-22.5,-22.5,-22.5,NA,NA,NA,NA,NA,NA,NA,NA,NA,-135,-149.37909332787558
2018,71,-22.5,-26.432664756446993,-32.94642857142857,1.1,8.5,1.8,-0.8,NA,NA,NA,NA,NA,NA,NA,NA,NA,-56.10000000000001,-70.47909332787557
2018,72,-22.5,-26.432664756446993,-32.94642857142857,-22.5,-22.5,-22.5,-0.5,NA,NA,NA,NA,NA,NA,NA,NA,NA,-135,-149.37909332787558
2018,73,-22.5,-26.432664756446993,-32.94642857142857,-22.5,-22.5,5.5,8.7,NA,NA,NA,NA,NA,NA,NA,NA,NA,-107,-121.37909332787557
2018,74,-22.5,-26.432664756446993,-32.94642857142857,-22.5,-22.5,-22.5,-22.5,NA,NA,NA,NA,NA,NA,NA,NA,NA,-135,-149.37909332787558
2018,75,-22.5,-26.432664756446993,-32.94642857142857,-22.5,-22.5,-22.5,-1,NA,NA,NA,NA,NA,NA,NA,NA,NA,-135,-149.37909332787558
2018,76,-22.5,-26.432664756446993,-32.94642857142857,-22.5,-22.5,-22.5,-22.5,NA,NA,NA,NA,NA,NA,NA,NA,NA,-135,-149.37909332787558
2018,77,-22.5,-26.432664756446993,-32.94642857142857,-22.5,4,-0.4,-2.4,NA,NA,NA,NA,NA,NA,NA,NA,NA,-86.4,-100.77909332787557
2018,78,-22.5,-26.432664756446993,-32.94642857142857,-1.8,-22.5,-22.5,-22.5,NA,NA,NA,NA,NA,NA,NA,NA,NA,-114.3,-128.67909332787556
2018,79,-22.5,-26.432664756446993,-32.94642857142857,-22.5,-22.5,-22.5,-22.5,NA,NA,NA,NA,NA,NA,NA,NA,NA,-135,-149.37909332787558
2018,80,-22.5,-26.432664756446993,-32.94642857142857,-22.5,-22.5,-22.5,-22.5,NA,NA,NA,NA,NA,NA,NA,NA,NA,-135,-149.37909332787558
2018,81,-22.5,-26.432664756446993,-32.94642857142857,-22.5,-22.5,-22.5,-22.5,NA,NA,NA,NA,NA,NA,NA,NA,NA,-135,-149.37909332787558
2018,82,-22.5,-26.432664756446993,-32.94642857142857,-22.5,-22.5,-22.5,-22.5,NA,NA,NA,NA,NA,NA,NA,NA,NA,-135,-149.37909332787558
2018,83,-22.5,-26.432664756446993,-32.94642857142857,-22.5,-22.5,-22.5,-22.5,NA,NA,NA,NA,NA,NA,NA,NA,NA,-135,-149.37909332787558
2018,84,-22.5,-26.432664756446993,-32.94642857142857,-22.5,-22.5,-22.5,-22.5,NA,NA,NA,NA,NA,NA,NA,NA,NA,-135,-149.37909332787558
2018,85,-22.5,-26.432664756446993,-32.94642857142857,0.1,5.2,4.6,25.2,NA,NA,NA,NA,NA,NA,NA,NA,NA,-57.6,-71.97909332787557
2018,86,-22.5,-26.432664756446993,-32.94642857142857,-22.5,-22.5,-22.5,-22.5,NA,NA,NA,NA,NA,NA,NA,NA,NA,-135,-149.37909332787558
2018,87,-22.5,-26.432664756446993,-32.94642857142857,-22.5,-22.5,-22.5,2.3,NA,NA,NA,NA,NA,NA,NA,NA,NA,-135,-149.37909332787558
2018,88,-22.5,-26.432664756446993,-32.94642857142857,-22.5,-22.5,-22.5,-22.5,NA,NA,NA,NA,NA,NA,NA,NA,NA,-135,-149.37909332787558
2018,89,-22.5,-26.432664756446993,-32.94642857142857,-22.5,-22.5,-22.5,-22.5,NA,NA,NA,NA,NA,NA,NA,NA,NA,-135,-149.37909332787558
2018,90,-22.5,-26.432664756446993,-32.94642857142857,-22.5,-22.5,-22.5,-22.5,NA,NA,NA,NA,NA,NA,NA,NA,NA,-135,-149.37909332787558
2018,91,-22.5,-26.432664756446993,-32.94642857142857,-0.1,-22.5,-22.5,-22.5,NA,NA,NA,NA,NA,NA,NA,NA,NA,-112.6,-126.97909332787556
2018,92,-22.5,-26.432664756446993,-32.94642857142857,2.7,-0.8,4.8,-1.9,NA,NA,NA,NA,NA,NA,NA,NA,NA,-60.8,-75.17909332787556
2018,93,-22.5,-26.432664756446993,-32.94642857142857,-22.5,-22.5,-22.5,-22.5,NA,NA,NA,NA,NA,NA,NA,NA,NA,-135,-149.37909332787558
2018,94,-22.5,-26.432664756446993,-32.94642857142857,-22.5,-22.5,-22.5,-22.5,NA,NA,NA,NA,NA,NA,NA,NA,NA,-135,-149.37909332787558
2018,95,-22.5,-26.432664756446993,-32.94642857142857,-22.5,-22.5,-0.6,-22.5,NA,NA,NA,NA,NA,NA,NA,NA,NA,-113.1,-127.47909332787556
2018,96,-22.5,-26.432664756446993,-32.94642857142857,-22.5,-22.5,-22.5,-22.5,NA,NA,NA,NA,NA,NA,NA,NA,NA,-135,-149.37909332787558
2018,97,-22.5,-26.432664756446993,-32.94642857142857,-22.5,-22.5,-22.5,-22.5,NA,NA,NA,NA,NA,NA,NA,NA,NA,-135,-149.37909332787558
2018,98,-22.5,-26.432664756446993,-32.94642857142857,-22.5,-22.5,-22.5,-22.5,NA,NA,NA,NA,NA,NA,NA,NA,NA,-135,-149.37909332787558
2018,99,-22.5,-26.432664756446993,-32.94642857142857,-22.5,-22.5,-22.5,-22.5,NA,NA,NA,NA,NA,NA,NA,NA,NA,-135,-149.37909332787558
2018,100,-22.5,-26.432664756446993,-32.94642857142857,-22.5,-22.5,-22.5,-22.5,NA,NA,NA,NA,NA,NA,NA,NA,NA,-135,-149.37909332787558
2018,101,-22.5,-26.432664756446993,-32.94642857142857,-22.5,-22.5,-22.5,-22.5,NA,NA,NA,NA,NA,NA,NA,NA,NA,-135,-149.37909332787558
2018,102,-22.5,-26.432664756446993,-32.94642857142857,1.2,-22.5,-22.5,-22.5,NA,NA,NA,NA,NA,NA,NA,NA,NA,-111.3,-125.67909332787556
2018,103,-22.5,-26.432664756446993,-32.94642857142857,-22.5,-22.5,-22.5,-22.5,NA,NA,NA,NA,NA,NA,NA,NA,NA,-135,-149.37909332787558
2018,104,-22.5,-26.432664756446993,-32.94642857142857,-22.5,-22.5,-22.5,-22.5,NA,NA,NA,NA,NA,NA,NA,NA,NA,-135,-149.37909332787558
2018,105,-22.5,-26.432664756446993,-32.94642857142857,-22.5,-22.5,-0.1,7.3,NA,NA,NA,NA,NA,NA,NA,NA,NA,-112.6,-126.97909332787556
2018,106,-22.5,-26.432664756446993,-32.94642857142857,-22.5,-22.5,-22.5,-22.5,NA,NA,NA,NA,NA,NA,NA,NA,NA,-135,-149.37909332787558
2018,107,-22.5,-26.432664756446993,-32.94642857142857,0.2,3.3,13,7.5,NA,NA,NA,NA,NA,NA,NA,NA,NA,-51,-65.37909332787557
2018,108,-22.5,-26.432664756446993,-32.94642857142857,-22.5,-22.5,-22.5,-22.5,NA,NA,NA,NA,NA,NA,NA,NA,NA,-135,-149.37909332787558
2018,109,-22.5,-26.432664756446993,-32.94642857142857,-22.5,-22.5,-22.5,-22.5,NA,NA,NA,NA,NA,NA,NA,NA,NA,-135,-149.37909332787558
2018,110,-22.5,-26.432664756446993,-32.94642857142857,-22.5,-22.5,-22.5,-22.5,NA,NA,NA,NA,NA,NA,NA,NA,NA,-135,-149.37909332787558
2018,111,-22.5,-26.432664756446993,-32.94642857142857,-22.5,-22.5,-22.5,-22.5,NA,NA,NA,NA,NA,NA,NA,NA,NA,-135,-149.37909332787558
2018,112,-22.5,-26.432664756446993,-32.94642857142857,-22.5,-22.5,0.5,-1.4,NA,NA,NA,NA,NA,NA,NA,NA,NA,-112,-126.37909332787557
2018,113,-22.5,-26.432664756446993,-32.94642857142857,-22.5,-22.5,-22.5,-22.5,NA,NA,NA,NA,NA,NA,NA,NA,NA,-135,-149.37909332787558
2018,114,-22.5,-26.432664756446993,-1.025,-0.8,-1.8,1.1,-22.5,NA,NA,NA,NA,NA,NA,NA,NA,NA,-47.2,-51.45766475644699
2018,115,-22.5,-26.432664756446993,-32.94642857142857,0.4,-2,1.5,-0.9,NA,NA,NA,NA,NA,NA,NA,NA,NA,-67.6,-81.97909332787556
2018,116,-22.5,-26.432664756446993,-32.94642857142857,-22.5,-22.5,-22.5,-22.5,NA,NA,NA,NA,NA,NA,NA,NA,NA,-135,-149.37909332787558
2018,117,-22.5,-26.432664756446993,-32.94642857142857,-22.5,-22.5,-22.5,-22.5,NA,NA,NA,NA,NA,NA,NA,NA,NA,-135,-149.37909332787558
2018,118,-22.5,-26.432664756446993,-32.94642857142857,-22.5,-0.3,-22.5,-22.5,NA,NA,NA,NA,NA,NA,NA,NA,NA,-112.8,-127.17909332787556
2018,119,-22.5,-26.432664756446993,-32.94642857142857,-22.5,-22.5,-22.5,-22.5,NA,NA,NA,NA,NA,NA,NA,NA,NA,-135,-149.37909332787558
2018,120,-22.5,-26.432664756446993,-0.8785714285714284,-2.7,-2.3,2.3,-2.1,NA,NA,NA,NA,NA,NA,NA,NA,NA,-48.3,-52.511236185018426
2018,121,-22.5,-26.432664756446993,-32.94642857142857,-22.5,-22.5,-22.5,-22.5,NA,NA,NA,NA,NA,NA,NA,NA,NA,-135,-149.37909332787558
2018,122,-22.5,-26.432664756446993,-32.94642857142857,-22.5,-22.5,-22.5,-22.5,NA,NA,NA,NA,NA,NA,NA,NA,NA,-135,-149.37909332787558
2018,123,-22.5,-26.432664756446993,-32.94642857142857,-22.5,-22.5,-22.5,-22.5,NA,NA,NA,NA,NA,NA,NA,NA,NA,-135,-149.37909332787558
2018,124,-22.5,-26.432664756446993,-32.94642857142857,-22.5,-22.5,-22.5,-22.5,NA,NA,NA,NA,NA,NA,NA,NA,NA,-135,-149.37909332787558
2018,125,-22.5,-26.432664756446993,-32.94642857142857,-22.5,-22.5,-22.5,-22.5,NA,NA,NA,NA,NA,NA,NA,NA,NA,-135,-149.37909332787558
2018,126,-22.5,-26.432664756446993,-32.94642857142857,-22.5,-22.5,1.6,1.1,NA,NA,NA,NA,NA,NA,NA,NA,NA,-110.9,-125.27909332787557
2018,127,-22.5,-26.432664756446993,-32.94642857142857,-22.5,-22.5,-22.5,-22.5,NA,NA,NA,NA,NA,NA,NA,NA,NA,-135,-149.37909332787558
2018,128,-22.5,-26.432664756446993,-32.94642857142857,-22.5,-22.5,-22.5,-22.5,NA,NA,NA,NA,NA,NA,NA,NA,NA,-135,-149.37909332787558
2018,129,-22.5,-26.432664756446993,-32.94642857142857,-22.5,-22.5,-22.5,-22.5,NA,NA,NA,NA,NA,NA,NA,NA,NA,-135,-149.37909332787558
2018,130,-22.5,-26.432664756446993,-32.94642857142857,-22.5,-22.5,-22.5,-22.5,NA,NA,NA,NA,NA,NA,NA,NA,NA,-135,-149.37909332787558
2018,131,-22.5,-26.432664756446993,-32.94642857142857,-22.5,1.1,1.9,-2.5,NA,NA,NA,NA,NA,NA,NA,NA,NA,-87,-101.37909332787557
2018,132,-22.5,-26.432664756446993,-32.94642857142857,-22.5,-22.5,-22.5,-22.5,NA,NA,NA,NA,NA,NA,NA,NA,NA,-135,-149.37909332787558
2018,133,-22.5,-26.432664756446993,-32.94642857142857,-22.5,-22.5,-22.5,-22.5,NA,NA,NA,NA,NA,NA,NA,NA,NA,-135,-149.37909332787558
2018,134,-22.5,-26.432664756446993,-32.94642857142857,-22.5,-22.5,-22.5,-22.5,NA,NA,NA,NA,NA,NA,NA,NA,NA,-135,-149.37909332787558
2018,135,-22.5,-26.432664756446993,-32.94642857142857,-22.5,-22.5,-22.5,-22.5,NA,NA,NA,NA,NA,NA,NA,NA,NA,-135,-149.37909332787558
2018,136,-22.5,-26.432664756446993,-32.94642857142857,-8.7,8.2,-0.9,4.3,NA,NA,NA,NA,NA,NA,NA,NA,NA,-68.9,-83.27909332787557
2018,137,-22.5,-26.432664756446993,-32.94642857142857,0.1,-22.5,-22.5,-22.5,NA,NA,NA,NA,NA,NA,NA,NA,NA,-112.4,-126.77909332787557
2018,138,-22.5,-26.432664756446993,-32.94642857142857,-22.5,-22.5,-22.5,-22.5,NA,NA,NA,NA,NA,NA,NA,NA,NA,-135,-149.37909332787558
2018,139,-22.5,-26.432664756446993,-32.94642857142857,-22.5,-22.5,-22.5,-22.5,NA,NA,NA,NA,NA,NA,NA,NA,NA,-135,-149.37909332787558
2018,140,-22.5,-26.432664756446993,-32.94642857142857,-22.5,-22.5,-22.5,-22.5,NA,NA,NA,NA,NA,NA,NA,NA,NA,-135,-149.37909332787558
2018,141,-22.5,-26.432664756446993,4.685714285714286,9.1,0.4,3.1,-0.5,NA,NA,NA,NA,NA,NA,NA,NA,NA,-29.199999999999996,-31.646950470732712
2018,142,-22.5,-26.432664756446993,-32.94642857142857,-22.5,-22.5,-22.5,-0.5,NA,NA,NA,NA,NA,NA,NA,NA,NA,-135,-149.37909332787558
2018,143,-22.5,-26.432664756446993,-32.94642857142857,-22.5,0.8,1.3,-12.4,NA,NA,NA,NA,NA,NA,NA,NA,NA,-87.9,-102.27909332787557
2018,144,-22.5,-26.432664756446993,-32.94642857142857,-22.5,-22.5,-22.5,-22.5,NA,NA,NA,NA,NA,NA,NA,NA,NA,-135,-149.37909332787558
2018,145,-22.5,-26.432664756446993,-32.94642857142857,-22.5,-22.5,-22.5,-22.5,NA,NA,NA,NA,NA,NA,NA,NA,NA,-135,-149.37909332787558
2018,146,-22.5,-26.432664756446993,-32.94642857142857,-22.5,-22.5,-22.5,-22.5,NA,NA,NA,NA,NA,NA,NA,NA,NA,-135,-149.37909332787558
2018,147,-22.5,-26.432664756446993,-32.94642857142857,-22.5,-22.5,-22.5,-22.5,NA,NA,NA,NA,NA,NA,NA,NA,NA,-135,-149.37909332787558
2018,148,-22.5,-26.432664756446993,-32.94642857142857,-22.5,-22.5,-22.5,-22.5,NA,NA,NA,NA,NA,NA,NA,NA,NA,-135,-149.37909332787558
2018,149,-22.5,-26.432664756446993,-32.94642857142857,-22.5,-22.5,-22.5,-22.5,NA,NA,NA,NA,NA,NA,NA,NA,NA,-135,-149.37909332787558
2018,150,-22.5,-26.432664756446993,-32.94642857142857,-22.5,-22.5,-0.1,5.7,NA,NA,NA,NA,NA,NA,NA,NA,NA,-112.6,-126.97909332787556
2018,151,-22.5,-26.432664756446993,-32.94642857142857,-22.5,-22.5,-22.5,-22.5,NA,NA,NA,NA,NA,NA,NA,NA,NA,-135,-149.37909332787558
2018,152,-22.5,-26.432664756446993,-32.94642857142857,-22.5,-22.5,-9.9,-22.5,NA,NA,NA,NA,NA,NA,NA,NA,NA,-122.4,-136.77909332787556
2018,153,-22.5,-26.432664756446993,-32.94642857142857,-22.5,-22.5,-22.5,-22.5,NA,NA,NA,NA,NA,NA,NA,NA,NA,-135,-149.37909332787558
2018,154,-22.5,-26.432664756446993,-32.94642857142857,-22.5,-22.5,-22.5,-22.5,NA,NA,NA,NA,NA,NA,NA,NA,NA,-135,-149.37909332787558
2018,155,-22.5,-26.432664756446993,-32.94642857142857,-22.5,-22.5,-22.5,-22.5,NA,NA,NA,NA,NA,NA,NA,NA,NA,-135,-149.37909332787558
2018,156,-22.5,-26.432664756446993,-32.94642857142857,-22.5,2.9,7.8,3.3,NA,NA,NA,NA,NA,NA,NA,NA,NA,-79.3,-93.67909332787556
2018,157,-22.5,-26.432664756446993,-32.94642857142857,-22.5,3.1,-22.5,-22.5,NA,NA,NA,NA,NA,NA,NA,NA,NA,-109.4,-123.77909332787557
2018,158,-22.5,-26.432664756446993,-32.94642857142857,-22.5,-22.5,-22.5,-22.5,NA,NA,NA,NA,NA,NA,NA,NA,NA,-135,-149.37909332787558
2018,159,-22.5,-26.432664756446993,-32.94642857142857,-22.5,-1.2,-22.5,-22.5,NA,NA,NA,NA,NA,NA,NA,NA,NA,-113.7,-128.07909332787557
2018,160,-22.5,-26.432664756446993,-32.94642857142857,-22.5,-22.5,-22.5,-22.5,NA,NA,NA,NA,NA,NA,NA,NA,NA,-135,-149.37909332787558
2018,161,-22.5,-26.432664756446993,-32.94642857142857,-22.5,-22.5,-22.5,-22.5,NA,NA,NA,NA,NA,NA,NA,NA,NA,-135,-149.37909332787558
2018,162,-22.5,-26.432664756446993,-32.94642857142857,-22.5,-22.5,-22.5,-22.5,NA,NA,NA,NA,NA,NA,NA,NA,NA,-135,-149.37909332787558
2018,163,-22.5,-26.432664756446993,-32.94642857142857,-22.5,-22.5,-22.5,-22.5,NA,NA,NA,NA,NA,NA,NA,NA,NA,-135,-149.37909332787558
2018,164,-22.5,-26.432664756446993,-32.94642857142857,-22.5,-0.1,5.6,0.6,NA,NA,NA,NA,NA,NA,NA,NA,NA,-84.5,-98.87909332787557
2018,165,-22.5,-26.432664756446993,-32.94642857142857,-22.5,-22.5,-22.5,-22.5,NA,NA,NA,NA,NA,NA,NA,NA,NA,-135,-149.37909332787558
2018,166,-22.5,-26.432664756446993,-32.94642857142857,-22.5,-22.5,-22.5,-22.5,NA,NA,NA,NA,NA,NA,NA,NA,NA,-135,-149.37909332787558
2018,167,-22.5,-26.432664756446993,-32.94642857142857,-22.5,-22.5,-22.5,-22.5,NA,NA,NA,NA,NA,NA,NA,NA,NA,-135,-149.37909332787558
2018,168,-22.5,-26.432664756446993,-32.94642857142857,-22.5,-22.5,-22.5,-22.5,NA,NA,NA,NA,NA,NA,NA,NA,NA,-135,-149.37909332787558
2018,169,-22.5,-26.432664756446993,-32.94642857142857,-22.5,-22.5,-22.5,-22.5,NA,NA,NA,NA,NA,NA,NA,NA,NA,-135,-149.37909332787558
2018,170,-22.5,-26.432664756446993,-32.94642857142857,-22.5,-22.5,-22.5,-22.5,NA,NA,NA,NA,NA,NA,NA,NA,NA,-135,-149.37909332787558
2018,171,-22.5,-26.432664756446993,-32.94642857142857,-22.5,-22.5,-22.5,5.2,NA,NA,NA,NA,NA,NA,NA,NA,NA,-135,-149.37909332787558
2018,172,-22.5,-26.432664756446993,-32.94642857142857,-22.5,-22.5,-22.5,-22.5,NA,NA,NA,NA,NA,NA,NA,NA,NA,-135,-149.37909332787558
2018,173,-22.5,-26.432664756446993,0,-22.5,-22.5,-22.5,-22.5,NA,NA,NA,NA,NA,NA,NA,NA,NA,-112.5,-116.432664756447
2018,174,-22.5,-26.432664756446993,-32.94642857142857,-22.5,-22.5,-22.5,-22.5,NA,NA,NA,NA,NA,NA,NA,NA,NA,-135,-149.37909332787558
2018,175,-22.5,-26.432664756446993,-32.94642857142857,-22.5,-22.5,-22.5,-22.5,NA,NA,NA,NA,NA,NA,NA,NA,NA,-135,-149.37909332787558
2018,176,-22.5,-26.432664756446993,-32.94642857142857,-22.5,-22.5,-22.5,-22.5,NA,NA,NA,NA,NA,NA,NA,NA,NA,-135,-149.37909332787558
2018,177,-22.5,-26.432664756446993,-32.94642857142857,-22.5,-22.5,-22.5,-22.5,NA,NA,NA,NA,NA,NA,NA,NA,NA,-135,-149.37909332787558
2018,178,-22.5,-26.432664756446993,-32.94642857142857,-22.5,-22.5,-22.5,-22.5,NA,NA,NA,NA,NA,NA,NA,NA,NA,-135,-149.37909332787558
2018,179,-22.5,-26.432664756446993,-32.94642857142857,-22.5,-22.5,-22.5,-22.5,NA,NA,NA,NA,NA,NA,NA,NA,NA,-135,-149.37909332787558
2018,180,-22.5,-26.432664756446993,-32.94642857142857,-22.5,-22.5,-22.5,-22.5,NA,NA,NA,NA,NA,NA,NA,NA,NA,-135,-149.37909332787558
2018,181,-22.5,-26.432664756446993,-32.94642857142857,-22.5,-22.5,-22.5,-22.5,NA,NA,NA,NA,NA,NA,NA,NA,NA,-135,-149.37909332787558
2018,182,-22.5,-26.432664756446993,2.489285714285714,-1.9,-1.4,-22.5,-22.5,NA,NA,NA,NA,NA,NA,NA,NA,NA,-69.1,-72.24337904216128
2018,183,-22.5,-26.432664756446993,-32.94642857142857,-22.5,-1.5,1.4,4.9,NA,NA,NA,NA,NA,NA,NA,NA,NA,-90.1,-104.47909332787556
2018,184,-22.5,-26.432664756446993,-32.94642857142857,-22.5,-22.5,-22.5,-22.5,NA,NA,NA,NA,NA,NA,NA,NA,NA,-135,-149.37909332787558
2018,185,-22.5,-26.432664756446993,-32.94642857142857,-22.5,-22.5,-22.5,-22.5,NA,NA,NA,NA,NA,NA,NA,NA,NA,-135,-149.37909332787558
2018,186,-22.5,-26.432664756446993,-32.94642857142857,-22.5,-22.5,-22.5,-22.5,NA,NA,NA,NA,NA,NA,NA,NA,NA,-135,-149.37909332787558
2018,187,-22.5,-26.432664756446993,-32.94642857142857,-22.5,-22.5,-22.5,-22.5,NA,NA,NA,NA,NA,NA,NA,NA,NA,-135,-149.37909332787558
2018,188,-22.5,-26.432664756446993,-32.94642857142857,-22.5,-22.5,-22.5,-22.5,NA,NA,NA,NA,NA,NA,NA,NA,NA,-135,-149.37909332787558
2018,189,-22.5,-26.432664756446993,-32.94642857142857,-22.5,-22.5,-22.5,-22.5,NA,NA,NA,NA,NA,NA,NA,NA,NA,-135,-149.37909332787558
2018,190,-22.5,-26.432664756446993,-32.94642857142857,-22.5,-22.5,-22.5,-22.5,NA,NA,NA,NA,NA,NA,NA,NA,NA,-135,-149.37909332787558
2018,191,-22.5,-26.432664756446993,-32.94642857142857,-22.5,-22.5,-22.5,-22.5,NA,NA,NA,NA,NA,NA,NA,NA,NA,-135,-149.37909332787558
2018,192,-22.5,-26.432664756446993,-32.94642857142857,-22.5,-22.5,-22.5,-22.5,NA,NA,NA,NA,NA,NA,NA,NA,NA,-135,-149.37909332787558
2018,193,-22.5,-26.432664756446993,-32.94642857142857,-2.3,-22.5,-22.5,-22.5,NA,NA,NA,NA,NA,NA,NA,NA,NA,-114.8,-129.17909332787556
2018,194,-22.5,-26.432664756446993,-32.94642857142857,-22.5,-22.5,-22.5,-22.5,NA,NA,NA,NA,NA,NA,NA,NA,NA,-135,-149.37909332787558
2018,195,-22.5,-26.432664756446993,-32.94642857142857,-22.5,-22.5,-22.5,-22.5,NA,NA,NA,NA,NA,NA,NA,NA,NA,-135,-149.37909332787558
2018,196,-22.5,-26.432664756446993,-32.94642857142857,-22.5,-22.5,-22.5,-22.5,NA,NA,NA,NA,NA,NA,NA,NA,NA,-135,-149.37909332787558
2018,197,-22.5,-26.432664756446993,-32.94642857142857,-22.5,-22.5,-22.5,-22.5,NA,NA,NA,NA,NA,NA,NA,NA,NA,-135,-149.37909332787558
2018,198,-22.5,-26.432664756446993,-32.94642857142857,-22.5,-22.5,-22.5,-22.5,NA,NA,NA,NA,NA,NA,NA,NA,NA,-135,-149.37909332787558
2018,199,-22.5,-26.432664756446993,-32.94642857142857,-22.5,-22.5,-22.5,-22.5,NA,NA,NA,NA,NA,NA,NA,NA,NA,-135,-149.37909332787558
2018,200,-22.5,-26.432664756446993,-32.94642857142857,-22.5,-1.1,2.2,-0.5,NA,NA,NA,NA,NA,NA,NA,NA,NA,-88.89999999999999,-103.27909332787556
2018,201,-22.5,-26.432664756446993,-32.94642857142857,-22.5,-22.5,-22.5,-22.5,NA,NA,NA,NA,NA,NA,NA,NA,NA,-135,-149.37909332787558
2018,202,-22.5,-26.432664756446993,-32.94642857142857,-22.5,-22.5,-22.5,-22.5,NA,NA,NA,NA,NA,NA,NA,NA,NA,-135,-149.37909332787558
2018,203,-22.5,-26.432664756446993,-32.94642857142857,-22.5,-22.5,-22.5,-22.5,NA,NA,NA,NA,NA,NA,NA,NA,NA,-135,-149.37909332787558
2018,204,-22.5,-26.432664756446993,-32.94642857142857,-22.5,-0.3,-0.5,-22.5,NA,NA,NA,NA,NA,NA,NA,NA,NA,-90.8,-105.17909332787556
2019,1,-3.5243553008595994,14.057142857142855,14.7,20.9,13.6,14.7,NA,NA,NA,NA,NA,NA,NA,NA,NA,NA,70.5,74.43278755628326
2019,2,-11.277936962750717,4.539285714285714,1.9,9.1,-2.8,1.7,NA,NA,NA,NA,NA,NA,NA,NA,NA,NA,3.4000000000000004,3.1613487515349963
2019,3,5.404011461318052,0.4392857142857142,0.1,9.2,-22.5,-4.4,NA,NA,NA,NA,NA,NA,NA,NA,NA,NA,-12.7,-11.756702824396235
2019,4,-26.432664756446993,-2.782142857142857,2.1,2.1,-5.1,6.5,NA,NA,NA,NA,NA,NA,NA,NA,NA,NA,-18.799999999999997,-23.614807613589846
2019,5,-26.432664756446993,-32.94642857142857,-0.6,-22.5,3.5,5.7,NA,NA,NA,NA,NA,NA,NA,NA,NA,NA,-58.89999999999999,-73.27909332787557
2019,6,-26.432664756446993,-32.94642857142857,12.7,1.2,-0.4,14.9,NA,NA,NA,NA,NA,NA,NA,NA,NA,NA,-16.599999999999994,-30.97909332787556
2019,7,-26.432664756446993,0.14642857142857144,7,5.4,0.6,0.2,NA,NA,NA,NA,NA,NA,NA,NA,NA,NA,-9.2,-13.086236185018421
2019,8,-26.432664756446993,-32.94642857142857,-1.6,7.7,0.8,8.7,NA,NA,NA,NA,NA,NA,NA,NA,NA,NA,-29.4,-43.77909332787557
2019,9,-26.432664756446993,5.564285714285714,5.8,0.6,-0.3,-3.7,NA,NA,NA,NA,NA,NA,NA,NA,NA,NA,-16.3,-18.46837904216128
2019,10,-26.432664756446993,-32.94642857142857,3.8,-1,-2.1,7.8,NA,NA,NA,NA,NA,NA,NA,NA,NA,NA,-36.50000000000001,-50.87909332787557
2019,11,-26.432664756446993,1.3178571428571428,-2.9,-1.5,-22.5,-22.5,NA,NA,NA,NA,NA,NA,NA,NA,NA,NA,-71,-74.51480761358985
2019,12,-26.432664756446993,-32.94642857142857,14.1,10.9,18,5.7,NA,NA,NA,NA,NA,NA,NA,NA,NA,NA,3.7,-10.679093327875567
2019,13,-26.432664756446993,2.9285714285714284,8.4,-1.2,-22.5,13,NA,NA,NA,NA,NA,NA,NA,NA,NA,NA,-22.799999999999997,-25.804093327875563
2019,14,-26.432664756446993,-0.7321428571428571,2,6.2,-0.7,3.5,NA,NA,NA,NA,NA,NA,NA,NA,NA,NA,-12,-16.16480761358985
2019,15,-26.432664756446993,1.4642857142857142,3.7,5.6,10.6,10.9,NA,NA,NA,NA,NA,NA,NA,NA,NA,NA,9.3,5.831620957838721
2019,16,-26.432664756446993,3.6607142857142856,4,4.1,2.7,1.3,NA,NA,NA,NA,NA,NA,NA,NA,NA,NA,-7.9,-10.671950470732707
2019,17,-26.432664756446993,-32.94642857142857,-5.4,-0.4,-0.6,4.4,NA,NA,NA,NA,NA,NA,NA,NA,NA,NA,-47,-61.37909332787557
2019,18,-26.432664756446993,-32.94642857142857,-1.2,3.6,19.4,27,NA,NA,NA,NA,NA,NA,NA,NA,NA,NA,3.799999999999997,-10.579093327875569
2019,19,-26.432664756446993,-32.94642857142857,1.2,-22.5,-22.5,-22.5,NA,NA,NA,NA,NA,NA,NA,NA,NA,NA,-111.3,-125.67909332787556
2019,20,1.879656160458453,-0.29285714285714287,-0.8,-0.1,-22.5,-0.9,NA,NA,NA,NA,NA,NA,NA,NA,NA,NA,-22.9,-22.71320098239869
2019,21,-26.432664756446993,-32.94642857142857,-22.5,-22.5,-22.5,-0.3,NA,NA,NA,NA,NA,NA,NA,NA,NA,NA,-112.8,-127.17909332787556
2019,22,-26.432664756446993,-2.6357142857142857,-4.6,0.6,-0.8,1.3,NA,NA,NA,NA,NA,NA,NA,NA,NA,NA,-27.799999999999997,-32.568379042161276
2019,23,-26.432664756446993,-32.94642857142857,-22.5,-1.1,-1.7,7.3,NA,NA,NA,NA,NA,NA,NA,NA,NA,NA,-63,-77.37909332787557
2019,24,-26.432664756446993,-32.94642857142857,10.1,3,-0.1,4.6,NA,NA,NA,NA,NA,NA,NA,NA,NA,NA,-27.4,-41.779093327875565
2019,25,-26.432664756446993,-32.94642857142857,2.8,-1.1,-6,4.7,NA,NA,NA,NA,NA,NA,NA,NA,NA,NA,-44.6,-58.97909332787557
2019,26,-26.432664756446993,-32.94642857142857,-22.5,-1.9,0.5,4.3,NA,NA,NA,NA,NA,NA,NA,NA,NA,NA,-64.60000000000001,-78.97909332787557
2019,27,-26.432664756446993,0.7321428571428571,1.6,-22.5,-22.5,1.2,NA,NA,NA,NA,NA,NA,NA,NA,NA,NA,-64.2,-67.90052189930414
2019,28,-26.432664756446993,-32.94642857142857,-22.5,-22.5,-22.5,-22.5,NA,NA,NA,NA,NA,NA,NA,NA,NA,NA,-135,-149.37909332787558
2019,29,-26.432664756446993,-32.94642857142857,-22.5,-22.5,-22.5,-22.5,NA,NA,NA,NA,NA,NA,NA,NA,NA,NA,-135,-149.37909332787558
2019,30,-26.432664756446993,-32.94642857142857,-22.5,-22.5,-0.2,0.9,NA,NA,NA,NA,NA,NA,NA,NA,NA,NA,-89.3,-103.67909332787556
2019,31,-26.432664756446993,-32.94642857142857,-22.5,-22.5,1,-2,NA,NA,NA,NA,NA,NA,NA,NA,NA,NA,-91,-105.37909332787557
2019,32,-26.432664756446993,4.246428571428571,0.1,5.1,4.8,6.3,NA,NA,NA,NA,NA,NA,NA,NA,NA,NA,-3.3000000000000016,-5.8862361850184195
2019,33,-26.432664756446993,-32.94642857142857,5.8,1.9,2.3,1.9,NA,NA,NA,NA,NA,NA,NA,NA,NA,NA,-33.10000000000001,-47.479093327875574
2019,34,-26.432664756446993,-32.94642857142857,0.6,-22.5,0.8,6.9,NA,NA,NA,NA,NA,NA,NA,NA,NA,NA,-59.20000000000001,-73.57909332787555
2019,35,-26.432664756446993,-32.94642857142857,-22.5,-22.5,-22.5,-22.5,NA,NA,NA,NA,NA,NA,NA,NA,NA,NA,-135,-149.37909332787558
2019,36,-26.432664756446993,-32.94642857142857,0.4,8.7,9.6,3,NA,NA,NA,NA,NA,NA,NA,NA,NA,NA,-23.300000000000004,-37.67909332787557
2019,37,-26.432664756446993,-32.94642857142857,0.7,-3.2,-9.3,-1.3,NA,NA,NA,NA,NA,NA,NA,NA,NA,NA,-58.099999999999994,-72.47909332787556
2019,38,-26.432664756446993,-32.94642857142857,-22.5,-22.5,-1.8,-1.1,NA,NA,NA,NA,NA,NA,NA,NA,NA,NA,-92.9,-107.27909332787556
2019,39,-26.432664756446993,-32.94642857142857,-22.5,-22.5,-1.7,8.4,NA,NA,NA,NA,NA,NA,NA,NA,NA,NA,-83.3,-97.67909332787556
2019,40,-26.432664756446993,10.542857142857143,-1.7,1.5,12.7,8.4,NA,NA,NA,NA,NA,NA,NA,NA,NA,NA,5.6,5.010192386410148
2019,41,-26.432664756446993,-32.94642857142857,-22.5,1.9,3.5,10.3,NA,NA,NA,NA,NA,NA,NA,NA,NA,NA,-51.8,-66.17909332787556
2019,42,-26.432664756446993,-32.94642857142857,-22.5,-22.5,-22.5,-22.5,NA,NA,NA,NA,NA,NA,NA,NA,NA,NA,-135,-149.37909332787558
2019,43,-26.432664756446993,-32.94642857142857,3.1,1.8,15.7,5.8,NA,NA,NA,NA,NA,NA,NA,NA,NA,NA,-18.6,-32.979093327875574
2019,44,-26.432664756446993,-32.94642857142857,-22.5,-22.5,-22.5,-22.5,NA,NA,NA,NA,NA,NA,NA,NA,NA,NA,-135,-149.37909332787558
2019,45,-26.432664756446993,-32.94642857142857,-22.5,-1.4,-22.5,-22.5,NA,NA,NA,NA,NA,NA,NA,NA,NA,NA,-113.9,-128.27909332787556
2019,46,-26.432664756446993,-32.94642857142857,-22.5,-22.5,-5.1,5.5,NA,NA,NA,NA,NA,NA,NA,NA,NA,NA,-89.6,-103.97909332787556
2019,47,-26.432664756446993,-32.94642857142857,-22.5,-22.5,-22.5,0.8,NA,NA,NA,NA,NA,NA,NA,NA,NA,NA,-111.7,-126.07909332787557
2019,48,-26.432664756446993,-32.94642857142857,-22.5,-22.5,-22.5,-22.5,NA,NA,NA,NA,NA,NA,NA,NA,NA,NA,-135,-149.37909332787558
2019,49,-26.432664756446993,-32.94642857142857,-22.5,-22.5,-22.5,-22.5,NA,NA,NA,NA,NA,NA,NA,NA,NA,NA,-135,-149.37909332787558
2019,50,-26.432664756446993,-32.94642857142857,-0.3,-0.7,-0.3,-22.5,NA,NA,NA,NA,NA,NA,NA,NA,NA,NA,-68.8,-83.17909332787556
2019,51,-26.432664756446993,-32.94642857142857,-22.5,-22.5,-22.5,-22.5,NA,NA,NA,NA,NA,NA,NA,NA,NA,NA,-135,-149.37909332787558
2019,52,-26.432664756446993,-32.94642857142857,0.1,-22.5,3.4,-3.4,NA,NA,NA,NA,NA,NA,NA,NA,NA,NA,-67.4,-81.77909332787556
2019,53,-26.432664756446993,1.1714285714285715,-2,0.8,4.4,2.7,NA,NA,NA,NA,NA,NA,NA,NA,NA,NA,-15.8,-19.361236185018424
2019,54,-26.432664756446993,-32.94642857142857,-22.5,-22.5,-22.5,-22.5,NA,NA,NA,NA,NA,NA,NA,NA,NA,NA,-135,-149.37909332787558
2019,55,-26.432664756446993,-32.94642857142857,-22.5,-22.5,-22.5,-22.5,NA,NA,NA,NA,NA,NA,NA,NA,NA,NA,-135,-149.37909332787558
2019,56,-26.432664756446993,-32.94642857142857,-1,-7.7,-0.2,1.6,NA,NA,NA,NA,NA,NA,NA,NA,NA,NA,-52.3,-66.67909332787558
2019,57,-26.432664756446993,-32.94642857142857,-22.5,-2,0.2,-22.5,NA,NA,NA,NA,NA,NA,NA,NA,NA,NA,-91.8,-106.17909332787556
2019,58,-26.432664756446993,-32.94642857142857,-22.5,-22.5,-22.5,-22.5,NA,NA,NA,NA,NA,NA,NA,NA,NA,NA,-135,-149.37909332787558
2019,59,-26.432664756446993,-32.94642857142857,-22.5,-22.5,-22.5,-22.5,NA,NA,NA,NA,NA,NA,NA,NA,NA,NA,-135,-149.37909332787558
2019,60,-26.432664756446993,-32.94642857142857,-22.5,-22.5,-22.5,-1.3,NA,NA,NA,NA,NA,NA,NA,NA,NA,NA,-113.8,-128.17909332787556
2019,61,-26.432664756446993,-32.94642857142857,0.1,1.6,-5.1,-22.5,NA,NA,NA,NA,NA,NA,NA,NA,NA,NA,-70.9,-85.27909332787556
2019,62,-26.432664756446993,-32.94642857142857,-22.5,0.8,0.4,-22.5,NA,NA,NA,NA,NA,NA,NA,NA,NA,NA,-88.8,-103.17909332787556
2019,63,-26.432664756446993,-32.94642857142857,-22.5,-22.5,-22.5,-22.5,NA,NA,NA,NA,NA,NA,NA,NA,NA,NA,-135,-149.37909332787558
2019,64,-26.432664756446993,-32.94642857142857,-1.3,-22.5,-22.5,-22.5,NA,NA,NA,NA,NA,NA,NA,NA,NA,NA,-113.8,-128.17909332787556
2019,65,-26.432664756446993,-32.94642857142857,-22.5,-22.5,-22.5,-22.5,NA,NA,NA,NA,NA,NA,NA,NA,NA,NA,-135,-149.37909332787558
2019,66,-26.432664756446993,-32.94642857142857,-22.5,-22.5,-22.5,-22.5,NA,NA,NA,NA,NA,NA,NA,NA,NA,NA,-135,-149.37909332787558
2019,67,-26.432664756446993,-32.94642857142857,-22.5,-22.5,-22.5,0.7,NA,NA,NA,NA,NA,NA,NA,NA,NA,NA,-111.8,-126.17909332787556
2019,68,-26.432664756446993,-1.025,-1.6,-2.9,1.2,-10.4,NA,NA,NA,NA,NA,NA,NA,NA,NA,NA,-36.9,-41.15766475644699
2019,69,-26.432664756446993,-32.94642857142857,-22.5,-22.5,1,-2.9,NA,NA,NA,NA,NA,NA,NA,NA,NA,NA,-91.9,-106.27909332787557
2019,70,-26.432664756446993,-32.94642857142857,-22.5,-22.5,-22.5,-22.5,NA,NA,NA,NA,NA,NA,NA,NA,NA,NA,-135,-149.37909332787558
2019,71,-26.432664756446993,-32.94642857142857,-0.1,-22.5,-22.5,-22.5,NA,NA,NA,NA,NA,NA,NA,NA,NA,NA,-112.6,-126.97909332787557
2019,72,-26.432664756446993,-32.94642857142857,1.9,-22.5,-1.1,-22.5,NA,NA,NA,NA,NA,NA,NA,NA,NA,NA,-89.19999999999999,-103.57909332787557
2019,73,-26.432664756446993,-32.94642857142857,-22.5,-22.5,-22.5,-22.5,NA,NA,NA,NA,NA,NA,NA,NA,NA,NA,-135,-149.37909332787558
2019,74,-26.432664756446993,-32.94642857142857,-22.5,-22.5,-22.5,-22.5,NA,NA,NA,NA,NA,NA,NA,NA,NA,NA,-135,-149.37909332787558
2019,75,-26.432664756446993,-32.94642857142857,-22.5,-1.4,-1.8,-22.5,NA,NA,NA,NA,NA,NA,NA,NA,NA,NA,-93.2,-107.57909332787557
2019,76,-26.432664756446993,-32.94642857142857,-22.5,-22.5,-22.5,-22.5,NA,NA,NA,NA,NA,NA,NA,NA,NA,NA,-135,-149.37909332787558
2019,77,-26.432664756446993,-32.94642857142857,-22.5,-22.5,-22.5,-22.5,NA,NA,NA,NA,NA,NA,NA,NA,NA,NA,-135,-149.37909332787558
2019,78,-26.432664756446993,-32.94642857142857,-22.5,-22.5,-22.5,-22.5,NA,NA,NA,NA,NA,NA,NA,NA,NA,NA,-135,-149.37909332787558
2019,79,-26.432664756446993,-32.94642857142857,-22.5,2.2,7.2,11,NA,NA,NA,NA,NA,NA,NA,NA,NA,NA,-47.099999999999994,-61.47909332787556
2019,80,-26.432664756446993,-32.94642857142857,-22.5,-22.5,-22.5,-22.5,NA,NA,NA,NA,NA,NA,NA,NA,NA,NA,-135,-149.37909332787558
2019,81,-26.432664756446993,-32.94642857142857,-22.5,-22.5,-22.5,3.5,NA,NA,NA,NA,NA,NA,NA,NA,NA,NA,-109,-123.37909332787557
2019,82,-26.432664756446993,-32.94642857142857,-22.5,-22.5,-22.5,-22.5,NA,NA,NA,NA,NA,NA,NA,NA,NA,NA,-135,-149.37909332787558
2019,83,-26.432664756446993,-32.94642857142857,-22.5,-22.5,-22.5,-22.5,NA,NA,NA,NA,NA,NA,NA,NA,NA,NA,-135,-149.37909332787558
2019,84,-26.432664756446993,-32.94642857142857,-22.5,-22.5,-22.5,-22.5,NA,NA,NA,NA,NA,NA,NA,NA,NA,NA,-135,-149.37909332787558
2019,85,-26.432664756446993,-32.94642857142857,-22.5,-22.5,-22.5,-22.5,NA,NA,NA,NA,NA,NA,NA,NA,NA,NA,-135,-149.37909332787558
2019,86,-26.432664756446993,-32.94642857142857,-22.5,-22.5,-22.5,-22.5,NA,NA,NA,NA,NA,NA,NA,NA,NA,NA,-135,-149.37909332787558
2019,87,-26.432664756446993,-32.94642857142857,-22.5,-22.5,-22.5,-22.5,NA,NA,NA,NA,NA,NA,NA,NA,NA,NA,-135,-149.37909332787558
2019,88,-26.432664756446993,-32.94642857142857,-22.5,-22.5,-22.5,-22.5,NA,NA,NA,NA,NA,NA,NA,NA,NA,NA,-135,-149.37909332787558
2019,89,-26.432664756446993,-32.94642857142857,-22.5,-22.5,-22.5,-22.5,NA,NA,NA,NA,NA,NA,NA,NA,NA,NA,-135,-149.37909332787558
2019,90,-26.432664756446993,-32.94642857142857,-22.5,-22.5,-22.5,-22.5,NA,NA,NA,NA,NA,NA,NA,NA,NA,NA,-135,-149.37909332787558
2019,91,-26.432664756446993,-32.94642857142857,2.9,3.4,10.7,18.9,NA,NA,NA,NA,NA,NA,NA,NA,NA,NA,-9.100000000000003,-23.479093327875567
2019,92,-26.432664756446993,-32.94642857142857,-22.5,-22.5,-22.5,-22.5,NA,NA,NA,NA,NA,NA,NA,NA,NA,NA,-135,-149.37909332787558
2019,93,-26.432664756446993,-32.94642857142857,-22.5,-22.5,-22.5,-22.5,NA,NA,NA,NA,NA,NA,NA,NA,NA,NA,-135,-149.37909332787558
2019,94,-26.432664756446993,-32.94642857142857,-22.5,-22.5,-22.5,-22.5,NA,NA,NA,NA,NA,NA,NA,NA,NA,NA,-135,-149.37909332787558
2019,95,-26.432664756446993,-32.94642857142857,-1.6,1.1,8.9,10.2,NA,NA,NA,NA,NA,NA,NA,NA,NA,NA,-26.4,-40.77909332787557
2019,96,-26.432664756446993,-0.14642857142857144,-22.5,-22.5,-22.5,-22.5,NA,NA,NA,NA,NA,NA,NA,NA,NA,NA,-112.6,-116.57909332787557
2019,97,-26.432664756446993,-32.94642857142857,-22.5,-22.5,-22.5,-22.5,NA,NA,NA,NA,NA,NA,NA,NA,NA,NA,-135,-149.37909332787558
2019,98,-26.432664756446993,-32.94642857142857,-4.6,7.2,10.6,-3.2,NA,NA,NA,NA,NA,NA,NA,NA,NA,NA,-35,-49.379093327875566
2019,99,-26.432664756446993,-32.94642857142857,-22.5,-22.5,-22.5,-22.5,NA,NA,NA,NA,NA,NA,NA,NA,NA,NA,-135,-149.37909332787558
2019,100,-26.432664756446993,-32.94642857142857,-22.5,-1.1,-22.5,-0.1,NA,NA,NA,NA,NA,NA,NA,NA,NA,NA,-91.2,-105.57909332787555
2019,101,-26.432664756446993,-32.94642857142857,-22.5,1.1,-1.6,-6.6,NA,NA,NA,NA,NA,NA,NA,NA,NA,NA,-74.6,-88.97909332787556
2019,102,-26.432664756446993,-32.94642857142857,-22.5,-22.5,-22.5,-22.5,NA,NA,NA,NA,NA,NA,NA,NA,NA,NA,-135,-149.37909332787558
2019,103,-26.432664756446993,-32.94642857142857,-22.5,-22.5,-22.5,-22.5,NA,NA,NA,NA,NA,NA,NA,NA,NA,NA,-135,-149.37909332787558
2019,104,-26.432664756446993,-32.94642857142857,-22.5,-22.5,-22.5,-22.5,NA,NA,NA,NA,NA,NA,NA,NA,NA,NA,-135,-149.37909332787558
2019,105,-26.432664756446993,-32.94642857142857,-22.5,-22.5,-22.5,-22.5,NA,NA,NA,NA,NA,NA,NA,NA,NA,NA,-135,-149.37909332787558
2019,106,-26.432664756446993,-32.94642857142857,-22.5,-22.5,-22.5,-22.5,NA,NA,NA,NA,NA,NA,NA,NA,NA,NA,-135,-149.37909332787558
2019,107,-26.432664756446993,-32.94642857142857,-22.5,-22.5,-22.5,-22.5,NA,NA,NA,NA,NA,NA,NA,NA,NA,NA,-135,-149.37909332787558
2019,108,-26.432664756446993,-32.94642857142857,-22.5,-22.5,-22.5,-22.5,NA,NA,NA,NA,NA,NA,NA,NA,NA,NA,-135,-149.37909332787558
2019,109,-26.432664756446993,-32.94642857142857,-22.5,-22.5,1.6,6.3,NA,NA,NA,NA,NA,NA,NA,NA,NA,NA,-82.10000000000001,-96.47909332787557
2019,110,-26.432664756446993,-32.94642857142857,-22.5,-22.5,-22.5,-22.5,NA,NA,NA,NA,NA,NA,NA,NA,NA,NA,-135,-149.37909332787558
2019,111,-26.432664756446993,-32.94642857142857,-22.5,-22.5,-22.5,-22.5,NA,NA,NA,NA,NA,NA,NA,NA,NA,NA,-135,-149.37909332787558
2019,112,-26.432664756446993,-32.94642857142857,-22.5,-22.5,-22.5,-22.5,NA,NA,NA,NA,NA,NA,NA,NA,NA,NA,-135,-149.37909332787558
2019,113,-26.432664756446993,-32.94642857142857,-22.5,-22.5,-22.5,-22.5,NA,NA,NA,NA,NA,NA,NA,NA,NA,NA,-135,-149.37909332787558
2019,114,-26.432664756446993,-32.94642857142857,-22.5,-22.5,4.2,6.9,NA,NA,NA,NA,NA,NA,NA,NA,NA,NA,-78.89999999999999,-93.27909332787556
2019,115,-26.432664756446993,-32.94642857142857,-22.5,-22.5,-22.5,-22.5,NA,NA,NA,NA,NA,NA,NA,NA,NA,NA,-135,-149.37909332787558
2019,116,-26.432664756446993,-32.94642857142857,-22.5,-22.5,-22.5,-22.5,NA,NA,NA,NA,NA,NA,NA,NA,NA,NA,-135,-149.37909332787558
2019,117,-26.432664756446993,-32.94642857142857,-22.5,-22.5,-22.5,-22.5,NA,NA,NA,NA,NA,NA,NA,NA,NA,NA,-135,-149.37909332787558
2019,118,-26.432664756446993,-32.94642857142857,-22.5,-22.5,-22.5,-22.5,NA,NA,NA,NA,NA,NA,NA,NA,NA,NA,-135,-149.37909332787558
2019,119,-26.432664756446993,-32.94642857142857,-22.5,-22.5,-22.5,-22.5,NA,NA,NA,NA,NA,NA,NA,NA,NA,NA,-135,-149.37909332787558
2019,120,-26.432664756446993,-32.94642857142857,-22.5,-22.5,2.5,0.3,NA,NA,NA,NA,NA,NA,NA,NA,NA,NA,-87.2,-101.57909332787557
2019,121,-26.432664756446993,-32.94642857142857,-22.5,-22.5,-22.5,-22.5,NA,NA,NA,NA,NA,NA,NA,NA,NA,NA,-135,-149.37909332787558
2019,122,-26.432664756446993,-32.94642857142857,-22.5,-22.5,-22.5,-22.5,NA,NA,NA,NA,NA,NA,NA,NA,NA,NA,-135,-149.37909332787558
2019,123,-26.432664756446993,-32.94642857142857,-22.5,-22.5,-22.5,-22.5,NA,NA,NA,NA,NA,NA,NA,NA,NA,NA,-135,-149.37909332787558
2019,124,-26.432664756446993,-32.94642857142857,-1.2,-22.5,-22.5,-22.5,NA,NA,NA,NA,NA,NA,NA,NA,NA,NA,-113.7,-128.07909332787557
2019,125,-26.432664756446993,-32.94642857142857,0.8,2.6,2.7,2.5,NA,NA,NA,NA,NA,NA,NA,NA,NA,NA,-36.4,-50.779093327875565
2019,126,-26.432664756446993,-32.94642857142857,-22.5,-22.5,-22.5,-22.5,NA,NA,NA,NA,NA,NA,NA,NA,NA,NA,-135,-149.37909332787558
2019,127,-26.432664756446993,-32.94642857142857,-22.5,-22.5,-22.5,-22.5,NA,NA,NA,NA,NA,NA,NA,NA,NA,NA,-135,-149.37909332787558
2019,128,-26.432664756446993,-32.94642857142857,-22.5,-22.5,-22.5,-22.5,NA,NA,NA,NA,NA,NA,NA,NA,NA,NA,-135,-149.37909332787558
2019,129,-26.432664756446993,-32.94642857142857,-22.5,-22.5,-22.5,-22.5,NA,NA,NA,NA,NA,NA,NA,NA,NA,NA,-135,-149.37909332787558
2019,130,-26.432664756446993,-32.94642857142857,-22.5,-22.5,-22.5,-22.5,NA,NA,NA,NA,NA,NA,NA,NA,NA,NA,-135,-149.37909332787558
2019,131,-26.432664756446993,-32.94642857142857,-22.5,-22.5,-22.5,-22.5,NA,NA,NA,NA,NA,NA,NA,NA,NA,NA,-135,-149.37909332787558
2019,132,-26.432664756446993,-32.94642857142857,-22.5,-22.5,-22.5,-22.5,NA,NA,NA,NA,NA,NA,NA,NA,NA,NA,-135,-149.37909332787558
2019,133,-26.432664756446993,-32.94642857142857,-22.5,-22.5,-22.5,-22.5,NA,NA,NA,NA,NA,NA,NA,NA,NA,NA,-135,-149.37909332787558
2019,134,-26.432664756446993,-32.94642857142857,-22.5,-22.5,-22.5,-22.5,NA,NA,NA,NA,NA,NA,NA,NA,NA,NA,-135,-149.37909332787558
2019,135,-26.432664756446993,-32.94642857142857,-22.5,-22.5,-22.5,-22.5,NA,NA,NA,NA,NA,NA,NA,NA,NA,NA,-135,-149.37909332787558
2019,136,-26.432664756446993,-32.94642857142857,-22.5,-22.5,-22.5,-22.5,NA,NA,NA,NA,NA,NA,NA,NA,NA,NA,-135,-149.37909332787558
2019,137,-26.432664756446993,-32.94642857142857,-22.5,-22.5,-22.5,-22.5,NA,NA,NA,NA,NA,NA,NA,NA,NA,NA,-135,-149.37909332787558
2019,138,-26.432664756446993,-32.94642857142857,-22.5,-22.5,-22.5,-22.5,NA,NA,NA,NA,NA,NA,NA,NA,NA,NA,-135,-149.37909332787558
2019,139,-26.432664756446993,-32.94642857142857,-22.5,-22.5,-22.5,-22.5,NA,NA,NA,NA,NA,NA,NA,NA,NA,NA,-135,-149.37909332787558
2019,140,-26.432664756446993,-32.94642857142857,-22.5,-22.5,-22.5,-22.5,NA,NA,NA,NA,NA,NA,NA,NA,NA,NA,-135,-149.37909332787558
2019,141,-26.432664756446993,-32.94642857142857,-22.5,-22.5,-22.5,-22.5,NA,NA,NA,NA,NA,NA,NA,NA,NA,NA,-135,-149.37909332787558
2019,142,-26.432664756446993,-32.94642857142857,-22.5,-22.5,-22.5,-22.5,NA,NA,NA,NA,NA,NA,NA,NA,NA,NA,-135,-149.37909332787558
2019,143,-26.432664756446993,-32.94642857142857,-22.5,-22.5,-22.5,-22.5,NA,NA,NA,NA,NA,NA,NA,NA,NA,NA,-135,-149.37909332787558
2019,144,-26.432664756446993,-32.94642857142857,-22.5,-22.5,-22.5,-22.5,NA,NA,NA,NA,NA,NA,NA,NA,NA,NA,-135,-149.37909332787558
2019,145,-26.432664756446993,-32.94642857142857,-22.5,-22.5,-22.5,-22.5,NA,NA,NA,NA,NA,NA,NA,NA,NA,NA,-135,-149.37909332787558
2019,146,-26.432664756446993,-32.94642857142857,-22.5,-22.5,-22.5,-22.5,NA,NA,NA,NA,NA,NA,NA,NA,NA,NA,-135,-149.37909332787558
2019,147,-26.432664756446993,-32.94642857142857,-22.5,-22.5,-22.5,-22.5,NA,NA,NA,NA,NA,NA,NA,NA,NA,NA,-135,-149.37909332787558
2019,148,-26.432664756446993,-32.94642857142857,-22.5,-22.5,-22.5,-22.5,NA,NA,NA,NA,NA,NA,NA,NA,NA,NA,-135,-149.37909332787558
2019,149,-26.432664756446993,-32.94642857142857,-22.5,-22.5,-22.5,-22.5,NA,NA,NA,NA,NA,NA,NA,NA,NA,NA,-135,-149.37909332787558
2019,150,-26.432664756446993,-32.94642857142857,-22.5,-22.5,-22.5,-22.5,NA,NA,NA,NA,NA,NA,NA,NA,NA,NA,-135,-149.37909332787558
2019,151,-26.432664756446993,-32.94642857142857,-22.5,-22.5,-22.5,-22.5,NA,NA,NA,NA,NA,NA,NA,NA,NA,NA,-135,-149.37909332787558
2019,152,-26.432664756446993,-32.94642857142857,-22.5,-22.5,-22.5,-22.5,NA,NA,NA,NA,NA,NA,NA,NA,NA,NA,-135,-149.37909332787558
2019,153,-26.432664756446993,-32.94642857142857,-22.5,-22.5,-22.5,-22.5,NA,NA,NA,NA,NA,NA,NA,NA,NA,NA,-135,-149.37909332787558
2019,154,-26.432664756446993,-32.94642857142857,-22.5,-22.5,-22.5,-22.5,NA,NA,NA,NA,NA,NA,NA,NA,NA,NA,-135,-149.37909332787558
2019,155,-26.432664756446993,-32.94642857142857,-22.5,-22.5,-22.5,-22.5,NA,NA,NA,NA,NA,NA,NA,NA,NA,NA,-135,-149.37909332787558
2019,156,-26.432664756446993,-32.94642857142857,-22.5,1.6,-0.1,-7.1,NA,NA,NA,NA,NA,NA,NA,NA,NA,NA,-73.1,-87.47909332787556
2019,157,-26.432664756446993,-32.94642857142857,-22.5,-22.5,-22.5,-22.5,NA,NA,NA,NA,NA,NA,NA,NA,NA,NA,-135,-149.37909332787558
2019,158,-26.432664756446993,-32.94642857142857,-22.5,-22.5,-22.5,-22.5,NA,NA,NA,NA,NA,NA,NA,NA,NA,NA,-135,-149.37909332787558
2019,159,-26.432664756446993,-32.94642857142857,-22.5,4.1,-22.5,1.6,NA,NA,NA,NA,NA,NA,NA,NA,NA,NA,-84.30000000000001,-98.67909332787558
2019,160,-26.432664756446993,-32.94642857142857,-22.5,-22.5,0.5,-22.5,NA,NA,NA,NA,NA,NA,NA,NA,NA,NA,-112,-126.37909332787557
2019,161,-26.432664756446993,-32.94642857142857,-22.5,-22.5,0.1,2.1,NA,NA,NA,NA,NA,NA,NA,NA,NA,NA,-87.80000000000001,-102.17909332787558
2019,162,-26.432664756446993,-32.94642857142857,-22.5,-22.5,-22.5,-22.5,NA,NA,NA,NA,NA,NA,NA,NA,NA,NA,-135,-149.37909332787558
2019,163,-26.432664756446993,-32.94642857142857,-22.5,-22.5,-22.5,-22.5,NA,NA,NA,NA,NA,NA,NA,NA,NA,NA,-135,-149.37909332787558
2019,164,-26.432664756446993,-32.94642857142857,-22.5,-22.5,-22.5,-22.5,NA,NA,NA,NA,NA,NA,NA,NA,NA,NA,-135,-149.37909332787558
2019,165,-26.432664756446993,-32.94642857142857,-22.5,-22.5,-22.5,-22.5,NA,NA,NA,NA,NA,NA,NA,NA,NA,NA,-135,-149.37909332787558
2019,166,-26.432664756446993,-32.94642857142857,-22.5,-22.5,-22.5,-22.5,NA,NA,NA,NA,NA,NA,NA,NA,NA,NA,-135,-149.37909332787558
2019,167,-26.432664756446993,-32.94642857142857,-22.5,-22.5,-22.5,-22.5,NA,NA,NA,NA,NA,NA,NA,NA,NA,NA,-135,-149.37909332787558
2019,168,-26.432664756446993,-32.94642857142857,-22.5,-22.5,-22.5,-22.5,NA,NA,NA,NA,NA,NA,NA,NA,NA,NA,-135,-149.37909332787558
2019,169,-26.432664756446993,-32.94642857142857,-22.5,-22.5,-22.5,-22.5,NA,NA,NA,NA,NA,NA,NA,NA,NA,NA,-135,-149.37909332787558
2019,170,-26.432664756446993,-32.94642857142857,-22.5,-22.5,-22.5,-22.5,NA,NA,NA,NA,NA,NA,NA,NA,NA,NA,-135,-149.37909332787558
2019,171,-26.432664756446993,-32.94642857142857,-22.5,-22.5,-22.5,-22.5,NA,NA,NA,NA,NA,NA,NA,NA,NA,NA,-135,-149.37909332787558
2019,172,-26.432664756446993,-32.94642857142857,-22.5,-1.1,-22.5,2.4,NA,NA,NA,NA,NA,NA,NA,NA,NA,NA,-88.69999999999999,-103.07909332787555
2019,173,-26.432664756446993,-32.94642857142857,-22.5,-22.5,-22.5,-22.5,NA,NA,NA,NA,NA,NA,NA,NA,NA,NA,-135,-149.37909332787558
2019,174,-26.432664756446993,-32.94642857142857,-22.5,-22.5,-22.5,-22.5,NA,NA,NA,NA,NA,NA,NA,NA,NA,NA,-135,-149.37909332787558
2019,175,-26.432664756446993,-32.94642857142857,-22.5,-22.5,-22.5,-22.5,NA,NA,NA,NA,NA,NA,NA,NA,NA,NA,-135,-149.37909332787558
2019,176,-26.432664756446993,-32.94642857142857,-22.5,-22.5,-22.5,-22.5,NA,NA,NA,NA,NA,NA,NA,NA,NA,NA,-135,-149.37909332787558
2019,177,-26.432664756446993,-32.94642857142857,-22.5,-22.5,-22.5,-22.5,NA,NA,NA,NA,NA,NA,NA,NA,NA,NA,-135,-149.37909332787558
2019,178,-26.432664756446993,-32.94642857142857,-22.5,-22.5,-22.5,-22.5,NA,NA,NA,NA,NA,NA,NA,NA,NA,NA,-135,-149.37909332787558
2019,179,-26.432664756446993,-32.94642857142857,-22.5,-22.5,-22.5,-22.5,NA,NA,NA,NA,NA,NA,NA,NA,NA,NA,-135,-149.37909332787558
2019,180,-26.432664756446993,-32.94642857142857,-22.5,-22.5,-22.5,-22.5,NA,NA,NA,NA,NA,NA,NA,NA,NA,NA,-135,-149.37909332787558
2019,181,-26.432664756446993,-32.94642857142857,-22.5,-22.5,-22.5,-22.5,NA,NA,NA,NA,NA,NA,NA,NA,NA,NA,-135,-149.37909332787558
2019,182,-26.432664756446993,-32.94642857142857,-22.5,-22.5,-22.5,-22.5,NA,NA,NA,NA,NA,NA,NA,NA,NA,NA,-135,-149.37909332787558
2019,183,-26.432664756446993,-32.94642857142857,-22.5,-22.5,-22.5,-22.5,NA,NA,NA,NA,NA,NA,NA,NA,NA,NA,-135,-149.37909332787558
2019,184,-26.432664756446993,-32.94642857142857,-0.4,-22.5,3,-22.5,NA,NA,NA,NA,NA,NA,NA,NA,NA,NA,-87.4,-101.77909332787556
2019,185,-26.432664756446993,-32.94642857142857,-22.5,-22.5,-22.5,-22.5,NA,NA,NA,NA,NA,NA,NA,NA,NA,NA,-135,-149.37909332787558
2019,186,-26.432664756446993,-32.94642857142857,-22.5,-22.5,-22.5,-22.5,NA,NA,NA,NA,NA,NA,NA,NA,NA,NA,-135,-149.37909332787558
2019,187,-26.432664756446993,-32.94642857142857,-22.5,-22.5,-2.3,-22.5,NA,NA,NA,NA,NA,NA,NA,NA,NA,NA,-114.8,-129.17909332787556
2019,188,-26.432664756446993,-32.94642857142857,-22.5,-22.5,-22.5,-0.6,NA,NA,NA,NA,NA,NA,NA,NA,NA,NA,-113.1,-127.47909332787556
2019,189,-26.432664756446993,-32.94642857142857,-22.5,-22.5,-22.5,-22.5,NA,NA,NA,NA,NA,NA,NA,NA,NA,NA,-135,-149.37909332787558
2019,190,-26.432664756446993,-32.94642857142857,-22.5,-22.5,-22.5,-22.5,NA,NA,NA,NA,NA,NA,NA,NA,NA,NA,-135,-149.37909332787558
2019,191,-26.432664756446993,-32.94642857142857,-22.5,-22.5,-22.5,-22.5,NA,NA,NA,NA,NA,NA,NA,NA,NA,NA,-135,-149.37909332787558
2019,192,-26.432664756446993,-32.94642857142857,-22.5,-22.5,-22.5,-22.5,NA,NA,NA,NA,NA,NA,NA,NA,NA,NA,-135,-149.37909332787558
2019,193,-26.432664756446993,-32.94642857142857,-22.5,-22.5,-22.5,-22.5,NA,NA,NA,NA,NA,NA,NA,NA,NA,NA,-135,-149.37909332787558
2019,194,-26.432664756446993,-32.94642857142857,-22.5,-22.5,-22.5,-22.5,NA,NA,NA,NA,NA,NA,NA,NA,NA,NA,-135,-149.37909332787558
2019,195,-26.432664756446993,-32.94642857142857,-22.5,-1.3,-22.5,-22.5,NA,NA,NA,NA,NA,NA,NA,NA,NA,NA,-113.8,-128.17909332787556
2019,196,-26.432664756446993,-32.94642857142857,-22.5,-22.5,-22.5,-22.5,NA,NA,NA,NA,NA,NA,NA,NA,NA,NA,-135,-149.37909332787558
2019,197,-26.432664756446993,-32.94642857142857,-22.5,-22.5,-22.5,-22.5,NA,NA,NA,NA,NA,NA,NA,NA,NA,NA,-135,-149.37909332787558
2019,198,-26.432664756446993,-32.94642857142857,-22.5,-22.5,-22.5,-22.5,NA,NA,NA,NA,NA,NA,NA,NA,NA,NA,-135,-149.37909332787558
2019,199,-26.432664756446993,-32.94642857142857,-22.5,-22.5,-22.5,-22.5,NA,NA,NA,NA,NA,NA,NA,NA,NA,NA,-135,-149.37909332787558
2019,200,-26.432664756446993,-32.94642857142857,-22.5,-22.5,-22.5,-22.5,NA,NA,NA,NA,NA,NA,NA,NA,NA,NA,-135,-149.37909332787558
2019,201,-26.432664756446993,-32.94642857142857,0.2,8.3,1.8,-22.5,NA,NA,NA,NA,NA,NA,NA,NA,NA,NA,-57.2,-71.57909332787557
2019,202,-26.432664756446993,-32.94642857142857,-22.5,-22.5,-22.5,-0.4,NA,NA,NA,NA,NA,NA,NA,NA,NA,NA,-112.9,-127.27909332787557
2019,203,-26.432664756446993,-32.94642857142857,-22.5,-22.5,4.9,-1.5,NA,NA,NA,NA,NA,NA,NA,NA,NA,NA,-86.6,-100.97909332787556
2019,204,-26.432664756446993,-32.94642857142857,-22.5,-22.5,-22.5,-22.5,NA,NA,NA,NA,NA,NA,NA,NA,NA,NA,-135,-149.37909332787558
2019,205,-26.432664756446993,-32.94642857142857,-22.5,-22.5,-22.5,-22.5,NA,NA,NA,NA,NA,NA,NA,NA,NA,NA,-135,-149.37909332787558
2019,206,-26.432664756446993,-32.94642857142857,-22.5,-22.5,-22.5,-22.5,NA,NA,NA,NA,NA,NA,NA,NA,NA,NA,-135,-149.37909332787558
2019,207,-26.432664756446993,-32.94642857142857,-22.5,-22.5,-22.5,-22.5,NA,NA,NA,NA,NA,NA,NA,NA,NA,NA,-135,-149.37909332787558
2019,208,-26.432664756446993,-32.94642857142857,-22.5,-22.5,-22.5,-22.5,NA,NA,NA,NA,NA,NA,NA,NA,NA,NA,-135,-149.37909332787558
2019,209,-26.432664756446993,-32.94642857142857,-22.5,-22.5,-22.5,-22.5,NA,NA,NA,NA,NA,NA,NA,NA,NA,NA,-135,-149.37909332787558
2019,210,-26.432664756446993,-32.94642857142857,-22.5,5,-5.1,-2.3,NA,NA,NA,NA,NA,NA,NA,NA,NA,NA,-69.89999999999999,-84.27909332787556
2019,211,-26.432664756446993,-32.94642857142857,-22.5,-22.5,-22.5,-22.5,NA,NA,NA,NA,NA,NA,NA,NA,NA,NA,-135,-149.37909332787558
2019,212,-26.432664756446993,-32.94642857142857,-22.5,-22.5,-22.5,-22.5,NA,NA,NA,NA,NA,NA,NA,NA,NA,NA,-135,-149.37909332787558
2019,213,-26.432664756446993,-32.94642857142857,-22.5,-22.5,-22.5,-22.5,NA,NA,NA,NA,NA,NA,NA,NA,NA,NA,-135,-149.37909332787558
2019,214,-26.432664756446993,-32.94642857142857,-22.5,0.4,-4.7,31.5,NA,NA,NA,NA,NA,NA,NA,NA,NA,NA,-40.3,-54.67909332787556
