Year,Selection,y_true_normalized,y_pred_normalized,y_true_raw,y_pred_raw,test_year
2009,1,69.62340026427403,59.373321781738866,56.9,45.54844716067912,2009
2009,2,55.17592703819036,50.74853666345258,40.9,35.996841856892175,2009
2009,3,55.89830069949454,45.24073480579094,41.7,29.897171115610956,2009
2009,4,43.97913528797552,41.874880907029954,28.5,26.169622253783157,2009
2009,5,36.574805259607636,39.67593966544565,20.3,23.73438258835648,2009
2009,6,51.7446521469955,37.82814727641991,37.1,21.6880262628064,2009
2009,7,37.2068822132488,36.15282592375811,21.0,19.83267472671948,2009
2009,8,4.700067454560559,34.63056928837149,-15.0,18.14683625621011,2009
2009,9,23.572079356132345,33.24197105117128,5.9,16.60901912739263,2009
2009,10,20.411694587926544,31.967624893068727,2.4,15.197731616381422,2009
2009,11,34.227090860369046,30.78812449497509,17.7,13.891481999290836,2009
2009,12,19.0572439729812,29.684063537801585,0.9,12.668778552235228,2009
2009,13,19.418430803633292,28.636035702459466,1.3,11.508129551328974,2009
2009,14,40.63815710444367,27.624634669859987,24.8,10.388043272686446,2009
2009,15,19.328134095970267,26.63045412091436,1.2,9.287027992421969,2009
2009,16,42.44409125770413,25.637946771623845,26.8,8.187865713998217,2009
2009,17,17.52219994270981,24.647001478349637,-0.8,7.090433350270953,2009
2009,18,7.8604522227663605,23.66136613254294,-11.5,5.998881541444241,2009
2009,19,26.82276083200117,22.684788625654967,9.5,4.917360927722143,2009
2009,20,18.425167019340037,21.721016849136902,0.2,3.8500221493086997,2009
2009,21,25.10712338640373,20.773798694439954,7.6,2.8010158464079815,2009
2009,22,13.820034928525871,19.84688205301533,-4.9,1.7744926592240446,2009
2009,23,13.278254682547734,18.94401481631423,-5.5,0.7746032279609452,2009
2009,24,36.3942118442816,18.068944875787853,20.1,-0.19450180717725374,2009
2009,25,16.980419696731673,17.2254201228874,-1.4,-1.128671805986503,2009
2009,26,32.962936953086725,16.417188449064074,16.3,-2.0237561282627397,2009
2009,27,2.4426497629849866,15.647997745769082,-17.5,-2.8756041338019074,2009
2009,28,14.271518466840984,14.921595904453614,-4.4,-3.6800651823999573,2009
2009,29,8.402232468744497,14.24173081656888,-10.9,-4.432988633852821,2009
2009,30,20.231101172600496,13.612150373566081,2.2,-5.130223847956442,2009
2009,31,2.4426497629849866,13.035529575411807,-17.5,-5.76880836900693,2009
2009,32,9.485792960700772,12.510251856134174,-9.7,-6.350532479301085,2009
2009,33,44.61121224161668,12.033627758276705,29.2,-6.878374645635848,2009
2009,34,11.562617236950299,11.602967824382905,-7.4,-7.355313334808187,2009
2009,35,20.501991295589566,11.215582596996285,2.5,-7.784327013615059,2009
2009,36,11.743210652276346,10.86878261866036,-7.2,-8.168394148853414,2009
2009,37,7.1380785614621765,10.55987843191864,-12.3,-8.510493207320211,2009
2009,38,17.341606527383764,10.286180579314635,-1.0,-8.813602655812415,2009
2009,39,24.023562894447462,10.04499960339186,6.4,-9.080700961126974,2009
2009,40,12.736474436569598,9.833646046693822,-6.1,-9.314766590060849,2009
2009,41,2.4426497629849866,9.649430451764038,-17.5,-9.518778009410994,2009
2009,42,2.4426497629849866,9.489663361146015,-17.5,-9.69571368597437,2009
2009,43,2.4426497629849866,9.351655317383264,-17.5,-9.848552086547935,2009
2009,44,12.646177728906576,9.232716863019299,-6.2,-9.980271677928641,2009
2009,45,16.077452620101447,9.13015854059763,-2.4,-10.093850926913447,2009
2009,46,2.4426497629849866,9.041290892661769,-17.5,-10.192268300299315,2009
2009,47,2.4426497629849866,8.963424461755228,-17.5,-10.278502264883196,2009
2009,48,2.4426497629849866,8.893869790421517,-17.5,-10.355531287462046,2009
2009,49,16.89012298906865,8.82993742120415,-1.5,-10.426333834832828,2009
2009,50,2.4426497629849866,8.768937896646634,-17.5,-10.4938883737925,2009
2009,51,13.097661267221689,8.70863113132365,-5.7,-10.560675709547908,2009
2009,52,14.813298712819122,8.648574527934523,-3.8,-10.627186000945521,2009
2009,53,2.4426497629849866,8.588774861209751,-17.5,-10.693411745241688,2009
2009,54,19.960211049611427,8.529238905879831,1.9,-10.759345439692767,2009
2009,55,22.578815571839094,8.469973436675252,4.8,-10.824979581555116,2009
2009,56,2.4426497629849866,8.410985228326513,-17.5,-10.890306668085087,2009
2009,57,2.4426497629849866,8.352281055564106,-17.5,-10.955319196539042,2009
2009,58,4.519474039234513,8.29386769311853,-15.2,-11.020009664173331,2009
2009,59,22.217628741187003,8.235751915720272,4.4,-11.084370568244319,2009
2009,60,31.698783045804408,8.177940498099833,14.9,-11.148394406008354,2009
2009,61,9.034309422385657,8.120440214987706,-10.2,-11.212073674721793,2009
2009,62,2.4426497629849866,8.063257841114385,-17.5,-11.275400871640999,2009
2009,63,7.047781853799154,8.006400151210366,-12.4,-11.33836849402232,2009
2009,64,36.75539867493368,7.949873920006143,20.5,-11.40096903912212,2009
2009,65,4.700067454560559,7.893685922232208,-15.0,-11.463195004196752,2009
2009,66,21.404958372219795,7.8378429326190595,3.5,-11.525038886502568,2009
2009,67,2.4426497629849866,7.782351725897191,-17.5,-11.586493183295932,2009
2009,68,4.609770746897536,7.7272190767970965,-15.1,-11.647550391833192,2009
2009,69,29.98314560020697,7.672451760049269,13.0,-11.708203009370717,2009
2009,70,13.007364559558665,7.618056550384209,-5.8,-11.768443533164845,2009
2009,71,2.4426497629849866,7.5640402225324035,-17.5,-11.828264460471951,2009
2009,72,10.027573206678909,7.510409551224353,-9.1,-11.88765828854838,2009
2009,73,12.55588102124355,7.4571713111905495,-6.3,-11.94661751465049,2009
2009,74,2.4426497629849866,7.4043322771614895,-17.5,-12.005134636034636,2009
2009,75,11.382023821624253,7.351899223867665,-7.6,-12.063202149957181,2009
2009,76,2.4426497629849866,7.299878926039574,-17.5,-12.120812553674474,2009
2009,77,2.4426497629849866,7.248278158407707,-17.5,-12.177958344442875,2009
2009,78,2.4426497629849866,7.1971036957025625,-17.5,-12.234632019518742,2009
2009,79,2.4426497629849866,7.146362312654632,-17.5,-12.290826076158426,2009
2009,80,4.609770746897536,7.096060783994412,-15.1,-12.346533011618288,2009
2009,81,2.4426497629849866,7.046205884452397,-17.5,-12.401745323154682,2009
2009,82,2.4426497629849866,6.996804388759083,-17.5,-12.456455508023963,2009
2009,83,14.99389212814517,6.947863071644962,-3.6,-12.51065606348249,2009
2009,84,8.944012714722636,6.89938870784053,-10.3,-12.564339486786618,2009
2009,85,25.82949704770792,6.85138807207628,8.4,-12.617498275192705,2009
2009,86,2.4426497629849866,6.80386793908271,-17.5,-12.670124925957106,2009
2009,87,2.4426497629849866,6.756835083590312,-17.5,-12.722211936336176,2009
2009,88,2.4426497629849866,6.710296280329581,-17.5,-12.773751803586274,2009
2009,89,2.4426497629849866,6.664258304031014,-17.5,-12.824737024963753,2009
2009,90,2.4426497629849866,6.618727929425102,-17.5,-12.875160097724972,2009
2009,91,2.4426497629849866,6.573711931242342,-17.5,-12.925013519126287,2009
2009,92,18.876650557655154,6.5292170842132276,0.7,-12.974289786424055,2009
2009,93,2.4426497629849866,6.485250163068253,-17.5,-13.02298139687463,2009
2009,94,27.81602461629442,6.441817942537915,10.6,-13.07108084773437,2009
2009,95,2.4426497629849866,6.398927197352707,-17.5,-13.11858063625963,2009
2009,96,11.743210652276346,6.356584702243123,-7.2,-13.165473259706767,2009
2009,97,6.957485146136132,6.314797231939659,-12.5,-13.211751215332137,2009
2009,98,32.8726402454237,6.273571561172807,16.2,-13.2574070003921,2009
2009,99,2.4426497629849866,6.232914464673065,-17.5,-13.302433112143007,2009
2009,100,7.1380785614621765,6.192832717170928,-12.3,-13.346822047841211,2009
2009,101,2.4426497629849866,6.15333032535762,-17.5,-13.390569370236095,2009
2009,102,26.371277293686052,6.114400223767315,9.0,-13.433682904049077,2009
2009,103,4.700067454560559,6.076032578894905,-15.0,-13.476173539494603,2009
2009,104,21.043771541567704,6.038217557235296,3.1,-13.51805216678712,2009
2009,105,2.4426497629849866,6.0009453252833875,-17.5,-13.559329676141065,2009
2009,106,28.989881815913723,5.964206049534081,11.9,-13.600016957770881,2009
2009,107,8.492529176407519,5.927989896482276,-10.8,-13.640124901891014,2009
2009,108,2.4426497629849866,5.89228703262287,-17.5,-13.679664398715909,2009
2009,109,2.4426497629849866,5.85708762445077,-17.5,-13.718646338460003,2009
2009,110,2.4426497629849866,5.8223818384608705,-17.5,-13.757081611337746,2009
2009,111,2.4426497629849866,5.788159841148078,-17.5,-13.79498110756357,2009
2009,112,9.576089668363796,5.754411799007287,-9.6,-13.83235571735193,2009
2009,113,2.4426497629849866,5.7211278785334025,-17.5,-13.869216330917261,2009
2009,114,7.950748930429382,5.688298246221325,-11.4,-13.905573838474009,2009
2009,115,5.061254285212651,5.655913068565953,-14.6,-13.941439130236617,2009
2009,116,2.4426497629849866,5.623962512062187,-17.5,-13.97682309641953,2009
2009,117,2.4426497629849866,5.592436743204929,-17.5,-14.011736627237184,2009
2009,118,3.977693793256375,5.561325928489079,-15.8,-14.046190612904027,2009
2009,119,11.92380406760239,5.530620234409537,-7.0,-14.080195943634504,2009
2009,120,2.4426497629849866,5.500309827461206,-17.5,-14.113763509643054,2009
2009,121,4.700067454560559,5.470384874138983,-15.0,-14.146904201144121,2009
2009,122,2.4426497629849866,5.440835540937773,-17.5,-14.179628908352145,2009
2009,123,2.4426497629849866,5.4116519943524715,-17.5,-14.211948521481574,2009
2009,124,2.4426497629849866,5.382824400877983,-17.5,-14.24387393074685,2009
2009,125,2.4426497629849866,5.354342927009206,-17.5,-14.275416026362413,2009
2009,126,10.298463329667978,5.326197739241043,-8.8,-14.306585698542706,2009
2009,127,2.4426497629849866,5.298379004068394,-17.5,-14.337393837502175,2009
2009,128,11.743210652276346,5.270876887986159,-7.2,-14.367851333455262,2009
2009,129,27.183947662653264,5.243681557489237,9.9,-14.397969076616409,2009
2009,130,2.4426497629849866,5.2167831790725305,-17.5,-14.427757957200061,2009
2009,131,19.328134095970267,5.1901719192309415,1.2,-14.457228865420657,2009
2009,132,2.4426497629849866,5.1638379444593685,-17.5,-14.486392691492643,2009
2009,133,2.4426497629849866,5.137771421252712,-17.5,-14.51526032563046,2009
2009,134,10.027573206678909,5.111962516105874,-9.1,-14.543842658048552,2009
2009,135,2.4426497629849866,5.086401395513753,-17.5,-14.572150578961363,2009
2009,136,2.4426497629849866,5.061078225971252,-17.5,-14.600194978583335,2009
2009,137,2.4426497629849866,5.0359831739732694,-17.5,-14.62798674712891,2009
2009,138,11.562617236950299,5.011106406014708,-7.4,-14.655536774812532,2009
2009,139,2.4426497629849866,4.986438088590467,-17.5,-14.682855951848643,2009
2009,140,2.4426497629849866,4.961968388195446,-17.5,-14.709955168451687,2009
2009,141,2.4426497629849866,4.9376874713245495,-17.5,-14.736845314836106,2009
2009,142,2.4426497629849866,4.913585504472674,-17.5,-14.763537281216344,2009
2009,143,2.4426497629849866,4.889652654134722,-17.5,-14.790041957806842,2009
2009,144,2.4426497629849866,4.8658790868055934,-17.5,-14.816370234822044,2009
2009,145,2.4426497629849866,4.842254968980188,-17.5,-14.842533002476394,2009
2009,146,9.124606130048681,4.818770467153408,-10.1,-14.868541150984335,2009
2009,147,2.4426497629849866,4.795415747820155,-17.5,-14.894405570560307,2009
2009,148,20.321397880263522,4.772180977475327,2.3,-14.920137151418757,2009
2009,149,2.4426497629849866,4.749056322613825,-17.5,-14.945746783774124,2009
2009,150,2.4426497629849866,4.726031949730552,-17.5,-14.971245357840854,2009
2009,151,22.217628741187003,4.703098723495931,4.4,-14.996642990631857,2009
2009,152,2.4426497629849866,4.680250301282502,-17.5,-15.021946706353916,2009
2009,153,2.4426497629849866,4.657481038638322,-17.5,-15.047162756012284,2009
2009,154,2.4426497629849866,4.634785291111452,-17.5,-15.072297390612217,2009
2009,155,2.4426497629849866,4.6121574142499515,-17.5,-15.097356861158968,2009
2009,156,2.4426497629849866,4.589591763601884,-17.5,-15.122347418657785,2009
2009,157,6.776891730810086,4.567082694715311,-12.7,-15.147275314113923,2009
2009,158,6.776891730810086,4.544624563138291,-12.7,-15.172146798532637,2009
2009,159,2.4426497629849866,4.522211724418888,-17.5,-15.196968122919175,2009
2009,160,2.4426497629849866,4.499838534105159,-17.5,-15.221745538278796,2009
2009,161,2.4426497629849866,4.477499347745166,-17.5,-15.246485295616749,2009
2009,162,2.4426497629849866,4.4551885208869715,-17.5,-15.271193645938286,2009
2009,163,2.4426497629849866,4.432900409078635,-17.5,-15.295876840248662,2009
2009,164,6.415704900157995,4.410629367868218,-13.1,-15.32054112955313,2009
2009,165,2.4426497629849866,4.388369752803781,-17.5,-15.345192764856941,2009
2009,166,2.4426497629849866,4.366115919433384,-17.5,-15.36983799716535,2009
2009,167,2.4426497629849866,4.34386222330509,-17.5,-15.394483077483608,2009
2009,168,2.4426497629849866,4.321603019966958,-17.5,-15.419134256816967,2009
2009,169,2.4426497629849866,4.29933266496705,-17.5,-15.443797786170684,2009
2009,170,2.4426497629849866,4.277045513853427,-17.5,-15.468479916550006,2009
2009,171,10.659650160320071,4.25473592217415,-8.4,-15.493186898960188,2009
2009,172,2.4426497629849866,4.2323982454772775,-17.5,-15.517924984406486,2009
2009,173,2.4426497629849866,4.210026839310872,-17.5,-15.54270042389415,2009
2009,174,2.4426497629849866,4.187616059222996,-17.5,-15.567519468428433,2009
2009,175,5.5127378235277655,4.165160260761708,-14.1,-15.592388369014586,2009
2009,176,2.4426497629849866,4.142653799475069,-17.5,-15.617313376657867,2009
2009,177,4.4291773315714895,4.1200910309111425,-15.3,-15.642300742363524,2009
2009,178,4.970957577549628,4.097466310617987,-14.7,-15.667356717136808,2009
2009,179,4.700067454560559,4.074773994143663,-15.0,-15.692487551982982,2009
2009,180,2.4426497629849866,4.052008437036233,-17.5,-15.717699497907287,2009
2009,181,16.077452620101447,4.029163994843756,-2.4,-15.742998805914983,2009
2009,182,2.4426497629849866,4.006235023114295,-17.5,-15.76839172701132,2009
2009,183,2.4426497629849866,3.98321587739591,-17.5,-15.79388451220155,2009
2009,184,2.4426497629849866,3.960100913236661,-17.5,-15.819483412490928,2009
2009,185,15.174485543471214,3.9368844861846095,-3.4,-15.845194678884708,2009
2009,186,2.4426497629849866,3.913560951787817,-17.5,-15.871024562388138,2009
2009,187,2.4426497629849866,3.8901246655943433,-17.5,-15.896979314006476,2009
2009,188,2.4426497629849866,3.86656998315225,-17.5,-15.92306518474497,2009
2009,189,2.4426497629849866,3.8428912600095986,-17.5,-15.949288425608877,2009
2009,190,2.4426497629849866,3.819082851714448,-17.5,-15.975655287603448,2009
2009,191,2.4426497629849866,3.795139113814861,-17.5,-16.002172021733937,2009
2009,192,2.4426497629849866,3.771054401858897,-17.5,-16.028844879005593,2009
2009,193,2.4426497629849866,3.7468230713946182,-17.5,-16.055680110423673,2009
2009,194,2.4426497629849866,3.722439477970085,-17.5,-16.08268396699343,2009
2009,195,7.58956209977729,3.697897977133358,-11.8,-16.10986269972011,2009
2009,196,2.4426497629849866,3.673192924432498,-17.5,-16.137222559608972,2009
2009,197,4.700067454560559,3.6483186754155663,-15.0,-16.164769797665272,2009
2009,198,2.4426497629849866,3.6232695856306236,-17.5,-16.192510664894254,2009
2009,199,2.4426497629849866,3.5980400106257298,-17.5,-16.220451412301177,2009
2009,200,2.4426497629849866,3.572624305948948,-17.5,-16.248598290891294,2009
2009,201,2.4426497629849866,3.546669585371397,-17.5,-16.277342108079413,2009
2009,202,2.4426497629849866,3.5184339955564394,-17.5,-16.308611896918592,2009
2009,203,2.4426497629849866,3.4858284413904967,-17.5,-16.34472124687144,2009
2009,204,2.4426497629849866,3.4467638277599875,-17.5,-16.38798374740058,2009
2009,205,2.4426497629849866,3.3991510595513352,-17.5,-16.440712987968617,2009
2009,206,2.4426497629849866,3.3409010416509624,-17.5,-16.505222558038163,2009
2009,207,2.4426497629849866,3.269924678945287,-17.5,-16.58382604707184,2009
2009,208,2.4426497629849866,3.184132876320733,-17.5,-16.67883704453226,2009
2009,209,4.880660869886604,3.0814365386637204,-14.8,-16.792569139882026,2009
2009,210,2.4426497629849866,2.959746570860671,-17.5,-16.927335922583765,2009
2010,1,58.42660851405918,60.04510329120782,44.5,46.29241837165169,2010
2010,2,68.17865294166565,51.57306062913,55.3,36.90996924217231,2010
2010,3,22.669112279502116,46.047834700890846,4.9,30.791002038120237,2010
2010,4,41.90231101172599,42.56163181787519,26.2,26.93017147935195,2010
2010,5,34.40768427569509,40.206658291467846,17.9,24.322132285723935,2010
2010,6,21.404958372219795,38.222650395992844,3.5,22.124922723134905,2010
2010,7,55.627410576505476,36.43946425753092,41.4,20.150115241652227,2010
2010,8,18.334870311677015,34.834485965102076,0.0999999999999996,18.372665837385522,2010
2010,9,31.879376461130448,33.38510160772624,15.1,16.767530506444363,2010
2010,10,12.82677114423262,32.068697274423386,-6.0,15.30966524493834,2010
2010,11,2.4426497629849866,30.862659054213488,-17.5,13.97402604897707,2010
2010,12,50.29990482438712,29.74437303611649,35.5,12.735568914670122,2010
2010,13,10.388760037331002,28.691225309152358,-8.7,11.569249838127085,2010
2010,14,40.54786039678065,27.680601962341072,24.7,10.450024815457578,2010
2010,15,12.375287605917505,26.68988908470257,-6.5,9.352849842771164,2010
2010,16,50.661091655039215,25.700875377807485,35.9,8.257556633869271,2010
2010,17,4.7903641622235815,24.712959993429067,-14.9,7.163479773320596,2010
2010,18,10.840243575646117,23.72994469589122,-8.2,6.074829563385645,2010
2010,19,24.836233263414666,22.755631249517865,7.3,4.995816306324954,2010
2010,20,19.0572439729812,21.79382141863289,0.9,3.930650304399016,2010
2010,21,22.578815571839094,20.848316967560223,4.8,2.8835418598683624,2010
2010,22,12.284990898254483,19.922919660623762,-6.6,1.858701274993507,2010
2010,23,22.398222156513047,19.021431262147424,4.6,0.8603388520349782,2010
2010,24,22.759408987165138,18.14765353645511,5.0,-0.10733510674672786,2010
2010,25,12.194694190591461,17.305388247870724,-6.7,-1.0401102990910829,2010
2010,26,30.615222553848128,16.49843716071819,13.7,-1.9337764227375693,2010
2010,27,2.4426497629849866,15.730602039321406,-17.5,-2.7841231754256697,2010
2010,28,30.79581596917418,15.005684648004285,13.9,-3.58694025489487,2010
2010,29,17.070716404394695,14.327486751090735,-1.3,-4.338017358884649,2010
2010,30,26.913057539664187,13.699810112904661,9.6,-5.033144185134498,2010
2010,31,10.659650160320071,13.125370850839627,-8.4,-5.669312742031142,2010
2010,32,2.4426497629849866,12.60254249456777,-17.5,-6.248324280550344,2010
2010,33,4.609770746897536,12.128612926830897,-15.1,-6.773182362315103,2010
2010,34,2.4426497629849866,11.700870030370794,-17.5,-7.24689054894843,2010
2010,35,2.4426497629849866,11.316601687929262,-17.5,-7.672452402073327,2010
2010,36,20.321397880263522,10.973095782248095,2.3,-8.052871483312805,2010
2010,37,46.77833322552923,10.667640196069089,31.6,-8.391151354289864,2010
2010,38,17.793090065698877,10.397522812134035,-0.5,-8.690295576627516,2010
2010,39,9.124606130048681,10.160031513184734,-10.1,-8.953307711948764,2010
2010,40,11.291727113961231,9.952454181962977,-7.7,-9.183191321876615,2010
2010,41,12.917067851895641,9.772078701210566,-5.9,-9.382949968034074,2010
2010,42,19.0572439729812,9.616192953669287,0.9,-9.55558721204415,2010
2010,43,2.4426497629849866,9.482084822080942,-17.5,-9.704106615529847,2010
2010,44,2.4426497629849866,9.367042189187325,-17.5,-9.831511740114172,2010
2010,45,23.75267277145839,9.268352937730231,6.1,-9.94080614742013,2010
2010,46,16.709529573742604,9.183304950451454,-1.7,-10.034993399070727,2010
2010,47,37.11658550558578,9.109186110092793,20.9,-10.11707705668897,2010
2010,48,4.700067454560559,9.043284299396039,-15.0,-10.190060681897869,2010
2010,49,2.4426497629849866,8.982887401102989,-17.5,-10.256947836320423,2010
2010,50,5.061254285212651,8.925283297955438,-14.6,-10.320742081579644,2010
2010,51,19.0572439729812,8.868213352600927,0.9,-10.383944768401284,2010
2010,52,2.4426497629849866,8.811232847309956,-17.5,-10.447048403922098,2010
2010,53,4.609770746897536,8.754350544258772,-15.1,-10.510043284381599,2010
2010,54,2.4426497629849866,8.69757520562362,-17.5,-10.572919706019285,2010
2010,55,4.880660869886604,8.640915593580747,-14.8,-10.635667965074665,2010
2010,56,17.070716404394695,8.5843804703064,-1.3,-10.698278357787244,2010
2010,57,14.09092505151494,8.527978597976823,-4.6,-10.760741180396526,2010
2010,58,2.4426497629849866,8.471718738768264,-17.5,-10.82304672914202,2010
2010,59,28.538398277598606,8.415609654856963,11.4,-10.885185300263231,2010
2010,60,8.13134234575543,8.359660108419174,-11.2,-10.947147189999662,2010
2010,61,2.4426497629849866,8.303878861631139,-17.5,-11.008922694590819,2010
2010,62,11.743210652276346,8.248274676669105,-7.2,-11.070502110276209,2010
2010,63,2.4426497629849866,8.192856315709315,-17.5,-11.131875733295338,2010
2010,64,9.214902837711705,8.13763254092802,-10.0,-11.19303385988771,2010
2010,65,2.4426497629849866,8.082612114501462,-17.5,-11.253966786292832,2010
2010,66,26.5518707090121,8.027803798605886,9.2,-11.314664808750212,2010
2010,67,4.7903641622235815,7.9732163554175415,-14.9,-11.37511822349935,2010
2010,68,2.4426497629849866,7.918858547112672,-17.5,-11.435317326779757,2010
2010,69,2.4426497629849866,7.864739135867524,-17.5,-11.495252414830937,2010
2010,70,8.673122591733566,7.810866883858344,-10.6,-11.554913783892392,2010
2010,71,11.020836990972162,7.757250553261377,-8.0,-11.614291730203632,2010
2010,72,2.4426497629849866,7.703898906252872,-17.5,-11.673376550004157,2010
2010,73,2.4426497629849866,7.65082070500907,-17.5,-11.73215853953348,2010
2010,74,2.4426497629849866,7.598024711706222,-17.5,-11.790627995031102,2010
2010,75,2.4426497629849866,7.545519688520567,-17.5,-11.848775212736532,2010
2010,76,2.4426497629849866,7.49331439762836,-17.5,-11.90659048888927,2010
2010,77,2.4426497629849866,7.44141760120584,-17.5,-11.964064119728828,2010
2010,78,2.4426497629849866,7.389838061429256,-17.5,-12.021186401494706,2010
2010,79,2.4426497629849866,7.33858454047485,-17.5,-12.077947630426419,2010
2010,80,12.82677114423262,7.287665800518871,-6.0,-12.134338102763461,2010
2010,81,2.4426497629849866,7.237090603737568,-17.5,-12.190348114745344,2010
2010,82,2.4426497629849866,7.186867712307182,-17.5,-12.245967962611571,2010
2010,83,2.4426497629849866,7.13700588840396,-17.5,-12.30118794260165,2010
2010,84,2.4426497629849866,7.08751389420415,-17.5,-12.355998350955085,2010
2010,85,2.4426497629849866,7.038400491883996,-17.5,-12.410389483911382,2010
2010,86,7.1380785614621765,6.989674443619743,-12.3,-12.464351637710049,2010
2010,87,9.576089668363796,6.941344511587641,-9.6,-12.517875108590587,2010
2010,88,2.4426497629849866,6.8934194579639305,-17.5,-12.570950192792507,2010
2010,89,11.291727113961231,6.8459080449248635,-7.7,-12.623567186555306,2010
2010,90,13.007364559558665,6.798819034646679,-5.8,-12.675716386118502,2010
2010,91,2.4426497629849866,6.752161189305628,-17.5,-12.727388087721591,2010
2010,92,2.4426497629849866,6.705943271077955,-17.5,-12.778572587604081,2010
2010,93,2.4426497629849866,6.660174042139905,-17.5,-12.82926018200548,2010
2010,94,2.4426497629849866,6.614862264667726,-17.5,-12.879441167165291,2010
2010,95,2.4426497629849866,6.570016700837662,-17.5,-12.929105839323022,2010
2010,96,2.4426497629849866,6.52564611282596,-17.5,-12.978244494718176,2010
2010,97,9.214902837711705,6.481759262808865,-10.0,-13.026847429590259,2010
2010,98,2.4426497629849866,6.438364912962623,-17.5,-13.07490494017878,2010
2010,99,11.201430406298208,6.395471825463481,-7.8,-13.122407322723237,2010
2010,100,2.4426497629849866,6.353088762487685,-17.5,-13.169344873463146,2010
2010,101,2.4426497629849866,6.311221828046975,-17.5,-13.215710832449105,2010
2010,102,2.4426497629849866,6.269866493495076,-17.5,-13.261510214976132,2010
2010,103,6.686595023147062,6.229015572021205,-12.8,-13.306750980150342,2010
2010,104,2.4426497629849866,6.188661876814585,-17.5,-13.351441087077845,2010
2010,105,4.700067454560559,6.148798221064431,-15.0,-13.39558849486476,2010
2010,106,4.880660869886604,6.109417417959965,-14.8,-13.439201162617202,2010
2010,107,2.4426497629849866,6.070512280690404,-17.5,-13.482287049441283,2010
2010,108,4.609770746897536,6.032075622444969,-15.1,-13.524854114443116,2010
2010,109,2.4426497629849866,5.994100256412879,-17.5,-13.56691031672882,2010
2010,110,9.485792960700772,5.956578995783351,-9.7,-13.608463615404505,2010
2010,111,13.820034928525871,5.919504653745607,-4.9,-13.64952196957629,2010
2010,112,2.4426497629849866,5.882870043488864,-17.5,-13.690093338350286,2010
2010,113,2.4426497629849866,5.846667978202342,-17.5,-13.730185680832609,2010
2010,114,2.4426497629849866,5.810891271075261,-17.5,-13.769806956129376,2010
2010,115,2.4426497629849866,5.7755327352968395,-17.5,-13.808965123346695,2010
2010,116,12.375287605917505,5.740585184056294,-6.5,-13.847668141590688,2010
2010,117,4.700067454560559,5.706041430542849,-15.0,-13.885923969967465,2010
2010,118,2.4426497629849866,5.671894287945721,-17.5,-13.92374056758314,2010
2010,119,12.465584313580528,5.638136569454125,-6.4,-13.961125893543834,2010
2010,120,2.4426497629849866,5.604761088257287,-17.5,-13.998087906955654,2010
2010,121,2.4426497629849866,5.571760657544422,-17.5,-14.034634566924717,2010
2010,122,10.298463329667978,5.539128090504753,-8.8,-14.070773832557137,2010
2010,123,9.214902837711705,5.506856200327493,-10.0,-14.106513662959031,2010
2010,124,2.4426497629849866,5.474937800201867,-17.5,-14.141862017236512,2010
2010,125,2.4426497629849866,5.443365703317091,-17.5,-14.176826854495696,2010
2010,126,2.4426497629849866,5.412132722862385,-17.5,-14.211416133842695,2010
2010,127,2.4426497629849866,5.381231672026968,-17.5,-14.245637814383624,2010
2010,128,2.4426497629849866,5.350655364000059,-17.5,-14.2794998552246,2010
2010,129,11.291727113961231,5.320396611970877,-7.7,-14.313010215471735,2010
2010,130,2.4426497629849866,5.290448229128642,-17.5,-14.346176854231146,2010
2010,131,31.789079753467423,5.260803028662574,15.0,-14.379007730608944,2010
2010,132,4.700067454560559,5.231453823761891,-15.0,-14.411510803711243,2010
2010,133,12.284990898254483,5.20239342761581,-6.6,-14.443694032644164,2010
2010,134,2.4426497629849866,5.173614653413552,-17.5,-14.475565376513817,2010
2010,135,4.970957577549628,5.145110314344339,-14.7,-14.507132794426315,2010
2010,136,2.4426497629849866,5.116873223597385,-17.5,-14.53840424548778,2010
2010,137,2.4426497629849866,5.088896194361911,-17.5,-14.569387688804317,2010
2010,138,2.4426497629849866,5.061172039827137,-17.5,-14.600091083482047,2010
2010,139,2.4426497629849866,5.033693573182283,-17.5,-14.630522388627082,2010
2010,140,9.485792960700772,5.006453607616566,-9.7,-14.660689563345535,2010
2010,141,2.4426497629849866,4.979444956319209,-17.5,-14.690600566743523,2010
2010,142,2.4426497629849866,4.952660432479425,-17.5,-14.720263357927163,2010
2010,143,2.4426497629849866,4.926092849286438,-17.5,-14.749685896002564,2010
2010,144,7.047781853799154,4.899735019929465,-12.4,-14.778876140075845,2010
2010,145,2.4426497629849866,4.873579757597726,-17.5,-14.807842049253118,2010
2010,146,2.4426497629849866,4.84761987548044,-17.5,-14.836591582640498,2010
2010,147,35.58154147531439,4.821848186766826,19.2,-14.865132699344102,2010
2010,148,9.124606130048681,4.796257504646103,-10.1,-14.89347335847004,2010
2010,149,2.4426497629849866,4.77084064230749,-17.5,-14.921621519124432,2010
2010,150,2.4426497629849866,4.745590412940208,-17.5,-14.949585140413385,2010
2010,151,2.4426497629849866,4.720499819943199,-17.5,-14.977371970793342,2010
2010,152,2.4426497629849866,4.695562627554314,-17.5,-15.00498891612201,2010
2010,153,2.4426497629849866,4.670772790221126,-17.5,-15.032442671607427,2010
2010,154,21.58555178754584,4.646124262391211,3.7,-15.059739932457624,2010
2010,155,2.4426497629849866,4.62161099851214,-17.5,-15.086887393880637,2010
2010,156,2.4426497629849866,4.597226953031492,-17.5,-15.113891751084498,2010
2010,157,15.806562497112374,4.572966080396839,-2.7,-15.14075969927724,2010
2010,158,2.4426497629849866,4.548822335055754,-17.5,-15.167497933666901,2010
2010,159,2.4426497629849866,4.524789671455815,-17.5,-15.194113149461508,2010
2010,160,2.4426497629849866,4.500862044044593,-17.5,-15.2206120418691,2010
2010,161,2.4426497629849866,4.477033407269665,-17.5,-15.247001306097706,2010
2010,162,12.375287605917505,4.453297715578602,-6.5,-15.273287637355367,2010
2010,163,2.4426497629849866,4.4296489234189815,-17.5,-15.299477730850109,2010
2010,164,2.4426497629849866,4.406080985238378,-17.5,-15.32557828178997,2010
2010,165,2.4426497629849866,4.382587855484364,-17.5,-15.35159598538298,2010
2010,166,2.4426497629849866,4.359163488604516,-17.5,-15.377537536837178,2010
2010,167,2.4426497629849866,4.335801839046406,-17.5,-15.403409631360594,2010
2010,168,11.020836990972162,4.312496861257611,-8.0,-15.42921896416126,2010
2010,169,2.4426497629849866,4.289242509685704,-17.5,-15.454972230447213,2010
2010,170,2.4426497629849866,4.266032738778258,-17.5,-15.480676125426488,2010
2010,171,2.4426497629849866,4.2428615029828505,-17.5,-15.506337344307115,2010
2010,172,4.609770746897536,4.219722756747055,-15.1,-15.531962582297126,2010
2010,173,2.4426497629849866,4.196610454518444,-17.5,-15.557558534604562,2010
2010,174,2.4426497629849866,4.1735185507445935,-17.5,-15.58313189643745,2010
2010,175,2.4426497629849866,4.150440999873077,-17.5,-15.608689363003826,2010
2010,176,2.4426497629849866,4.1273717563514705,-17.5,-15.634237629511725,2010
2010,177,2.4426497629849866,4.104304774627348,-17.5,-15.659783391169178,2010
2010,178,34.58827769102115,4.081234009148283,18.1,-15.685333343184219,2010
2010,179,2.4426497629849866,4.05815341436185,-17.5,-15.710894180764885,2010
2010,180,2.4426497629849866,4.035056944715624,-17.5,-15.736472599119205,2010
2010,181,2.4426497629849866,4.0119385546571795,-17.5,-15.762075293455215,2010
2010,182,2.4426497629849866,3.988792198634089,-17.5,-15.78770895898095,2010
2010,183,2.4426497629849866,3.9656118310939297,-17.5,-15.813380290904442,2010
2010,184,2.4426497629849866,3.9423914064842744,-17.5,-15.839095984433724,2010
2010,185,2.4426497629849866,3.919124879252698,-17.5,-15.864862734776832,2010
2010,186,2.4426497629849866,3.895806203846775,-17.5,-15.890687237141798,2010
2010,187,2.4426497629849866,3.87242933471408,-17.5,-15.916576186736654,2010
2010,188,2.4426497629849866,3.8489882263021857,-17.5,-15.942536278769436,2010
2010,189,2.4426497629849866,3.8254768330586697,-17.5,-15.968574208448178,2010
2010,190,2.4426497629849866,3.8018891094311034,-17.5,-15.994696670980913,2010
2010,191,2.4426497629849866,3.7782190098670627,-17.5,-16.020910361575673,2010
2010,192,2.4426497629849866,3.754460488814121,-17.5,-16.047221975440497,2010
2010,193,4.609770746897536,3.730607500719854,-15.1,-16.07363820778341,2010
2010,194,2.4426497629849866,3.706654000031836,-17.5,-16.100165753812455,2010
2010,195,2.4426497629849866,3.6825939411976414,-17.5,-16.126811308735654,2010
2010,196,2.4426497629849866,3.658421278664843,-17.5,-16.153581567761055,2010
2010,197,2.4426497629849866,3.634129966881017,-17.5,-16.18048322609668,2010
2010,198,4.700067454560559,3.609713960293737,-15.0,-16.20752297895057,2010
2010,199,2.4426497629849866,3.5851672133505774,-17.5,-16.234707521530755,2010
2010,200,2.4426497629849866,3.560483680499114,-17.5,-16.262043549045266,2010
2010,201,2.4426497629849866,3.535281706260495,-17.5,-16.28995372970509,2010
2010,202,2.4426497629849866,3.507677195450178,-17.5,-16.320524623732958,2010
2010,203,2.4426497629849866,3.4754104429571937,-17.5,-16.35625876435456,2010
2010,204,2.4426497629849866,3.436221743670573,-17.5,-16.39965868479559,2010
2010,205,2.4426497629849866,3.3878513924793476,-17.5,-16.453226918281732,2010
2010,206,2.4426497629849866,3.328039684272551,-17.5,-16.519465998038665,2010
2010,207,2.4426497629849866,3.254526913939212,-17.5,-16.600878457292087,2010
2010,208,2.4426497629849866,3.165053376368365,-17.5,-16.699966829267677,2010
2010,209,4.700067454560559,3.057359366449039,-15.0,-16.819233647191126,2010
2010,210,11.562617236950299,2.929185179070268,-7.4,-16.961181444288115,2010
2011,1,47.77159700982248,61.48275904086826,32.7,47.884564737636154,2011
2011,2,53.008806054277805,51.89289451603055,38.5,37.264172507361266,2011
2011,3,42.08290442705204,45.68744267301252,26.4,30.391882250471642,2011
2011,4,42.624684673030174,41.83785448587672,27.0,26.12861697007845,2011
2011,5,27.274244370316286,39.315580928685705,10.0,23.335299669292848,2011
2011,6,40.54786039678065,37.25800203910847,24.7,21.056613166950054,2011
2011,7,49.75812457840899,35.46621410923973,34.9,19.072279544781356,2011
2011,8,42.7149813806932,33.907242494780675,27.1,17.345780700242134,2011
2011,9,52.10583897764758,32.54811255143244,37.5,15.84059853078767,2011
2011,10,39.46429990482437,31.355849634896217,23.5,14.520214933873358,2011
2011,11,9.214902837711705,30.29747910087317,-10.0,13.348111806954524,2011
2011,12,22.307925448850025,29.34002630506445,4.5,12.287771047486508,2011
2011,13,29.98314560020697,28.450516603171238,13.0,11.302674552924639,2011
2011,14,21.22436495689375,27.595975350894715,3.3,10.3563042207243,2011
2011,15,31.24729950748929,26.743427903936016,14.4,9.412141948340782,2011
2011,16,15.535672374123306,25.86639826768721,-3.0,8.440866628401341,2011
2011,17,28.26750815460953,24.964405046303828,11.1,7.441945134220713,2011
2011,18,6.867188438473109,24.04346549363229,-12.6,6.422041334285527,2011
2011,19,27.183947662653264,23.10959686351902,9.9,5.387819097082414,2011
2011,20,24.565343140425597,22.168816409810418,7.0,4.345942291097984,2011
2011,21,15.445375666460285,21.227141386352923,-3.1,3.3030747848188824,2011
2011,22,2.4426497629849866,20.29058904699295,-17.5,2.265880446731739,2011
2011,23,13.910331636188893,19.365176645576906,-4.8,1.2410231453231688,2011
2011,24,10.479056744994024,18.45692143595122,-8.6,0.23516674907980573,2011
2011,25,7.047781853799154,17.571840671962303,-12.4,-0.7450248735117277,2011
2011,26,17.341606527383764,16.715951607456574,-1.0,-1.6928878539648018,2011
2011,27,21.404958372219795,15.895271496280458,3.5,-2.601758323792783,2011
2011,28,2.4426497629849866,15.115817592280365,-17.5,-3.464972414509056,2011
2011,29,11.652913944613323,14.383607149302716,-7.3,-4.275866257626989,2011
2011,30,38.01955258221601,13.704657421193929,21.9,-5.027775984659948,2011
2011,31,4.7903641622235815,13.083490421816744,-14.9,-5.71569364572829,2011
2011,32,15.62596908178633,12.51864720509915,-2.9,-6.341234965380304,2011
2011,33,12.014100775265414,12.007173584985477,-6.9,-6.907671586771235,2011
2011,34,13.639441513199827,11.546115375420035,-5.1,-7.418275153056353,2011
2011,35,17.612496650372833,11.132518390347144,-0.7,-7.876317307390913,2011
2011,36,15.084188835808193,10.76342844371112,-3.5,-8.28506969293018,2011
2011,37,29.98314560020697,10.435891349456284,13.0,-8.647803952829408,2011
2011,38,2.4426497629849866,10.14695292152695,-17.5,-8.967791730243862,2011
2011,39,2.4426497629849866,9.893658973867439,-17.5,-9.248304668328798,2011
2011,40,8.944012714722636,9.673055320422062,-10.3,-9.492614410239483,2011
2011,41,20.321397880263522,9.482187775135143,2.3,-9.70399259913117,2011
2011,42,25.378013509392805,9.318102151950999,7.9,-9.88571087815912,2011
2011,43,47.77159700982248,9.177844264813944,32.7,-10.041040890478596,2011
2011,44,15.71626578944935,9.058459927668295,-2.8,-10.17325427924486,2011
2011,45,18.96694726531818,8.956994954458374,0.8,-10.285622687613166,2011
2011,46,18.515463727003063,8.870495159128495,0.3,-10.381417758738777,2011
2011,47,21.043771541567704,8.796006355622978,3.1,-10.463911135776955,2011
2011,48,18.786353849992132,8.730574357886137,0.6,-10.536374461882957,2011
2011,49,2.4426497629849866,8.671244979862296,-17.5,-10.602079380212043,2011
2011,50,4.609770746897536,8.615064035495765,-15.1,-10.664297533919475,2011
2011,51,2.4426497629849866,8.559570626976981,-17.5,-10.725754269115047,2011
2011,52,11.652913944613323,8.504277009480855,-7.3,-10.786989743726675,2011
2011,53,25.10712338640373,8.449188726428407,7.6,-10.847997818636816,2011
2011,54,12.917067851895641,8.394311321240663,-5.9,-10.908772354727923,2011
2011,55,10.208166622004956,8.339650337338645,-8.9,-10.969307212882448,2011
2011,56,9.214902837711705,8.285211318143379,-10.0,-11.029596253982845,2011
2011,57,11.743210652276346,8.230999807075888,-7.2,-11.08963333891157,2011
2011,58,54.00206983857107,8.177021347557199,39.6,-11.14941232855107,2011
2011,59,2.4426497629849866,8.12328148300833,-17.5,-11.20892708378381,2011
2011,60,2.4426497629849866,8.069785756850312,-17.5,-11.26817146549223,2011
2011,61,12.917067851895641,8.016539712504164,-5.9,-11.327139334558792,2011
2011,62,2.4426497629849866,7.963548893390914,-17.5,-11.385824551865944,2011
2011,63,4.609770746897536,7.910818842931584,-15.1,-11.444220978296146,2011
2011,64,34.40768427569509,7.858355104547199,17.9,-11.502322474731844,2011
2011,65,4.519474039234513,7.806163221658783,-15.2,-11.560122902055497,2011
2011,66,4.609770746897536,7.754248737687359,-15.1,-11.617616121149556,2011
2011,67,17.793090065698877,7.702617196053952,-0.5,-11.674795992896474,2011
2011,68,15.174485543471214,7.651274140179587,-3.4,-11.731656378178705,2011
2011,70,7.047781853799154,7.549475659392076,-12.4,-11.844394132878923,2011
2011,71,2.4426497629849866,7.499031321320978,-17.5,-11.900259224061816,2011
2011,72,4.700067454560559,7.448897642693019,-15.0,-11.955780272309834,2011
2011,73,6.776891730810086,7.399080166929222,-12.7,-12.010951138505433,2011
2011,74,2.4426497629849866,7.349584437450611,-17.5,-12.065765683531065,2011
2011,75,8.853716007059612,7.30041599767821,-10.4,-12.120217768269184,2011
2011,76,9.846979791352863,7.251580391033045,-9.3,-12.174301253602243,2011
2011,77,6.686595023147062,7.203083160936137,-12.8,-12.228010000412695,2011
2011,78,2.4426497629849866,7.154929850808512,-17.5,-12.281337869582995,2011
2011,79,14.271518466840984,7.107126004071192,-4.4,-12.334278721995597,2011
2011,80,12.82677114423262,7.059677164145205,-6.0,-12.386826418532952,2011
2011,81,2.4426497629849866,7.012588874451573,-17.5,-12.438974820077512,2011
2011,82,12.736474436569598,6.965866678411319,-6.1,-12.490717787511738,2011
2011,83,4.880660869886604,6.91951611944547,-14.8,-12.542049181718072,2011
2011,84,2.4426497629849866,6.873542740975049,-17.5,-12.592962863578975,2011
2011,85,10.208166622004956,6.827952086421078,-8.9,-12.6434526939769,2011
2011,86,16.077452620101447,6.782749699204583,-2.4,-12.693512533794301,2011
2011,87,4.609770746897536,6.737941122746589,-15.1,-12.743136243913629,2011
2011,88,2.4426497629849866,6.693531900468118,-17.5,-12.792317685217336,2011
2011,89,2.4426497629849866,6.649527575790198,-17.5,-12.841050718587876,2011
2011,90,6.59629831548404,6.605933692133847,-12.9,-12.889329204907707,2011
2011,91,9.124606130048681,6.562755792920095,-10.1,-12.937147005059279,2011
2011,92,4.700067454560559,6.519999421569962,-15.0,-12.984497979925045,2011
2011,93,2.4426497629849866,6.477670121504475,-17.5,-13.03137599038746,2011
2011,94,2.4426497629849866,6.4357734361446575,-17.5,-13.077774897328974,2011
2011,95,5.1515509928756735,6.394314908911532,-14.5,-13.123688561632044,2011
2011,96,27.63543120096838,6.353300083226124,10.4,-13.169110844179123,2011
2011,97,2.4426497629849866,6.312734502509458,-17.5,-13.214035605852663,2011
2011,98,11.562617236950299,6.272623710182557,-7.4,-13.25845670753512,2011
2011,99,16.438639450753534,6.232973249666445,-2.0,-13.302368010108943,2011
2011,100,2.4426497629849866,6.193788664382149,-17.5,-13.345763374456588,2011
2011,101,4.519474039234513,6.155073246527611,-15.2,-13.388639154600222,2011
2011,102,2.4426497629849866,6.116821283408459,-17.5,-13.43100167712087,2011
2011,103,2.4426497629849866,6.0790248111072405,-17.5,-13.472859761739272,2011
2011,104,42.624684673030174,6.041675865706505,27.0,-13.514222228176163,2011
2011,105,2.4426497629849866,6.004766483288799,-17.5,-13.555097896152283,2011
2011,106,2.4426497629849866,5.968288699936671,-17.5,-13.595495585388374,2011
2011,107,2.4426497629849866,5.932234551732669,-17.5,-13.635424115605169,2011
2011,108,2.4426497629849866,5.896596074759337,-17.5,-13.674892306523414,2011
2011,109,2.4426497629849866,5.861365305099232,-17.5,-13.713908977863838,2011
2011,110,4.880660869886604,5.8265342788348935,-14.8,-13.75248294934719,2011
2011,111,2.4426497629849866,5.792095032048874,-17.5,-13.790623040694198,2011
2011,112,2.4426497629849866,5.75803960082372,-17.5,-13.828338071625609,2011
2011,113,2.4426497629849866,5.724360021241979,-17.5,-13.865636861862157,2011
2011,114,18.15427689635097,5.691048329386199,-0.1,-13.902528231124585,2011
2011,115,2.4426497629849866,5.6580965613389305,-17.5,-13.939020999133625,2011
2011,116,2.4426497629849866,5.625496753182717,-17.5,-13.975123985610022,2011
2011,117,2.4426497629849866,5.59324094100011,-17.5,-14.010846010274513,2011
2011,118,2.4426497629849866,5.561321160873657,-17.5,-14.046195892847834,2011
2011,119,2.4426497629849866,5.529729448885902,-17.5,-14.081182453050726,2011
2011,120,2.4426497629849866,5.498457841119399,-17.5,-14.115814510603926,2011
2011,121,4.700067454560559,5.467498373656692,-15.0,-14.150100885228177,2011
2011,122,2.4426497629849866,5.436843082580333,-17.5,-14.184050396644208,2011
2011,123,2.4426497629849866,5.406484003972864,-17.5,-14.217671864572768,2011
2011,124,2.4426497629849866,5.376413173916837,-17.5,-14.250974108734592,2011
2011,125,4.519474039234513,5.346622628494799,-15.2,-14.283965948850415,2011
2011,126,12.284990898254483,5.317104403789298,-6.6,-14.316656204640982,2011
2011,127,2.4426497629849866,5.287850535882883,-17.5,-14.349053695827024,2011
2011,128,2.4426497629849866,5.258853060858098,-17.5,-14.381167242129287,2011
2011,129,9.124606130048681,5.2301040147974955,-10.1,-14.413005663268507,2011
2011,130,2.4426497629849866,5.201595433783622,-17.5,-14.44457777896542,2011
2011,131,5.96422136184288,5.173319353899025,-13.6,-14.47589240894077,2011
2011,132,2.4426497629849866,5.145267811226254,-17.5,-14.506958372915287,2011
2011,133,7.228375269125201,5.117432841847853,-12.2,-14.53778449060972,2011
2011,134,2.4426497629849866,5.089806481846373,-17.5,-14.5683795817448,2011
2011,135,2.4426497629849866,5.062380767304364,-17.5,-14.598752466041269,2011
2011,136,2.4426497629849866,5.035147734304368,-17.5,-14.628911963219865,2011
2011,137,2.4426497629849866,5.008099418928937,-17.5,-14.658866893001328,2011
2011,138,5.422441115864743,4.98122785726062,-14.2,-14.688626075106392,2011
2011,139,36.12332172129253,4.954525085381964,19.8,-14.718198329255799,2011
2011,140,2.4426497629849866,4.927983139375515,-17.5,-14.74759247517029,2011
2011,141,2.4426497629849866,4.901594055323822,-17.5,-14.776817332570598,2011
2011,142,2.4426497629849866,4.875349869309432,-17.5,-14.805881721177467,2011
2011,143,6.867188438473109,4.849242617414898,-12.6,-14.834794460711631,2011
2011,144,4.609770746897536,4.823264335722762,-15.1,-14.863564370893833,2011
2011,145,2.4426497629849866,4.797407060315573,-17.5,-14.892200271444807,2011
2011,146,2.4426497629849866,4.771662827275881,-17.5,-14.920710982085296,2011
2011,147,2.4426497629849866,4.746023672686233,-17.5,-14.949105322536036,2011
2011,148,13.278254682547734,4.720481632629176,-5.5,-14.977392112517766,2011
2011,149,2.4426497629849866,4.695028743187259,-17.5,-15.005580171751227,2011
2011,150,16.25804603542749,4.669657040443031,-2.2,-15.033678319957154,2011
2011,151,7.499265392114268,4.644358906507714,-11.9,-15.061694993643338,2011
2011,152,4.7903641622235815,4.6191281076072395,-14.9,-15.089637096465772,2011
2011,153,2.4426497629849866,4.593958755996212,-17.5,-15.1175111488675,2011
2011,154,2.4426497629849866,4.568844963929236,-17.5,-15.145323671291571,2011
2011,155,2.4426497629849866,4.543780843660918,-17.5,-15.173081184181028,2011
2011,156,2.4426497629849866,4.518760507445864,-17.5,-15.200790207978914,2011
2011,157,2.4426497629849866,4.49377806753868,-17.5,-15.228457263128272,2011
2011,158,8.673122591733566,4.4688276361939705,-10.6,-15.256088870072151,2011
2011,159,2.4426497629849866,4.4439033256663425,-17.5,-15.283691549253591,2011
2011,160,29.170475231239763,4.4189992482104,12.1,-15.311271821115643,2011
2011,161,2.4426497629849866,4.394109516080749,-17.5,-15.338836206101346,2011
2011,162,2.4426497629849866,4.369228241531994,-17.5,-15.36639122465375,2011
2011,163,2.4426497629849866,4.344349536818743,-17.5,-15.393943397215894,2011
2011,164,2.4426497629849866,4.319467514195601,-17.5,-15.421499244230823,2011
2011,165,2.4426497629849866,4.294576285917173,-17.5,-15.449065286141586,2011
2011,166,2.4426497629849866,4.269669964238064,-17.5,-15.476648043391227,2011
2011,167,2.4426497629849866,4.24474266141288,-17.5,-15.50425403642279,2011
2011,168,2.4426497629849866,4.219788489696228,-17.5,-15.531889785679317,2011
2011,169,2.4426497629849866,4.194801561342711,-17.5,-15.559561811603855,2011
2011,170,4.519474039234513,4.169775988606935,-15.2,-15.587276634639451,2011
2011,171,9.305199545374727,4.14470588374351,-9.9,-15.615040775229144,2011
2011,172,2.4426497629849866,4.119585359007036,-17.5,-15.642860753815981,2011
2011,173,2.4426497629849866,4.094408526652121,-17.5,-15.670743090843011,2011
2011,174,10.569353452657047,4.06916949893337,-8.5,-15.698694306753275,2011
2011,175,2.4426497629849866,4.0438623881053894,-17.5,-15.726720921989816,2011
2011,176,2.4426497629849866,4.0184813064227844,-17.5,-15.754829456995683,2011
2011,177,4.7903641622235815,3.993020366140161,-14.9,-15.783026432213916,2011
2011,178,2.4426497629849866,3.9674736795121244,-17.5,-15.811318368087562,2011
2011,179,14.452111882167031,3.9418353587932784,-4.2,-15.83971178505967,2011
2011,180,2.4426497629849866,3.9160995162382326,-17.5,-15.868213203573276,2011
2011,181,2.4426497629849866,3.8902602641015895,-17.5,-15.896829144071429,2011
2011,182,2.4426497629849866,3.8643117146379544,-17.5,-15.925566126997177,2011
2011,183,2.4426497629849866,3.8382479801019356,-17.5,-15.95443067279356,2011
2011,184,12.194694190591461,3.8120631727481356,-6.7,-15.983429301903625,2011
2011,185,2.4426497629849866,3.785751404831162,-17.5,-16.012568534770416,2011
2011,186,2.4426497629849866,3.7593067886056195,-17.5,-16.041854891836977,2011
2011,187,2.4426497629849866,3.732723436326115,-17.5,-16.071294893546355,2011
2011,188,2.4426497629849866,3.7059954602472516,-17.5,-16.100895060341593,2011
2011,189,2.4426497629849866,3.679116972623638,-17.5,-16.130661912665733,2011
2011,190,2.4426497629849866,3.6520820857098775,-17.5,-16.160601970961824,2011
2011,191,12.194694190591461,3.6248849117605766,-6.7,-16.19072175567291,2011
2011,192,2.4426497629849866,3.59751956303034,-17.5,-16.221027787242036,2011
2011,193,6.59629831548404,3.5699801517737746,-12.9,-16.251526586112245,2011
2011,194,2.4426497629849866,3.542260790245485,-17.5,-16.28222467272658,2011
2011,195,11.382023821624253,3.514355590700078,-7.6,-16.313128567528093,2011
2011,196,2.4426497629849866,3.4862586653921572,-17.5,-16.34424479095982,2011
2011,197,2.4426497629849866,3.4579641265763303,-17.5,-16.37557986346481,2011
2011,198,2.4426497629849866,3.4294660865072015,-17.5,-16.407140305486106,2011
2011,199,4.700067454560559,3.4007586574393764,-15.0,-16.438932637466756,2011
2011,200,2.4426497629849866,3.371835951627462,-17.5,-16.470963379849803,2011
2011,201,7.58956209977729,3.3423083519253174,-11.8,-16.503664018074993,2011
2011,202,2.4426497629849866,3.310251323583826,-17.5,-16.5391658975689,2011
2011,203,2.4426497629849866,3.2733566024531253,-17.5,-16.580025328754793,2011
2011,204,16.52893615841656,3.229315924383352,-1.9,-16.62879862205595,2011
2011,205,14.7230020051561,3.1758210252246433,-3.9,-16.688042087895642,2011
2011,206,2.4426497629849866,3.110563640827139,-17.5,-16.76031203669714,2011
2011,207,2.4426497629849866,3.0312355070409738,-17.5,-16.84816477888372,2011
2011,208,43.347058334334356,2.935528359716287,27.8,-16.954156624878653,2011
2011,209,14.452111882167031,2.8211339347032154,-4.2,-17.080843885105214,2011
2011,210,2.4426497629849866,2.6857439678518977,-17.5,-17.230782869986676,2011
2012,1,25.64890363238187,63.914669544948076,8.2,50.577808563485746,2012
2012,2,33.504717199064864,53.56234383325403,16.9,39.11302099855287,2012
2012,3,47.410410179170384,46.858248197505276,32.3,31.68850264206119,2012
2012,4,7.408968684451246,42.69180966921863,-12.0,27.07433825432368,2012
2012,5,47.22981676384435,39.95245527991095,32.1,24.04061259565334,2012
2012,6,52.015542269984564,37.70919263370476,37.4,21.556288743472823,2012
2012,7,43.79854187264947,35.749351625145174,28.3,19.385843043643444,2012
2012,8,19.68932092662236,34.03984272138302,1.6,17.492630159136237,2012
2012,9,45.243289195257844,32.54757638956908,29.9,15.840004752922194,2012
2012,10,16.619232866079578,31.239463096854184,-1.8,14.391321487972352,2012
2012,11,53.008806054277805,30.08241331038914,38.5,13.109935027257723,2012
2012,12,17.52219994270981,29.043337497324735,-0.8,11.959200033749298,2012
2012,13,20.95347483390468,28.08914612481179,3.0,10.902471170418117,2012
2012,14,22.669112279502116,27.18674966000112,4.9,9.903103100235189,2012
2012,15,32.8726402454237,26.30305857004351,16.2,8.924450486171512,2012
2012,16,26.82276083200117,25.411244263806324,9.5,7.936801734275335,2012
2012,17,40.818750519769715,24.509521917023065,25.0,6.93818022290375,2012
2012,18,37.65836575156391,23.602367647143776,21.5,5.93354307349108,2012
2012,19,2.4426497629849866,22.69425757161853,-17.5,4.92784740747166,2012
2012,20,20.321397880263522,21.78966780789734,2.3,3.9260503462797764,2012
2012,21,14.09092505151494,20.893074473430282,-4.6,2.9331090113497744,2012
2012,22,37.65836575156391,20.0089536856674,21.5,1.953980524115977,2012
2012,23,23.03029911015421,19.141781562058743,5.3,0.9936220060126999,2012
2012,24,2.4426497629849866,18.296034220054352,-17.5,0.05699057847424882,2012
2012,25,9.756683083689841,17.476187777104286,-9.4,-0.850956637065039,2012
2012,26,11.472320529287275,16.68671835065859,-7.5,-1.7252625191708475,2012
2012,27,4.609770746897536,15.932102058167313,-15.1,-2.560969946408857,2012
2012,28,23.84296947912141,15.216815017080503,6.2,-3.353121797344752,2012
2012,29,11.472320529287275,14.545333344848213,-7.5,-4.096760950544205,2012
2012,30,33.685310614390914,13.922133158920488,17.1,-4.786930284572906,2012
2012,31,2.4426497629849866,13.350507477601216,-17.5,-5.419982913083475,2012
2012,32,2.4426497629849866,12.829016922609597,-17.5,-5.997512890076393,2012
2012,33,2.4426497629849866,12.355039016518685,-17.5,-6.522424504639067,2012
2012,34,2.4426497629849866,11.92595128190151,-17.5,-6.997622045858934,2012
2012,35,2.4426497629849866,11.539131241331122,-17.5,-7.426009802823403,2012
2012,36,6.957485146136132,11.19195641738056,-12.5,-7.8104920646199005,2012
2012,37,9.937276499015887,10.881804332622867,-9.2,-8.153973120335849,2012
2012,38,13.820034928525871,10.606052509631082,-4.9,-8.459357259058667,2012
2012,39,2.4426497629849866,10.362078470978254,-17.5,-8.729548769875775,2012
2012,40,2.4426497629849866,10.147259739237418,-17.5,-8.967451941874597,2012
2012,41,2.4426497629849866,9.958973836981622,-17.5,-9.175971064142551,2012
2012,42,7.318671976788223,9.794598286783902,-12.1,-9.358010425767066,2012
2012,43,2.4426497629849866,9.651510611217304,-17.5,-9.516474315835554,2012
2012,44,28.35780486227256,9.52708833285487,11.2,-9.654267023435441,2012
2012,45,2.4426497629849866,9.418708974269638,-17.5,-9.774292837654153,2012
2012,46,2.4426497629849866,9.323750058034655,-17.5,-9.879456047579103,2012
2012,47,16.619232866079578,9.239589106722962,-1.8,-9.972660942297715,2012
2012,48,2.4426497629849866,9.1636036429076,-17.5,-10.056811810897411,2012
2012,49,10.749946867983093,9.093171189161609,-8.3,-10.134812942465613,2012
2012,50,20.231101172600496,9.025669268058035,2.2,-10.209568626089744,2012
2012,51,2.4426497629849866,8.958913637599746,-17.5,-10.283497822608638,2012
2012,52,5.873924654179857,8.89247299750894,-13.7,-10.357078179866797,2012
2012,53,2.4426497629849866,8.826354282937633,-17.5,-10.43030201746014,2012
2012,54,2.4426497629849866,8.760564429037853,-17.5,-10.503161654984575,2012
2012,55,23.75267277145839,8.695110370961617,6.1,-10.575649412036034,2012
2012,56,2.4426497629849866,8.629999043860948,-17.5,-10.647757608210423,2012
2012,57,2.4426497629849866,8.565237382887872,-17.5,-10.719478563103662,2012
2012,58,17.973683481024924,8.500832323194413,-0.299999999999999,-10.790804596311665,2012
2012,59,10.388760037331002,8.436790799932583,-8.7,-10.861728027430354,2012
2012,60,31.879376461130448,8.373119748254412,15.1,-10.932241176055644,2012
2012,61,15.71626578944935,8.30982610331192,-2.8,-11.002336361783453,2012
2012,62,2.4426497629849866,8.246916800257132,-17.5,-11.072005904209693,2012
2012,63,13.187957974884712,8.184398774242068,-5.6,-11.141242122930286,2012
2012,64,2.4426497629849866,8.122278960418749,-17.5,-11.210037337541147,2012
2012,65,21.404958372219795,8.060564293939201,3.5,-11.27838386763819,2012
2012,66,15.806562497112374,7.99926170995544,-2.7,-11.346274032817341,2012
2012,67,5.061254285212651,7.938378143619494,-14.6,-11.413700152674508,2012
2012,68,2.4426497629849866,7.877920530083383,-17.5,-11.480654546805614,2012
2012,69,2.4426497629849866,7.8178958044991305,-17.5,-11.547129534806569,2012
2012,70,4.880660869886604,7.758310902018758,-14.8,-11.613117436273292,2012
2012,71,4.609770746897536,7.699172757794287,-15.1,-11.678610570801707,2012
2012,72,2.4426497629849866,7.6404883069777405,-17.5,-11.743601257987724,2012
2012,73,2.4426497629849866,7.58226448472114,-17.5,-11.80808181742726,2012
2012,74,28.899585108250694,7.5245082261765095,11.8,-11.872044568716234,2012
2012,75,2.4426497629849866,7.467226466495869,-17.5,-11.935481831450561,2012
2012,76,2.4426497629849866,7.410426140831243,-17.5,-11.99838592522616,2012
2012,77,12.194694190591461,7.354114184334652,-6.7,-12.060749169638948,2012
2012,78,38.92251965884624,7.298297532158118,22.9,-12.12256388428484,2012
2012,79,2.4426497629849866,7.242983119453662,-17.5,-12.183822388759758,2012
2012,80,2.4426497629849866,7.188177881373311,-17.5,-12.244517002659611,2012
2012,81,13.639441513199827,7.133888753069084,-5.1,-12.30464004558032,2012
2012,82,2.4426497629849866,7.0801226696930035,-17.5,-12.364183837117803,2012
2012,83,2.4426497629849866,7.026886566397093,-17.5,-12.423140696867975,2012
2012,84,2.4426497629849866,6.974187378333374,-17.5,-12.481502944426751,2012
2012,85,16.799826281405625,6.922032040653866,-1.6,-12.539262899390057,2012
2012,86,37.02628879792275,6.870427488510594,20.8,-12.5964128813538,2012
2012,87,2.4426497629849866,6.819380657055581,-17.5,-12.652945209913899,2012
2012,88,2.4426497629849866,6.768898481440847,-17.5,-12.708852204666275,2012
2012,89,11.382023821624253,6.718987896818418,-7.6,-12.764126185206838,2012
2012,90,2.4426497629849866,6.6696558383403115,-17.5,-12.818759471131512,2012
2012,91,2.4426497629849866,6.620909241158552,-17.5,-12.872744382036212,2012
2012,92,2.4426497629849866,6.572755040425161,-17.5,-12.926073237516853,2012
2012,93,21.58555178754584,6.525200171292162,3.7,-12.978738357169354,2012
2012,94,2.4426497629849866,6.478251568911578,-17.5,-13.030732060589628,2012
2012,95,25.919793755370943,6.431916168435428,8.5,-13.082046667373596,2012
2012,96,4.519474039234513,6.386200905015736,-15.2,-13.132674497117176,2012
2012,97,7.679858807440316,6.341112713804524,-11.7,-13.18260786941628,2012
2012,98,2.4426497629849866,6.296658529953814,-17.5,-13.231839103866829,2012
2012,99,2.4426497629849866,6.25284528861563,-17.5,-13.280360520064738,2012
2012,100,2.4426497629849866,6.209679924941994,-17.5,-13.328164437605922,2012
2012,101,20.050507757274453,6.167166316265614,2.0,-13.375246562499154,2012
2012,102,2.4426497629849866,6.125296108641961,-17.5,-13.421616146404592,2012
2012,103,2.4426497629849866,6.084057890307188,-17.5,-13.467285827395253,2012
2012,104,10.659650160320071,6.043440249497452,-8.4,-13.51226824354415,2012
2012,105,19.23783738830725,6.00343177444891,1.1,-13.556576032924301,2012
2012,106,2.4426497629849866,5.964021053397715,-17.5,-13.600221833608721,2012
2012,107,2.4426497629849866,5.925196674580026,-17.5,-13.643218283670418,2012
2012,108,2.4426497629849866,5.886947226231996,-17.5,-13.685578021182414,2012
2012,109,2.4426497629849866,5.849261296589785,-17.5,-13.727313684217716,2012
2012,110,24.384749725099553,5.812127473889543,6.8,-13.768437910849347,2012
2012,111,2.4426497629849866,5.775534346367431,-17.5,-13.808963339150313,2012
2012,112,2.4426497629849866,5.739470502259603,-17.5,-13.848902607193633,2012
2012,113,2.4426497629849866,5.703924529802215,-17.5,-13.88826835305232,2012
2012,114,2.4426497629849866,5.668885017231424,-17.5,-13.927073214799389,2012
2012,115,9.124606130048681,5.634340552783384,-10.1,-13.965329830507855,2012
2012,116,2.4426497629849866,5.600279724694251,-17.5,-14.003050838250733,2012
2012,117,8.853716007059612,5.566691121200184,-10.4,-14.040248876101035,2012
2012,118,2.4426497629849866,5.533563330537334,-17.5,-14.07693658213178,2012
2012,119,2.4426497629849866,5.5008849409418605,-17.5,-14.113126594415977,2012
2012,120,34.31738756803207,5.468644540649918,17.8,-14.148831551026642,2012
2012,121,2.4426497629849866,5.436830717897664,-17.5,-14.184064090036792,2012
2012,122,13.729738220862847,5.405432060921252,-5.0,-14.218836849519437,2012
2012,123,2.4426497629849866,5.374437157956839,-17.5,-14.253162467547597,2012
2012,124,2.4426497629849866,5.343834597240582,-17.5,-14.287053582194282,2012
2012,125,2.4426497629849866,5.313612967008636,-17.5,-14.320522831532507,2012
2012,126,6.867188438473109,5.283760855497156,-12.6,-14.353582853635292,2012
2012,127,2.4426497629849866,5.254266850942299,-17.5,-14.386246286575641,2012
2012,128,2.4426497629849866,5.225119541580222,-17.5,-14.418525768426576,2012
2012,129,6.776891730810086,5.196307515647076,-12.7,-14.450433937261113,2012
2012,130,2.4426497629849866,5.167819361379023,-17.5,-14.481983431152262,2012
2012,131,12.646177728906576,5.1396436670122165,-6.2,-14.513186888173037,2012
2012,132,2.4426497629849866,5.111769020782813,-17.5,-14.544056946396454,2012
2012,133,2.4426497629849866,5.084184010926966,-17.5,-14.574606243895529,2012
2012,134,2.4426497629849866,5.056877225680833,-17.5,-14.604847418743274,2012
2012,135,2.4426497629849866,5.029837253280571,-17.5,-14.634793109012705,2012
2012,136,2.4426497629849866,5.003052681962333,-17.5,-14.664455952776837,2012
2012,137,19.960211049611427,4.976512099962278,1.9,-14.693848588108683,2012
2012,138,9.305199545374727,4.950204095516561,-9.9,-14.722983653081258,2012
2012,139,2.4426497629849866,4.924117256861337,-17.5,-14.751873785767575,2012
2012,140,2.4426497629849866,4.898240172232763,-17.5,-14.780531624240652,2012
2012,141,2.4426497629849866,4.872561429866994,-17.5,-14.808969806573499,2012
2012,142,2.4426497629849866,4.8470696180001855,-17.5,-14.837200970839135,2012
2012,143,2.4426497629849866,4.821753324868497,-17.5,-14.865237755110567,2012
2012,144,2.4426497629849866,4.796601138708079,-17.5,-14.89309279746082,2012
2012,145,2.4426497629849866,4.77160164775509,-17.5,-14.920778735962902,2012
2012,146,2.4426497629849866,4.746743440245686,-17.5,-14.948308208689827,2012
2012,147,20.231101172600496,4.722015104416024,2.2,-14.97569385371461,2012
2012,148,2.4426497629849866,4.697405228502257,-17.5,-15.00294830911027,2012
2012,149,2.4426497629849866,4.672902400740543,-17.5,-15.030084212949816,2012
2012,150,14.09092505151494,4.648495209367039,-4.6,-15.057114203306263,2012
2012,151,26.28098058602303,4.624173470935424,8.9,-15.08404955793999,2012
2012,152,2.4426497629849866,4.599931915269489,-17.5,-15.110896113360816,2012
2012,153,2.4426497629849866,4.5757665005105475,-17.5,-15.137658345765926,2012
2012,154,2.4426497629849866,4.551673184799914,-17.5,-15.164340731352505,2012
2012,155,2.4426497629849866,4.5276479262789024,-17.5,-15.190947746317736,2012
2012,156,19.23783738830725,4.503686683088829,1.1,-15.217483866858801,2012
2012,157,2.4426497629849866,4.479785413371006,-17.5,-15.243953569172888,2012
2012,158,9.214902837711705,4.45594007526675,-10.0,-15.270361329457177,2012
2012,159,2.4426497629849866,4.432146626917376,-17.5,-15.29671162390885,2012
2012,160,2.4426497629849866,4.408401026464196,-17.5,-15.323008928725097,2012
2012,161,14.361815174504008,4.3846992320485265,-4.3,-15.349257720103097,2012
2012,162,12.736474436569598,4.361037201811681,-6.1,-15.375462474240036,2012
2012,163,2.4426497629849866,4.337410893894973,-17.5,-15.401627667333099,2012
2012,164,2.4426497629849866,4.313816266439721,-17.5,-15.427757775579463,2012
2012,165,2.4426497629849866,4.290249277587237,-17.5,-15.453857275176318,2012
2012,166,2.4426497629849866,4.266705885478833,-17.5,-15.47993064232085,2012
2012,167,4.700067454560559,4.243182048255829,-15.0,-15.505982353210236,2012
2012,168,2.4426497629849866,4.219673724059535,-17.5,-15.532016884041663,2012
2012,169,18.33487031167702,4.196176871031268,0.100000000000001,-15.558038711012316,2012
2012,170,2.4426497629849866,4.172687447312342,-17.5,-15.584052310319375,2012
2012,171,7.318671976788223,4.1492014110440705,-12.1,-15.610062158160028,2012
2012,172,2.4426497629849866,4.12571472036777,-17.5,-15.636072730731454,2012
2012,173,2.4426497629849866,4.102223333424753,-17.5,-15.662088504230844,2012
2012,174,2.4426497629849866,4.078723208356335,-17.5,-15.688113954855375,2012
2012,175,19.68932092662236,4.055210303303832,1.6,-15.714153558802234,2012
2012,176,9.576089668363796,4.031680576408555,-9.6,-15.740211792268603,2012
2012,177,2.4426497629849866,4.008129985811822,-17.5,-15.766293131451668,2012
2012,178,2.4426497629849866,3.984554489654946,-17.5,-15.792402052548612,2012
2012,179,2.4426497629849866,3.9609500460792413,-17.5,-15.818543031756619,2012
2012,180,2.4426497629849866,3.9373126132260237,-17.5,-15.84472054527287,2012
2012,181,12.465584313580528,3.9136381492366064,-6.4,-15.87093906929455,2012
2012,182,2.4426497629849866,3.889922612252304,-17.5,-15.897203080018846,2012
2012,183,2.4426497629849866,3.866161960414433,-17.5,-15.923517053642938,2012
2012,184,2.4426497629849866,3.842352151864305,-17.5,-15.949885466364012,2012
2012,185,2.4426497629849866,3.818489144743236,-17.5,-15.976312794379252,2012
2012,186,2.4426497629849866,3.794568897192541,-17.5,-16.00280351388584,2012
2012,187,2.4426497629849866,3.7705873673535346,-17.5,-16.02936210108096,2012
2012,188,2.4426497629849866,3.74654051336753,-17.5,-16.055993032161798,2012
2012,189,2.4426497629849866,3.722424293375844,-17.5,-16.08270078332553,2012
2012,190,2.4426497629849866,3.6982346655197884,-17.5,-16.109489830769355,2012
2012,191,2.4426497629849866,3.673967587940679,-17.5,-16.136364650690442,2012
2012,192,4.700067454560559,3.649619018779831,-15.0,-16.163329719285983,2012
2012,193,4.7903641622235815,3.6251849161785583,-14.9,-16.190389512753157,2012
2012,194,2.4426497629849866,3.6006612382781755,-17.5,-16.217548507289152,2012
2012,195,11.743210652276346,3.576043943219998,-7.2,-16.244811179091148,2012
2012,196,2.4426497629849866,3.5513289891453383,-17.5,-16.27218200435633,2012
2012,197,2.4426497629849866,3.526512334195513,-17.5,-16.299665459281883,2012
2012,198,11.111133698635184,3.5015899365118353,-7.9,-16.32726602006499,2012
2012,199,2.4426497629849866,3.4765577542356203,-17.5,-16.354988162902835,2012
2012,200,2.4426497629849866,3.4514117455081834,-17.5,-16.382836363992602,2012
2012,201,2.4426497629849866,3.425768567665651,-17.5,-16.411235160035343,2012
2012,202,2.4426497629849866,3.3977276748234075,-17.5,-16.442289329747588,2012
2012,203,2.4426497629849866,3.3650092202916504,-17.5,-16.47852371234973,2012
2012,204,2.4426497629849866,3.3253333573805746,-17.5,-16.52246314706217,2012
2012,205,2.4426497629849866,3.2764202394003776,-17.5,-16.5766324731053,2012
2012,206,2.4426497629849866,3.2159900196612576,-17.5,-16.643556529699524,2012
2012,207,2.4426497629849866,3.1417628514734095,-17.5,-16.72576015606523,2012
2012,208,2.4426497629849866,3.0514588881470317,-17.5,-16.825768191422824,2012
2012,209,5.241847700538696,2.94279828299232,-14.4,-16.9461054749927,2012
2012,210,10.208166622004956,2.8135011893194726,-8.9,-17.089296845995246,2012
2013,1,71.14731891222594,59.40968744202295,58.5876790830946,45.58872067809217,2013
2013,2,59.53837055654627,50.68830983060079,45.7312320916905,35.93014304315851,2013
2013,3,32.46151855924445,44.96652375145034,15.7446991404011,29.59349331667733,2013
2013,4,57.73683481024943,41.33784580596199,43.7361031518625,25.574877312392697,2013
2013,5,46.206022860627726,38.89579259552616,30.9661891117478,22.870400844048692,2013
2013,6,60.95853854612315,36.87991854815384,47.304011461318,20.637900790009805,2013
2013,7,36.81076685670984,35.11392939833837,20.5613180515759,18.682138287122168,2013
2013,8,48.71414974912448,33.56756870719367,33.7438395415473,16.969605536852317,2013
2013,9,40.91266944493207,32.21058003583367,25.104011461318,15.466794740666774,2013
2013,10,22.754234390737455,31.012706945372294,4.99426934097421,14.140198100032098,2013
2013,11,11.275944594856808,29.943692996923474,-7.71747851002865,12.956307816414824,2013
2013,12,36.69589081601533,28.973281751601128,20.4340974212034,11.881616091281487,2013
2013,13,32.02064294360611,28.07121677051918,15.256446991404,10.882615126098624,2013
2013,14,29.359865460492834,27.20724161479158,12.3097421203438,9.9257971223328,2013
2013,15,33.49436800620948,26.351099845532225,16.8885386819484,8.977654281450516,2013
2013,16,32.30550447694989,25.478441515983594,15.5719197707736,8.011220009222903,2013
2013,17,18.716238068397058,24.58854264790227,0.522349570200573,7.025692528639304,2013
2013,18,20.56951977897079,23.686585755173372,2.57478510028653,6.026811266993647,2013
2013,19,12.341911458958968,22.777753351682037,-6.53696275071633,5.020315651579853,2013
2013,20,31.804086083107716,21.86722795131338,15.0166189111748,4.011945109691844,2013
2013,21,15.01407305421312,20.960192067952537,-3.57765042979943,3.0074390686235475,2013
2013,22,6.562922168525532,20.061828215484624,-12.9369627507163,2.0125369556688817,2013
2013,23,36.433797506953375,19.177318907794763,20.1438395415473,1.0329781981217643,2013
2013,24,6.653218876188554,18.31184665876809,-12.8369627507163,0.07450222327612721,2013
2013,25,8.188262906459943,17.470593982289714,-11.1369627507163,-0.857151541574126,2013
2013,26,35.68606832315352,16.658743392244773,19.3157593123209,-1.7562436691350456,2013
2013,27,19.854131822843986,15.881477402518383,1.78252148997135,-2.617034732112735,2013
2013,28,4.305504476949959,15.143978526995674,-15.4369627507163,-3.4337853032132575,2013
2013,29,17.551177682704818,14.451429279561767,-0.76790830945559,-4.200755955142698,2013
2013,30,21.838072093216642,13.809012174101788,3.97965616045845,-4.912207260607131,2013
2013,31,9.723306936731305,13.220586966815775,-9.43696275071633,-5.563864693657678,2013
2013,32,7.285295829829714,12.68472238316338,-12.1369627507163,-6.157313333725687,2013
2013,33,11.946572291884188,12.198664390919191,-6.97478510028653,-6.6956031615875204,2013
2013,34,15.535672374123306,11.759658957857766,-3.0,-7.1817841580195765,2013
2013,35,17.751952024098824,11.36495205175369,-0.545558739255009,-7.618906303798221,2013
2013,36,2.0480867853743847,11.01178964038153,-17.9369627507163,-8.010019579699845,2013
2013,37,12.752256955674019,10.697417691515861,-6.08252148997135,-8.358173966500821,2013
2013,38,2.0480867853743847,10.419082172931253,-17.9369627507163,-8.66641944497754,2013
2013,39,10.987460844013624,10.174029052402283,-8.03696275071633,-8.937805995906375,2013
2013,40,10.084493767383394,9.959504297703521,-9.03696275071633,-9.175383600063709,2013
2013,41,20.21014405706839,9.772753876609542,2.17679083094556,-9.382202238225922,2013
2013,42,17.808872584803304,9.611023756894918,-0.482521489971347,-9.561311891169396,2013
2013,43,14.059360013306087,9.471559906334221,-4.63495702005731,-9.715762539670514,2013
2013,44,2.0480867853743847,9.351608292702021,-17.9369627507163,-9.848604164505659,2013
2013,45,4.305504476949959,9.248414883772899,-15.4369627507163,-9.962886746451202,2013
2013,46,12.508533463930277,9.15922564732142,-6.35243553008596,-10.061660266283532,2013
2013,47,2.0480867853743847,9.081286551122162,-17.9369627507163,-10.147974704779031,2013
2013,48,2.0480867853743847,9.011843562949696,-17.9369627507163,-10.224880042714073,2013
2013,49,2.0480867853743847,8.948142650578593,-17.9369627507163,-10.295426260865048,2013
2013,50,7.375592537492736,8.887429781783428,-12.0369627507163,-10.36266334000833,2013
2013,51,10.930540283309139,8.827411075672758,-8.1,-10.42913166168253,2013
2013,52,14.09092505151494,8.76763325669107,-4.6,-10.495333210475174,2013
2013,53,13.460659206623472,8.708103200616833,-5.29799426934097,-10.561260371736022,2013
2013,54,2.0480867853743847,8.64882778322852,-17.9369627507163,-10.626905530814826,2013
2013,55,20.42928821578066,8.589813880304597,2.41948424068768,-10.692261073061344,2013
2013,56,2.0480867853743847,8.531068367623538,-17.9369627507163,-10.757319383825331,2013
2013,57,14.040990195987828,8.472598120963815,-4.65530085959885,-10.822072848456541,2013
2013,58,22.26420010903612,8.414410016103899,4.45157593123209,-10.88651385230473,2013
2013,59,2.0480867853743847,8.356510928822255,-17.9369627507163,-10.950634780719659,2013
2013,60,2.0480867853743847,8.298907734897357,-17.9369627507163,-11.01442801905108,2013
2013,61,15.699707080880776,8.241607310107675,-2.81833810888252,-11.077885952648748,2013
2013,62,2.0480867853743847,8.184616530231683,-17.9369627507163,-11.141000966862418,2013
2013,63,2.0480867853743847,8.127942271047846,-17.9369627507163,-11.203765447041846,2013
2013,64,2.0480867853743847,8.07159140833464,-17.9369627507163,-11.26617177853679,2013
2013,65,2.0480867853743847,8.015570817870532,-17.9369627507163,-11.328212346697004,2013
2013,66,37.190323504680244,7.959887375433993,20.9816618911175,-11.389879536872249,2013
2013,67,2.0480867853743847,7.904547956803494,-17.9369627507163,-11.451165734412275,2013
2013,68,2.0480867853743847,7.849559437757506,-17.9369627507163,-11.512063324666837,2013
2013,69,7.4658892451557595,7.7949286940745,-11.9369627507163,-11.572564692985694,2013
2013,70,2.0480867853743847,7.740662601532946,-17.9369627507163,-11.632662224718597,2013
2013,71,2.0480867853743847,7.686768035911313,-17.9369627507163,-11.692348305215312,2013
2013,72,6.382328753199484,7.633251872988075,-13.1369627507163,-11.751615319825582,2013
2013,73,2.0480867853743847,7.580120988541699,-17.9369627507163,-11.810455653899172,2013
2013,74,12.014100775265414,7.527382258350658,-6.9,-11.868861692785833,2013
2013,75,25.12212971604401,7.475042558193422,7.61661891117479,-11.926825821835326,2013
2013,76,2.0480867853743847,7.423108763848463,-17.9369627507163,-11.984340426397399,2013
2013,77,33.74067879616706,7.37158775109425,17.1613180515759,-12.041397891821813,2013
2013,78,2.0480867853743847,7.320486395709251,-17.9369627507163,-12.097990603458324,2013
2013,79,19.894493674979884,7.269811573471939,1.82722063037249,-12.154110946656687,2013
2013,80,29.248611637297742,7.219570160160787,12.1865329512894,-12.209751306766659,2013
2013,81,9.181526690753193,7.169769031554262,-10.0369627507163,-12.264904069137991,2013
2013,82,5.65478049546761,7.120415063430837,-13.9426934097421,-12.319561619120442,2013
2013,83,4.215207769286934,7.071515131568982,-15.5369627507163,-12.37371634206377,2013
2013,84,2.0480867853743847,7.023076111747168,-17.9369627507163,-12.427360623317725,2013
2013,85,2.0480867853743847,6.9751048797438635,-17.9369627507163,-12.480486848232069,2013
2013,86,19.655944779663823,6.92760831133754,1.56303724928367,-12.533087402156553,2013
2013,87,2.0480867853743847,6.880593282306668,-17.9369627507163,-12.585154670440936,2013
2013,88,10.17479047504642,6.8340666684297195,-8.93696275071633,-12.636681038434972,2013
2013,89,29.040851590726362,6.788035345485166,11.956446991404,-12.687658891488418,2013
2013,90,12.284990898254483,6.742506189251474,-6.6,-12.738080614951029,2013
2013,91,4.305504476949959,6.697486075507117,-15.4369627507163,-12.78793859417256,2013
2013,92,2.0480867853743847,6.6529818800305645,-17.9369627507163,-12.83722521450277,2013
2013,93,2.0480867853743847,6.6090004786002865,-17.9369627507163,-12.88593286129141,2013
2013,94,2.0480867853743847,6.5655487469947555,-17.9369627507163,-12.93405391988824,2013
2013,95,2.0480867853743847,6.522633560992443,-17.9369627507163,-12.981580775643012,2013
2013,96,2.0480867853743847,6.480261796371815,-17.9369627507163,-13.028505813905486,2013
2013,97,2.0480867853743847,6.438440328911346,-17.9369627507163,-13.074821420025415,2013
2013,98,2.0480867853743847,6.397176034389506,-17.9369627507163,-13.120519979352554,2013
2013,99,2.0480867853743847,6.356475788584765,-17.9369627507163,-13.16559387723666,2013
2013,100,20.99383668604059,6.316346467275594,3.04469914040115,-13.210035499027489,2013
2013,101,14.975522310826898,6.276792050600075,-3.62034383954155,-13.253840436880962,2013
2013,102,4.395801184612981,6.237804936134751,-15.3369627507163,-13.297017110177645,2013
2013,103,4.215207769286934,6.19937462581577,-15.5369627507163,-13.339577145104276,2013
2013,104,25.540237107400582,6.161490621579283,8.07965616045845,-13.381532167847592,2013
2013,105,2.0480867853743847,6.1241424253614465,-17.9369627507163,-13.422893804594322,2013
2013,106,2.0480867853743847,6.087319539098408,-17.9369627507163,-13.463673681531207,2013
2013,107,2.0480867853743847,6.051011464726321,-17.9369627507163,-13.503883424844975,2013
2013,108,10.80686742868758,6.015207704181337,-8.23696275071633,-13.543534660722367,2013
2013,109,2.0480867853743847,5.979897759399611,-17.9369627507163,-13.582639015350113,2013
2013,110,15.769046673011694,5.945071132317289,-2.74154727793696,-13.62120811491495,2013
2013,111,2.0480867853743847,5.910717324870529,-17.9369627507163,-13.65925358560361,2013
2013,112,2.0480867853743847,5.876825838995478,-17.9369627507163,-13.696787053602831,2013
2013,113,2.0480867853743847,5.84338617662829,-17.9369627507163,-13.733820145099346,2013
2013,114,2.0480867853743847,5.810387839705117,-17.9369627507163,-13.770364486279888,2013
2013,115,2.0480867853743847,5.777820330162113,-17.9369627507163,-13.806431703331192,2013
2013,116,2.0480867853743847,5.745673149935424,-17.9369627507163,-13.84203342244,2013
2013,117,2.0480867853743847,5.713935800961208,-17.9369627507163,-13.877181269793034,2013
2013,118,8.910636567764126,5.682597785175613,-10.3369627507163,-13.911886871577039,2013
2013,119,2.0480867853743847,5.651648604514791,-17.9369627507163,-13.946161853978746,2013
2013,120,2.0480867853743847,5.621077760914897,-17.9369627507163,-13.980017843184887,2013
2013,121,12.736474436569598,5.590874756312079,-6.1,-14.013466465382201,2013
2013,122,2.0480867853743847,5.561029092642495,-17.9369627507163,-14.046519346757417,2013
2013,123,22.165106587446044,5.531530271842287,4.34183381088825,-14.079188113497278,2013
2013,124,2.0480867853743847,5.502367795847617,-17.9369627507163,-14.111484391788512,2013
2013,125,4.937581430591118,5.473531166594632,-14.7369627507163,-14.143419807817853,2013
2013,126,2.0480867853743847,5.445009886019483,-17.9369627507163,-14.17500598777204,2013
2013,127,10.559780449265835,5.416793456058325,-8.51060171919771,-14.206254557837806,2013
2013,128,2.0480867853743847,5.388871378647307,-17.9369627507163,-14.237177144201883,2013
2013,129,2.0480867853743847,5.36123315572258,-17.9369627507163,-14.267785373051012,2013
2013,130,2.0480867853743847,5.3338682892203,-17.9369627507163,-14.298090870571922,2013
2013,131,2.0480867853743847,5.306766281076618,-17.9369627507163,-14.328105262951347,2013
2013,132,2.0480867853743847,5.279916633227685,-17.9369627507163,-14.357840176376023,2013
2013,133,8.846730301882257,5.25330884760965,-10.4077363896848,-14.387307237032688,2013
2013,134,6.293843154286128,5.226932426158668,-13.2349570200573,-14.416518071108076,2013
2013,135,2.0480867853743847,5.200776870810892,-17.9369627507163,-14.445484304788915,2013
2013,136,2.0480867853743847,5.174831683502471,-17.9369627507163,-14.474217564261945,2013
2013,137,11.110357509171031,5.149086366169557,-7.90085959885387,-14.502729475713902,2013
2013,138,2.0480867853743847,5.123530420748304,-17.9369627507163,-14.531031665331518,2013
2013,139,2.0480867853743847,5.098153349174865,-17.9369627507163,-14.559135759301526,2013
2013,140,2.0480867853743847,5.072944653385386,-17.9369627507163,-14.587053383810666,2013
2013,141,2.0480867853743847,5.047893835316026,-17.9369627507163,-14.614796165045668,2013
2013,142,2.0480867853743847,5.022990396902932,-17.9369627507163,-14.642375729193267,2013
2013,143,2.0480867853743847,4.998223840082258,-17.9369627507163,-14.669803702440198,2013
2013,144,2.0480867853743847,4.973583666790155,-17.9369627507163,-14.697091710973197,2013
2013,145,2.0480867853743847,4.949059378962775,-17.9369627507163,-14.724251380978998,2013
2013,146,2.0480867853743847,4.92464047853627,-17.9369627507163,-14.751294338644335,2013
2013,147,2.0480867853743847,4.9003164674467925,-17.9369627507163,-14.778232210155945,2013
2013,148,12.661960248010995,4.876076847630493,-6.18252148997135,-14.80507662170056,2013
2013,149,2.0480867853743847,4.851911121023524,-17.9369627507163,-14.831839199464914,2013
2013,150,2.0480867853743847,4.82780878956204,-17.9369627507163,-14.858531569635742,2013
2013,151,2.0480867853743847,4.803760250712828,-17.9369627507163,-14.885164366635339,2013
2013,152,9.000157085962968,4.779759484065233,-10.2378223495702,-14.911744257828232,2013
2013,153,2.0480867853743847,4.755801364739239,-17.9369627507163,-14.938276918814502,2013
2013,154,2.0480867853743847,4.731880767854828,-17.9369627507163,-14.964768025194239,2013
2013,155,2.0480867853743847,4.707992568531985,-17.9369627507163,-14.991223252567522,2013
2013,156,2.0480867853743847,4.684131641890691,-17.9369627507163,-15.017648276534445,2013
2013,157,2.0480867853743847,4.660292863050929,-17.9369627507163,-15.044048772695085,2013
2013,158,2.0480867853743847,4.636471107132684,-17.9369627507163,-15.070430416649529,2013
2013,159,4.305504476949959,4.612661249255938,-15.4369627507163,-15.096798883997867,2013
2013,160,2.0480867853743847,4.588858164540673,-17.9369627507163,-15.123159850340176,2013
2013,161,2.0480867853743847,4.565056728106874,-17.9369627507163,-15.149518991276548,2013
2013,162,2.0480867853743847,4.5412518150745225,-17.9369627507163,-15.175881982407065,2013
2013,163,2.0480867853743847,4.517438300563602,-17.9369627507163,-15.202254499331811,2013
2013,164,2.0480867853743847,4.4936110596940955,-17.9369627507163,-15.228642217650876,2013
2013,165,2.0480867853743847,4.469764967585988,-17.9369627507163,-15.255050812964338,2013
2013,166,15.264782251134237,4.445894899359258,-3.3,-15.281485960872288,2013
2013,167,2.0480867853743847,4.421995730133892,-17.9369627507163,-15.307953336974808,2013
2013,168,2.0480867853743847,4.398062335029874,-17.9369627507163,-15.334458616871984,2013
2013,169,2.0480867853743847,4.374089589167185,-17.9369627507163,-15.3610074761639,2013
2013,170,2.0480867853743847,4.350072367665807,-17.9369627507163,-15.387605590450644,2013
2013,171,2.0480867853743847,4.326005545645726,-17.9369627507163,-15.414258635332297,2013
2013,172,2.0480867853743847,4.301883998226924,-17.9369627507163,-15.440972286408947,2013
2013,173,2.0480867853743847,4.277702600529382,-17.9369627507163,-15.46775221928068,2013
2013,174,2.0480867853743847,4.253456227673086,-17.9369627507163,-15.494604109547577,2013
2013,175,2.0480867853743847,4.229139754778017,-17.9369627507163,-15.521533632809726,2013
2013,176,2.0480867853743847,4.204748056964158,-17.9369627507163,-15.548546464667213,2013
2013,177,2.0480867853743847,4.180276009351495,-17.9369627507163,-15.57564828072012,2013
2013,178,2.0480867853743847,4.155718487060008,-17.9369627507163,-15.602844756568535,2013
2013,179,2.0480867853743847,4.1310703652096805,-17.9369627507163,-15.63014156781254,2013
2013,180,11.260162075752378,4.106326518920496,-7.73495702005731,-15.657544390052223,2013
2013,181,2.0480867853743847,4.081481823312438,-17.9369627507163,-15.685058898887668,2013
2013,182,2.0480867853743847,4.056531153505488,-17.9369627507163,-15.71269076991896,2013
2013,183,2.0480867853743847,4.031469384619632,-17.9369627507163,-15.740445678746184,2013
2013,184,2.0480867853743847,4.00629139177485,-17.9369627507163,-15.768329300969425,2013
2013,185,2.0480867853743847,3.980992050091125,-17.9369627507163,-15.79634731218877,2013
2013,186,6.743515583851576,3.955566234688443,-12.7369627507163,-15.824505388004301,2013
2013,187,2.0480867853743847,3.930008820686785,-17.9369627507163,-15.852809204016104,2013
2013,188,2.0480867853743847,3.9043146832061337,-17.9369627507163,-15.881264435824265,2013
2013,189,2.0480867853743847,3.8784786973664747,-17.9369627507163,-15.909876759028869,2013
2013,190,2.0480867853743847,3.852495738287787,-17.9369627507163,-15.93865184923,2013
2013,191,11.170900287374893,3.8263606810900566,-7.83381088825215,-15.967595382027746,2013
2013,192,2.0480867853743847,3.800068400893266,-17.9369627507163,-15.996713033022187,2013
2013,193,2.0480867853743847,3.7736137728173977,-17.9369627507163,-16.02601047781341,2013
2013,194,2.0480867853743847,3.7469916719824354,-17.9369627507163,-16.055493392001505,2013
2013,195,2.0480867853743847,3.7201969735083624,-17.9369627507163,-16.08516745118655,2013
2013,196,2.0480867853743847,3.69322455251516,-17.9369627507163,-16.115038330968638,2013
2013,197,2.0480867853743847,3.6660692841228135,-17.9369627507163,-16.145111706947844,2013
2013,198,9.289417026270304,3.6387260434513045,-9.91747851002865,-16.17539325472426,2013
2013,199,2.0480867853743847,3.6111897056206157,-17.9369627507163,-16.205888649897968,2013
2013,200,2.0480867853743847,3.5834551457507318,-17.9369627507163,-16.236603568069057,2013
2013,201,2.0480867853743847,3.555154488112143,-17.9369627507163,-16.267945416926054,2013
2013,202,15.607599264468062,3.524468853577378,-2.92034383954155,-16.301928532511266,2013
2013,203,2.0480867853743847,3.4892166121694714,-17.9369627507163,-16.34096898295544,2013
2013,204,7.302889457683756,3.447216133911459,-12.1174785100287,-16.38748283638934,2013
2013,205,2.0480867853743847,3.3962857888263764,-17.9369627507163,-16.443886160943705,2013
2013,206,19.50355291486863,3.3342439469372613,1.39426934097421,-16.51259502474929,2013
2013,207,2.0480867853743847,3.258908978267147,-17.9369627507163,-16.596025495936853,2013
2013,208,2.0480867853743847,3.1680992528390717,-17.9369627507163,-16.696593642637136,2013
2013,209,2.0480867853743847,3.059633140676069,-17.9369627507163,-16.816715532980897,2013
2013,210,2.0480867853743847,2.9313290118011768,-17.9369627507163,-16.958807235098885,2013
2014,1,61.97213110209658,60.14664119856097,48.4265247646336,46.40486755167282,2014
2014,2,47.39502499514882,51.39517131296164,32.282961522718,36.712963924069,2014
2014,3,77.56767170881805,45.77684870267016,65.6979635693819,30.490895860127598,2014
2014,4,29.750760018850325,42.30927240214828,12.7426422431437,26.65069349808525,2014
2014,5,12.162103473447832,40.01004144585772,-6.73609291854278,24.10438697617857,2014
2014,6,24.42047292115207,38.05767230648104,6.83956201391731,21.94221607326735,2014
2014,7,16.772955341384744,36.27435120958385,-1.62975849365534,19.9672591307038,2014
2014,8,44.388362702248145,34.64318181895264,28.9532030290626,18.160804130463315,2014
2014,9,51.98584378262993,33.14726779837386,37.3671101105198,16.50413905452128,2014
2014,10,27.115883238927736,31.76971281163396,9.82462136717151,14.97855188485305,2014
2014,11,37.82489535302761,30.493620522519407,21.6844248874335,13.565330603434038,2014
2014,12,15.821855277626323,29.302094594816648,-2.68306385591486,12.245763192239604,2014
2014,13,30.394424372349192,28.178238692312146,13.4554748260336,11.001137633245133,2014
2014,14,9.939374058639249,27.105156478792363,-9.19767703643062,9.812741908426009,2014
2014,15,41.57411223330036,26.06595161804374,25.8365329512894,8.661863999757603,2014
2014,16,18.356076916679744,25.04688597226568,0.123485468686042,7.5332894679140985,2014
2014,17,23.739828683896818,24.04685419730933,6.08577568563241,6.425794188364865,2014
2014,18,28.576560926252753,23.067909147438765,11.4422636103152,5.34165161527806,2014
2014,19,28.20331543785404,22.112103676918075,11.0289091281212,4.283135202821864,2014
2014,20,30.56504744920113,21.181490640011337,13.6444330740892,3.252518405164434,2014
2014,21,25.62169079938273,20.278122890982633,8.16986287351617,2.252074676473935,2014
2014,22,28.338215318653464,19.40405328409605,11.1783053622595,1.2840774709185467,2014
2014,23,1.0,18.561334673615672,-19.0976770364306,0.35080024266642695,2014
2014,24,31.303055783997582,17.752019913805572,14.4617478510029,-0.5454835541142629,2014
2014,25,73.86091424030452,16.978161858929838,61.5928776094965,-1.402500465255347,2014
2014,26,8.13343990537881,16.241813363252554,-11.1976770364306,-2.2179770365886604,2014
2014,27,15.751739496031252,15.545027281037795,-2.76071428571429,-2.9896398139460416,2014
2014,28,9.307297104998087,14.889856466549652,-9.89767703643062,-3.7152153431593185,2014
2014,29,25.540726845991063,14.278353774052203,8.08019852640197,-4.392430170060326,2014
2014,30,10.302371998041023,13.712572057809531,-8.7956713057716,-5.019010840480895,2014
2014,31,12.835078219569203,13.193825017750566,-5.99080024559967,-5.593502484179433,2014
2014,32,10.966503728481522,12.720469736463595,-8.06017191977077,-6.117724566620666,2014
2014,33,22.11267683721272,12.290124142201778,4.28376995497339,-6.594315137195862,2014
2014,34,1.0,11.900406163218246,-19.0976770364306,-7.02591224529632,2014
2014,35,1.0,11.548933727766148,-19.0976770364306,-7.415153940313324,2014
2014,36,1.0,11.233324764098622,-19.0976770364306,-7.764678271638164,2014
2014,37,1.0,10.95119720046882,-19.0976770364306,-8.077123288662117,2014
2014,38,22.78985594293158,10.700168965129878,5.03371878837495,-8.355127040776482,2014
2014,39,1.0,10.477857986334943,-19.0976770364306,-8.601327577372539,2014
2014,40,10.13756110181941,10.281882192337157,-8.97819279574294,-8.818362947841576,2014
2014,41,5.925180879866213,10.109859511389665,-13.6432357756856,-9.00887120157488,2014
2014,42,10.726688905110821,9.959407871745608,-8.32575726565698,-9.175490387963743,2014
2014,43,6.428604429824127,9.828145201658128,-13.0857142857143,-9.320858556399447,2014
2014,44,1.0,9.71368942938037,-19.0976770364306,-9.447613756273283,2014
2014,45,1.0,9.613658483165478,-19.0976770364306,-9.558394036976535,2014
2014,46,1.0,9.525670291266595,-19.0976770364306,-9.655837447900492,2014
2014,47,1.0,9.447342781936868,-19.0976770364306,-9.742582038436437,2014
2014,48,11.441051182302866,9.376293883429431,-7.53462955382726,-9.821265857975664,2014
2014,49,1.0,9.310141523997435,-19.0976770364306,-9.894526955909454,2014
2014,50,3.889494645216732,9.246503631894022,-15.8976770364306,-9.965003381629096,2014
2014,51,1.0,9.183396867492412,-19.0976770364306,-10.034891604616272,2014
2014,52,3.8641391227210637,9.120432819646151,-15.925757265657,-10.104621774714206,2014
2014,53,1.0,9.057621809328857,-19.0976770364306,-10.17418246185653,2014
2014,54,1.0,8.994974157514156,-19.0976770364306,-10.243562235976862,2014
2014,55,30.00035113332897,8.932500185175666,13.0190544412607,-10.312749667008827,2014
2014,56,18.509115606028388,8.870210213287011,0.29296970937372,-10.381733324886047,2014
2014,57,1.0,8.808114562821812,-19.0976770364306,-10.45050177954215,2014
2014,58,28.62044335202962,8.746223554753692,11.4908616455178,-10.519043600910756,2014
2014,59,1.0,8.684547510056271,-19.0976770364306,-10.587347358925486,2014
2014,60,1.0,8.623096749703171,-19.0976770364306,-10.65540162351997,2014
2014,61,1.0,8.561881594668016,-19.0976770364306,-10.723194964627824,2014
2014,62,1.0,8.500912365924426,-19.0976770364306,-10.790715952182675,2014
2014,63,5.153648552499052,8.440199384446021,-14.4976770364306,-10.857953156118148,2014
2014,64,1.0,8.379752971206427,-19.0976770364306,-10.924895146367863,2014
2014,65,5.805074800639458,8.319583447179262,-13.776248465002,-10.991530492865445,2014
2014,66,7.86254978238974,8.259701133338151,-11.4976770364306,-11.057847765544517,2014
2014,67,18.308147217268353,8.200116350656712,0.0704052394596801,-11.123835534338705,2014
2014,68,5.605132090814167,8.140839420108572,-13.9976770364306,-11.189482369181626,2014
2014,69,1.0,8.081880662667347,-19.0976770364306,-11.254776840006912,2014
2014,70,1.0,8.023250399306663,-19.0976770364306,-11.319707516748178,2014
2014,71,1.0,7.96495895100014,-19.0976770364306,-11.384262969339051,2014
2014,72,1.0,7.907016638721402,-19.0976770364306,-11.448431767713156,2014
2014,73,7.7722530747267164,7.849433783444066,-11.5976770364306,-11.512202481804113,2014
2014,74,1.0,7.7922207061417605,-19.0976770364306,-11.575563681545546,2014
2014,75,1.0,7.7353877277881,-19.0976770364306,-11.638503936871084,2014
2014,76,1.0,7.678945169356713,-19.0976770364306,-11.701011817714342,2014
2014,77,1.0,7.622903351821218,-19.0976770364306,-11.763075894008946,2014
2014,78,1.0,7.567272596155236,-19.0976770364306,-11.824684735688523,2014
2014,79,50.87663207695359,7.512063223332389,36.1387024150634,-11.885826912686694,2014
2014,80,8.95900980401215,7.457285554326299,-10.2833913221449,-11.946490994937085,2014
2014,81,1.0,7.402949910110592,-19.0976770364306,-12.006665552373311,2014
2014,82,7.063564372903622,7.349066611658884,-12.3825214899713,-12.066339154929004,2014
2014,83,1.0,7.2956459799447995,-19.0976770364306,-12.125500372537783,2014
2014,84,1.0,7.242698335941961,-19.0976770364306,-12.184137775133271,2014
2014,85,1.0,7.190234000623988,-19.0976770364306,-12.242239932649095,2014
2014,86,10.39452601620756,7.138263294964503,-8.69361440851412,-12.299795415018878,2014
2014,87,1.0,7.086796539937129,-19.0976770364306,-12.35679279217624,2014
2014,88,1.0,7.035844056515487,-19.0976770364306,-12.413220634054806,2014
2014,89,11.446179576976725,6.985416165673201,-7.52895006139992,-12.469067510588198,2014
2014,90,13.850574287799951,6.935523188383889,-4.86617887842816,-12.524321991710043,2014
2014,91,7.406427587991269,6.886175445621174,-12.0028141629144,-12.578972647353961,2014
2014,92,1.0,6.837383258358679,-19.0976770364306,-12.633008047453579,2014
2014,93,1.0,6.789156947570024,-19.0976770364306,-12.686416761942517,2014
2014,94,1.0,6.741506834228833,-19.0976770364306,-12.739187360754398,2014
2014,95,1.0,6.694443239308727,-19.0976770364306,-12.791308413822845,2014
2014,96,1.0,6.647976483783328,-19.0976770364306,-12.842768491081486,2014
2014,97,15.106421119745688,6.602116888626256,-3.47537863282849,-12.893556162463941,2014
2014,98,1.0,6.556874774811135,-19.0976770364306,-12.943659997903833,2014
2014,99,11.340100350209282,6.512260463311585,-7.64642857142857,-12.993068567334785,2014
2014,100,1.0,6.46828427510123,-19.0976770364306,-13.04177044069042,2014
2014,101,5.424538675488122,6.424952999433506,-14.1976770364306,-13.08975809914352,2014
2014,102,1.0,6.382259298681118,-19.0976770364306,-13.137039668823466,2014
2014,103,1.0,6.340192303496582,-19.0976770364306,-13.1836271870988,2014
2014,104,1.0,6.298741144532419,-19.0976770364306,-13.229532691338061,2014
2014,105,1.0,6.257894952441146,-19.0976770364306,-13.274768218909793,2014
2014,106,4.8643886121916715,6.217642857875284,-14.8180208759722,-13.319345807182533,2014
2014,107,1.0,6.177973991487351,-19.0976770364306,-13.363277493524823,2014
2014,108,27.469991960894813,6.138877483929864,10.2167826442898,-13.406575315305204,2014
2014,109,1.0,6.100342465855346,-19.0976770364306,-13.449251309892212,2014
2014,110,6.825264967058107,6.062358067916312,-12.6464285714286,-13.49131751465439,2014
2014,111,1.0,6.024913420765284,-19.0976770364306,-13.53278596696028,2014
2014,112,46.60497500485116,5.987997655054777,31.4080126893164,-13.57366870417842,2014
2014,113,7.9398545568789825,5.951599901437314,-11.4120650839132,-13.613977763677351,2014
2014,114,1.0,5.915709290565411,-19.0976770364306,-13.653725182825614,2014
2014,115,1.0,5.880314953091591,-19.0976770364306,-13.692922998991744,2014
2014,116,22.37139741824598,5.845406019668367,4.5702926729431,-13.73158324954429,2014
2014,117,9.033182099592528,5.810971620948261,-10.201248465002,-13.769717971851787,2014
2014,118,1.0,5.777000887583792,-19.0976770364306,-13.807339203282774,2014
2014,119,4.437724656027891,5.7434829502274765,-15.2905341792878,-13.844458981205797,2014
2014,120,1.0,5.710406939531839,-19.0976770364306,-13.88108934298939,2014
2014,121,1.0,5.677761986149392,-19.0976770364306,-13.917242326002096,2014
2014,122,1.0,5.645537220732661,-19.0976770364306,-13.952929967612455,2014
2014,123,1.0,5.613721773934157,-19.0976770364306,-13.98816430518901,2014
2014,124,1.0,5.582304776406404,-19.0976770364306,-14.022957376100294,2014
2014,125,1.0,5.551275358801921,-19.0976770364306,-14.057321217714854,2014
2014,126,20.381543323384545,5.520622651773225,2.3666086778551,-14.091267867401228,2014
2014,127,9.479343195867695,5.490335785972836,-9.70714285714286,-14.124809362527957,2014
2014,128,4.173284297871935,5.4604038920532725,-15.5833913221449,-14.15795774046358,2014
2014,129,3.651980669186174,5.430816100667053,-16.1607142857143,-14.19072503857664,2014
2014,130,1.0,5.401561542466696,-19.0976770364306,-14.223123294235673,2014
2014,131,1.0,5.372629348104723,-19.0976770364306,-14.255164544809222,2014
2014,132,1.0,5.344008648233651,-19.0976770364306,-14.286860827665823,2014
2014,133,1.0,5.315688573505997,-19.0976770364306,-14.318224180174024,2014
2014,134,3.2574176915755726,5.287658254574283,-16.5976770364306,-14.349266639702362,2014
2014,135,1.0,5.259906822091028,-19.0976770364306,-14.380000243619373,2014
2014,136,1.0,5.232423406708747,-19.0976770364306,-14.410437029293604,2014
2014,137,1.0,5.205197139079963,-19.0976770364306,-14.440589034093591,2014
2014,138,17.53080270927083,5.1782171498571925,-0.79047277936963,-14.470468295387874,2014
2014,139,1.0,5.151472569692957,-19.0976770364306,-14.500086850544992,2014
2014,140,4.173284297871935,5.1249525292397715,-15.5833913221449,-14.529456736933493,2014
2014,141,1.0,5.098646159150159,-19.0976770364306,-14.55858999192191,2014
2014,142,1.0,5.072542590076635,-19.0976770364306,-14.587498652878784,2014
2014,143,1.0,5.0466309526717215,-19.0976770364306,-14.616194757172655,2014
2014,144,11.358765858751983,5.0209003775879335,-7.62575726565698,-14.644690342172069,2014
2014,145,7.724665268293559,4.995339995477793,-11.6503786328285,-14.67299744524556,2014
2014,146,14.903891111706589,4.969938936993818,-3.69967253376995,-14.701128103761668,2014
2014,147,1.0,4.944686332788528,-19.0976770364306,-14.729094355088938,2014
2014,148,1.0,4.919571313514439,-19.0976770364306,-14.756908236595908,2014
2014,149,3.0768242762495275,4.894583009824073,-16.7976770364306,-14.784581785651117,2014
2014,150,1.0,4.86971055236995,-19.0976770364306,-14.812127039623107,2014
2014,151,1.0,4.844943971546543,-19.0976770364306,-14.839555039452106,2014
2014,152,1.0,4.820276896716163,-19.0976770364306,-14.866872840365108,2014
2014,153,1.0,4.795703856983074,-19.0976770364306,-14.894086501160796,2014
2014,154,1.0,4.771219381451544,-19.0976770364306,-14.921202080637851,2014
2014,155,1.0,4.746817999225835,-19.0976770364306,-14.948225637594957,2014
2014,156,1.0,4.722494239410217,-19.0976770364306,-14.975163230830795,2014
2014,157,1.0,4.698242631108955,-19.0976770364306,-15.002020919144044,2014
2014,158,1.0,4.674057703426313,-19.0976770364306,-15.028804761333394,2014
2014,159,1.0,4.64993398546656,-19.0976770364306,-15.055520816197522,2014
2014,160,1.0,4.625866006333959,-19.0976770364306,-15.082175142535108,2014
2014,161,1.0,4.601848295132779,-19.0976770364306,-15.10877379914484,2014
2014,162,1.0,4.577875380967283,-19.0976770364306,-15.135322844825398,2014
2014,163,1.0,4.553941792941737,-19.0976770364306,-15.161828338375466,2014
2014,164,1.0,4.53004206016041,-19.0976770364306,-15.188296338593723,2014
2014,165,1.0,4.506170711727565,-19.0976770364306,-15.214732904278852,2014
2014,166,1.0,4.482322276747468,-19.0976770364306,-15.241144094229538,2014
2014,167,1.0,4.458491284324388,-19.0976770364306,-15.267535967244461,2014
2014,168,1.0,4.434672263562588,-19.0976770364306,-15.293914582122303,2014
2014,169,1.0,4.410859743566334,-19.0976770364306,-15.320285997661747,2014
2014,170,1.0,4.387048253439893,-19.0976770364306,-15.346656272661477,2014
2014,171,28.48997883959671,4.363232322287531,11.3463774048301,-15.373031465920175,2014
2014,172,1.0,4.3394064792135145,-19.0976770364306,-15.399417636236517,2014
2014,173,1.0,4.315565253322107,-19.0976770364306,-15.425820842409195,2014
2014,174,1.0,4.2917031737175755,-19.0976770364306,-15.452247143236885,2014
2014,175,1.0,4.267814769504187,-19.0976770364306,-15.478702597518273,2014
2014,176,15.009822492861806,4.243894569786207,-3.58235775685633,-15.505193264052037,2014
2014,177,1.0,4.219937103667902,-19.0976770364306,-15.531725201636863,2014
2014,178,12.548405577475704,4.195936900253536,-6.30827875562833,-15.558304469071432,2014
2014,179,1.0,4.171888488647376,-19.0976770364306,-15.584937125154427,2014
2014,180,1.0,4.1477863979536895,-19.0976770364306,-15.611629228684528,2014
2014,181,17.957614511046824,4.12362515727674,-0.31779574293901,-15.63838683846042,2014
2014,182,1.0,4.099399295720793,-19.0976770364306,-15.665216013280785,2014
2014,183,1.0,4.075103342390118,-19.0976770364306,-15.692122811944303,2014
2014,184,1.0,4.050731826388978,-19.0976770364306,-15.71911329324966,2014
2014,185,1.0,4.026279276821639,-19.0976770364306,-15.746193515995534,2014
2014,186,1.0,4.001740222792368,-19.0976770364306,-15.773369538980612,2014
2014,187,1.0,3.9771091934054317,-19.0976770364306,-15.800647421003571,2014
2014,188,9.764796111660383,3.9523807177650934,-9.39101514531314,-15.8280332208631,2014
2014,189,1.0,3.927549324975622,-19.0976770364306,-15.855532997357875,2014
2014,190,1.0,3.902609544141281,-19.0976770364306,-15.883152809286582,2014
2014,191,1.0,3.8775559043663375,-19.0976770364306,-15.9108987154479,2014
2014,192,1.0,3.8523829347550573,-19.0976770364306,-15.938776774640516,2014
2014,193,1.0,3.8270851644117063,-19.0976770364306,-15.96679304566311,2014
2014,194,1.0,3.80165712244055,-19.0976770364306,-15.994953587314363,2014
2014,195,1.0,3.776093337945856,-19.0976770364306,-16.02326445839296,2014
2014,196,1.0,3.750388340031888,-19.0976770364306,-16.051731717697578,2014
2014,197,1.0,3.7245366578029135,-19.0976770364306,-16.080361424026904,2014
2014,198,1.0,3.6985328203631975,-19.0976770364306,-16.109159636179623,2014
2014,199,1.0,3.6723713568170058,-19.0976770364306,-16.138132412954413,2014
2014,200,1.0,3.646046796268606,-19.0976770364306,-16.167285813149952,2014
2014,201,1.0,3.6191903841040833,-19.0976770364306,-16.197028217784183,2014
2014,202,1.0,3.589980230836811,-19.0976770364306,-16.229377296752023,2014
2014,203,1.0,3.5562311632619816,-19.0976770364306,-16.266753042167657,2014
2014,204,1.0,3.515758008174787,-19.0976770364306,-16.31157544614526,2014
2014,205,21.675848495208864,3.466375592370422,3.8,-16.366264500799005,2014
2014,206,1.0,3.405898742644079,-19.0976770364306,-16.433240198243077,2014
2014,207,8.33348425906243,3.332142285790951,-10.9761358984855,-16.514922530591647,2014
2014,208,1.0,3.242921048606232,-19.0976770364306,-16.613731489958894,2014
2014,209,1.0,3.1360498578851135,-19.0976770364306,-16.732087068459,2014
2014,210,9.294841112168605,3.00934354042279,-9.91147155137126,-16.872409258206133,2014
2015,1,112.78842045111053,64.79606384341838,90.5408718788375,43.47148565566742,2015
2015,2,64.63916202266643,56.16879630573053,43.317601309865,35.01013438047373,2015
2015,3,34.36173919935315,50.34713182350106,13.6224621367172,29.300429891158227,2015
2015,4,71.01717349119343,46.4905866215699,49.5729533360622,25.518052270474424,2015
2015,5,55.86455879854487,43.75867692477701,34.7117478510029,22.838681601175853,2015
2015,6,36.30478662612236,41.44619957324193,15.5281416291445,20.57067691698219,2015
2015,7,56.283994440268415,39.38907386820244,35.1231170691772,18.55311305547772,2015
2015,8,62.81633493630201,37.55849972617597,41.5298301268931,16.757743805212943,2015
2015,9,48.66478777702216,35.9256770636799,27.6504400327466,15.156322954738311,2015
2015,10,72.90962653932851,34.461805797231634,51.4290114613181,13.720604292604289,2015
2015,11,26.924939409128832,33.13808584334858,6.328683995088,12.422341607361364,2015
2015,12,27.295377071461566,31.925717118548114,6.69199754400327,11.233288687559988,2015
2015,13,13.027741428641875,30.795899539347644,-7.30124846500204,10.125199321750635,2015
2015,14,36.862263849477436,29.719833022264588,16.0748976668031,9.06982729848379,2015
2015,15,12.868018032450298,28.668717483816305,-7.45790012279983,8.038926406309894,2015
2015,16,52.43557669566958,27.619240885738606,31.3487106017192,7.009632935041175,2015
2015,17,62.235245611720025,26.570043370640796,40.9599160867785,5.980613179536739,2015
2015,18,46.43985589300763,25.525253126350563,25.4682971756038,4.9559159359174245,2015
2015,19,17.726883460220368,24.488998340695613,-2.69247851002865,3.939590000304097,2015
2015,20,33.78737979314998,23.465407201503634,13.0591485878019,2.9356841688175948,2015
2015,21,24.87446370386543,22.458607896602327,4.31764224314367,1.948247237578773,2015
2015,22,1.0,21.472728613819392,-19.0976770364306,0.9813280027084801,2015
2015,23,50.66107981384933,20.511897540982517,29.6083401555465,0.038975260327561045,2015
2015,24,47.71354250762094,19.580242865919402,26.7174887433483,-0.8747621934431322,2015
2015,25,33.349632513046686,18.681892776457744,12.6298198935735,-1.7558355624827549,2015
2015,26,14.32410108610373,17.820975460425235,-6.02981989357347,-2.600196050670455,2015
2015,27,20.52749986614991,17.001619105649574,0.0542775276299698,-3.4037948618853804,2015
2015,28,39.609082644304024,16.227951899958455,18.7688907081457,-4.162583200006692,2015
2015,29,20.41025321061,15.504102031179581,-0.0607142857142862,-4.87251226891353,2015
2015,30,14.015077841721315,14.834197687140637,-6.33290012279984,-5.529533272485056,2015
2015,31,1.0,14.221195262300391,-19.0976770364306,-6.130746672493855,2015
2015,32,23.29522836086988,13.663363977641815,2.76877814162914,-6.677849962286324,2015
2015,33,9.533985165617885,13.157801260778978,-10.7278141629144,-7.173689893102264,2015
2015,34,26.560407380598328,12.701604539325913,5.97116250511666,-7.621113216181518,2015
2015,35,72.41715302372573,12.291871240896675,50.9460090053213,-8.022966682763906,2015
2015,36,1.0,11.925698793105314,-19.0976770364306,-8.38209704408925,2015
2015,37,42.0587938021725,11.600184623565877,21.1714899713467,-8.701351051397372,2015
2015,38,1.0,11.31242615989241,-19.0976770364306,-8.983575455928102,2015
2015,39,15.336426886031804,11.059520829698968,-5.03696275071633,-9.231617008921264,2015
2015,40,8.599726418884508,10.838566060599593,-11.6441056078592,-9.448322461616682,2015
2015,41,1.0,10.64665928020834,-19.0976770364306,-9.636538565254176,2015
2015,42,1.0,10.480897916139252,-19.0976770364306,-9.799112071073576,2015
2015,43,29.516114494719115,10.338379396006381,8.8700266066312,-9.938889730314704,2015
2015,44,1.0,10.216201147423773,-19.0976770364306,-10.05871829421739,2015
2015,45,6.811769700306524,10.111460598005479,-13.3976770364306,-10.161444514021452,2015
2015,46,25.635361839955753,10.021255175365546,5.06390708145722,-10.249915140966717,2015
2015,47,10.893960811228379,9.942682307118028,-9.39399304134261,-10.326976926293007,2015
2015,48,13.064656856896757,9.872839420876966,-7.26504297994269,-10.395476621240151,2015
2015,49,36.474724890675,9.808823944256414,15.6948117069177,-10.45826097704797,2015
2015,50,25.886570390171887,9.747733304870417,5.31028448628736,-10.518176744956293,2015
2015,51,16.82087993669626,9.687150506720148,-3.58105812525584,-10.577594438234525,2015
2015,52,18.655236573151463,9.626600859355268,-1.78197912402783,-10.636979618270411,2015
2015,53,39.8955997895497,9.566095248712557,19.0498976668031,-10.696321608481286,2015
2015,54,1.0,9.5056445607288,-19.0976770364306,-10.755609732284478,2015
2015,55,14.61111906248456,9.445259681340776,-5.74832173557102,-10.814833313097322,2015
2015,56,41.761519221502695,9.38495149648527,20.8799324600901,-10.873981674337145,2015
2015,57,18.44955148632598,9.324730892099062,-1.98370855505526,-10.933044139421279,2015
2015,58,15.235133788943497,9.264608754118937,-5.13630781825624,-10.992010031767055,2015
2015,59,1.0,9.204595968481673,-19.0976770364306,-11.050868674791806,2015
2015,60,25.831395493447218,9.144703421124055,5.25617069177241,-11.10960939191286,2015
2015,61,1.0,9.084941997982867,-19.0976770364306,-11.168221506547548,2015
2015,62,1.0,9.025322584994889,-19.0976770364306,-11.226694342113202,2015
2015,63,16.399847895729295,8.965856068096901,-3.99399304134261,-11.285017222027154,2015
2015,64,1.0,8.906553333225691,-19.0976770364306,-11.343179469706733,2015
2015,65,1.0,8.847425266318037,-19.0976770364306,-11.401170408569271,2015
2015,66,9.524657185725312,8.788482753310722,-10.7369627507163,-11.4589793620321,2015
2015,67,5.996082724824907,8.729736680140528,-14.1976770364306,-11.51659565351255,2015
2015,68,1.0,8.671197932744239,-19.0976770364306,-11.57400860642795,2015
2015,69,12.442739360816349,8.612877397058636,-7.875,-11.631207544195632,2015
2015,70,1.0,8.554785959020501,-19.0976770364306,-11.688181790232928,2015
2015,71,3.5154243763956545,8.496934504566616,-16.6306283258289,-11.744920667957171,2015
2015,72,33.785397336573254,8.439333919633766,13.057204257061,-11.801413500785685,2015
2015,73,1.0,8.381995090158728,-19.0976770364306,-11.857649612135809,2015
2015,74,1.0,8.32492890207829,-19.0976770364306,-11.91361832542487,2015
2015,75,1.0,8.26814624132923,-19.0976770364306,-11.969308964070198,2015
2015,76,1.0,8.211657993848334,-19.0976770364306,-12.024710851489123,2015
2015,77,1.0,8.15547504557238,-19.0976770364306,-12.079813311098981,2015
2015,78,1.0,8.099608282438155,-19.0976770364306,-12.1346056663171,2015
2015,79,1.0,8.044068590382434,-19.0976770364306,-12.189077240560811,2015
2015,80,1.0,7.988866855342007,-19.0976770364306,-12.243217357247445,2015
2015,81,1.0,7.934013963253652,-19.0976770364306,-12.297015339794333,2015
2015,82,1.0,7.879520800054153,-19.0976770364306,-12.350460511618806,2015
2015,83,1.0,7.8253982516802925,-19.0976770364306,-12.403542196138194,2015
2015,84,1.0,7.771657204068854,-19.0976770364306,-12.456249716769825,2015
2015,85,3.6509826703152584,7.7183085431566125,-16.4976770364306,-12.50857239693104,2015
2015,86,1.0,7.665363154880357,-19.0976770364306,-12.560499560039162,2015
2015,87,6.663356740584239,7.612831925176868,-13.5432357756856,-12.612020529511522,2015
2015,88,1.0,7.56072573998293,-19.0976770364306,-12.663124628765452,2015
2015,89,4.593463394850967,7.509055485235322,-15.573321735571,-12.713801181218285,2015
2015,90,1.0,7.457832046870827,-19.0976770364306,-12.76403951028735,2015
2015,91,10.276070832193302,7.407066310826229,-10.0,-12.813828939389978,2015
2015,92,11.006731288497686,7.356769163038308,-9.2833913221449,-12.863158791943498,2015
2015,93,1.0,7.306951489443845,-19.0976770364306,-12.91201839136525,2015
2015,94,1.0,7.257624175979627,-19.0976770364306,-12.960397061072552,2015
2015,95,1.0,7.208798108582435,-19.0976770364306,-13.008284124482742,2015
2015,96,22.14662432226542,7.160484173189047,1.64226361031519,-13.055668905013151,2015
2015,97,13.371697644702447,7.11269325573625,-6.96390708145722,-13.10254072608111,2015
2015,98,1.0,7.065436242160822,-19.0976770364306,-13.148888911103949,2015
2015,99,13.657442675281384,7.018724018399549,-6.68365738845682,-13.194702783498997,2015
2015,100,6.44161375548729,6.9725674703892135,-13.7607142857143,-13.239971666683587,2015
2015,101,4.26274790192647,6.92697431774289,-15.8976770364306,-13.284687989505247,2015
2015,102,15.360706762105604,6.881939614778844,-5.01314981580025,-13.328856602532277,2015
2015,103,1.0,6.837455249491627,-19.0976770364306,-13.372485461763187,2015
2015,104,6.52575338619605,6.793513109875797,-13.6781927957429,-13.415582523196473,2015
2015,105,1.0,6.750105083925913,-19.0976770364306,-13.458155742830641,2015
2015,106,1.0,6.707223059636528,-19.0976770364306,-13.500213076664188,2015
2015,107,18.702022548362002,6.6648589250022,-1.73609291854278,-13.54176248069562,2015
2015,108,1.0,6.6230045680174845,-19.0976770364306,-13.58281191092344,2015
2015,109,1.0,6.581651876676942,-19.0976770364306,-13.62336932334614,2015
2015,110,1.0,6.540792738975123,-19.0976770364306,-13.663442673962233,2015
2015,111,1.0,6.5004190429065885,-19.0976770364306,-13.703039918770214,2015
2015,112,1.0,6.460522676465891,-19.0976770364306,-13.742169013768589,2015
2015,113,1.0,6.421095527647592,-19.0976770364306,-13.780837914955857,2015
2015,114,1.0,6.382129484446243,-19.0976770364306,-13.819054578330523,2015
2015,115,21.18511201459321,6.343616434856405,0.699242734343017,-13.85682695989108,2015
2015,116,7.281518003150865,6.305548266872631,-12.9369627507163,-13.89416301563604,2015
2015,117,18.81160022714459,6.267916868489477,-1.62862259516988,-13.931070701563902,2015
2015,118,1.0,6.230714127701503,-19.0976770364306,-13.967557973673166,2015
2015,119,1.0,6.193931932503261,-19.0976770364306,-14.003632787962335,2015
2015,120,20.678949114629173,6.157562170889313,0.202814162914447,-14.039303100429906,2015
2015,121,1.0,6.121596730854211,-19.0976770364306,-14.074576867074388,2015
2015,122,1.0,6.086027500392514,-19.0976770364306,-14.109462043894279,2015
2015,123,32.77594088169042,6.050846367498775,12.0671612771183,-14.143966586888082,2015
2015,124,23.009378990471102,6.016045220167555,2.48842611543184,-14.178098452054297,2015
2015,125,7.457967072460742,5.981615946393408,-12.7639070814572,-14.211865595391426,2015
2015,126,1.0,5.947550434170891,-19.0976770364306,-14.245275972897973,2015
2015,127,12.135312515677295,5.91384057149456,-8.17651453131396,-14.278337540572437,2015
2015,128,7.846831146974993,5.8804782463589715,-12.3825214899713,-14.311058254413322,2015
2015,129,1.0,5.8474553467586805,-19.0976770364306,-14.34344607041913,2015
2015,130,1.0,5.814763760688247,-19.0976770364306,-14.375508944588361,2015
2015,131,1.0,5.782395376142225,-19.0976770364306,-14.407254832919516,2015
2015,132,1.0,5.750342081115173,-19.0976770364306,-14.438691691411098,2015
2015,133,1.0,5.718595763601644,-19.0976770364306,-14.46982747606161,2015
2015,134,1.0,5.6871483115961965,-19.0976770364306,-14.500670142869552,2015
2015,135,30.335599439642447,5.655991613093389,9.67375153499796,-14.531227647833425,2015
2015,136,1.0,5.625117556087773,-19.0976770364306,-14.561507946951735,2015
2015,137,25.16175296377783,5.5945180285739085,4.59940646745805,-14.59151899622298,2015
2015,138,1.0,5.564184918546352,-19.0976770364306,-14.621268751645662,2015
2015,139,16.19592615185889,5.53411011399966,-4.19399304134261,-14.650765169218282,2015
2015,140,3.5490217983800547,5.504285502928386,-16.5976770364306,-14.680016204939346,2015
2015,141,1.0,5.474702973327091,-19.0976770364306,-14.70902981480735,2015
2015,142,17.872155791365863,5.445354413190327,-2.55,-14.737813954820801,2015
2015,143,1.0,5.416231710512655,-19.0976770364306,-14.766376580978196,2015
2015,144,1.0,5.387326753288627,-19.0976770364306,-14.79472564927804,2015
2015,145,1.0,5.358631429512803,-19.0976770364306,-14.822869115718834,2015
2015,146,1.0,5.330137627179736,-19.0976770364306,-14.85081493629908,2015
2015,147,1.0,5.301837234283987,-19.0976770364306,-14.87857106701728,2015
2015,148,28.178425834623678,5.273722138820108,7.55806385591486,-14.906145463871933,2015
2015,149,20.435086087728894,5.245784228782656,-0.0363589848546861,-14.933546082861547,2015
2015,150,1.0,5.218015392166192,-19.0976770364306,-14.960780879984615,2015
2015,151,1.0,5.190407860617978,-19.0976770364306,-14.98785747419593,2015
2015,152,1.0,5.162955240396126,-19.0976770364306,-15.014782136275418,2015
2015,153,1.0,5.135651481411454,-19.0976770364306,-15.041560799959292,2015
2015,154,24.496200555045647,5.10849053357478,3.94665370446172,-15.068199398983763,2015
2015,155,1.0,5.081466346796922,-19.0976770364306,-15.094703867085048,2015
2015,156,1.0,5.054572870988703,-19.0976770364306,-15.121080137999355,2015
2015,157,9.584579544252117,5.027804056060942,-10.6781927957429,-15.147334145462898,2015
2015,158,6.098043596760109,5.001153851924455,-14.0976770364306,-15.17347182321189,2015
2015,159,22.654999226409785,4.974616208490065,2.1408616455178,-15.199499104982545,2015
2015,160,1.0,4.948185075668588,-19.0976770364306,-15.225421924511075,2015
2015,161,1.0,4.921854403370846,-19.0976770364306,-15.251246215533689,2015
2015,162,1.0,4.895618141507654,-19.0976770364306,-15.276977911786606,2015
2015,163,1.0,4.869470239989836,-19.0976770364306,-15.302622947006034,2015
2015,164,1.0,4.8434046487282085,-19.0976770364306,-15.328187254928187,2015
2015,165,7.457967072460742,4.817415317633593,-12.7639070814572,-15.353676769289276,2015
2015,166,34.11660322665096,4.791496196616804,13.382040523946,-15.379097423825518,2015
2015,167,1.0,4.7656412355886655,-19.0976770364306,-15.404455152273124,2015
2015,168,18.6000616764268,4.739844384459996,-1.83609291854278,-15.429755888368303,2015
2015,169,1.0,4.714099593141612,-19.0976770364306,-15.455005565847273,2015
2015,170,1.0,4.688400811544336,-19.0976770364306,-15.480210118446243,2015
2015,171,1.0,4.662741989578986,-19.0976770364306,-15.505375479901424,2015
2015,172,1.0,4.637117077156382,-19.0976770364306,-15.530507583949035,2015
2015,173,1.0,4.61152002418734,-19.0976770364306,-15.555612364325285,2015
2015,174,1.0,4.585944780582682,-19.0976770364306,-15.580695754766387,2015
2015,175,1.0,4.560385296253227,-19.0976770364306,-15.605763689008551,2015
2015,176,1.0,4.534835521109794,-19.0976770364306,-15.630822100787993,2015
2015,177,1.0,4.509289405063202,-19.0976770364306,-15.655876923840925,2015
2015,178,1.0,4.483740898024271,-19.0976770364306,-15.680934091903561,2015
2015,179,1.0,4.458183949903819,-19.0976770364306,-15.70599953871211,2015
2015,180,3.6509826703152584,4.432612510612666,-16.4976770364306,-15.731079198002789,2015
2015,181,1.0,4.407020530061631,-19.0976770364306,-15.756179003511807,2015
2015,182,1.0,4.381401958161533,-19.0976770364306,-15.781304888975379,2015
2015,183,1.0,4.355750744823192,-19.0976770364306,-15.806462788129716,2015
2015,184,1.0,4.330060839957427,-19.0976770364306,-15.831658634711031,2015
2015,185,1.0,4.304326193475055,-19.0976770364306,-15.856898362455539,2015
2015,186,8.545104523204962,4.278540755286899,-11.6976770364306,-15.88218790509945,2015
2015,187,1.0,4.252698475303776,-19.0976770364306,-15.907533196378978,2015
2015,188,1.0,4.226793303436505,-19.0976770364306,-15.932940170030335,2015
2015,189,34.27207999217556,4.200819189595908,13.5345272206304,-15.958414759789733,2015
2015,190,1.0,4.1747700836928,-19.0976770364306,-15.983962899393386,2015
2015,191,1.0,4.148639935638003,-19.0976770364306,-16.009590522577504,2015
2015,192,1.0,4.122422695342335,-19.0976770364306,-16.03530356307831,2015
2015,193,1.0,4.096112312716617,-19.0976770364306,-16.061107954632,2015
2015,194,29.617637139411038,4.0697027376716655,8.96959680720426,-16.087009630974798,2015
2015,195,1.0,4.043187920118302,-19.0976770364306,-16.113014525842914,2015
2015,196,1.0,4.016561809967345,-19.0976770364306,-16.13912857297256,2015
2015,197,1.0,3.9898183571296135,-19.0976770364306,-16.16535770609995,2015
2015,198,17.731463978310785,3.9629515115159273,-2.68798608268522,-16.191707858961294,2015
2015,199,1.0,3.935955223037104,-19.0976770364306,-16.21818496529281,2015
2015,200,1.0,3.9088234416039658,-19.0976770364306,-16.244794958830703,2015
2015,201,1.0,3.8811662610692252,-19.0976770364306,-16.271920247198498,2015
2015,202,1.0,3.8510583510531893,-19.0976770364306,-16.30144913356892,2015
2015,203,1.0,3.8161905251180572,-19.0976770364306,-16.335646395002,2015
2015,204,1.0,3.774253596826029,-19.0976770364306,-16.376776808557782,2015
2015,205,1.0,3.722938379739306,-19.0976770364306,-16.427105151296292,2015
2015,206,1.0,3.659935687420089,-19.0976770364306,-16.48889620027757,2015
2015,207,1.0,3.5829363334305775,-19.0976770364306,-16.564414732561644,2015
2015,208,1.0,3.4896311313329744,-19.0976770364306,-16.655925525208552,2015
2015,209,1.0,3.3777108946894776,-19.0976770364306,-16.76569335527833,2015
2015,210,1.0,3.244866437062291,-19.0976770364306,-16.89598299983101,2015
2016,1,88.67455484610201,58.08241529400537,77.9983933688089,44.118819745523496,2016
2016,2,57.71543415788067,50.87523653216043,43.712402783463,36.137156904901104,2016
2016,3,45.619630201162416,45.83759959516991,30.3167826442898,30.558175049006184,2016
2016,4,24.886704059286075,42.34776895882427,7.35589439214081,26.693326898208372,2016
2016,5,7.620683601149449,39.78400909891397,-11.7655341792878,23.854065172877302,2016
2016,6,72.70996387022849,37.62279037092374,60.3182460090053,21.460601685752554,2016
2016,7,50.74601971890856,35.73340664911517,35.9940544412608,19.368184619053363,2016
2016,8,15.286284547361397,34.08335768744409,-3.27618706508392,17.540821247368893,2016
2016,9,55.6897182617052,32.640143239866354,41.4690032746623,15.942518845288351,2016
2016,10,26.81592297243602,31.37126306033779,9.49242734343021,14.537284687400916,2016
2016,11,17.059332292253803,30.24421690281425,-1.31260744985673,13.289126048295767,2016
2016,12,16.13159183522605,29.226504521251567,-2.34004297994269,12.162050202562089,2016
2016,13,17.43077591225362,28.28562566960557,-0.90124846500204,11.120064424789046,2016
2016,14,61.28283789652652,27.38908010183212,47.6631600491199,10.127175989565856,2016
2016,15,24.224291034087642,26.50436757188703,6.62229840360213,9.147392171481663,2016
2016,16,46.13219245802571,25.605261462169643,30.8844248874335,8.151668038246648,2016
2016,17,25.123885382689114,24.69062966885319,7.61856324191568,7.138749830054877,2016
2016,18,13.993051256225677,23.7656137165544,-4.7083913221449,6.114331580221403,2016
2016,19,13.976344702044873,22.83535512989001,-4.72689316414245,5.084107322061282,2016
2016,20,16.65758956209976,21.90499543347672,-1.75752148997135,4.05377108888954,2016
2016,21,12.230167897173358,20.979676151931283,-6.66071428571429,3.0290169140212555,2016
2016,22,3.5459014424187734,20.064538809870413,-16.2781927957429,2.0155388307714652,2016
2016,23,13.372460058583801,19.164724931910833,-5.3956713057716,1.0190308724552182,2016
2016,24,15.414642259820171,18.285376042669274,-3.1340360212853,0.045187072387566474,2016
2016,25,5.514835383151145,17.431633666762455,-14.0976770364306,-0.9002985361164413,2016
2016,26,34.591502573437644,16.60863932880711,18.1035714285714,-1.8117319197417494,2016
2016,27,17.53304811450641,15.82153455341996,-0.787986082685223,-2.68341904517332,2016
2016,28,5.69542879847719,15.075460865217735,-13.8976770364306,-3.5096658790960884,2016
2016,29,18.36746102882064,14.375559788817156,0.136092918542775,-4.284778388195013,2016
2016,30,19.657561841047475,13.726972848834949,1.56482808022923,-5.003062539155048,2016
2016,31,3.8641391227210637,13.133515335711973,-15.925757265657,-5.660293050080977,2016
2016,32,7.89592592934825,12.593697603185577,-11.4607142857143,-6.258119644756979,2016
2016,33,13.998429140370153,12.104703770817256,-4.70243553008596,-6.799660798387066,2016
2016,34,15.129485035251921,11.66371795816849,-3.44983626688498,-7.288034986175257,2016
2016,35,32.627697027379185,11.26792428480077,15.9287351616865,-7.726360683325565,2016
2016,36,1.0,10.91450687027558,-19.0976770364306,-8.117756365042004,2016
2016,37,16.324400994261723,10.600649834154408,-2.12651453131396,-8.465340506528593,2016
2016,38,1.0,10.323537295998737,-19.0976770364306,-8.772231582989347,2016
2016,39,56.49769453248451,10.080353375370056,42.3638047482604,-9.041548069628279,2016
2016,40,1.0,9.868282191829845,-19.0976770364306,-9.276408441649412,2016
2016,41,14.134946082553284,9.6845078649396,-4.55124846500204,-9.479931174256752,2016
2016,42,4.431274891194871,9.5262145142608,-15.2976770364306,-9.655234742654322,2016
2016,43,16.15807468051485,9.390586259354933,-2.31071428571429,-9.805437622046131,2016
2016,44,5.785725506140214,9.274807219783485,-13.7976770364306,-9.933658287636202,2016
2016,45,1.0,9.176061515107941,-19.0976770364306,-10.043015214628548,2016
2016,46,12.087589284889242,9.09153326488979,-6.81861440851412,-10.136626878227183,2016
2016,47,42.850823777270556,9.018406588690517,27.2504400327466,-10.217611753636122,2016
2016,48,1.0,8.953865606071606,-19.0976770364306,-10.289088316059384,2016
2016,49,31.26215799151738,8.895094436594544,14.4164551780598,-10.354175040700984,2016
2016,50,1.0,8.839277199820819,-19.0976770364306,-10.415990402764935,2016
2016,51,12.881936038292002,8.784068557747604,-5.93890708145722,-10.477131770487054,2016
2016,52,10.781068369355285,8.729005342114824,-8.26553417928776,-10.53811208423035,2016
2016,53,27.82951552840944,8.674094927098094,10.6149406467458,-10.598923177389636,2016
2016,54,1.0,8.61934468687303,-19.0976770364306,-10.659556883359723,2016
2016,55,1.0,8.564761995615239,-19.0976770364306,-10.720005035535424,2016
2016,56,24.534757579397702,8.51035422750034,6.96612771182972,-10.780259467311543,2016
2016,57,18.347086055386647,8.456128756703947,0.113528448628734,-10.840312012082894,2016
2016,58,8.85581356668299,8.402092957401672,-10.3976770364306,-10.90015450324429,2016
2016,59,1.0,8.348254203769129,-19.0976770364306,-10.95977877419054,2016
2016,60,16.25311168811966,8.294619869981931,-2.20546459271388,-11.019176658316452,2016
2016,61,3.3477143992385967,8.241197330215691,-16.4976770364306,-11.078339989016843,2016
2016,62,1.0,8.187993958646027,-19.0976770364306,-11.137260599686519,2016
2016,63,5.69542879847719,8.13501712944855,-13.8976770364306,-11.19593032372029,2016
2016,64,8.05604272738192,8.082274216798874,-11.2833913221449,-11.254340994512969,2016
2016,65,9.33676458358358,8.029772594872611,-9.86504297994269,-11.312484445459368,2016
2016,66,51.035676994298676,7.977519637845376,36.3148383135489,-11.370352509954298,2016
2016,67,1.0,7.925522719892786,-19.0976770364306,-11.42793702139256,2016
2016,68,3.3477143992385967,7.873789215190451,-16.4976770364306,-11.485229813168978,2016
2016,69,1.0,7.822326497913984,-19.0976770364306,-11.542222718678357,2016
2016,70,3.3477143992385967,7.7711419422390025,-16.4976770364306,-11.598907571315504,2016
2016,71,1.0,7.720242922341117,-19.0976770364306,-11.655276204475237,2016
2016,72,1.0,7.669636812395945,-19.0976770364306,-11.71132045155236,2016
2016,73,14.74318293122405,7.619330986579095,-3.87765042979943,-11.767032145941691,2016
2016,74,1.0,7.569332819066185,-19.0976770364306,-11.822403121038034,2016
2016,75,1.0,7.519649684032827,-19.0976770364306,-11.877425210236204,2016
2016,76,13.286802007004171,7.470288955654635,-5.49053417928776,-11.932090246931008,2016
2016,77,1.0,7.421258008107224,-19.0976770364306,-11.986390064517256,2016
2016,78,6.611295404773552,7.3725642155662054,-12.8833913221449,-12.040316496389767,2016
2016,79,1.0,7.3242149522071935,-19.0976770364306,-12.093861375943344,2016
2016,80,3.1671209839125485,7.276217592205803,-16.6976770364306,-12.1470165365728,2016
2016,81,3.1671209839125485,7.228579509737649,-16.6976770364306,-12.199773811672944,2016
2016,82,6.480886334445285,7.181308078978343,-13.0278141629144,-12.25212503463859,2016
2016,83,1.0,7.134410674103499,-19.0976770364306,-12.304062038864547,2016
2016,84,1.0,7.087894669288733,-19.0976770364306,-12.355576657745623,2016
2016,85,19.92302787813824,7.041767438709655,1.85882112157184,-12.406660724676634,2016
2016,86,5.3342419678251,6.996036356541881,-14.2976770364306,-12.457306073052388,2016
2016,87,6.743515583851576,6.950708796961026,-12.7369627507163,-12.507504536267696,2016
2016,88,1.0,6.9057921341427,-19.0976770364306,-12.557247947717368,2016
2016,89,1.0,6.8612937422625215,-19.0976770364306,-12.606528140796213,2016
2016,90,5.605132090814167,6.8172209954961005,-13.9976770364306,-12.655336948899047,2016
2016,91,1.0,6.773581268019052,-19.0976770364306,-12.703666205420676,2016
2016,92,10.304229308544539,6.73038193400699,-8.79361440851412,-12.751507743755912,2016
2016,93,1.0,6.687630367635528,-19.0976770364306,-12.798853397299567,2016
2016,94,1.0,6.645333943080281,-19.0976770364306,-12.84569499944645,2016
2016,95,1.0,6.603500034516861,-19.0976770364306,-12.892024383591373,2016
2016,96,1.0,6.562136016120881,-19.0976770364306,-12.93783338312915,2016
2016,97,1.0,6.5212492620679585,-19.0976770364306,-12.983113831454581,2016
2016,98,4.569944835105916,6.480847146533703,-15.1441056078592,-13.027857561962488,2016
2016,99,6.833812291514599,6.440937043693731,-12.6369627507163,-13.072056408047677,2016
2016,100,25.352999879875426,6.401526327723656,7.87229840360213,-13.11570220310496,2016
2016,101,4.173284297871935,6.362619728651607,-15.5833913221449,-13.158789708816954,2016
2016,102,9.20410086766895,6.324211399915786,-10.0119627507163,-13.20132540001752,2016
2016,103,1.0,6.286292850806905,-19.0976770364306,-13.243318679828327,2016
2016,104,1.0,6.248855590615683,-19.0976770364306,-13.284778951371043,2016
2016,105,1.0,6.211891128632835,-19.0976770364306,-13.325715617767338,2016
2016,106,6.9595827057595105,6.175390974149075,-12.4976770364306,-13.366138082138878,2016
2016,107,1.0,6.139346636455121,-19.0976770364306,-13.406055747607333,2016
2016,108,1.0,6.1037496248416865,-19.0976770364306,-13.445478017294374,2016
2016,109,8.314476857541543,6.068591448599491,-10.9971858370855,-13.48441429432166,2016
2016,110,13.376858465547338,6.0338636170192474,-5.39080024559967,-13.522873981810871,2016
2016,111,13.580709843745655,5.999557639391672,-5.16504297994269,-13.560866482883668,2016
2016,112,6.146912336792305,5.96566502500748,-13.3976770364306,-13.598401200661725,2016
2016,113,1.0,5.932177283157389,-19.0976770364306,-13.635487538266705,2016
2016,114,17.36857911126305,5.899085923132114,-0.97012893982808,-13.672134898820278,2016
2016,115,1.0,5.8663824542223715,-19.0976770364306,-13.708352685444115,2016
2016,116,8.357426007891252,5.8340583857188735,-10.9496213671715,-13.744150301259886,2016
2016,117,1.0,5.802105226912341,-19.0976770364306,-13.779537149389252,2016
2016,118,17.340479204590597,5.770514487093489,-1.00124846500204,-13.814522632953887,2016
2016,119,1.0,5.739277675553029,-19.0976770364306,-13.84911615507546,2016
2016,120,8.04495430646545,5.708386301581681,-11.2956713057716,-13.883327118875636,2016
2016,121,1.0,5.67783187447016,-19.0976770364306,-13.917164927476087,2016
2016,122,1.0,5.647605903509183,-19.0976770364306,-13.950638983998475,2016
2016,123,1.0,5.617699897989461,-19.0976770364306,-13.983758691564478,2016
2016,124,1.0,5.588105367201715,-19.0976770364306,-14.016533453295757,2016
2016,125,1.0,5.558813820436658,-19.0976770364306,-14.048972672313987,2016
2016,126,1.0,5.529816766985008,-19.0976770364306,-14.081085751740828,2016
2016,127,1.0,5.501105716137479,-19.0976770364306,-14.112882094697955,2016
2016,128,1.0,5.472672177184787,-19.0976770364306,-14.144371104307034,2016
2016,129,1.0,5.444507659417648,-19.0976770364306,-14.175562183689735,2016
2016,130,1.0,5.416603672126778,-19.0976770364306,-14.206464735967726,2016
2016,131,1.0,5.388951724602894,-19.0976770364306,-14.237088164262675,2016
2016,132,1.0,5.361543326136711,-19.0976770364306,-14.267441871696247,2016
2016,133,11.68838765119522,5.334369986018943,-7.26071428571429,-14.297535261390117,2016
2016,134,1.0,5.307423213540307,-19.0976770364306,-14.32737773646595,2016
2016,135,3.2574176915755726,5.280694517991521,-16.5976770364306,-14.356978700045413,2016
2016,136,1.0,5.254175408663296,-19.0976770364306,-14.38634755525018,2016
2016,137,1.0,5.227857394846352,-19.0976770364306,-14.415493705201914,2016
2016,138,1.0,5.201731985831403,-19.0976770364306,-14.44442655302229,2016
2016,139,3.528307814564642,5.175790690909167,-16.2976770364306,-14.473155501832965,2016
2016,140,1.0,5.150025019370357,-19.0976770364306,-14.501689954755616,2016
2016,141,11.355882869313703,5.124426480505692,-7.62895006139992,-14.53003931491191,2016
2016,142,5.424538675488122,5.098986583605882,-14.1976770364306,-14.558212985423518,2016
2016,143,1.0,5.07369683796165,-19.0976770364306,-14.5862203694121,2016
2016,144,1.0,5.048548752863708,-19.0976770364306,-14.614070869999335,2016
2016,145,8.331626948558986,5.023533837602771,-10.9781927957429,-14.641773890306885,2016
2016,146,6.508542704281085,4.9986436014695546,-12.9971858370855,-14.669338833456422,2016
2016,147,6.688692582770443,4.9738695537547795,-12.7976770364306,-14.69677510256961,2016
2016,148,1.0,4.949203203749155,-19.0976770364306,-14.724092100768122,2016
2016,149,1.0,4.924636060743401,-19.0976770364306,-14.751299231173626,2016
2016,150,1.0,4.900159634028234,-19.0976770364306,-14.778405896907785,2016
2016,151,1.0,4.875766255518866,-19.0976770364306,-14.805420590068472,2016
2016,152,1.0,4.851451547628517,-19.0976770364306,-14.832348158658336,2016
2016,153,1.0,4.827211955394896,-19.0976770364306,-14.859192539656235,2016
2016,154,1.0,4.803043923855722,-19.0976770364306,-14.885957670041016,2016
2016,155,1.0,4.778943898048707,-19.0976770364306,-14.912647486791538,2016
2016,156,1.0,4.754908323011568,-19.0976770364306,-14.939265926886648,2016
2016,157,1.0,4.730933643782019,-19.0976770364306,-14.965816927305202,2016
2016,158,1.0,4.707016305397775,-19.0976770364306,-14.992304425026049,2016
2016,159,20.97927389323697,4.68315275289655,3.02857142857143,-15.018732357028046,2016
2016,160,7.049879413422533,4.659339431316061,-12.3976770364306,-15.04510466029004,2016
2016,161,1.0,4.635572785694019,-19.0976770364306,-15.07142527179089,2016
2016,162,42.03580635920934,4.611849261068143,26.3478407695456,-15.097698128509442,2016
2016,163,1.0,4.588165302476144,-19.0976770364306,-15.123927167424554,2016
2016,164,1.0,4.564517354955741,-19.0976770364306,-15.150116325515073,2016
2016,165,9.139603219338193,4.5409018635446445,-10.0833913221449,-15.176269539759858,2016
2016,166,6.562922168525532,4.5173152732805715,-12.9369627507163,-15.202390747137756,2016
2016,167,1.0,4.493754029201237,-19.0976770364306,-15.228483884627622,2016
2016,168,1.0,4.470214576344356,-19.0976770364306,-15.254552889208307,2016
2016,169,8.507526265697035,4.446693359747642,-10.7833913221449,-15.280601697858664,2016
2016,170,1.0,4.42318682444881,-19.0976770364306,-15.306634247557549,2016
2016,171,1.0,4.399691415485576,-19.0976770364306,-15.332654475283807,2016
2016,172,1.0,4.376203577895655,-19.0976770364306,-15.358666318016297,2016
2016,173,3.4380111069016177,4.35271975671676,-16.3976770364306,-15.38467371273387,2016
2016,174,1.0,4.329236396986606,-19.0976770364306,-15.410680596415379,2016
2016,175,9.036406982009039,4.305749943742909,-10.1976770364306,-15.436690906039672,2016
2016,176,1.0,4.282256842023384,-19.0976770364306,-15.462708578585609,2016
2016,177,3.3477143992385967,4.258753536865745,-16.4976770364306,-15.488737551032035,2016
2016,178,1.0,4.235236473307708,-19.0976770364306,-15.514781760357806,2016
2016,179,1.0,4.2117020963869845,-19.0976770364306,-15.540845143541777,2016
2016,180,1.0,4.188146851141293,-19.0976770364306,-15.566931637562796,2016
2016,181,1.0,4.164567182608347,-19.0976770364306,-15.593045179399716,2016
2016,182,1.0,4.140959535825861,-19.0976770364306,-15.619189706031394,2016
2016,183,4.792461721846961,4.117320355831549,-14.8976770364306,-15.645369154436677,2016
2016,184,1.0,4.093646087663128,-19.0976770364306,-15.671587461594422,2016
2016,185,3.651980669186174,4.069933176358311,-16.1607142857143,-15.697848564483479,2016
2016,186,1.0,4.046178066954814,-19.0976770364306,-15.724156400082698,2016
2016,187,1.0,4.0223772044903505,-19.0976770364306,-15.750514905370938,2016
2016,188,1.0,3.9985270340026364,-19.0976770364306,-15.776928017327046,2016
2016,189,1.0,3.974624000529387,-19.0976770364306,-15.803399672929876,2016
2016,190,1.0,3.9506645491083154,-19.0976770364306,-15.82993380915828,2016
2016,191,1.0,3.9266451247771372,-19.0976770364306,-15.856534362991114,2016
2016,192,9.523364226906041,3.9025621725735675,-9.6583913221449,-15.883205271407228,2016
2016,193,1.0,3.8784121375353204,-19.0976770364306,-15.909950471385471,2016
2016,194,1.0,3.854191464700112,-19.0976770364306,-15.9367738999047,2016
2016,195,1.0,3.829896599105656,-19.0976770364306,-15.963679493943769,2016
2016,196,1.0,3.805523985789667,-19.0976770364306,-15.990671190481525,2016
2016,197,1.0,3.781070069789861,-19.0976770364306,-16.017752926496826,2016
2016,198,1.0,3.7565312961439523,-19.0976770364306,-16.044928638968518,2016
2016,199,1.0,3.7319041098896544,-19.0976770364306,-16.07220226487546,2016
2016,200,1.0,3.7071849560646846,-19.0976770364306,-16.0995777411965,2016
2016,201,1.0,3.6820277943708795,-19.0976770364306,-16.127438293751403,2016
2016,202,1.0,3.654716643166577,-19.0976770364306,-16.157684303723578,2016
2016,203,1.0,3.6231930354742357,-19.0976770364306,-16.192595441137343,2016
2016,204,1.0,3.5853985043163146,-19.0976770364306,-16.234451376017013,2016
2016,205,1.0,3.539274582715275,-19.0976770364306,-16.285531778386908,2016
2016,206,1.0,3.482762803693577,-19.0976770364306,-16.348116318271344,2016
2016,207,1.0,3.4138047002736798,-19.0976770364306,-16.424484665694642,2016
2016,208,1.0,3.3303418054780445,-19.0976770364306,-16.51691649068112,2016
2016,209,1.0,3.2303156523291294,-19.0976770364306,-16.62769146325509,2016
2016,210,6.983626098446665,3.1116677738493963,-12.4710499386001,-16.75908925344088,2016
2017,1,51.59284242429845,62.24049632566559,36.931876790831,48.723728539294484,2017
2017,2,14.318764380295859,51.97766696628164,-4.34767703643062,37.35805461275038,2017
2017,3,59.015893403313605,45.61657502960046,45.1526094965207,30.313399163716664,2017
2017,4,65.9529573742619,41.91973142679134,52.835130986492,26.21929241443703,2017
2017,5,59.82890566525907,39.64964706902358,46.0529881293492,23.70526458715516,2017
2017,6,19.300283678768427,37.77199596950638,1.16915677445763,21.625840931395327,2017
2017,7,15.443860248935035,36.06510454960843,-3.10167826442898,19.73552680580408,2017
2017,8,28.865626819194073,34.51046233273834,11.7623925501433,18.01382259630861,2017
2017,9,20.858825921031954,33.089558842304704,2.89518010642653,16.440228688836054,2017
2017,10,25.251115772354705,31.783883601716116,7.75946582071224,14.994245469313565,2017
2017,11,26.162149675201658,30.57492613438119,8.76839950880066,13.655373323668318,2017
2017,12,43.23834560759924,29.444175963708503,27.67960499386,12.403112637827459,2017
2017,13,37.673224235592,28.373122613106666,21.5164551780598,11.21696379771815,2017
2017,14,16.40203842137846,27.343255605984282,-2.04053417928776,10.076427189267566,2017
2017,15,26.85789264560481,26.336064465749935,9.53890708145722,8.961003198402835,2017
2017,16,23.474205560843075,25.336658557906105,5.7916086778551,7.854201041702396,2017
2017,17,24.846591696620784,24.344626616330785,7.31147155137126,6.755565258349726,2017
2017,18,18.26968887738977,23.363177216995833,0.0278141629144502,5.668649218179571,2017
2017,19,27.206521839569017,22.39551893587312,9.925,4.597006291026673,2017
2017,20,42.88478206632726,21.444860348934498,27.2880474826034,3.5441898467257644,2017
2017,21,30.59294406815686,20.51441003215184,13.6753274662301,2.5137532551116024,2017
2017,22,30.099490856672883,19.607376561497013,13.128847728203,1.509249886018928,2017
2017,23,17.19213461342991,18.726968512941873,-1.16553417928776,0.5342331092824821,2017
2017,24,8.146339435044943,17.876394462458293,-11.1833913221449,-0.4077437052629911,2017
2017,25,15.975282061707041,17.058862986018127,-2.51314981580025,-1.3131271877827508,2017
2017,26,1.0,16.27758265959325,-19.0976770364306,-2.178363968442053,2017
2017,27,21.452305929533072,15.535762059155516,3.55243553008596,-2.9999006774061527,2017
2017,28,5.424538675488122,14.836609760676794,-14.1976770364306,-3.7741839448403116,2017
2017,29,29.52922260929021,14.18333434012895,12.4972984036021,-4.497660400909776,2017
2017,30,25.725173487585575,13.579144373483842,8.28446582071224,-5.166776675779815,2017
2017,31,17.192578150266574,13.02627855489887,-1.16504297994269,-5.779053505017272,2017
2017,32,18.99528742111049,12.523096051273498,0.831385591485877,-6.336308045795427,2017
2017,33,8.875162861182236,12.066986147692747,-10.376248465002,-6.841431560689129,2017
2017,34,28.587409098049385,11.655338129241613,11.45427752763,-7.297315312273247,2017
2017,35,3.528307814564642,11.28554128100511,-16.2976770364306,-7.706850563122641,2017
2017,36,18.56129586679109,10.954984888068235,0.35075726565698,-8.072928575812176,2017
2017,37,1.0,10.661058235516,-19.0976770364306,-8.398440612916714,2017
2017,38,18.102336884708127,10.401150608433404,-0.157521489971347,-8.686277937011122,2017
2017,39,50.480498239713164,10.17265129190546,35.7,-8.939331810670257,2017
2017,40,8.862263331516015,9.972949571017168,-10.3905341792878,-9.160493496468986,2017
2017,41,17.16135500503598,9.799434730853537,-1.19962136717151,-9.35265425698217,2017
2017,42,19.415547814195012,9.64949605649957,1.29680720425706,-9.518705354784673,2017
2017,43,14.725099564779462,9.520522833040273,-3.89767703643062,-9.66153805245136,2017
2017,44,1.0,9.409904345560651,-19.0976770364306,-9.784043612557094,2017
2017,45,19.362046183273105,9.315029879145712,1.23755628325829,-9.889113297676731,2017
2017,46,6.778989290433466,9.233288718880457,-12.6976770364306,-9.979638370385144,2017
2017,47,14.61545356261722,9.1620701498499,-4.01910560785919,-10.058510093257187,2017
2017,48,7.829229077535783,9.098763457139036,-11.5345783872288,-10.128619728867731,2017
2017,49,24.914609918592497,9.040757925832878,7.38679901760131,-10.192858539791633,2017
2017,50,23.85601685439978,8.985442841016429,6.21444944740074,-10.254117788603759,2017
2017,51,1.0,8.930644018278763,-19.0976770364306,-10.314805297767625,2017
2017,52,1.0,8.875933395225244,-19.0976770364306,-10.375395129301342,2017
2017,53,12.62003677659602,8.821319439965304,-6.22895006139992,-10.435877905111678,2017
2017,54,1.0,8.766810620608371,-19.0976770364306,-10.496244247105402,2017
2017,55,11.168054259339671,8.71241540526388,-7.83696275071633,-10.556484777189276,2017
2017,56,1.0,8.658142262041258,-19.0976770364306,-10.61659011727007,2017
2017,57,13.851156429898065,8.60399965904994,-4.86553417928776,-10.676550889254552,2017
2017,58,1.0,8.549996064399357,-19.0976770364306,-10.736357715049483,2017
2017,59,1.0,8.496139946198937,-19.0976770364306,-10.796001216561637,2017
2017,60,1.0,8.442439772558116,-19.0976770364306,-10.855472015697774,2017
2017,61,1.0,8.388904011586323,-19.0976770364306,-10.914760734364663,2017
2017,62,7.411066244074626,8.33554113139299,-11.9976770364306,-10.97385799446907,2017
2017,63,11.203527965921568,8.282359600087547,-7.79767703643062,-11.032754417917763,2017
2017,64,1.0,8.229367885779428,-19.0976770364306,-11.091440626617507,2017
2017,65,7.86254978238974,8.176574456578063,-11.4976770364306,-11.14990724247507,2017
2017,66,1.0,8.12398778059288,-19.0976770364306,-11.208144887397218,2017
2017,67,22.09557294794909,8.071616325933318,4.26482808022923,-11.266144183290715,2017
2017,68,1.0,8.019468560708802,-19.0976770364306,-11.323895752062331,2017
2017,69,11.203527965921568,7.967552953028763,-7.79767703643062,-11.381390215618834,2017
2017,70,1.0,7.915877971002639,-19.0976770364306,-11.438618195866983,2017
2017,71,1.0,7.864452082739854,-19.0976770364306,-11.495570314713554,2017
2017,72,1.0,7.813283756349846,-19.0976770364306,-11.552237194065306,2017
2017,73,1.0,7.7623814599420395,-19.0976770364306,-11.60860945582901,2017
2017,74,13.551242365160164,7.711753661625872,-5.19767703643062,-11.664677721911428,2017
2017,75,1.0,7.661408829510771,-19.0976770364306,-11.720432614219332,2017
2017,76,1.0,7.611355431706169,-19.0976770364306,-11.775864754659487,2017
2017,77,1.0,7.561601936321499,-19.0976770364306,-11.830964765138654,2017
2017,78,1.0,7.5121568114661885,-19.0976770364306,-11.885723267563609,2017
2017,79,1.0,7.463028525249671,-19.0976770364306,-11.940130883841114,2017
2017,80,1.0,7.414225545781379,-19.0976770364306,-11.994178235877934,2017
2017,81,3.3477143992385967,7.365756341170743,-16.4976770364306,-12.047855945580835,2017
2017,82,3.1671209839125485,7.317629379527196,-16.6976770364306,-12.101154634856586,2017
2017,83,1.0,7.269853128960166,-19.0976770364306,-12.154064925611955,2017
2017,84,5.3342419678251,7.222436057579088,-14.2976770364306,-12.206577439753701,2017
2017,85,1.0,7.17538663349339,-19.0976770364306,-12.258682799188602,2017
2017,86,1.0,7.128713324812504,-19.0976770364306,-12.310371625823416,2017
2017,87,11.029144066308735,7.082424599645864,-7.99080024559968,-12.361634541564912,2017
2017,88,1.0,7.036528926102899,-19.0976770364306,-12.412462168319857,2017
2017,89,1.0,6.991034772293043,-19.0976770364306,-12.462845127995015,2017
2017,90,1.0,6.945950606325724,-19.0976770364306,-12.512774042497156,2017
2017,91,1.0,6.901284896310374,-19.0976770364306,-12.562239533733045,2017
2017,92,4.702165014183938,6.857046110356425,-14.9976770364306,-12.611232223609452,2017
2017,93,1.0,6.813242716573309,-19.0976770364306,-12.659742734033138,2017
2017,94,1.0,6.769883183070458,-19.0976770364306,-12.707761686910871,2017
2017,95,9.703957642232087,6.726975977957302,-9.4583913221449,-12.755279704149416,2017
2017,96,1.0,6.6845295693432725,-19.0976770364306,-12.802287407655546,2017
2017,97,8.946110274346015,6.642552425337802,-10.2976770364306,-12.848775419336022,2017
2017,98,1.0,6.6010530140503185,-19.0976770364306,-12.894734361097612,2017
2017,99,16.83417266519436,6.560039803590258,-1.56196275071633,-12.940154854847083,2017
2017,100,1.0,6.51952126206705,-19.0976770364306,-12.985027522491201,2017
2017,101,1.0,6.479503125902459,-19.0976770364306,-13.0293460111718,2017
2017,102,3.979791352879756,6.439980204767597,-15.7976770364306,-13.07311606897098,2017
2017,103,30.13554670535288,6.400944576645902,13.1687781416291,-13.116346469205917,2017
2017,104,1.0,6.362388319520817,-19.0976770364306,-13.159045985193778,2017
2017,105,1.0,6.324303511375787,-19.0976770364306,-13.201223390251732,2017
2017,106,1.0,6.286682230194251,-19.0976770364306,-13.242887457696952,2017
2017,107,4.173284297871935,6.249516553959653,-15.5833913221449,-13.28404696084661,2017
2017,108,1.0,6.2127985606554335,-19.0976770364306,-13.324710673017874,2017
2017,109,13.647988837656264,6.176520328265039,-5.09053417928776,-13.36488736752791,2017
2017,110,1.0,6.1406739347719075,-19.0976770364306,-13.404585817693897,2017
2017,111,1.0,6.105251458159484,-19.0976770364306,-13.443814796833,2017
2017,112,1.0,6.070244976411209,-19.0976770364306,-13.48258307826239,2017
2017,113,10.390857596954364,6.035646567510527,-8.69767703643062,-13.520899435299238,2017
2017,114,1.0,6.00144830944088,-19.0976770364306,-13.558772641260713,2017
2017,115,1.0,5.967642280185709,-19.0976770364306,-13.596211469463984,2017
2017,116,1.0,5.934220557728455,-19.0976770364306,-13.633224693226229,2017
2017,117,18.541900370538052,5.901175220052564,0.329277527629967,-13.66982108586461,2017
2017,118,1.0,5.868498345141477,-19.0976770364306,-13.7060094206963,2017
2017,119,1.0,5.836182010978632,-19.0976770364306,-13.741798471038475,2017
2017,120,1.0,5.8042182955474795,-19.0976770364306,-13.777197010208294,2017
2017,121,35.525692795298546,5.772599276831456,19.1381498158003,-13.812213811522936,2017
2017,122,1.0,5.741317032814008,-19.0976770364306,-13.846857648299565,2017
2017,123,1.0,5.710363641478573,-19.0976770364306,-13.88113729385536,2017
2017,124,1.0,5.679731180808595,-19.0976770364306,-13.915061521507484,2017
2017,125,1.0,5.649411728787518,-19.0976770364306,-13.948639104573111,2017
2017,126,1.0,5.619397363398783,-19.0976770364306,-13.981878816369408,2017
2017,127,1.0,5.589680162625834,-19.0976770364306,-14.014789430213547,2017
2017,128,1.0,5.560252204452111,-19.0976770364306,-14.0473797194227,2017
2017,129,1.0,5.531105566861057,-19.0976770364306,-14.07965845731404,2017
2017,130,1.0,5.502232327836115,-19.0976770364306,-14.111634417204728,2017
2017,131,1.0,5.473624565360727,-19.0976770364306,-14.143316372411942,2017
2017,132,9.39759381266111,5.445274357418337,-9.79767703643062,-14.174713096252848,2017
2017,133,1.0,5.417173781992384,-19.0976770364306,-14.205833362044622,2017
2017,134,1.0,5.389314917066313,-19.0976770364306,-14.23668594310443,2017
2017,135,1.0,5.361689840623566,-19.0976770364306,-14.26727961274944,2017
2017,136,1.0,5.334290630647582,-19.0976770364306,-14.29762314429683,2017
2017,137,12.196791750214821,5.307109365121808,-6.69767703643062,-14.327725311063764,2017
2017,138,4.305504476949959,5.280138122029685,-15.4369627507163,-14.357594886367414,2017
2017,139,20.774978978201997,5.253368979354656,2.80232296356938,-14.38724064352495,2017
2017,140,1.0,5.22679401508016,-19.0976770364306,-14.416671355853543,2017
2017,141,1.0,5.200405307189642,-19.0976770364306,-14.445895796670365,2017
2017,142,1.0,5.174194933666544,-19.0976770364306,-14.474922739292584,2017
2017,143,11.119681023091621,5.14815497249431,-7.89053417928776,-14.503760957037368,2017
2017,144,1.0,5.122277501656379,-19.0976770364306,-14.532419223221892,2017
2017,145,1.0,5.096554599136194,-19.0976770364306,-14.560906311163325,2017
2017,146,1.0,5.070978342917199,-19.0976770364306,-14.589230994178838,2017
2017,147,1.0,5.045540810982836,-19.0976770364306,-14.6174020455856,2017
2017,148,1.0,5.020234081316546,-19.0976770364306,-14.64542823870078,2017
2017,149,1.0,4.995050231901773,-19.0976770364306,-14.673318346841551,2017
2017,150,3.3477143992385967,4.969981340721961,-16.4976770364306,-14.70108114332508,2017
2017,151,1.0,4.945020041278097,-19.0976770364306,-14.728724786255029,2017
2017,152,1.0,4.920161189141382,-19.0976770364306,-14.756254972880974,2017
2017,153,1.0,4.8954001954005575,-19.0976770364306,-14.783676785238995,2017
2017,154,1.0,4.870732471144372,-19.0976770364306,-14.810995305365157,2017
2017,155,1.0,4.846153427461566,-19.0976770364306,-14.838215615295539,2017
2017,156,1.0,4.8216584754408895,-19.0976770364306,-14.865342797066207,2017
2017,157,1.0,4.797243026171088,-19.0976770364306,-14.892381932713231,2017
2017,158,1.0,4.772902490740904,-19.0976770364306,-14.919338104272686,2017
2017,159,1.0,4.748632280239087,-19.0976770364306,-14.946216393780638,2017
2017,160,1.0,4.724427805754378,-19.0976770364306,-14.973021883273166,2017
2017,161,1.0,4.700284478375526,-19.0976770364306,-14.999759654786333,2017
2017,162,1.0,4.676197709191272,-19.0976770364306,-15.026434790356216,2017
2017,163,1.0,4.652162909290365,-19.0976770364306,-15.053052372018886,2017
2017,164,1.0,4.628175489761551,-19.0976770364306,-15.079617481810413,2017
2017,165,3.2574176915755726,4.604230861693574,-16.5976770364306,-15.106135201766865,2017
2017,166,1.0,4.580324436175177,-19.0976770364306,-15.132610613924319,2017
2017,167,1.0,4.55645162429511,-19.0976770364306,-15.159048800318843,2017
2017,168,5.69542879847719,4.532607837142117,-13.8976770364306,-15.185454842986504,2017
2017,169,13.009462119182027,4.50878848580494,-5.79767703643062,-15.211833823963383,2017
2017,170,3.651980669186174,4.4849889813723305,-16.1607142857143,-15.238190825285542,2017
2017,171,1.0,4.4612047349330295,-19.0976770364306,-15.264530928989059,2017
2017,172,1.0,4.437431157575784,-19.0976770364306,-15.29085921711,2017
2017,173,1.0,4.4136636603893376,-19.0976770364306,-15.317180771684443,2017
2017,174,14.280065791297423,4.3898976544624375,-4.39053417928776,-15.343500674748451,2017
2017,175,1.0,4.366128550883831,-19.0976770364306,-15.369824008338101,2017
2017,176,1.0,4.342351760742258,-19.0976770364306,-15.396155854489463,2017
2017,177,1.0,4.31856269512647,-19.0976770364306,-15.422501295238606,2017
2017,178,1.0,4.294756765125209,-19.0976770364306,-15.448865412621602,2017
2017,179,7.7722530747267164,4.27092938182722,-11.5976770364306,-15.475253288674526,2017
2017,180,6.237209044455329,4.247075956321251,-13.2976770364306,-15.501670005433443,2017
2017,181,1.0,4.2231918996960465,-19.0976770364306,-15.528120644934429,2017
2017,182,1.0,4.199272623040349,-19.0976770364306,-15.554610289213556,2017
2017,183,1.0,4.175313537442908,-19.0976770364306,-15.58114402030689,2017
2017,184,1.0,4.151310053992467,-19.0976770364306,-15.607726920250506,2017
2017,185,7.146625885918579,4.127257583777771,-12.2905341792878,-15.634364071080476,2017
2017,186,1.0,4.103151537887568,-19.0976770364306,-15.661060554832867,2017
2017,187,1.0,4.0789873274106005,-19.0976770364306,-15.687821453543755,2017
2017,188,1.0,4.054760363435614,-19.0976770364306,-15.714651849249208,2017
2017,189,3.2574176915755726,4.030466057051357,-16.5976770364306,-15.741556823985299,2017
2017,190,1.0,4.006099819346571,-19.0976770364306,-15.768541459788098,2017
2017,191,1.0,3.9816570614100044,-19.0976770364306,-15.795610838693678,2017
2017,192,1.0,3.9571331943304013,-19.0976770364306,-15.822770042738108,2017
2017,193,1.0,3.932523629196507,-19.0976770364306,-15.850024153957461,2017
2017,194,1.0,3.9078237770970676,-19.0976770364306,-15.877378254387807,2017
2017,195,1.0,3.883029049120829,-19.0976770364306,-15.904837426065217,2017
2017,196,8.05926760979843,3.8581348563565347,-11.2798198935735,-15.932406751025765,2017
2017,197,1.0,3.8331366098929323,-19.0976770364306,-15.960091311305519,2017
2017,198,1.0,3.808029720818766,-19.0976770364306,-15.98789618894055,2017
2017,199,1.0,3.7828096002227807,-19.0976770364306,-16.01582646596693,2017
2017,200,5.424538675488122,3.757471659193724,-14.1976770364306,-16.043887224420736,2017
2017,201,1.0,3.731650885221798,-19.0976770364306,-16.072482701088926,2017
2017,202,1.0,3.7035405714030483,-19.0976770364306,-16.103613751762065,2017
2017,203,1.0,3.670973587234976,-19.0976770364306,-16.1396803869816,2017
2017,204,1.0,3.6317828022150827,-19.0976770364306,-16.18308261728899,2017
2017,205,1.0,3.5838010858408715,-19.0976770364306,-16.236220453225677,2017
2017,206,1.0,3.524861307609846,-19.0976770364306,-16.301493905333125,2017
2017,207,1.0,3.452796337019507,-19.0976770364306,-16.381302984152786,2017
2017,208,3.2574176915755726,3.3654390435673585,-16.5976770364306,-16.478047700226107,2017
2017,209,3.2574176915755726,3.260622296750901,-16.5976770364306,-16.594128064094544,2017
2017,210,1.0,3.136178966067639,-19.0976770364306,-16.731944086299553,2017
2018,1,64.6751185074985,60.20134228912816,51.4199754400327,46.465446826358374,2018
2018,2,57.525849881261436,51.36151977062685,43.5024457634056,36.67569618396449,2018
2018,3,34.310254017242514,45.59137146599933,17.7920998772002,30.2854872229013,2018
2018,4,58.12626015283543,41.95770664845071,44.1673761768318,26.26134845683571,2018
2018,5,24.515944225242773,39.527334591186076,6.9452926729431,23.569808399434603,2018
2018,6,20.48787203962261,37.51775649445285,2.48436348751535,21.34428085945746,2018
2018,7,75.20924774304434,35.74924126666749,63.0861031518625,19.385720826033808,2018
2018,8,28.11555058630022,34.192749743288815,10.9317130577159,17.661968583385796,2018
2018,9,6.472625460862507,32.819242759775626,-13.0369627507163,16.140864415735567,2018
2018,10,49.247465833803,31.599681151586704,34.3344658207122,14.790248607305227,2018
2018,11,23.31799743118247,30.505025754180863,5.61861440851412,13.577961442316916,2018
2018,12,51.34388889402239,29.506237403016875,36.6561706917724,12.47184320499274,2018
2018,13,15.447473226083655,28.574276933553556,-3.09767703643061,11.439734179554861,2018
2018,14,35.6975910405559,27.6801051812497,19.328520261973,10.449474650225394,2018
2018,15,13.370648949834118,26.79468298156409,-5.39767703643062,9.468904901226455,2018
2018,16,12.109821568826739,25.894661399502404,-6.79399304134261,8.47216691890658,2018
2018,17,17.585570268247373,24.979452418257814,-0.729819893573469,7.458609498119937,2018
2018,18,15.870718252464847,24.054158250570357,-2.62895006139992,6.433883135847072,2018
2018,19,1.0,23.123881109180083,-19.0976770364306,5.403638329068556,2018
2018,20,14.37681226379352,22.19372320682703,-4.2833913221449,4.373525574764937,2018
2018,21,4.070088060542778,21.26878675625124,-15.6976770364306,3.3491953699167745,2018
2018,22,40.36291477624487,20.354173970192775,24.4951801064265,2.3362982115046442,2018
2018,23,22.2531024477689,19.454987061391662,4.43928571428571,1.3404845965090928,2018
2018,24,1.0,18.576328242587945,-19.0976770364306,0.3674050219106775,2018
2018,25,1.0,17.723299726521674,-19.0976770364306,-0.5772900153100302,2018
2018,26,18.204747692222384,16.90100372593289,-0.044105607859187,-1.4879500181724836,2018
2018,27,10.817327505752104,16.114542453561633,-8.22537863282849,-2.358924489696122,2018
2018,28,19.691418486245723,15.369018122147954,1.60232296356938,-3.1845629329003735,2018
2018,29,31.43263322275711,14.669532944431895,14.6052496930004,-3.95921485080469,2018
2018,30,16.898670313525088,14.021189133153497,-1.49053417928776,-4.677229746428507,2018
2018,31,11.745308211899706,13.427771047585217,-7.19767703643062,-5.334416592911161,2018
2018,32,21.690845584498376,12.887791633129137,3.8166086778551,-5.932422243871571,2018
2018,33,12.287088457877843,12.398445981719766,-6.59767703643062,-6.474353023048543,2018
2018,34,1.0,11.956929185291589,-19.0976770364306,-6.963315254180898,2018
2018,35,12.522504874285014,11.560436335779112,-6.33696275071633,-7.402415261007441,2018
2018,36,1.0,11.20616252511683,-19.0976770364306,-7.794759367266984,2018
2018,37,1.0,10.891302845239244,-19.0976770364306,-8.143453896698343,2018
2018,38,31.61380878018127,10.613052388080845,14.8058943921408,-8.451605173040331,2018
2018,39,1.0,10.36860624557614,-19.0976770364306,-8.722319520031752,2018
2018,40,21.558625405420383,10.155159509659619,3.67018010642653,-8.958703261411427,2018
2018,41,1.0,9.969907272265786,-19.0976770364306,-9.16386272091816,2018
2018,42,13.09975882684505,9.810044625329134,-5.69767703643062,-9.34090422229077,2018
2018,43,3.3477143992385967,9.672766660784163,-16.4976770364306,-9.492934089268065,2018
2018,44,1.0,9.555268470565366,-19.0976770364306,-9.623058645588864,2018
2018,45,11.203527965921568,9.454745146607252,-7.79767703643062,-9.734384214991966,2018
2018,46,27.038827953909113,9.368391780844306,9.73928571428571,-9.830017121216196,2018
2018,47,1.0,9.293403465211036,-19.0976770364306,-9.913063688000356,2018
2018,48,1.0,9.226975291641933,-19.0976770364306,-9.986630239083265,2018
2018,49,21.045869101191066,9.166302352071497,3.10232296356938,-10.053823098203733,2018
2018,50,5.876022213803236,9.10857973843423,-13.6976770364306,-10.117748589100568,2018
2018,51,6.417802459781374,9.051471220192553,-13.0976770364306,-10.1809939938553,2018
2018,52,23.66447362341873,8.994515276920621,6.00232296356938,-10.244070427920299,2018
2018,53,14.509032442871518,8.937719065720515,-4.13696275071633,-10.306969965090651,2018
2018,54,6.869285998096488,8.881089743694316,-12.5976770364306,-10.369684679161438,2018
2018,55,23.39358350042966,8.824634467944103,5.70232296356938,-10.432206643927747,2018
2018,56,1.0,8.76836039557196,-19.0976770364306,-10.494527933184662,2018
2018,57,1.0,8.712274683679965,-19.0976770364306,-10.55664062072727,2018
2018,58,5.514835383151145,8.656384489370204,-14.0976770364306,-10.618536780350649,2018
2018,59,5.514835383151145,8.60069696974475,-14.0976770364306,-10.680208485849896,2018
2018,60,16.65182358322321,8.545219281905691,-1.76390708145722,-10.741647811020083,2018
2018,61,1.0,8.489958582955106,-19.0976770364306,-10.802846829656302,2018
2018,62,1.0,8.434922029995077,-19.0976770364306,-10.863797615553635,2018
2018,63,15.718363349072714,8.380116780127683,-2.79767703643062,-10.924492242507167,2018
2018,64,1.0,8.325549990455006,-19.0976770364306,-10.984922784311985,2018
2018,65,13.99627613864221,8.271228818079127,-4.70481989357347,-11.045081314763172,2018
2018,66,3.2574176915755726,8.217160420102129,-16.5976770364306,-11.104959907655811,2018
2018,67,9.181526690753193,8.16335195362609,-10.0369627507163,-11.164550636784988,2018
2018,68,1.0,8.109810575753093,-19.0976770364306,-11.223845575945791,2018
2018,69,1.0,8.056543443585216,-19.0976770364306,-11.282836798933307,2018
2018,70,1.0,8.003557714224547,-19.0976770364306,-11.341516379542607,2018
2018,71,15.80866005673574,7.9508605447731595,-2.69767703643062,-11.39987639156879,2018
2018,72,1.0,7.898459092333141,-19.0976770364306,-11.457908908806932,2018
2018,73,10.752044427606453,7.846360514006567,-8.29767703643062,-11.515606005052124,2018
2018,74,1.0,7.794571966895522,-19.0976770364306,-11.572959754099447,2018
2018,75,4.431274891194871,7.743100608102085,-15.2976770364306,-11.629962229743988,2018
2018,76,3.2574176915755726,7.691953594728339,-16.5976770364306,-11.686605505780829,2018
2018,77,9.036406982009039,7.641138083876367,-10.1976770364306,-11.742881656005055,2018
2018,78,5.06335184483603,7.5906612326482445,-14.5976770364306,-11.798782754211754,2018
2018,79,1.0,7.540530198146055,-19.0976770364306,-11.85430087419601,2018
2018,80,1.0,7.49075213747188,-19.0976770364306,-11.909428089752907,2018
2018,81,1.0,7.4413342077278015,-19.0976770364306,-11.964156474677527,2018
2018,82,1.0,7.392283566015899,-19.0976770364306,-12.018478102764957,2018
2018,83,1.0,7.343607369438255,-19.0976770364306,-12.072385047810284,2018
2018,84,1.0,7.295312775096951,-19.0976770364306,-12.125869383608588,2018
2018,85,1.0,7.247406940094065,-19.0976770364306,-12.178923183954959,2018
2018,86,1.0,7.1998970215316795,-19.0976770364306,-12.231538522644477,2018
2018,87,5.69542879847719,7.152790176511878,-13.8976770364306,-12.28370747347223,2018
2018,88,6.430701989447507,7.1060935621367385,-13.0833913221449,-12.335422110233303,2018
2018,89,1.0,7.059814335508346,-19.0976770364306,-12.386674506722775,2018
2018,90,1.0,7.013959653728776,-19.0976770364306,-12.43745673673574,2018
2018,91,5.69542879847719,6.968536673900113,-13.8976770364306,-12.487760874067277,2018
2018,92,11.022934550595524,6.923552553124438,-7.99767703643062,-12.537578992512469,2018
2018,93,1.0,6.879014448503829,-19.0976770364306,-12.586903165866406,2018
2018,94,1.0,6.834929517140374,-19.0976770364306,-12.63572546792417,2018
2018,95,5.424538675488122,6.791304916136148,-14.1976770364306,-12.684037972480846,2018
2018,96,1.0,6.748147802593232,-19.0976770364306,-12.73183275333152,2018
2018,97,1.0,6.705465333613711,-19.0976770364306,-12.779101884271274,2018
2018,98,1.0,6.663264666299663,-19.0976770364306,-12.825837439095194,2018
2018,99,1.0,6.621552957753171,-19.0976770364306,-12.872031491598367,2018
2018,100,1.0,6.580337365076316,-19.0976770364306,-12.917676115575873,2018
2018,101,1.0,6.539622527267365,-19.0976770364306,-12.962766173522276,2018
2018,102,3.528307814564642,6.499403010909351,-16.2976770364306,-13.00730768273002,2018
2018,103,1.0,6.459670864481488,-19.0976770364306,-13.051309449191027,2018
2018,104,1.0,6.420418136462994,-19.0976770364306,-13.094780278897222,2018
2018,105,9.487890520324134,6.381636875333086,-9.69767703643062,-13.137728977840528,2018
2018,106,1.0,6.3433191295709825,-19.0976770364306,-13.180164352012863,2018
2018,107,1.0,6.305456947655899,-19.0976770364306,-13.222095207406152,2018
2018,108,1.0,6.268042378067052,-19.0976770364306,-13.26353035001232,2018
2018,109,1.0,6.231067469283662,-19.0976770364306,-13.304478585823281,2018
2018,110,1.0,6.194524269784942,-19.0976770364306,-13.344948720830967,2018
2018,111,1.0,6.158404828050114,-19.0976770364306,-13.384949561027291,2018
2018,112,7.140176121085557,6.122701192558392,-12.2976770364306,-13.42448991240418,2018
2018,113,1.0,6.0874054117889935,-19.0976770364306,-13.463578580953557,2018
2018,114,1.0,6.0525095342211355,-19.0976770364306,-13.502224372667342,2018
2018,115,14.99598968776853,6.018005608334038,-3.59767703643062,-13.540436093537458,2018
2018,116,1.0,5.983885682606913,-19.0976770364306,-13.578222549555829,2018
2018,117,1.0,5.950141805518983,-19.0976770364306,-13.615592546714371,2018
2018,118,3.708901229890687,5.916766025549465,-16.0976770364306,-13.65255489100501,2018
2018,119,1.0,5.88375039117757,-19.0976770364306,-13.689118388419672,2018
2018,120,19.713992663161477,5.8510869508825225,1.62732296356938,-13.725291844950274,2018
2018,121,1.0,5.8187677531435344,-19.0976770364306,-13.76108406658874,2018
2018,122,1.0,5.786784846439829,-19.0976770364306,-13.79650385932699,2018
2018,123,1.0,5.755130279250618,-19.0976770364306,-13.83156002915695,2018
2018,124,1.0,5.72379610005512,-19.0976770364306,-13.86626138207054,2018
2018,125,1.0,5.692774357332553,-19.0976770364306,-13.900616724059681,2018
2018,126,3.4380111069016177,5.6620570995621335,-16.3976770364306,-13.934634861116297,2018
2018,127,1.0,5.63163637522308,-19.0976770364306,-13.96832459923231,2018
2018,128,1.0,5.601504232794609,-19.0976770364306,-14.001694744399641,2018
2018,129,1.0,5.571652720755935,-19.0976770364306,-14.034754102610215,2018
2018,130,1.0,5.54207388758628,-19.0976770364306,-14.06751147985595,2018
2018,131,10.029670766302273,5.512759781764859,-9.09767703643062,-14.09997568212877,2018
2018,132,1.0,5.48370245177089,-19.0976770364306,-14.132155515420596,2018
2018,133,1.0,5.454893946083589,-19.0976770364306,-14.164059785723355,2018
2018,134,1.0,5.426326313182172,-19.0976770364306,-14.195697299028964,2018
2018,135,1.0,5.3979916015458596,-19.0976770364306,-14.227076861329348,2018
2018,136,1.0,5.369881859653867,-19.0976770364306,-14.258207278616426,2018
2018,137,3.4380111069016177,5.341989135985411,-16.3976770364306,-14.289097356882124,2018
2018,138,5.3342419678251,5.314305479019709,-14.2976770364306,-14.319755902118363,2018
2018,139,1.0,5.286822937235982,-19.0976770364306,-14.35019172031706,2018
2018,140,1.0,5.259533559113441,-19.0976770364306,-14.380413617470145,2018
2018,141,30.304506519067438,5.232429393131307,13.3558943921408,-14.410430399569536,2018
2018,142,3.528307814564642,5.205502487768796,-16.2976770364306,-14.440250872607157,2018
2018,143,1.0,5.1787448915051275,-19.0976770364306,-14.469883842574927,2018
2018,144,1.0,5.152148652819516,-19.0976770364306,-14.49933811546477,2018
2018,145,1.0,5.12570582019118,-19.0976770364306,-14.52862249726861,2018
2018,146,1.0,5.099408442099334,-19.0976770364306,-14.55774579397837,2018
2018,147,1.0,5.0732485670232,-19.0976770364306,-14.586716811585966,2018
2018,148,1.0,5.047218243441993,-19.0976770364306,-14.615544356083323,2018
2018,149,3.2574176915755726,5.021309519834928,-16.5976770364306,-14.644237233462366,2018
2018,150,12.46768187320389,4.995514444681226,-6.39767703643062,-14.672804249715016,2018
2018,151,1.0,4.969825652638312,-19.0976770364306,-14.701253561664219,2018
2018,152,1.0,4.9442381230764605,-19.0976770364306,-14.729590729457026,2018
2018,153,1.0,4.9187474215441505,-19.0976770364306,-14.757820664071518,2018
2018,154,1.0,4.893349113589864,-19.0976770364306,-14.785948276485772,2018
2018,155,3.3477143992385967,4.868038764762084,-16.4976770364306,-14.813978477677864,2018
2018,156,11.022934550595524,4.842811940609292,-7.99767703643062,-14.84191617862587,2018
2018,157,1.0,4.81766420667997,-19.0976770364306,-14.869766290307872,2018
2018,158,1.0,4.7925911285226,-19.0976770364306,-14.897533723701944,2018
2018,159,2.986527568586503,4.767588271685665,-16.8976770364306,-14.925223389786163,2018
2018,160,1.0,4.742651201717644,-19.0976770364306,-14.952840199538612,2018
2018,161,1.0,4.7177754841670225,-19.0976770364306,-14.980389063937361,2018
2018,162,1.0,4.692956684582279,-19.0976770364306,-15.007874893960494,2018
2018,163,1.0,4.6681903685118975,-19.0976770364306,-15.035302600586085,2018
2018,164,18.60785799428945,4.64347210150436,0.402322963569381,-15.062677094792212,2018
2018,165,1.0,4.618797449108147,-19.0976770364306,-15.090003287556954,2018
2018,166,1.0,4.594161976871741,-19.0976770364306,-15.117286089858386,2018
2018,167,1.0,4.569561250343626,-19.0976770364306,-15.144530412674587,2018
2018,168,1.0,4.544990835072281,-19.0976770364306,-15.171741166983637,2018
2018,169,1.0,4.520446296606189,-19.0976770364306,-15.198923263763609,2018
2018,170,1.0,4.495923200493832,-19.0976770364306,-15.226081613992584,2018
2018,171,4.160384768205801,4.471417112283692,-15.5976770364306,-15.253221128648637,2018
2018,172,1.0,4.446923597524251,-19.0976770364306,-15.280346718709847,2018
2018,173,1.0,4.422438221763992,-19.0976770364306,-15.30746329515429,2018
2018,174,1.0,4.397956550551393,-19.0976770364306,-15.33457576896005,2018
2018,175,1.0,4.373474149434941,-19.0976770364306,-15.361689051105195,2018
2018,176,1.0,4.3489865839631126,-19.0976770364306,-15.388808052567809,2018
2018,177,1.0,4.3244894196843955,-19.0976770364306,-15.415937684325964,2018
2018,178,3.2574176915755726,4.299978222147268,-16.5976770364306,-15.443082857357744,2018
2018,179,1.0,4.275448556900211,-19.0976770364306,-15.470248482641225,2018
2018,180,1.0,4.250895989491711,-19.0976770364306,-15.49743947115448,2018
2018,181,1.0,4.226316085470246,-19.0976770364306,-15.524660733875592,2018
2018,182,11.96137533380766,4.2017044103842975,-6.9583913221449,-15.551917181782635,2018
2018,183,9.939374058639249,4.177056529782351,-9.19767703643062,-15.57921372585369,2018
2018,184,1.0,4.152368009212886,-19.0976770364306,-15.606555277066828,2018
2018,185,1.0,4.127634414224383,-19.0976770364306,-15.633946746400136,2018
2018,186,1.0,4.1028513103653275,-19.0976770364306,-15.661393044831684,2018
2018,187,1.0,4.078014263184199,-19.0976770364306,-15.688899083339551,2018
2018,188,1.0,4.05311883822948,-19.0976770364306,-15.716469772901819,2018
2018,189,1.0,4.028160601049653,-19.0976770364306,-15.744110024496559,2018
2018,190,1.0,4.0031351171931995,-19.0976770364306,-15.771824749101853,2018
2018,191,1.0,3.9780379522086005,-19.0976770364306,-15.799618857695776,2018
2018,192,1.0,3.9528646716443387,-19.0976770364306,-15.827497261256408,2018
2018,193,3.0768242762495275,3.927610841048896,-16.7976770364306,-15.855464870761827,2018
2018,194,1.0,3.9022720259707553,-19.0976770364306,-15.883526597190105,2018
2018,195,1.0,3.876843791958397,-19.0976770364306,-15.911687351519326,2018
2018,196,1.0,3.8513217045603034,-19.0976770364306,-15.939952044727566,2018
2018,197,1.0,3.825701329324957,-19.0976770364306,-15.968325587792899,2018
2018,198,1.0,3.7999782318008393,-19.0976770364306,-15.996812891693406,2018
2018,199,1.0,3.774147977536432,-19.0976770364306,-16.025418867407165,2018
2018,200,10.029670766302273,3.748206132080218,-9.09767703643062,-16.05414842591225,2018
2018,201,1.0,3.721815368877519,-19.0976770364306,-16.083375142905282,2018
2018,202,1.0,3.693306792961027,-19.0976770364306,-16.11494725295705,2018
2018,203,1.0,3.6606786172602717,-19.0976770364306,-16.15108165535688,2018
2018,204,8.043143197715786,3.6219290547047844,-11.2976770364306,-16.193995249394103,2018
2018,205,1.0,3.5750563182240964,-19.0976770364306,-16.245904934358045,2018
2018,206,1.0,3.5180586207477407,-19.0976770364306,-16.309027609538038,2018
2018,207,1.0,3.4489341752052463,-19.0976770364306,-16.385580174223406,2018
2018,208,1.0,3.3656811945261467,-19.0976770364306,-16.47777952770348,2018
2018,209,1.0,3.266297891639971,-19.0976770364306,-16.58784256926759,2018
2018,210,1.0,3.1487824794762527,-19.0976770364306,-16.71798619820506,2018
