"DraftYr","DraftOv","Year1GAR","Year2GAR","Year3GAR","Year4GAR","Year5GAR","Year6GAR","Year7GAR","Year8GAR","Year9GAR","Year10GAR","Year11GAR","Year12GAR","Year13GAR","Year14GAR","Year15GAR","Year16GAR","GARsum","GARsum1_6","GARsum1_7"
2009,1,4.9,3.7,18.8,9.6,8.9,13.1,11.6,9.9,8.3,19.5,9.98567335243553,11.8607142857143,12.2,10.3,8.3,16.6,59,59,70.6
2009,2,5.6,11.1,6.1,9.7,11.1,11.4,13,22.5,10.2,17,21.2636103151862,13.6178571428571,19.8,-2.4,7.5,8.8,55,55,68
2009,3,12.4,15.3,4,6.5,20.1,8.7,8,2.8,8.8,17.4,11.9828080229226,3.36785714285714,17.4,8.3,10.2,15.1,67,67,75
2009,4,4.2,10.7,19.7,4.8,2.3,-1,-6.1,-1.6,5.2,10.8,3.17191977077364,8.34642857142857,2,-6.3,-6.1,-22.5,40.7,40.7,34.6
2009,5,-22.5,0.2,-0.9,5.8,8.3,4.4,9.6,7.2,11,9.8,9.63323782234957,2.19642857142857,6.4,0.1,1.9,6.4,-4.7,-4.7,4.9
2009,6,-22.5,6.5,9.9,5.6,10.3,2.2,25.4,3.5,11,-2.4,4.22922636103152,-0.146428571428571,6.1,-0.5,4.7,6.4,12,12,37.4
2009,7,-22.5,-0.1,4.7,19.6,8.8,8.2,8,13.2,4.6,1.7,14.214899713467,0.878571428571428,21.7,6.4,19.4,4,18.7,18.7,26.7
2009,8,-22.5,-22.5,-22.5,-22.5,-22.5,-22.5,-22.5,-22.5,-22.5,-22.5,-26.432664756447,-32.9464285714286,-22.5,-22.5,-22.5,-22.5,-135,-135,-157.5
2009,9,-22.5,-22.5,-4.4,-0.3,-3.5,3.1,1.1,-22.5,-22.5,-22.5,-26.432664756447,-32.9464285714286,-22.5,-22.5,-22.5,-22.5,-50.1,-50.1,-49
2009,10,-22.5,3.3,-2.1,3.1,0.1,-1.4,-0.7,6.8,-3.2,-1.4,-26.432664756447,-32.9464285714286,-22.5,-22.5,-22.5,-22.5,-19.5,-19.5,-20.2
2009,11,-22.5,-22.5,5.1,3.5,21.3,10.5,17.7,9,12.4,11.4,27.2550143266476,5.27142857142857,0.3,-22.5,-22.5,-22.5,-4.6,-4.6,13.1
2009,12,-22.5,-22.5,-22.5,-22.5,2.9,0.6,3.6,13.6,6.9,0.3,0.587392550143267,2.05,-1.5,3.7,1,2.8,-86.5,-86.5,-82.9
2009,13,-22.5,-22.5,-0.6,-4.1,5.7,1.6,-3.9,1.2,-5,0.8,5.5214899713467,-3.66071428571429,1.8,-11.1,-22.5,-22.5,-42.4,-42.4,-46.3
2009,14,-2.2,4.6,11,1.8,-1.7,1.3,1.9,-7.4,2.3,-2,-3.28939828080229,4.53928571428571,6.3,-4.7,2.4,0.2,14.8,14.8,16.7
2009,15,-22.5,-22.5,-22.5,1.9,-0.8,1.3,-0.9,-2.7,-5.8,-22.5,-26.432664756447,-32.9464285714286,-22.5,-22.5,-22.5,-22.5,-65.1,-65.1,-66
2009,16,-22.5,1.7,6.1,1.1,8.6,6.7,2.4,-1.4,-0.9,1.2,0.587392550143267,6.73571428571428,-6,8.5,-1,3.7,1.7,1.7,4.1
2009,17,-22.5,-22.5,-3.4,-2.2,-3.3,7,-2.3,-22.5,-22.5,-22.5,-26.432664756447,-32.9464285714286,-22.5,-22.5,-22.5,-22.5,-46.9,-46.9,-49.2
2009,18,-22.5,-22.5,1.2,-22.5,0.5,-22.5,-22.5,-22.5,-22.5,-22.5,-26.432664756447,-32.9464285714286,-22.5,-22.5,-22.5,-22.5,-88.3,-88.3,-110.8
2009,19,-22.5,-22.5,-22.5,-1.6,4.9,5.7,12.4,10.9,8.9,15.8,8.92836676217765,10.5428571428571,8.3,12.1,12,1.3,-58.5,-58.5,-46.1
2009,20,-22.5,3,0.9,-2.5,0,-1.8,0.8,0.6,-2.8,-22.5,-26.432664756447,-32.9464285714286,-22.5,-22.5,-22.5,-22.5,-22.9,-22.9,-22.1
2009,21,-22.5,-22.5,-9.2,5.4,-2.1,-0.4,-1.3,-3.1,-5.9,-3.3,-0.469914040114613,-0.292857142857143,-0.9,-22.5,-22.5,-22.5,-51.3,-51.3,-52.6
2009,22,-22.5,-22.5,-22.5,0,0.6,4.4,1.3,2.5,-3.4,-22.5,-26.432664756447,-32.9464285714286,-22.5,-22.5,-22.5,-22.5,-62.5,-62.5,-61.2
2009,23,-22.5,-22.5,-2.7,3.8,-22.5,-5.1,-22.5,-22.5,-22.5,-22.5,-26.432664756447,-32.9464285714286,-22.5,-22.5,-22.5,-22.5,-71.5,-71.5,-94
2009,24,-22.5,6.2,7.4,4.5,6.9,9.6,8.4,19.4,-2.9,0.2,2.58452722063037,-3.66071428571429,3.5,13.6,1.5,1.7,12.1,12.1,20.5
2009,25,-22.5,1.5,-0.2,-1.4,-7.2,-1.1,-22.5,-22.5,-22.5,-22.5,-26.432664756447,-32.9464285714286,-22.5,-22.5,-22.5,-22.5,-30.9,-30.9,-53.4
2009,26,-22.5,-0.4,2.9,3.2,4.3,1.2,17.5,14,7.6,13.2,13.8624641833811,-6.44285714285714,8.1,6,6.7,2.8,-11.3,-11.3,6.2
2009,27,-22.5,-22.5,-22.5,-22.5,-22.5,-22.5,-22.5,-22.5,-22.5,-22.5,-26.432664756447,-32.9464285714286,-22.5,-22.5,-22.5,-22.5,-135,-135,-157.5
2009,28,-22.5,-22.5,-3.4,-22.5,2.9,-1.3,0,-22.5,-22.5,-22.5,-26.432664756447,-32.9464285714286,-22.5,-22.5,-22.5,-22.5,-69.3,-69.3,-69.3
2009,29,-22.5,-22.5,-4.1,-22.5,0.7,-22.5,-22.5,-22.5,-22.5,-22.5,-26.432664756447,-32.9464285714286,-22.5,-22.5,-22.5,-22.5,-93.4,-93.4,-115.9
2009,30,-22.5,-22.5,1.8,4.8,2.2,6.7,3.2,-22.5,-22.5,-22.5,-26.432664756447,-32.9464285714286,-22.5,-22.5,-22.5,-22.5,-29.5,-29.5,-26.3
2009,31,-22.5,-4.8,-22.5,-22.5,-22.5,-22.5,-22.5,-22.5,-22.5,6.1,17.1518624641834,-3.22142857142857,6.9,-22.5,-22.5,-22.5,-117.3,-117.3,-139.8
2009,32,-22.5,-22.5,-22.5,-22.5,-22.5,-22.5,-1.8,-22.5,-22.5,-22.5,-26.432664756447,-32.9464285714286,-22.5,-22.5,-22.5,-22.5,-135,-135,-136.8
2009,33,-0.1,4.2,14.7,8.1,13.8,17.4,12.1,14.7,10.1,21.9,18.0916905444126,13.1785714285714,12.4,4.9,16.2,7.5,58.1,58.1,70.2
2009,34,-22.5,-22.5,-22.5,-22.5,-22.5,-22.5,-22.5,-22.5,-22.5,-22.5,-26.432664756447,-32.9464285714286,-22.5,-22.5,-22.5,-22.5,-135,-135,-157.5
2009,35,-22.5,-0.3,-1.3,2.4,1,4.1,-0.7,-2.6,-1.4,0.4,2.46704871060172,-3.66071428571429,-0.3,-22.5,-22.5,-22.5,-16.6,-16.6,-17.3
2009,36,-22.5,-22.5,-22.5,-22.5,-0.8,-22.5,-22.5,-22.5,-22.5,-22.5,-26.432664756447,-32.9464285714286,-22.5,-22.5,-22.5,-22.5,-113.3,-113.3,-135.8
2009,37,-22.5,-22.5,-22.5,-22.5,-22.5,0.7,-22.5,-22.5,-22.5,-22.5,-26.432664756447,-32.9464285714286,-22.5,-22.5,-22.5,-22.5,-111.8,-111.8,-134.3
2009,38,-22.5,-22.5,-22.5,0.8,1.7,-3.1,2.2,4.9,-0.8,3.8,4.81661891117479,2.34285714285714,4.9,-0.7,-22.5,-22.5,-68.1,-68.1,-65.9
2009,39,-22.5,-22.5,-22.5,0.2,1.2,7.3,5.4,7.4,-1.8,2.4,11.7478510028653,-6.15,1.7,-0.2,-1,-22.5,-58.8,-58.8,-53.4
2009,40,-22.5,-22.5,-4.1,-2.3,-1,0.7,-6.2,1.4,-22.5,-22.5,-26.432664756447,-32.9464285714286,-22.5,-22.5,-22.5,-22.5,-51.7,-51.7,-57.9
2009,41,-22.5,-22.5,-22.5,-22.5,-22.5,-22.5,-22.5,-22.5,-22.5,-22.5,-26.432664756447,-32.9464285714286,-22.5,-22.5,-22.5,-22.5,-135,-135,-157.5
2009,42,-22.5,-22.5,-22.5,-22.5,-22.5,-22.5,-22.5,-22.5,-22.5,-22.5,-26.432664756447,-32.9464285714286,-22.5,-22.5,-22.5,-22.5,-135,-135,-157.5
2009,43,-22.5,-22.5,-22.5,-22.5,-22.5,-22.5,-22.5,-22.5,-22.5,-22.5,-26.432664756447,-32.9464285714286,-22.5,-22.5,-22.5,-22.5,-135,-135,-157.5
2009,44,-22.5,-22.5,-22.5,3,-1,0.1,-22.5,-0.4,-22.5,-22.5,-26.432664756447,-32.9464285714286,-22.5,-22.5,-22.5,-22.5,-65.4,-65.4,-87.9
2009,45,-22.5,0.7,-22.5,-22.5,5.4,0.7,-22.5,-22.5,-22.5,-22.5,-26.432664756447,-32.9464285714286,-22.5,-22.5,-22.5,-22.5,-60.7,-60.7,-83.2
2009,46,-22.5,-4.2,4.9,9,7.6,-4.9,3.9,2.3,3.6,27.4,16.6819484240688,16.4,19.3,-22.5,-22.5,-22.5,-10.1,-10.1,-6.2
2009,47,-22.5,-22.5,-22.5,-22.5,-22.5,-22.5,-22.5,-22.5,-22.5,-22.5,-26.432664756447,-32.9464285714286,-22.5,-22.5,-22.5,-22.5,-135,-135,-157.5
2009,48,-22.5,-22.5,-22.5,-22.5,-22.5,-22.5,-22.5,-22.5,-22.5,-22.5,-26.432664756447,-32.9464285714286,-22.5,-22.5,-22.5,-22.5,-135,-135,-157.5
2009,49,-22.5,-22.5,2.1,0.4,-22.5,-1.4,-0.8,-22.5,-22.5,-22.5,-26.432664756447,-32.9464285714286,-22.5,-22.5,-22.5,-22.5,-66.4,-66.4,-67.2
2009,50,-22.5,-22.5,-22.5,-22.5,-22.5,-22.5,-22.5,-22.5,-22.5,-22.5,-26.432664756447,-32.9464285714286,-22.5,-22.5,-22.5,-22.5,-135,-135,-157.5
2009,51,-22.5,-22.5,-22.5,-22.5,0.9,1,9.9,0.3,3.6,8,10.6905444126074,5.56428571428571,6.9,2.1,6.1,0.5,-88.1,-88.1,-78.2
2009,52,-22.5,-22.5,-22.5,2.9,-1.4,3.9,2.4,9.4,4.9,6.8,6.10888252148997,0.439285714285714,-0.8,-22.5,-22.5,-22.5,-62.1,-62.1,-59.7
2009,53,-22.5,-22.5,-22.5,-22.5,-22.5,-22.5,-22.5,-22.5,-22.5,-22.5,-26.432664756447,-32.9464285714286,-22.5,-22.5,-22.5,-22.5,-135,-135,-157.5
2009,54,-22.5,-22.5,-22.5,-22.5,6.6,0.1,1.9,1.2,-22.5,-22.5,-26.432664756447,-32.9464285714286,-22.5,-22.5,-22.5,-22.5,-83.3,-83.3,-81.4
2009,55,-22.5,-22.5,1.9,2.9,7.4,-22.5,9.6,13.4,8.7,4,4.93409742120344,5.125,9.8,-1.7,10.4,0.7,-55.3,-55.3,-45.7
2009,56,-22.5,-22.5,-22.5,-22.5,-22.5,-22.5,-22.5,-22.5,-22.5,-22.5,-26.432664756447,-32.9464285714286,-22.5,-22.5,-22.5,-22.5,-135,-135,-157.5
2009,57,-22.5,-22.5,-22.5,-22.5,-22.5,-22.5,-22.5,-22.5,-22.5,-22.5,-26.432664756447,-32.9464285714286,-22.5,-22.5,-22.5,-22.5,-135,-135,-157.5
2009,58,-22.5,-22.5,-22.5,-22.5,-22.5,-22.5,-22.5,-22.5,-22.5,-22.5,-26.432664756447,-32.9464285714286,-22.5,-22.5,-22.5,-22.5,-135,-135,-157.5
2009,59,-22.5,-22.5,0.3,-22.5,4.5,3.7,-3.5,-0.5,-22.5,5.8,-3.5243553008596,-32.9464285714286,-22.5,-22.5,-22.5,-22.5,-59,-59,-62.5
2009,60,-22.5,0.8,-22.5,3.2,13.2,11.4,11.1,4.4,3.9,10.7,10.1031518624642,11.4214285714286,-3.5,14.1,2.5,2.1,-16.4,-16.4,-5.3
2009,61,-22.5,-22.5,-22.5,-22.5,-2.1,-0.6,-0.3,-22.5,-22.5,-22.5,-26.432664756447,-32.9464285714286,-22.5,-22.5,-22.5,-22.5,-92.7,-92.7,-93
2009,62,-22.5,-22.5,0.6,-22.5,2.3,-22.5,-0.8,18.5,-5.3,6.5,-0.587392550143267,-32.9464285714286,-22.5,-22.5,-22.5,-22.5,-87.1,-87.1,-87.9
2009,63,-22.5,-22.5,-22.5,-1.1,0.3,-22.5,-22.5,-22.5,-22.5,-22.5,-26.432664756447,-32.9464285714286,-22.5,-22.5,-22.5,-22.5,-90.8,-90.8,-113.3
2009,64,-22.5,-22.5,-0.1,-3.2,14.3,22.6,9.4,3.3,5.9,4.5,1.40974212034384,12.5928571428571,10.5,-1.4,-2.4,-2.1,-11.4,-11.4,-2
2009,65,-22.5,-22.5,-22.5,-22.5,-22.5,-22.5,-22.5,-22.5,-22.5,-22.5,-26.432664756447,-32.9464285714286,-22.5,-22.5,-22.5,-22.5,-135,-135,-157.5
2009,66,-22.5,-22.5,3.1,-22.5,1.5,7.1,-1.6,0.3,8.3,-0.4,-2.93696275071633,0.585714285714286,3.7,6.9,3.1,11.5,-55.8,-55.8,-57.4
2009,67,-22.5,-22.5,-22.5,-22.5,-22.5,-22.5,-22.5,-22.5,-22.5,-22.5,-26.432664756447,-32.9464285714286,-22.5,-22.5,-22.5,-22.5,-135,-135,-157.5
2009,68,-22.5,-22.5,-22.5,-22.5,-22.5,-22.5,-22.5,-22.5,-22.5,-22.5,-26.432664756447,-32.9464285714286,-22.5,-22.5,-22.5,-22.5,-135,-135,-157.5
2009,69,-22.5,-22.5,-22.5,-1.3,17.6,10.2,13.1,8.3,9.4,12.4,11.1604584527221,-3.80714285714286,6.4,7.9,7.9,8,-41,-41,-27.9
2009,70,-22.5,-22.5,-22.5,2.1,-1.7,3.8,-22.5,-22.5,-22.5,-22.5,-26.432664756447,-32.9464285714286,-22.5,-22.5,-22.5,-22.5,-63.3,-63.3,-85.8
2009,71,-22.5,-22.5,-22.5,-22.5,-22.5,-22.5,-22.5,-22.5,-22.5,-22.5,-26.432664756447,-32.9464285714286,-22.5,-22.5,-22.5,-22.5,-135,-135,-157.5
2009,72,-22.5,-22.5,-22.5,-22.5,1.1,1,1.9,-22.5,-22.5,-22.5,-26.432664756447,-32.9464285714286,-22.5,-22.5,-22.5,-22.5,-87.9,-87.9,-86
2009,73,-22.5,-0.2,1.2,-22.5,-1.6,-22.5,-22.5,-22.5,-22.5,-22.5,-26.432664756447,-32.9464285714286,-22.5,-22.5,-22.5,-22.5,-68.1,-68.1,-90.6
2009,74,-22.5,-22.5,-22.5,-22.5,-22.5,-22.5,-22.5,-22.5,-22.5,-22.5,-26.432664756447,-32.9464285714286,-22.5,-22.5,-22.5,-22.5,-135,-135,-157.5
2009,75,-22.5,-22.5,-22.5,-22.5,-22.5,5.5,6.8,0.4,-22.5,-22.5,-26.432664756447,-32.9464285714286,-22.5,-22.5,-22.5,-22.5,-107,-107,-100.2
2009,76,-22.5,-22.5,-22.5,-22.5,-22.5,-22.5,-22.5,-22.5,-22.5,-22.5,-26.432664756447,-32.9464285714286,-22.5,-22.5,-22.5,-22.5,-135,-135,-157.5
2009,77,-22.5,-22.5,3.5,0.2,0.9,-3.8,-22.5,-22.5,-22.5,-22.5,-26.432664756447,-32.9464285714286,-22.5,-22.5,-22.5,-22.5,-44.2,-44.2,-66.7
2009,78,-22.5,-22.5,-22.5,-22.5,-22.5,-22.5,-22.5,-22.5,-22.5,-22.5,-26.432664756447,-32.9464285714286,-22.5,-22.5,-22.5,-22.5,-135,-135,-157.5
2009,79,-22.5,-22.5,-22.5,-22.5,-22.5,-22.5,-22.5,-22.5,-22.5,-22.5,-26.432664756447,-32.9464285714286,-22.5,-22.5,-22.5,-22.5,-135,-135,-157.5
2009,80,-22.5,-22.5,-22.5,-22.5,-22.5,-22.5,-22.5,-22.5,-22.5,-22.5,-26.432664756447,-32.9464285714286,-22.5,-22.5,-22.5,-22.5,-135,-135,-157.5
2009,81,-22.5,-22.5,-22.5,-22.5,-22.5,-22.5,-22.5,-22.5,-22.5,-22.5,-26.432664756447,-32.9464285714286,-22.5,-22.5,-22.5,-22.5,-135,-135,-157.5
2009,82,-22.5,-22.5,-22.5,-22.5,-22.5,-22.5,-22.5,-22.5,-22.5,-22.5,-26.432664756447,-32.9464285714286,-22.5,-22.5,-22.5,-22.5,-135,-135,-157.5
2009,83,-22.5,-22.5,-22.5,-22.5,-2.7,1.3,0.9,0.3,3.1,-2,-0.822349570200573,2.48928571428571,1.3,-22.5,-22.5,-22.5,-91.4,-91.4,-90.5
2009,84,-22.5,-22.5,-22.5,-22.5,-4.3,-2.4,-1.7,-3.3,2,-4.3,2.23209169054441,-3.95357142857143,-7.8,-3,-6.4,-0.4,-96.7,-96.7,-98.4
2009,85,-22.5,-22.5,2.2,-0.3,-0.9,3.3,-6.2,-6.3,-4.9,6.7,-0.587392550143267,-4.24642857142857,-1.9,-22.5,-22.5,-22.5,-40.7,-40.7,-46.9
2009,86,-22.5,-22.5,-22.5,-22.5,-22.5,-22.5,-22.5,-22.5,-22.5,-22.5,-26.432664756447,-32.9464285714286,-22.5,-22.5,-22.5,-22.5,-135,-135,-157.5
2009,87,-22.5,-22.5,-22.5,-22.5,-22.5,-22.5,-22.5,-22.5,-22.5,-22.5,-26.432664756447,-32.9464285714286,-22.5,-22.5,-22.5,-22.5,-135,-135,-157.5
2009,88,-22.5,-22.5,-22.5,-22.5,-22.5,-22.5,-22.5,-22.5,-22.5,-22.5,-26.432664756447,-32.9464285714286,-22.5,-22.5,-22.5,-22.5,-135,-135,-157.5
2009,89,-22.5,-22.5,-22.5,-22.5,-22.5,-22.5,-22.5,-22.5,-22.5,-22.5,-26.432664756447,-32.9464285714286,-22.5,-22.5,-22.5,-22.5,-135,-135,-157.5
2009,90,-22.5,-22.5,-22.5,-22.5,-22.5,-22.5,-22.5,-22.5,-22.5,-22.5,-26.432664756447,-32.9464285714286,-22.5,-22.5,-22.5,-22.5,-135,-135,-157.5
2009,91,-22.5,-22.5,-22.5,-22.5,-22.5,-22.5,-22.5,-22.5,-22.5,-22.5,-26.432664756447,-32.9464285714286,-22.5,-22.5,-22.5,-22.5,-135,-135,-157.5
2009,92,-22.5,-22.5,2.7,4,-7.4,0.1,2.4,1.2,0.6,8.5,5.5214899713467,2.48928571428571,-0.4,-6.2,1,1.9,-45.6,-45.6,-43.2
2009,93,-22.5,-22.5,-22.5,-22.5,-22.5,-22.5,-22.5,-22.5,-22.5,-22.5,-26.432664756447,-32.9464285714286,-22.5,-22.5,-22.5,-22.5,-135,-135,-157.5
2009,94,-22.5,-22.5,1.4,-0.4,7.8,4.6,8.7,13,2,14.4,7.87106017191977,-9.66428571428571,-6.3,-10.4,0.7,-8.1,-31.6,-31.6,-22.9
2009,95,-22.5,-22.5,-22.5,-22.5,-22.5,-22.5,1.5,-8.4,-1.4,-22.5,-26.432664756447,-32.9464285714286,-2.4,-22.5,-22.5,-22.5,-135,-135,-133.5
2009,96,-22.5,-22.5,-22.5,-22.5,-0.3,-2.1,-3,-22.5,-22.5,-22.5,-26.432664756447,-32.9464285714286,-22.5,-22.5,-22.5,-22.5,-92.4,-92.4,-95.4
2009,97,-22.5,-22.5,-22.5,-22.5,-0.9,-3.6,-22.5,-22.5,-0.5,-22.5,-26.432664756447,-32.9464285714286,-22.5,-22.5,-22.5,-22.5,-94.5,-94.5,-117
2009,98,-22.5,-22.5,2.7,-0.1,14,8.6,7.4,4.3,14,10,14.567335243553,10.5428571428571,8,-1.3,1.4,0.4,-19.8,-19.8,-12.4
2009,99,-22.5,-22.5,-22.5,-22.5,-22.5,-22.5,-22.5,-22.5,-22.5,-22.5,-26.432664756447,-32.9464285714286,-22.5,-22.5,-22.5,-22.5,-135,-135,-157.5
2009,100,-22.5,-22.5,-22.5,-22.5,-22.5,-22.5,1.5,2.2,3.8,-1.8,-26.432664756447,-32.9464285714286,-0.5,-7.1,-22.5,-22.5,-135,-135,-133.5
2009,101,-22.5,-22.5,-22.5,-22.5,-22.5,-22.5,-22.5,-22.5,-22.5,-22.5,-26.432664756447,-32.9464285714286,-22.5,-22.5,-22.5,-22.5,-135,-135,-157.5
2009,102,-22.5,-22.5,-22.5,-22.5,8.4,11.5,14.4,3.5,16,10.8,6.57879656160458,11.7142857142857,10.8,15,17.1,9.1,-70.1,-70.1,-55.7
2009,103,-22.5,-22.5,-22.5,-22.5,-22.5,-22.5,-22.5,-22.5,-22.5,-22.5,-26.432664756447,-32.9464285714286,-22.5,-22.5,-22.5,-22.5,-135,-135,-157.5
2009,104,-22.5,-22.5,7.7,4.7,-1.2,4.6,10,8.8,8.8,10.7,9.51575931232092,15.9607142857143,7.1,1.6,2.1,15.3,-29.2,-29.2,-19.2
2009,105,-22.5,-22.5,-22.5,-22.5,-22.5,-22.5,-22.5,-22.5,-22.5,-22.5,-26.432664756447,-32.9464285714286,-22.5,-22.5,-22.5,-22.5,-135,-135,-157.5
2009,106,-22.5,-22.5,-22.5,1.1,8.7,11.7,11.6,2.3,1.8,1.1,1.87965616045845,4.1,-22.5,-22.5,-22.5,-22.5,-46,-46,-34.4
2009,107,-22.5,-22.5,-22.5,-22.5,-22.5,-22.5,-2.4,-22.5,-22.5,1.5,-26.432664756447,-32.9464285714286,-22.5,-22.5,-22.5,-22.5,-135,-135,-137.4
2009,108,-22.5,-22.5,-22.5,-22.5,-22.5,-22.5,-22.5,-22.5,-22.5,-22.5,-26.432664756447,-32.9464285714286,-22.5,-22.5,-22.5,-22.5,-135,-135,-157.5
2009,109,-22.5,-22.5,-22.5,-22.5,-22.5,-22.5,-22.5,-22.5,-22.5,-22.5,-26.432664756447,-32.9464285714286,-22.5,-22.5,-22.5,-22.5,-135,-135,-157.5
2009,110,-22.5,-22.5,-22.5,-22.5,-22.5,-22.5,-22.5,-22.5,-22.5,-22.5,-26.432664756447,-32.9464285714286,-22.5,-22.5,-22.5,-22.5,-135,-135,-157.5
2009,111,-22.5,-22.5,-22.5,-22.5,-22.5,-22.5,-22.5,-22.5,-22.5,-22.5,-26.432664756447,-32.9464285714286,-22.5,-22.5,-22.5,-22.5,-135,-135,-157.5
2009,112,-22.5,-22.5,-22.5,-22.5,-22.5,-22.5,-22.5,-22.5,-22.5,-22.5,-26.432664756447,-32.9464285714286,-22.5,-22.5,-22.5,-22.5,-135,-135,-157.5
2009,113,-22.5,-22.5,-22.5,-22.5,-22.5,-22.5,-22.5,-22.5,-22.5,-22.5,-26.432664756447,-32.9464285714286,-22.5,-22.5,-22.5,-22.5,-135,-135,-157.5
2009,114,-22.5,-22.5,-22.5,-22.5,-22.5,1.6,-4.6,1,-22.5,-22.5,-26.432664756447,-32.9464285714286,-22.5,-22.5,-22.5,-22.5,-110.9,-110.9,-115.5
2009,115,-22.5,-22.5,-22.5,-22.5,-0.6,-22.5,-22.5,-22.5,-22.5,-22.5,-26.432664756447,-32.9464285714286,-22.5,-22.5,-22.5,-22.5,-113.1,-113.1,-135.6
2009,116,-22.5,-22.5,-22.5,-22.5,-22.5,-22.5,-22.5,-22.5,-22.5,-22.5,-26.432664756447,-32.9464285714286,-22.5,-22.5,-22.5,-22.5,-135,-135,-157.5
2009,117,-22.5,-22.5,-22.5,-22.5,-22.5,-22.5,-22.5,-22.5,-22.5,-3.3,-26.432664756447,-32.9464285714286,-22.5,-22.5,-22.5,-22.5,-135,-135,-157.5
2009,118,-22.5,-22.5,-22.5,-22.5,-22.5,-22.5,-22.5,-22.5,-22.5,-22.5,-26.432664756447,-32.9464285714286,-22.5,-22.5,-22.5,-22.5,-135,-135,-157.5
2009,119,-22.5,-22.5,-22.5,-22.5,-22.5,-22.5,2.7,-0.8,1.8,-22.5,-26.432664756447,-32.9464285714286,-22.5,0.6,0.3,-22.5,-135,-135,-132.3
2009,120,-22.5,-22.5,-22.5,-22.5,-22.5,3.7,-1.1,1.9,2.3,2.2,-1.05730659025788,-4.39285714285714,-12.7,-2.6,4.4,-6.8,-108.8,-108.8,-109.9
2009,121,-22.5,-22.5,-22.5,-22.5,-22.5,-22.5,-22.5,-22.5,-22.5,-22.5,-26.432664756447,-32.9464285714286,-22.5,-22.5,-22.5,-22.5,-135,-135,-157.5
2009,122,-22.5,-22.5,-22.5,-22.5,-22.5,-22.5,-22.5,-22.5,-22.5,-22.5,-26.432664756447,-32.9464285714286,-22.5,-22.5,-22.5,-22.5,-135,-135,-157.5
2009,123,-22.5,-22.5,-22.5,-22.5,-22.5,-22.5,-22.5,-22.5,-22.5,-22.5,-26.432664756447,-32.9464285714286,-22.5,-22.5,-22.5,-22.5,-135,-135,-157.5
2009,124,-22.5,-22.5,-22.5,-22.5,-22.5,-22.5,-22.5,-22.5,-22.5,-22.5,-26.432664756447,-32.9464285714286,-22.5,-22.5,-22.5,-22.5,-135,-135,-157.5
2009,125,-22.5,-22.5,-22.5,-22.5,-22.5,-22.5,-22.5,-22.5,-22.5,-22.5,-26.432664756447,-32.9464285714286,-22.5,-22.5,-22.5,-22.5,-135,-135,-157.5
2009,126,-22.5,-22.5,5.4,-0.1,-22.5,-22.5,-22.5,-22.5,-22.5,-22.5,-26.432664756447,-32.9464285714286,-22.5,-22.5,-22.5,-22.5,-84.7,-84.7,-107.2
2009,127,-22.5,-22.5,-22.5,-22.5,-22.5,-22.5,-22.5,-22.5,-22.5,-22.5,-26.432664756447,-32.9464285714286,-22.5,-22.5,-22.5,-22.5,-135,-135,-157.5
2009,128,-22.5,-2.2,0.7,0.4,-22.5,-0.2,-22.5,-22.5,-22.5,-22.5,-26.432664756447,-32.9464285714286,-22.5,-22.5,-22.5,-22.5,-46.3,-46.3,-68.8
2009,129,-22.5,-22.5,-22.5,-22.5,-22.5,-22.5,-22.5,-22.5,-22.5,-22.5,-26.432664756447,-32.9464285714286,-22.5,-22.5,-22.5,-22.5,-135,-135,-157.5
2009,130,-22.5,-22.5,-22.5,-22.5,-0.2,13.6,14.4,13.6,4.2,4,-0.35243553008596,9.66428571428571,-4.3,1.2,-1.6,-22.5,-76.6,-76.6,-62.2
2009,131,-22.5,-22.5,4.3,7.6,7.8,0,2.8,-0.4,-3,-0.7,-2.70200573065903,-32.9464285714286,-22.5,-22.5,-22.5,-22.5,-25.3,-25.3,-22.5
2009,132,-22.5,-22.5,-22.5,-22.5,-22.5,-22.5,-22.5,-22.5,-22.5,-22.5,-26.432664756447,-32.9464285714286,-22.5,-22.5,-22.5,-22.5,-135,-135,-157.5
2009,133,-22.5,-22.5,-22.5,-22.5,-22.5,-22.5,-22.5,-22.5,-22.5,-22.5,-26.432664756447,-32.9464285714286,-22.5,-22.5,-22.5,-22.5,-135,-135,-157.5
2009,134,-22.5,-22.5,-22.5,-22.5,0.2,-22.5,2.5,-22.5,-22.5,-2.7,-26.432664756447,-32.9464285714286,-22.5,-22.5,-22.5,-22.5,-112.3,-112.3,-109.8
2009,135,-22.5,-22.5,-22.5,-22.5,-22.5,-22.5,-22.5,-22.5,-22.5,-22.5,-26.432664756447,-32.9464285714286,-22.5,-22.5,-22.5,-22.5,-135,-135,-157.5
2009,136,-22.5,-22.5,-22.5,-22.5,-22.5,-22.5,-22.5,-22.5,-22.5,-22.5,-26.432664756447,-32.9464285714286,-22.5,-22.5,-22.5,-22.5,-135,-135,-157.5
2009,137,-22.5,-22.5,-22.5,-22.5,-22.5,-22.5,-22.5,-22.5,-22.5,-0.8,-26.432664756447,-32.9464285714286,-22.5,-22.5,-22.5,-22.5,-135,-135,-157.5
2009,138,-22.5,-22.5,-22.5,-0.2,-22.5,-22.5,-22.5,2.8,-0.4,-22.5,-26.432664756447,-32.9464285714286,-22.5,-22.5,-22.5,-22.5,-112.7,-112.7,-135.2
2009,139,-22.5,-22.5,-22.5,-22.5,-22.5,-22.5,-22.5,-22.5,-22.5,-22.5,-26.432664756447,-32.9464285714286,-22.5,-22.5,-22.5,-22.5,-135,-135,-157.5
2009,140,-22.5,-22.5,-22.5,-22.5,-22.5,-22.5,-22.5,-22.5,-22.5,-22.5,-26.432664756447,-32.9464285714286,-22.5,-22.5,-22.5,-22.5,-135,-135,-157.5
2009,141,-22.5,-22.5,-22.5,-22.5,-22.5,-22.5,-22.5,-22.5,-22.5,-22.5,-26.432664756447,-32.9464285714286,-22.5,-22.5,-22.5,-22.5,-135,-135,-157.5
2009,142,-22.5,-22.5,-22.5,-22.5,-22.5,-22.5,-22.5,-22.5,-22.5,-22.5,-26.432664756447,-32.9464285714286,-22.5,-22.5,-22.5,-22.5,-135,-135,-157.5
2009,143,-22.5,-22.5,-22.5,-22.5,-22.5,-22.5,-22.5,-22.5,-22.5,-22.5,-26.432664756447,-32.9464285714286,-22.5,-22.5,-22.5,-22.5,-135,-135,-157.5
2009,144,-22.5,-22.5,-22.5,-22.5,-22.5,-22.5,-22.5,-22.5,-22.5,-22.5,-26.432664756447,-32.9464285714286,-22.5,-22.5,-22.5,-22.5,-135,-135,-157.5
2009,145,-22.5,-22.5,-22.5,-22.5,-22.5,-22.5,-22.5,-22.5,-22.5,-22.5,-26.432664756447,-32.9464285714286,-22.5,-22.5,-22.5,-22.5,-135,-135,-157.5
2009,146,-22.5,-22.5,-22.5,-22.5,-0.3,-2.8,-0.4,-1.3,-22.5,-0.4,-26.432664756447,-32.9464285714286,-22.5,-22.5,-22.5,-22.5,-93.1,-93.1,-93.5
2009,147,-22.5,-22.5,-22.5,-22.5,-22.5,-22.5,-22.5,-22.5,-22.5,-22.5,-26.432664756447,-32.9464285714286,-22.5,-22.5,-22.5,-22.5,-135,-135,-157.5
2009,148,-22.5,-0.8,6.1,-1.2,5.3,2.5,-1.8,9.4,-5.2,3.1,-26.432664756447,-32.9464285714286,-22.5,-22.5,-22.5,-22.5,-10.6,-10.6,-12.4
2009,149,-22.5,-22.5,-22.5,-22.5,-22.5,-22.5,-22.5,-22.5,-22.5,-22.5,-26.432664756447,-32.9464285714286,-22.5,-22.5,-22.5,-22.5,-135,-135,-157.5
2009,150,-22.5,-22.5,-22.5,-22.5,-22.5,-22.5,-22.5,2.5,7,14.9,5.87392550143267,5.41785714285714,19,8,-0.1,6.8,-135,-135,-157.5
2009,151,-22.5,-22.5,-22.5,-22.5,-22.5,-22.5,-22.5,-22.5,-22.5,-22.5,-26.432664756447,-32.9464285714286,-22.5,-22.5,-22.5,-22.5,-135,-135,-157.5
2009,152,-22.5,-22.5,-22.5,-22.5,2.9,6.2,2.4,11.8,8.6,8.8,4.22922636103152,7.32142857142857,4.5,6.9,8.3,9.1,-80.9,-80.9,-78.5
2009,153,-22.5,-22.5,-22.5,-22.5,-22.5,-22.5,-22.5,-22.5,-22.5,-22.5,-26.432664756447,-32.9464285714286,-22.5,-22.5,-22.5,-22.5,-135,-135,-157.5
2009,154,-22.5,-22.5,-22.5,-22.5,-22.5,-22.5,-22.5,-22.5,-22.5,-22.5,-26.432664756447,-32.9464285714286,-22.5,-22.5,-22.5,-22.5,-135,-135,-157.5
2009,155,-22.5,-22.5,-22.5,-22.5,-22.5,-22.5,-22.5,-22.5,-22.5,-22.5,-26.432664756447,-32.9464285714286,-22.5,-22.5,-22.5,-22.5,-135,-135,-157.5
2009,156,-22.5,-22.5,-22.5,-22.5,-22.5,-22.5,-22.5,-22.5,-22.5,-22.5,-26.432664756447,-32.9464285714286,-22.5,-22.5,-22.5,-22.5,-135,-135,-157.5
2009,157,-22.5,-22.5,-22.5,-22.5,2.6,-0.3,-22.5,-22.5,-22.5,-22.5,-26.432664756447,-32.9464285714286,-22.5,-22.5,-22.5,-22.5,-87.7,-87.7,-110.2
2009,158,-22.5,-22.5,-22.5,-22.5,-22.5,-6.5,-22.5,1.6,0.5,-22.5,-26.432664756447,-32.9464285714286,-22.5,-22.5,-22.5,-22.5,-119,-119,-141.5
2009,159,-22.5,-22.5,-22.5,-22.5,-22.5,-22.5,-22.5,-22.5,-22.5,-22.5,-26.432664756447,-32.9464285714286,-22.5,-22.5,-22.5,-22.5,-135,-135,-157.5
2009,160,-22.5,-22.5,-22.5,-22.5,-22.5,-22.5,-22.5,-22.5,-22.5,-22.5,-26.432664756447,-32.9464285714286,-22.5,-22.5,-22.5,-22.5,-135,-135,-157.5
2009,161,-22.5,-22.5,-22.5,1.8,5.6,-6.2,4.1,-8,13.4,23.4,23.4957020057307,0.585714285714286,30.4,19.4,-7.2,33,-66.3,-66.3,-62.2
2009,162,-22.5,-22.5,-22.5,-22.5,-22.5,-22.5,-22.5,-22.5,-22.5,-22.5,-26.432664756447,-32.9464285714286,-22.5,-22.5,-22.5,-22.5,-135,-135,-157.5
2009,163,-22.5,-22.5,-22.5,-22.5,0.1,-22.5,-22.5,-22.5,-22.5,-22.5,-26.432664756447,-32.9464285714286,-22.5,-22.5,-22.5,-22.5,-112.4,-112.4,-134.9
2009,164,-22.5,-2.4,-22.5,-1.3,-22.5,-22.5,-22.5,-22.5,-22.5,-22.5,-26.432664756447,-32.9464285714286,-22.5,-22.5,-22.5,-22.5,-93.7,-93.7,-116.2
2009,165,-22.5,-22.5,-22.5,-22.5,-22.5,-22.5,-22.5,-22.5,-22.5,-22.5,-26.432664756447,-32.9464285714286,-22.5,-22.5,-22.5,-22.5,-135,-135,-157.5
2009,166,-22.5,-22.5,-22.5,-22.5,-22.5,-22.5,-22.5,-22.5,-22.5,-22.5,-26.432664756447,-32.9464285714286,-22.5,-22.5,-22.5,-22.5,-135,-135,-157.5
2009,167,-22.5,-22.5,-22.5,-22.5,-22.5,-22.5,-22.5,-22.5,-22.5,-22.5,-26.432664756447,-32.9464285714286,-22.5,-22.5,-22.5,-22.5,-135,-135,-157.5
2009,168,-22.5,-22.5,-22.5,-22.5,-22.5,-22.5,-22.5,-22.5,-22.5,-22.5,-26.432664756447,-32.9464285714286,-22.5,-22.5,-22.5,-22.5,-135,-135,-157.5
2009,169,-22.5,-22.5,-22.5,-22.5,-22.5,-22.5,-22.5,-22.5,-22.5,-22.5,-26.432664756447,-32.9464285714286,-22.5,-22.5,-22.5,-22.5,-135,-135,-157.5
2009,170,-22.5,-22.5,-22.5,-22.5,-2.9,-2.5,3.1,-22.5,-22.5,-22.5,-26.432664756447,-32.9464285714286,-22.5,-22.5,-22.5,-22.5,-95.4,-95.4,-92.3
2009,171,-22.5,-22.5,6.2,-22.5,-22.5,-22.5,-22.5,-22.5,-22.5,-22.5,-26.432664756447,-32.9464285714286,-22.5,-22.5,-22.5,-22.5,-106.3,-106.3,-128.8
2009,172,-22.5,-22.5,-22.5,-22.5,-22.5,-22.5,-22.5,-22.5,-22.5,-22.5,-26.432664756447,-32.9464285714286,-22.5,-22.5,-22.5,-22.5,-135,-135,-157.5
2009,173,-22.5,-22.5,-22.5,-22.5,-22.5,-22.5,-22.5,-22.5,-22.5,-22.5,-26.432664756447,-32.9464285714286,-22.5,-22.5,-22.5,-22.5,-135,-135,-157.5
2009,174,-22.5,-22.5,-22.5,-22.5,-22.5,-22.5,-22.5,-22.5,-22.5,-22.5,-26.432664756447,-32.9464285714286,-22.5,-22.5,-22.5,-22.5,-135,-135,-157.5
2009,175,-22.5,-22.5,-22.5,-22.5,-22.5,-22.5,2.6,-22.5,-22.5,-22.5,-26.432664756447,-32.9464285714286,-22.5,-22.5,-22.5,-22.5,-135,-135,-132.4
2009,176,-22.5,-22.5,-22.5,-22.5,-22.5,-22.5,-22.5,-22.5,-22.5,-22.5,-26.432664756447,-32.9464285714286,-22.5,-22.5,-22.5,-22.5,-135,-135,-157.5
2009,177,-22.5,-22.5,-22.5,-22.5,-22.5,-2.9,-22.5,-22.5,-22.5,-22.5,-26.432664756447,-32.9464285714286,-22.5,-22.5,-22.5,-22.5,-115.4,-115.4,-137.9
2009,178,-22.5,-22.5,-22.5,-22.5,-22.5,-0.3,-22.5,-22.5,-22.5,-22.5,-26.432664756447,-32.9464285714286,-22.5,-22.5,-22.5,-22.5,-112.8,-112.8,-135.3
2009,179,-22.5,-22.5,-22.5,-22.5,-22.5,-22.5,-22.5,-22.5,-22.5,-22.5,-26.432664756447,-32.9464285714286,-22.5,-22.5,-22.5,-22.5,-135,-135,-157.5
2009,180,-22.5,-22.5,-22.5,-22.5,-22.5,-22.5,-22.5,-22.5,-22.5,-22.5,-26.432664756447,-32.9464285714286,-22.5,-22.5,-22.5,-22.5,-135,-135,-157.5
2009,181,-22.5,-22.5,-22.5,-22.5,-22.5,-22.5,-22.5,-22.5,-22.5,-22.5,-26.432664756447,-32.9464285714286,-22.5,-22.5,-22.5,-22.5,-135,-135,-157.5
2009,182,-22.5,-22.5,-22.5,-22.5,5.9,-0.3,10.1,4.9,4.7,1,-0.587392550143267,-1.31785714285714,9.5,5.3,2.7,4.2,-84.4,-84.4,-74.3
2009,183,-22.5,-22.5,-22.5,-22.5,-22.5,-22.5,-22.5,-22.5,-22.5,-22.5,-26.432664756447,-32.9464285714286,-22.5,-22.5,-22.5,-22.5,-135,-135,-157.5
2009,184,-22.5,-22.5,-22.5,-22.5,-22.5,-22.5,-22.5,-22.5,-22.5,-22.5,-26.432664756447,-32.9464285714286,-22.5,-22.5,-22.5,-22.5,-135,-135,-157.5
2009,185,-22.5,-22.5,2.5,-2.6,0.6,-1.8,-3,-2.4,-1.1,1.5,-26.432664756447,-32.9464285714286,-22.5,-22.5,-22.5,-22.5,-46.3,-46.3,-49.3
2009,186,-22.5,-22.5,-22.5,-22.5,-22.5,-22.5,-22.5,-22.5,-22.5,-22.5,-26.432664756447,-32.9464285714286,-22.5,-22.5,-22.5,-22.5,-135,-135,-157.5
2009,187,-22.5,-22.5,-22.5,-22.5,-22.5,-22.5,-22.5,-22.5,-22.5,-22.5,-26.432664756447,-32.9464285714286,-22.5,-22.5,-22.5,-22.5,-135,-135,-157.5
2009,188,-22.5,-22.5,-22.5,-22.5,-22.5,-22.5,-22.5,-22.5,-22.5,-22.5,-26.432664756447,-32.9464285714286,-22.5,-22.5,-22.5,-22.5,-135,-135,-157.5
2009,189,-22.5,-22.5,-22.5,-22.5,-22.5,-22.5,-22.5,-22.5,-22.5,-22.5,-26.432664756447,-32.9464285714286,-22.5,-22.5,-22.5,-22.5,-135,-135,-157.5
2009,190,-22.5,-22.5,-22.5,-22.5,-22.5,-22.5,-22.5,-22.5,-22.5,-22.5,-26.432664756447,-32.9464285714286,-22.5,-22.5,-22.5,-22.5,-135,-135,-157.5
2009,191,-22.5,-22.5,-22.5,-22.5,-22.5,-22.5,-22.5,-22.5,-22.5,-22.5,-26.432664756447,-32.9464285714286,-22.5,-22.5,-22.5,-22.5,-135,-135,-157.5
2009,192,-22.5,-22.5,-22.5,-22.5,-22.5,-22.5,-22.5,-22.5,-22.5,-22.5,-26.432664756447,-32.9464285714286,-22.5,-22.5,-22.5,-22.5,-135,-135,-157.5
2009,193,-22.5,-22.5,-22.5,-22.5,-22.5,-22.5,-22.5,-22.5,-22.5,-22.5,-26.432664756447,-32.9464285714286,-22.5,-22.5,-22.5,-22.5,-135,-135,-157.5
2009,194,-22.5,-22.5,-22.5,-22.5,-22.5,-22.5,-22.5,-22.5,-22.5,-22.5,-26.432664756447,-32.9464285714286,-22.5,-22.5,-22.5,-22.5,-135,-135,-157.5
2009,195,-22.5,-22.5,-22.5,1.6,-22.5,-22.5,-22.5,-22.5,-22.5,-22.5,-26.432664756447,-32.9464285714286,-22.5,-22.5,-22.5,-22.5,-110.9,-110.9,-133.4
2009,196,-22.5,-22.5,-22.5,-22.5,-22.5,-22.5,-22.5,-22.5,-22.5,-22.5,-26.432664756447,-32.9464285714286,-22.5,-22.5,-22.5,-22.5,-135,-135,-157.5
2009,197,-22.5,-22.5,-22.5,-22.5,-22.5,-22.5,-22.5,-22.5,-22.5,-22.5,-26.432664756447,-32.9464285714286,-22.5,-22.5,-22.5,-22.5,-135,-135,-157.5
2009,198,-22.5,-22.5,-22.5,-22.5,-22.5,-22.5,0.4,1.6,-3.4,7.4,7.75358166189112,-5.27142857142857,3.1,9.2,5.8,5.8,-135,-135,-134.6
2010,1,5.8,13.2,9.2,11.8,0.5,12.2,14.6,26.2,7.9,3.28939828080229,11.5678571428571,16.8,6.6,-1.1,1.9,NA,52.7,52.7,67.3
2010,2,-1.8,21.2,7.6,20.9,11.7,15.3,8.5,17.9,16.2,6.57879656160458,0.292857142857143,1.9,4.6,5.7,7.8,NA,74.9,74.9,83.4
2010,3,-22.5,-5.5,-7.7,0.8,1.4,1.2,-2,-0.8,-5,0,-8.93214285714286,4.1,-7.9,-2.5,2.9,NA,-32.3,-32.3,-34.3
2010,4,-22.5,3.1,-0.3,9.8,8.9,8.8,7.5,1.5,0,-2.58452722063037,2.92857142857143,11.5,-2.1,-3.6,-22.5,NA,7.8,7.8,15.3
2010,5,-1.6,-10.1,-22.5,10,9.4,17.3,18.1,9.5,11.2,0.822349570200573,9.37142857142857,14.2,9.2,4.2,6.5,NA,2.5,2.5,20.6
2010,6,-22.5,-4.2,-0.9,-1.3,1.8,6.6,6.9,0.3,8.2,2.70200573065903,0.439285714285714,-2.1,-22.5,-22.5,-22.5,NA,-20.5,-20.5,-13.6
2010,7,15.8,9.8,2.4,14.7,2,13.9,17.2,6.3,18.1,-0.469914040114613,7.02857142857143,7.9,19.5,1.2,-1.1,NA,58.6,58.6,75.8
2010,8,-0.7,6.5,0.3,-22.5,-22.5,-2.6,-1.4,-1,-22.5,-26.432664756447,-32.9464285714286,-22.5,-22.5,-22.5,-22.5,NA,-41.5,-41.5,-42.9
2010,9,-22.5,-22.5,-3.5,10.8,10.7,2.9,18.8,14.3,4,3.64183381088825,0.878571428571428,6.3,-3.4,5.2,-5.8,NA,-24.1,-24.1,-5.3
2010,10,-22.5,-22.5,-22.5,-22.5,-22.5,0.7,-0.5,-22.5,1.2,-6.69627507163324,-32.9464285714286,-22.5,-1,-22.5,-1.7,NA,-111.8,-111.8,-112.3
2010,11,-22.5,-22.5,-22.5,0.2,-22.5,-22.5,0.1,-1.5,21.4,0.469914040114613,20.6464285714286,2.7,-17,-3.8,-22.5,NA,-112.3,-112.3,-112.2
2010,12,-0.4,1.5,0.6,6.5,9.3,-1,9,-2.5,-0.6,4.58166189111748,6.73571428571428,10.4,-2.6,-9,9.3,NA,16.5,16.5,25.5
2010,13,-22.5,-22.5,-22.5,0.5,1.2,2.1,-22.5,-22.5,-22.5,-26.432664756447,-32.9464285714286,-22.5,-22.5,-22.5,-22.5,NA,-63.7,-63.7,-86.2
2010,14,-22.5,0.9,3.7,18.2,7.3,8.6,13.9,16.6,2,14.214899713467,4.53928571428571,2.1,-4.1,4.9,5.3,NA,16.2,16.2,30.1
2010,15,-22.5,-22.5,-22.5,-22.5,-22.5,-0.8,1.7,4.6,-4.5,-4.58166189111748,3.36785714285714,3.4,0.6,7.5,2.3,NA,-113.3,-113.3,-111.6
2010,16,-22.5,-22.5,5.9,15,22.7,13.6,13.2,13.9,10.9,1.99713467048711,-0.292857142857143,8.4,1.7,5,6,NA,12.2,12.2,25.4
2010,17,-22.5,-22.5,-22.5,-22.5,0.8,-22.5,-22.5,-22.5,-22.5,-26.432664756447,-32.9464285714286,-22.5,-22.5,-22.5,-22.5,NA,-111.7,-111.7,-134.2
2010,18,-22.5,-22.5,-0.1,-22.5,-22.5,3.6,3,2.3,2.6,-3.17191977077364,10.25,0,-2.9,-0.1,0.4,NA,-86.5,-86.5,-83.5
2010,19,-22.5,-22.5,-2.7,-0.2,2.1,2.8,-7.1,7.8,-0.1,0.234957020057307,-0.585714285714286,-2,1.9,4.2,0.7,NA,-43,-43,-50.1
2010,20,-22.5,-22.5,6.4,0.5,1.5,0,0.8,-1.8,-22.5,-26.432664756447,-32.9464285714286,-22.5,-22.5,-22.5,-22.5,NA,-36.6,-36.6,-35.8
2010,21,-22.5,-22.5,-22.5,6.9,8.5,-1.2,-2.6,7.5,1.3,0.117478510028653,-5.41785714285714,6.5,-22.5,-22.5,-22.5,NA,-53.3,-53.3,-55.9
2010,22,-22.5,-22.5,3.2,-0.6,-2,0.6,-22.5,-22.5,-22.5,-1.87965616045845,-0.146428571428571,-1.3,1.3,-5.5,-22.5,NA,-43.8,-43.8,-66.3
2010,23,-22.5,-22.5,-1.1,-1.9,2,4.6,9.2,12.4,0.8,1.29226361031519,-1.17142857142857,2.8,-22.5,-22.5,-22.5,NA,-41.4,-41.4,-32.2
2010,24,-22.5,-22.5,-22.5,-22.5,5.5,2.7,2.6,1.9,13.9,-1.17478510028653,0,2.1,-0.6,6.2,3.2,NA,-81.8,-81.8,-79.2
2010,25,-22.5,-22.5,-0.6,-0.9,-22.5,2,-22.5,-22.5,-22.5,-26.432664756447,-32.9464285714286,-22.5,-22.5,-22.5,-22.5,NA,-67,-67,-89.5
2010,26,-22.5,-22.5,-22.5,0.9,7.1,21.2,7.6,10.2,2.8,1.05730659025788,8.2,6.4,-9.1,-13.9,-22.5,NA,-38.3,-38.3,-30.7
2010,27,-22.5,-22.5,-22.5,0.1,-22.5,-22.5,-22.5,-22.5,-22.5,-26.432664756447,-32.9464285714286,-22.5,-22.5,-22.5,-22.5,NA,-112.4,-112.4,-134.9
2010,28,-22.5,-22.5,2.4,3.5,10.7,8.2,9.1,8,7,11.7478510028653,-5.125,5.1,5.2,2.5,5.5,NA,-20.2,-20.2,-11.1
2010,29,-22.5,-22.5,1.3,0.1,-2,1.4,-22.5,-22.5,-22.5,-26.432664756447,-32.9464285714286,-22.5,-22.5,-22.5,-22.5,NA,-44.2,-44.2,-66.7
2010,30,-22.5,-22.5,-22.5,10.8,10.8,3.3,6.2,1.1,3.8,13.6275071633238,-1.61071428571429,9.5,17.9,11.3,9.6,NA,-42.6,-42.6,-36.4
2010,31,-22.5,-22.5,-22.5,-0.8,1.2,-22.5,3,3.3,0.4,8.22349570200573,-1.90357142857143,-2.4,3,-1.9,-22.5,NA,-89.6,-89.6,-86.6
2010,32,-22.5,-22.5,-22.5,-22.5,-22.5,-22.5,-22.5,-22.5,-22.5,-26.432664756447,-32.9464285714286,-22.5,-22.5,-22.5,-22.5,NA,-135,-135,-157.5
2010,33,-22.5,-22.5,-22.5,-22.5,-22.5,-22.5,-22.5,-22.5,-22.5,-26.432664756447,-32.9464285714286,-22.5,-22.5,-22.5,-22.5,NA,-135,-135,-157.5
2010,34,-22.5,-22.5,-22.5,-22.5,-22.5,-22.5,-22.5,-22.5,-22.5,-26.432664756447,-32.9464285714286,-22.5,-22.5,-22.5,-22.5,NA,-135,-135,-157.5
2010,35,-22.5,-22.5,-22.5,-22.5,-22.5,-22.5,-22.5,-22.5,-22.5,-26.432664756447,-32.9464285714286,-22.5,-22.5,-22.5,-22.5,NA,-135,-135,-157.5
2010,36,-22.5,-22.5,-3.2,1.9,-2,7.3,2.9,0.1,-9,-26.432664756447,-32.9464285714286,-22.5,-22.5,-22.5,-0.5,NA,-41,-41,-38.1
2010,37,-22.5,1.3,1.6,4.8,2.2,-2.8,2.8,0.1,0.1,-4.34670487106017,13.1785714285714,16.6,6.3,3,-7.5,NA,-15.4,-15.4,-12.6
2010,38,-22.5,-22.5,-22.5,-7.4,2.6,-1.1,1.1,2,5.1,4.34670487106017,5.56428571428571,5,0.6,0.7,4.2,NA,-73.4,-73.4,-72.3
2010,39,-22.5,0.7,-22.5,-0.2,-22.5,-22.5,-22.5,-22.5,-22.5,-26.432664756447,-32.9464285714286,-22.5,-22.5,-22.5,-22.5,NA,-89.5,-89.5,-112
2010,40,-22.5,-22.5,-22.5,-22.5,-0.6,0.6,-22.5,-22.5,-22.5,-26.432664756447,-32.9464285714286,-22.5,-22.5,-22.5,-22.5,NA,-90,-90,-112.5
2010,41,-22.5,-22.5,-22.5,-0.3,0,0.1,-3.2,12,5,1.40974212034384,1.61071428571429,-8.2,-12.7,-22.5,-22.5,NA,-67.7,-67.7,-70.9
2010,42,-22.5,-5.4,-0.3,2.7,-1,6.3,-4.2,-3.6,-5,-26.432664756447,-32.9464285714286,-22.5,-22.5,-22.5,-22.5,NA,-20.2,-20.2,-24.4
2010,43,-22.5,-22.5,-22.5,-22.5,-22.5,-22.5,-22.5,-22.5,-22.5,-26.432664756447,-32.9464285714286,-22.5,-22.5,-22.5,-22.5,NA,-135,-135,-157.5
2010,44,-22.5,-22.5,-22.5,-22.5,-22.5,-22.5,-22.5,-22.5,-22.5,-26.432664756447,-32.9464285714286,-22.5,-22.5,-22.5,-22.5,NA,-135,-135,-157.5
2010,45,-22.5,-22.5,-22.5,2.8,1.1,0,7.1,4.7,-5.5,-26.432664756447,-32.9464285714286,-22.5,-22.5,-22.5,-22.5,NA,-63.6,-63.6,-56.5
2010,46,-22.5,-22.5,-22.5,-3.3,-3.7,1.1,3.6,-22.5,1.4,-0.939828080229226,-32.9464285714286,-22.5,-22.5,-22.5,-22.5,NA,-73.4,-73.4,-69.8
2010,47,-22.5,-22.5,1.2,9.9,12.6,18.6,3.1,0.4,7.9,11.3954154727794,8.34642857142857,0.6,21.1,11.7,4.1,NA,-2.7,-2.7,0.400000000000004
2010,48,-22.5,-22.5,-22.5,-22.5,-22.5,-22.5,-22.5,-22.5,-22.5,-26.432664756447,-32.9464285714286,-22.5,-22.5,-22.5,-22.5,NA,-135,-135,-157.5
2010,49,-22.5,-22.5,-22.5,-22.5,10.5,10.7,-14.1,0,-6.3,-4.22922636103152,-8.78571428571428,-0.7,-22.5,2.5,-2.8,NA,-68.8,-68.8,-82.9
2010,50,-22.5,-22.5,-22.5,-22.5,-22.5,-0.2,-22.5,1.8,-0.5,-26.432664756447,-32.9464285714286,-22.5,-22.5,-22.5,-22.5,NA,-112.7,-112.7,-135.2
2010,51,-22.5,-22.5,-22.5,5.6,4.9,7.4,10.2,2.5,4.4,-1.05730659025788,12.1535714285714,2.3,4.9,3.1,0,NA,-49.6,-49.6,-39.4
2010,52,-22.5,-22.5,-22.5,-22.5,-22.5,-22.5,-22.5,-22.5,-22.5,-26.432664756447,-32.9464285714286,-22.5,-22.5,-22.5,-22.5,NA,-135,-135,-157.5
2010,53,-22.5,-22.5,-22.5,-22.5,-22.5,-22.5,-22.5,-0.9,-22.5,-26.432664756447,-32.9464285714286,-22.5,-22.5,-22.5,-22.5,NA,-135,-135,-157.5
2010,54,-22.5,-22.5,-22.5,-22.5,-22.5,-22.5,-22.5,-22.5,-1.1,3.28939828080229,11.275,7.4,7.9,2.8,5,NA,-135,-135,-157.5
2010,55,-22.5,-22.5,-22.5,-22.5,-22.5,-22.5,-22.5,-22.5,-22.5,-26.432664756447,-32.9464285714286,-22.5,-22.5,-22.5,-22.5,NA,-135,-135,-157.5
2010,56,-22.5,-22.5,-22.5,0,7.4,4.1,1.6,-4.5,6.3,8.92836676217765,0.585714285714286,9.5,-22.5,-22.5,-22.5,NA,-56,-56,-54.4
2010,57,-22.5,-22.5,-22.5,-22.5,-22.5,0.4,1,-0.4,5.4,-26.432664756447,-32.9464285714286,-22.5,-22.5,-22.5,-22.5,NA,-112.1,-112.1,-111.1
2010,58,-22.5,-22.5,-22.5,0,-22.5,-22.5,-22.5,-22.5,-22.5,-26.432664756447,-32.9464285714286,-22.5,-22.5,-22.5,-22.5,NA,-112.5,-112.5,-135
2010,59,-22.5,-0.2,1.7,2,5.3,3.8,23.9,19.2,7.9,8.45845272206304,-4.39285714285714,7.2,9.3,3,6.9,NA,-9.9,-9.9,14
2010,60,-22.5,-22.5,-22.5,-22.5,-22.5,-1.3,4.6,1.9,-22.5,0.70487106017192,-32.9464285714286,-22.5,-22.5,-22.5,-22.5,NA,-113.8,-113.8,-109.2
2010,61,-22.5,-22.5,-22.5,-22.5,-22.5,-22.5,-22.5,-22.5,-22.5,-26.432664756447,-32.9464285714286,-22.5,-22.5,-22.5,-22.5,NA,-135,-135,-157.5
2010,62,-22.5,-22.5,-22.5,-22.5,-22.5,0.2,3.3,1.7,0.5,-5.75644699140401,-32.9464285714286,-3.8,-22.5,-22.5,-22.5,NA,-112.3,-112.3,-109
2010,63,-22.5,-22.5,-22.5,-22.5,-22.5,-22.5,-22.5,-22.5,-22.5,-26.432664756447,-32.9464285714286,-22.5,-22.5,-22.5,-22.5,NA,-135,-135,-157.5
2010,64,-22.5,-22.5,0.9,0.4,-22.5,-22.5,-22.5,-22.5,-22.5,-26.432664756447,-32.9464285714286,-22.5,-22.5,-22.5,-22.5,NA,-88.7,-88.7,-111.2
2010,65,-22.5,-22.5,-22.5,-22.5,-22.5,-22.5,-22.5,-22.5,-22.5,-26.432664756447,-32.9464285714286,-22.5,-22.5,-22.5,-22.5,NA,-135,-135,-157.5
2010,66,-22.5,-22.5,2.4,-1.4,-4.9,0.3,15.4,5.9,7.4,5.75644699140401,3.075,5.1,3.9,11.8,-3.7,NA,-48.6,-48.6,-33.2
2010,67,-22.5,-22.5,-22.5,-22.5,-0.2,-22.5,-22.5,-22.5,-22.5,-26.432664756447,-32.9464285714286,-22.5,-22.5,-22.5,-22.5,NA,-112.7,-112.7,-135.2
2010,68,-22.5,-22.5,-22.5,-22.5,-22.5,-22.5,-22.5,-22.5,-22.5,-26.432664756447,-32.9464285714286,-22.5,-22.5,-22.5,-22.5,NA,-135,-135,-157.5
2010,69,-22.5,-22.5,-22.5,-22.5,-22.5,-22.5,-22.5,-22.5,-22.5,-26.432664756447,-32.9464285714286,-22.5,-22.5,-22.5,-22.5,NA,-135,-135,-157.5
2010,70,-22.5,-22.5,-22.5,-22.5,-22.5,-0.8,4.6,4.5,3,-1.17478510028653,-32.9464285714286,-22.5,-22.5,-22.5,-22.5,NA,-113.3,-113.3,-108.7
2010,71,-22.5,-22.5,-22.5,0.2,4.6,-22.5,-0.4,-22.5,-22.5,-26.432664756447,-32.9464285714286,-22.5,-22.5,-22.5,-22.5,NA,-85.2,-85.2,-85.6
2010,72,-22.5,-22.5,-22.5,-22.5,-22.5,-22.5,-22.5,-22.5,-22.5,-26.432664756447,-32.9464285714286,-22.5,-22.5,-22.5,-22.5,NA,-135,-135,-157.5
2010,73,-22.5,-22.5,-22.5,-22.5,-22.5,-22.5,-22.5,-22.5,-22.5,-26.432664756447,-32.9464285714286,-22.5,-22.5,-22.5,-22.5,NA,-135,-135,-157.5
2010,74,-22.5,-22.5,-22.5,-22.5,-22.5,-22.5,-22.5,-22.5,-22.5,-26.432664756447,-32.9464285714286,-22.5,-22.5,-22.5,-22.5,NA,-135,-135,-157.5
2010,75,-22.5,-22.5,-22.5,-22.5,-22.5,-22.5,-22.5,-22.5,-22.5,-26.432664756447,-32.9464285714286,-22.5,-22.5,-22.5,-22.5,NA,-135,-135,-157.5
2010,76,-22.5,-22.5,-22.5,-22.5,-22.5,-22.5,-22.5,-22.5,-22.5,-26.432664756447,-32.9464285714286,-22.5,-22.5,-22.5,-22.5,NA,-135,-135,-157.5
2010,77,-22.5,-22.5,-22.5,-22.5,-22.5,-22.5,-22.5,-22.5,-22.5,-26.432664756447,-32.9464285714286,-22.5,-22.5,-22.5,-22.5,NA,-135,-135,-157.5
2010,78,-22.5,-22.5,-22.5,-22.5,-22.5,-22.5,-22.5,-22.5,-22.5,-26.432664756447,-32.9464285714286,-22.5,-22.5,-22.5,-22.5,NA,-135,-135,-157.5
2010,79,-22.5,-22.5,-22.5,-22.5,-22.5,-22.5,-22.5,-22.5,-22.5,-26.432664756447,-32.9464285714286,-22.5,-22.5,-22.5,-22.5,NA,-135,-135,-157.5
2010,80,-22.5,-22.5,-22.5,-22.5,-0.7,3.5,3.6,9.2,2.9,18.6790830945559,6.58928571428571,4.6,2.4,10.2,0.9,NA,-87.2,-87.2,-83.6
2010,81,-22.5,-22.5,-22.5,-22.5,-22.5,-22.5,-22.5,-22.5,-22.5,-26.432664756447,-32.9464285714286,-22.5,-22.5,-22.5,-22.5,NA,-135,-135,-157.5
2010,82,-22.5,-22.5,-22.5,-22.5,-22.5,-22.5,-22.5,-22.5,-22.5,-26.432664756447,-32.9464285714286,-22.5,-22.5,-22.5,-22.5,NA,-135,-135,-157.5
2010,83,-22.5,-22.5,-22.5,-22.5,-22.5,-22.5,-22.5,-22.5,-22.5,-26.432664756447,-32.9464285714286,-22.5,-22.5,-22.5,-22.5,NA,-135,-135,-157.5
2010,84,-22.5,-22.5,-22.5,-22.5,-22.5,3.4,-22.5,0.7,-22.5,-26.432664756447,0.439285714285714,13.5,7.8,-1.2,7.1,NA,-109.1,-109.1,-131.6
2010,85,-22.5,-22.5,-22.5,-22.5,-22.5,-22.5,-22.5,-22.5,-22.5,-26.432664756447,-32.9464285714286,-22.5,-22.5,-22.5,-22.5,NA,-135,-135,-157.5
2010,86,-22.5,-22.5,-22.5,-22.5,-22.5,-0.7,-22.5,-22.5,-22.5,-26.432664756447,-32.9464285714286,-22.5,-22.5,-22.5,-22.5,NA,-113.2,-113.2,-135.7
2010,87,-22.5,-22.5,-22.5,-22.5,-22.5,0.1,-1.7,-22.5,-22.5,-26.432664756447,-32.9464285714286,-22.5,-22.5,-22.5,-22.5,NA,-112.4,-112.4,-114.1
2010,88,-22.5,-22.5,-22.5,-22.5,-22.5,-22.5,-22.5,-22.5,-22.5,-26.432664756447,-32.9464285714286,-22.5,-22.5,-22.5,-22.5,NA,-135,-135,-157.5
2010,89,-22.5,-22.5,-22.5,1.5,-2.8,1.7,-2.9,0.6,-2,-26.432664756447,-4.1,-22.5,-22.5,-22.5,-22.5,NA,-67.1,-67.1,-70
2010,90,-22.5,-22.5,-22.5,-0.4,-1.6,2,-1.5,-0.5,2.8,-4.34670487106017,4.24642857142857,-22.5,-22.5,-22.5,-22.5,NA,-67.5,-67.5,-69
2010,91,-22.5,-22.5,-22.5,-22.5,-22.5,-22.5,-22.5,-22.5,-22.5,-26.432664756447,-32.9464285714286,-22.5,-22.5,-22.5,-22.5,NA,-135,-135,-157.5
2010,92,-22.5,-22.5,-22.5,-22.5,-22.5,-22.5,-22.5,-22.5,-22.5,-26.432664756447,-32.9464285714286,-22.5,-22.5,-22.5,-22.5,NA,-135,-135,-157.5
2010,93,-22.5,-22.5,-22.5,-22.5,-22.5,-22.5,-22.5,-22.5,-22.5,-26.432664756447,-32.9464285714286,-22.5,-22.5,-22.5,-22.5,NA,-135,-135,-157.5
2010,94,-22.5,-22.5,-22.5,-22.5,-22.5,-22.5,-22.5,-22.5,-22.5,-26.432664756447,-32.9464285714286,-22.5,-22.5,-22.5,-22.5,NA,-135,-135,-157.5
2010,95,-22.5,-22.5,-22.5,-22.5,-22.5,-22.5,-22.5,-22.5,-22.5,-26.432664756447,-32.9464285714286,-22.5,-22.5,-22.5,-22.5,NA,-135,-135,-157.5
2010,96,-22.5,-22.5,-22.5,-22.5,-22.5,-22.5,-22.5,-22.5,-22.5,-26.432664756447,-32.9464285714286,-22.5,-22.5,-22.5,-22.5,NA,-135,-135,-157.5
2010,97,-22.5,-22.5,-22.5,-22.5,-0.9,-0.5,-22.5,-22.5,-22.5,-26.432664756447,-32.9464285714286,-22.5,-22.5,-22.5,-22.5,NA,-91.4,-91.4,-113.9
2010,98,-22.5,-22.5,-22.5,-22.5,-22.5,-22.5,-22.5,-22.5,-22.5,-26.432664756447,-32.9464285714286,-22.5,-22.5,-22.5,-22.5,NA,-135,-135,-157.5
2010,99,-22.5,-22.5,-22.5,-22.5,-22.5,13.5,0,9,12.1,1.40974212034384,13.0321428571429,0.7,-22.5,-22.5,-22.5,NA,-99,-99,-99
2010,100,-22.5,-22.5,-22.5,-22.5,-22.5,-22.5,-22.5,-22.5,-22.5,-26.432664756447,-32.9464285714286,-22.5,-22.5,-22.5,-22.5,NA,-135,-135,-157.5
2010,101,-22.5,-22.5,-22.5,-22.5,-22.5,-22.5,-22.5,-22.5,-22.5,-26.432664756447,-32.9464285714286,-22.5,-22.5,-22.5,-22.5,NA,-135,-135,-157.5
2010,102,-22.5,-22.5,-22.5,-22.5,-22.5,-22.5,-22.5,-22.5,-22.5,-26.432664756447,-32.9464285714286,-22.5,-22.5,-22.5,-22.5,NA,-135,-135,-157.5
2010,103,-22.5,-22.5,-22.5,-22.5,-22.5,-22.5,-22.5,-22.5,-22.5,-26.432664756447,-32.9464285714286,-22.5,-22.5,-22.5,-22.5,NA,-135,-135,-157.5
2010,104,-22.5,-22.5,-22.5,-22.5,-22.5,-22.5,-22.5,-22.5,-22.5,0.35243553008596,1.31785714285714,6,4,6.1,-22.5,NA,-135,-135,-157.5
2010,105,-22.5,-22.5,-22.5,-22.5,-22.5,-22.5,-22.5,-22.5,-22.5,-26.432664756447,-32.9464285714286,-22.5,-22.5,-22.5,-22.5,NA,-135,-135,-157.5
2010,106,-22.5,-22.5,-22.5,-22.5,-22.5,-22.5,-0.5,0.1,6.4,-3.40687679083095,-2.92857142857143,-22.5,-22.5,-22.5,-22.5,NA,-135,-135,-135.5
2010,107,-22.5,-22.5,0.2,0.1,-22.5,-22.5,-22.5,-22.5,-22.5,-26.432664756447,-32.9464285714286,-22.5,-22.5,-22.5,-22.5,NA,-89.7,-89.7,-112.2
2010,108,-22.5,-22.5,-22.5,-22.5,-22.5,-22.5,-22.5,-22.5,-22.5,-26.432664756447,-32.9464285714286,-22.5,-22.5,-22.5,-22.5,NA,-135,-135,-157.5
2010,109,-22.5,-22.5,-22.5,-22.5,-22.5,-22.5,-22.5,-22.5,-22.5,-26.432664756447,-32.9464285714286,-22.5,-22.5,-22.5,-22.5,NA,-135,-135,-157.5
2010,110,-22.5,-22.5,-22.5,-22.5,-22.5,3.1,2.1,-2.3,-2.3,-4.93409742120344,-32.9464285714286,-22.5,-22.5,-22.5,-22.5,NA,-109.4,-109.4,-107.3
2010,111,-22.5,-22.5,-22.5,-22.5,-0.3,-0.2,0.2,-22.5,-22.5,-26.432664756447,-32.9464285714286,-22.5,-22.5,-22.5,-22.5,NA,-90.5,-90.5,-90.3
2010,112,-22.5,-22.5,0.8,3,0.2,4.7,12.1,25.9,12.6,18.6790830945559,20.5,-21.7,8.9,7.4,-13.1,NA,-36.3,-36.3,-24.2
2010,113,-22.5,-22.5,-22.5,-22.5,-22.5,-22.5,-22.5,-22.5,-22.5,-26.432664756447,-32.9464285714286,-22.5,-22.5,-22.5,-22.5,NA,-135,-135,-157.5
2010,114,-22.5,-22.5,-22.5,-22.5,-22.5,-22.5,-22.5,-22.5,-22.5,-26.432664756447,-32.9464285714286,-22.5,-22.5,-22.5,-22.5,NA,-135,-135,-157.5
2010,115,-22.5,-22.5,-22.5,-22.5,-22.5,-22.5,-22.5,-22.5,-22.5,-26.432664756447,-32.9464285714286,-22.5,-22.5,-22.5,-22.5,NA,-135,-135,-157.5
2010,116,-22.5,-22.5,-22.5,-22.5,-1,-1.2,0.3,-22.5,-22.5,-26.432664756447,-32.9464285714286,-22.5,-22.5,-22.5,-22.5,NA,-92.2,-92.2,-91.9
2010,117,-22.5,-22.5,-22.5,-22.5,-22.5,-22.5,-22.5,-22.5,-22.5,-26.432664756447,-32.9464285714286,-22.5,-22.5,-22.5,-22.5,NA,-135,-135,-157.5
2010,118,-22.5,-22.5,-22.5,-22.5,-22.5,-22.5,-22.5,-22.5,-22.5,-26.432664756447,-32.9464285714286,-22.5,-22.5,-22.5,-22.5,NA,-135,-135,-157.5
2010,119,-22.5,-22.5,3.2,2,0.7,-22.5,-22.5,-22.5,-22.5,-26.432664756447,-32.9464285714286,-22.5,-22.5,-22.5,-22.5,NA,-61.6,-61.6,-84.1
2010,120,-22.5,-22.5,-22.5,-22.5,-22.5,-22.5,-22.5,-22.5,-22.5,-26.432664756447,-32.9464285714286,-22.5,-22.5,-22.5,-22.5,NA,-135,-135,-157.5
2010,121,-22.5,-22.5,-22.5,-22.5,0,-22.5,-22.5,-22.5,-22.5,-26.432664756447,-32.9464285714286,-22.5,-22.5,-22.5,-22.5,NA,-112.5,-112.5,-135
2010,122,-22.5,-22.5,-22.5,-22.5,-0.6,0.1,1.5,-10.4,0.9,-1.05730659025788,-3.22142857142857,-22.5,-22.5,-0.3,-3.4,NA,-90.5,-90.5,-89
2010,123,-22.5,-22.5,-22.5,-22.5,-22.5,2.4,-2.5,7.9,5,7.63610315186247,12.1535714285714,1.5,23.5,28.6,14.5,NA,-110.1,-110.1,-112.6
2010,124,-22.5,-22.5,-22.5,-22.5,-22.5,-22.5,-22.5,-22.5,-22.5,-26.432664756447,-32.9464285714286,-22.5,-22.5,-22.5,-22.5,NA,-135,-135,-157.5
2010,125,-22.5,-22.5,-22.5,-22.5,-22.5,-22.5,-22.5,-22.5,-22.5,-26.432664756447,-32.9464285714286,-22.5,-22.5,-22.5,-22.5,NA,-135,-135,-157.5
2010,126,-22.5,-22.5,-22.5,-22.5,-22.5,-22.5,-22.5,-22.5,-22.5,-26.432664756447,-32.9464285714286,-22.5,-22.5,-22.5,-22.5,NA,-135,-135,-157.5
2010,127,-22.5,-22.5,-22.5,-22.5,-22.5,-22.5,-22.5,-22.5,-22.5,-26.432664756447,-32.9464285714286,-22.5,-22.5,-22.5,-22.5,NA,-135,-135,-157.5
2010,128,-22.5,-22.5,-22.5,-22.5,-22.5,-22.5,-22.5,-22.5,-22.5,-26.432664756447,-32.9464285714286,-22.5,-22.5,-22.5,-22.5,NA,-135,-135,-157.5
2010,129,-22.5,-22.5,-22.5,-0.9,1.5,-0.6,-1.4,-1.5,-22.5,-26.432664756447,-32.9464285714286,-22.5,-22.5,-22.5,-22.5,NA,-67.5,-67.5,-68.9
2010,130,-22.5,-22.5,-22.5,-22.5,-22.5,-22.5,-22.5,-22.5,-22.5,-26.432664756447,-32.9464285714286,-22.5,-22.5,-22.5,-22.5,NA,-135,-135,-157.5
2010,131,-22.5,-22.5,-22.5,-22.5,13.5,15.4,10.1,15.9,9.7,-0.70487106017192,8.78571428571428,4.4,-7.7,-4.4,-0.4,NA,-61.1,-61.1,-51
2010,132,-22.5,-22.5,-22.5,-22.5,-22.5,-22.5,-22.5,1.8,7,-3.87679083094556,-32.9464285714286,-22.5,-22.5,-22.5,-22.5,NA,-135,-135,-157.5
2010,133,-22.5,-22.5,-22.5,-22.5,-0.1,2.2,2.8,7.6,7.2,-0.234957020057307,-32.9464285714286,-22.5,-22.5,-22.5,-22.5,NA,-87.9,-87.9,-85.1
2010,134,-22.5,-22.5,-22.5,-22.5,-22.5,-22.5,-22.5,-22.5,-22.5,-26.432664756447,-32.9464285714286,-22.5,-22.5,-22.5,-22.5,NA,-135,-135,-157.5
2010,135,-22.5,-22.5,-22.5,-22.5,-22.5,-22.5,-22.5,-22.5,-22.5,-26.432664756447,-32.9464285714286,-22.5,-22.5,-22.5,-22.5,NA,-135,-135,-157.5
2010,136,-22.5,-22.5,-22.5,-22.5,-22.5,-22.5,-22.5,-22.5,-22.5,-26.432664756447,-32.9464285714286,-22.5,-22.5,-22.5,-22.5,NA,-135,-135,-157.5
2010,137,-22.5,-22.5,-22.5,-22.5,-22.5,-22.5,-22.5,-22.5,-22.5,-26.432664756447,-32.9464285714286,-22.5,-22.5,-22.5,-22.5,NA,-135,-135,-157.5
2010,138,-22.5,-22.5,-22.5,-22.5,0.5,2.8,2.9,-0.3,-0.9,-9.75071633237822,-0.439285714285714,2.4,-22.5,0.7,0.3,NA,-86.7,-86.7,-83.8
2010,139,-22.5,-22.5,-22.5,-22.5,-22.5,-22.5,-22.5,-22.5,-22.5,-26.432664756447,-32.9464285714286,-22.5,-22.5,-22.5,-22.5,NA,-135,-135,-157.5
2010,140,-22.5,-22.5,-22.5,-1.5,-22.5,-22.5,0.5,0.1,4.4,-26.432664756447,-32.9464285714286,-22.5,-22.5,-22.5,-22.5,NA,-114,-114,-113.5
2010,141,-22.5,-22.5,0.2,1.5,9.4,19.1,-1.5,1.7,15.1,12.2177650429799,19.0357142857143,-9.3,-1.4,21.6,-8.4,NA,-14.8,-14.8,-16.3
2010,142,-22.5,-22.5,-22.5,-22.5,-22.5,-22.5,-22.5,-22.5,-22.5,-26.432664756447,-32.9464285714286,-22.5,-22.5,-22.5,-22.5,NA,-135,-135,-157.5
2010,143,-22.5,-22.5,-22.5,-22.5,-22.5,-22.5,-22.5,-22.5,-22.5,-26.432664756447,-32.9464285714286,-22.5,-22.5,-22.5,-22.5,NA,-135,-135,-157.5
2010,144,-22.5,-22.5,-22.5,-22.5,-0.1,-22.5,-22.5,-22.5,-1.3,0.822349570200573,3.66071428571429,1.5,-5.1,-3.9,-0.1,NA,-112.6,-112.6,-135.1
2010,145,-22.5,-22.5,-22.5,-22.5,-22.5,-22.5,-22.5,-22.5,-22.5,-26.432664756447,-32.9464285714286,-22.5,-22.5,-22.5,-22.5,NA,-135,-135,-157.5
2010,146,-22.5,-22.5,-22.5,-22.5,-22.5,-22.5,-22.5,-22.5,-22.5,-26.432664756447,-32.9464285714286,-22.5,-22.5,-22.5,-22.5,NA,-135,-135,-157.5
2010,147,-22.5,-22.5,10.5,13.9,5.9,14.6,4,11.7,8.5,14.0974212034384,16.4,4.4,1.9,-2.7,4.3,NA,-0.100000000000001,-0.100000000000001,3.9
2010,148,-22.5,-22.5,-22.5,-22.5,-22.5,0.8,5.6,-1.6,3.4,-26.432664756447,-32.9464285714286,-22.5,-2.9,-22.5,1.2,NA,-111.7,-111.7,-106.1
2010,149,-22.5,-22.5,-22.5,-22.5,-22.5,-22.5,-22.5,-22.5,-22.5,-26.432664756447,-32.9464285714286,-22.5,-22.5,-22.5,-22.5,NA,-135,-135,-157.5
2010,150,-22.5,-22.5,-22.5,-22.5,-22.5,-22.5,-22.5,-22.5,-22.5,-26.432664756447,-32.9464285714286,-22.5,-22.5,-22.5,-22.5,NA,-135,-135,-157.5
2010,151,-22.5,-22.5,-22.5,-22.5,-22.5,-22.5,-22.5,-22.5,-22.5,-26.432664756447,-32.9464285714286,-22.5,-22.5,-22.5,-22.5,NA,-135,-135,-157.5
2010,152,-22.5,-22.5,-22.5,-22.5,-22.5,-22.5,-22.5,-22.5,-22.5,-26.432664756447,-32.9464285714286,-22.5,-22.5,-22.5,-22.5,NA,-135,-135,-157.5
2010,153,-22.5,-22.5,-22.5,-22.5,-22.5,-22.5,-22.5,-22.5,-22.5,-26.432664756447,-32.9464285714286,-22.5,-22.5,-22.5,-22.5,NA,-135,-135,-157.5
2010,154,-22.5,0.2,2.5,0.1,-2.6,-2.8,1.6,-0.6,0.8,-26.432664756447,-32.9464285714286,-22.5,-22.5,-22.5,-22.5,NA,-25.1,-25.1,-23.5
2010,155,-22.5,-22.5,-22.5,-22.5,-22.5,-22.5,-22.5,-22.5,-22.5,-26.432664756447,-32.9464285714286,-22.5,-22.5,-22.5,-22.5,NA,-135,-135,-157.5
2010,156,-22.5,-22.5,-22.5,-22.5,-22.5,-22.5,-22.5,-22.5,-22.5,-26.432664756447,-32.9464285714286,-22.5,-22.5,-22.5,-22.5,NA,-135,-135,-157.5
2010,157,-22.5,-22.5,-22.5,-0.3,2.7,4.6,4.8,2.5,1.9,3.17191977077364,1.75714285714286,11.9,5.5,0.9,-22.5,NA,-60.5,-60.5,-55.7
2010,158,-22.5,-22.5,-22.5,-22.5,-22.5,-22.5,-22.5,-22.5,-22.5,-26.432664756447,-32.9464285714286,-22.5,-22.5,-22.5,-22.5,NA,-135,-135,-157.5
2010,159,-22.5,-22.5,-22.5,-22.5,-22.5,-22.5,-22.5,-22.5,-22.5,-26.432664756447,-32.9464285714286,-22.5,-22.5,-22.5,-22.5,NA,-135,-135,-157.5
2010,160,-22.5,-22.5,-22.5,-22.5,-22.5,-22.5,-22.5,-22.5,-22.5,-26.432664756447,-32.9464285714286,-22.5,-22.5,-22.5,-22.5,NA,-135,-135,-157.5
2010,161,-22.5,-22.5,-22.5,-22.5,-22.5,-22.5,-22.5,-22.5,-22.5,-26.432664756447,-32.9464285714286,-22.5,-22.5,-22.5,-22.5,NA,-135,-135,-157.5
2010,162,-22.5,-22.5,-22.5,-22.5,1.8,4.4,1.8,4.4,-1.9,-0.822349570200573,-3.075,-22.5,-22.5,-22.5,-22.5,NA,-83.8,-83.8,-82
2010,163,-22.5,-22.5,-22.5,-22.5,-22.5,-22.5,-22.5,-22.5,-22.5,-26.432664756447,-32.9464285714286,-22.5,-22.5,-22.5,-22.5,NA,-135,-135,-157.5
2010,164,-22.5,-22.5,-22.5,-22.5,-22.5,-22.5,-22.5,-22.5,-22.5,-26.432664756447,-32.9464285714286,-22.5,-22.5,-22.5,-22.5,NA,-135,-135,-157.5
2010,165,-22.5,-22.5,-22.5,-22.5,-22.5,-22.5,-5.6,-22.5,-22.5,-26.432664756447,-32.9464285714286,-22.5,-22.5,-22.5,-22.5,NA,-135,-135,-140.6
2010,166,-22.5,-22.5,-22.5,-22.5,-22.5,-22.5,-22.5,-22.5,-22.5,-26.432664756447,-32.9464285714286,-22.5,-22.5,-22.5,-22.5,NA,-135,-135,-157.5
2010,167,-22.5,-22.5,-22.5,-22.5,-22.5,-22.5,-22.5,-22.5,-22.5,-26.432664756447,-32.9464285714286,-22.5,-22.5,-22.5,-22.5,NA,-135,-135,-157.5
2010,168,-22.5,-22.5,-22.5,-22.5,-2.2,-1.3,-1.2,-2.1,-5.1,3.17191977077364,-2.63571428571429,-22.5,-22.5,-22.5,-22.5,NA,-93.5,-93.5,-94.7
2010,169,-22.5,-22.5,-22.5,-22.5,-22.5,-22.5,-22.5,-22.5,-22.5,-26.432664756447,-32.9464285714286,-22.5,-22.5,-22.5,-22.5,NA,-135,-135,-157.5
2010,170,-22.5,-22.5,-22.5,-22.5,-22.5,-22.5,-22.5,-22.5,-22.5,-26.432664756447,-32.9464285714286,-22.5,-22.5,-22.5,-22.5,NA,-135,-135,-157.5
2010,171,-22.5,-22.5,-22.5,-22.5,-22.5,-22.5,-22.5,-22.5,-22.5,-26.432664756447,-32.9464285714286,-22.5,-22.5,-22.5,-22.5,NA,-135,-135,-157.5
2010,172,-22.5,-22.5,-22.5,-22.5,-22.5,-22.5,-22.5,-22.5,-22.5,-26.432664756447,-32.9464285714286,-22.5,-22.5,-22.5,-22.5,NA,-135,-135,-157.5
2010,173,-22.5,-22.5,-22.5,-22.5,-22.5,-22.5,-22.5,-22.5,-22.5,-26.432664756447,-32.9464285714286,-22.5,-22.5,-22.5,-22.5,NA,-135,-135,-157.5
2010,174,-22.5,-22.5,-22.5,-22.5,-22.5,-22.5,-22.5,-22.5,-22.5,-26.432664756447,-32.9464285714286,-22.5,-22.5,-22.5,-22.5,NA,-135,-135,-157.5
2010,175,-22.5,-22.5,-22.5,-22.5,-22.5,-22.5,-22.5,-22.5,-22.5,-26.432664756447,-32.9464285714286,-22.5,-22.5,-22.5,-22.5,NA,-135,-135,-157.5
2010,176,-22.5,-22.5,-22.5,-22.5,-22.5,-22.5,-22.5,-22.5,-22.5,-26.432664756447,-32.9464285714286,-22.5,-22.5,-22.5,-22.5,NA,-135,-135,-157.5
2010,177,-22.5,-22.5,-22.5,-22.5,-22.5,-22.5,-22.5,-22.5,-22.5,-26.432664756447,-32.9464285714286,-22.5,-22.5,-22.5,-22.5,NA,-135,-135,-157.5
2010,178,-22.5,-22.5,-22.5,2.7,21,17.6,19.3,15.1,28.3,18.5616045845272,20.5,6.6,19.2,9.5,12.8,NA,-26.2,-26.2,-6.9
2010,179,-22.5,-22.5,-22.5,-22.5,-22.5,-22.5,-22.5,-22.5,-22.5,-26.432664756447,-32.9464285714286,-22.5,-22.5,-22.5,-22.5,NA,-135,-135,-157.5
2010,180,-22.5,-22.5,-22.5,-22.5,-22.5,-22.5,-22.5,-22.5,-22.5,-26.432664756447,-32.9464285714286,-22.5,-22.5,-22.5,-22.5,NA,-135,-135,-157.5
2010,181,-22.5,-22.5,-22.5,-22.5,-22.5,-22.5,-22.5,-22.5,-22.5,-26.432664756447,-32.9464285714286,-22.5,-22.5,-22.5,-22.5,NA,-135,-135,-157.5
2010,182,-22.5,-22.5,-22.5,-22.5,-22.5,-22.5,-22.5,-22.5,-22.5,-26.432664756447,-32.9464285714286,-22.5,-22.5,-22.5,-22.5,NA,-135,-135,-157.5
2010,183,-22.5,-22.5,-22.5,-22.5,-22.5,-22.5,-22.5,-22.5,-22.5,-26.432664756447,-32.9464285714286,-22.5,-22.5,-22.5,-22.5,NA,-135,-135,-157.5
2010,184,-22.5,-22.5,-22.5,-22.5,-22.5,-22.5,-22.5,-22.5,-22.5,-26.432664756447,-32.9464285714286,-22.5,-22.5,-22.5,-22.5,NA,-135,-135,-157.5
2010,185,-22.5,-22.5,-22.5,-22.5,-22.5,-22.5,-22.5,-22.5,-22.5,-26.432664756447,-32.9464285714286,-22.5,-22.5,-22.5,-22.5,NA,-135,-135,-157.5
2010,186,-22.5,-22.5,-22.5,-22.5,-22.5,-22.5,-22.5,-22.5,-22.5,-26.432664756447,-32.9464285714286,-22.5,-22.5,-22.5,-22.5,NA,-135,-135,-157.5
2010,187,-22.5,-22.5,-22.5,-22.5,-22.5,-22.5,-22.5,-22.5,-22.5,-26.432664756447,-32.9464285714286,-22.5,-22.5,-22.5,-22.5,NA,-135,-135,-157.5
2010,188,-22.5,-22.5,-22.5,-22.5,-22.5,-22.5,-22.5,-22.5,-22.5,-26.432664756447,-32.9464285714286,-22.5,-22.5,-22.5,-22.5,NA,-135,-135,-157.5
2010,189,-22.5,-22.5,-22.5,-22.5,-22.5,-22.5,-22.5,-22.5,-22.5,-26.432664756447,-32.9464285714286,-22.5,-22.5,-22.5,-22.5,NA,-135,-135,-157.5
2010,190,-22.5,-22.5,-22.5,-22.5,-22.5,-22.5,-22.5,-22.5,-22.5,-26.432664756447,-32.9464285714286,-22.5,-22.5,-22.5,-22.5,NA,-135,-135,-157.5
2010,191,-22.5,-22.5,-22.5,-22.5,-22.5,-22.5,-22.5,-22.5,-22.5,-26.432664756447,-32.9464285714286,-22.5,-22.5,-22.5,-22.5,NA,-135,-135,-157.5
2010,192,-22.5,-22.5,-22.5,-22.5,-22.5,-22.5,-22.5,-22.5,-22.5,-26.432664756447,-32.9464285714286,-22.5,-22.5,-22.5,-22.5,NA,-135,-135,-157.5
2010,193,-22.5,-22.5,-22.5,-22.5,-22.5,-22.5,-22.5,-22.5,-22.5,-26.432664756447,-32.9464285714286,-22.5,-22.5,-22.5,-22.5,NA,-135,-135,-157.5
2010,194,-22.5,-22.5,-22.5,-22.5,-22.5,-22.5,-22.5,-22.5,-22.5,-26.432664756447,-32.9464285714286,-22.5,-22.5,-22.5,-22.5,NA,-135,-135,-157.5
2010,195,-22.5,-22.5,-22.5,-22.5,-22.5,-22.5,-22.5,-22.5,-22.5,-26.432664756447,-32.9464285714286,-22.5,-22.5,-22.5,-22.5,NA,-135,-135,-157.5
2010,196,-22.5,-22.5,-22.5,-22.5,-22.5,-22.5,-22.5,-22.5,-22.5,-26.432664756447,-32.9464285714286,-22.5,-22.5,-22.5,-22.5,NA,-135,-135,-157.5
2010,197,-22.5,-22.5,-22.5,-22.5,-22.5,-22.5,-22.5,-22.5,-22.5,-26.432664756447,-32.9464285714286,-22.5,-22.5,-22.5,-22.5,NA,-135,-135,-157.5
2010,198,-22.5,-22.5,-22.5,-22.5,-22.5,-22.5,-22.5,-22.5,-22.5,-26.432664756447,-32.9464285714286,-22.5,-22.5,-22.5,-22.5,NA,-135,-135,-157.5
2010,199,-22.5,-22.5,-22.5,-22.5,-22.5,-22.5,-22.5,-22.5,-22.5,-26.432664756447,-32.9464285714286,-22.5,-22.5,-22.5,-22.5,NA,-135,-135,-157.5
2010,200,-22.5,-22.5,-22.5,-22.5,-22.5,-22.5,-22.5,-22.5,-22.5,-26.432664756447,-32.9464285714286,-22.5,-22.5,-22.5,-22.5,NA,-135,-135,-157.5
2010,201,-22.5,-22.5,-22.5,-22.5,-22.5,-22.5,-22.5,-22.5,-22.5,-26.432664756447,-32.9464285714286,-22.5,-22.5,-22.5,-22.5,NA,-135,-135,-157.5
2010,202,-22.5,-22.5,-22.5,-22.5,-22.5,-22.5,-22.5,-22.5,-22.5,-26.432664756447,-32.9464285714286,-22.5,-22.5,-22.5,-22.5,NA,-135,-135,-157.5
2010,203,-22.5,-22.5,-22.5,-22.5,-22.5,-22.5,-22.5,-22.5,-22.5,-26.432664756447,-32.9464285714286,-22.5,-22.5,-22.5,-22.5,NA,-135,-135,-157.5
2010,204,-22.5,-22.5,-22.5,-22.5,-22.5,-22.5,-22.5,-22.5,-22.5,-26.432664756447,-32.9464285714286,-22.5,-22.5,-22.5,-22.5,NA,-135,-135,-157.5
2010,205,-22.5,-22.5,-22.5,-22.5,-22.5,-22.5,-22.5,-22.5,-22.5,-26.432664756447,-32.9464285714286,-22.5,-22.5,-22.5,-22.5,NA,-135,-135,-157.5
2010,206,-22.5,-22.5,-22.5,-22.5,-22.5,-22.5,-22.5,-22.5,-22.5,-26.432664756447,-32.9464285714286,-22.5,-22.5,-22.5,-22.5,NA,-135,-135,-157.5
2010,207,-22.5,-22.5,-22.5,-22.5,-22.5,-22.5,-22.5,-22.5,-22.5,-26.432664756447,-32.9464285714286,-22.5,-22.5,-22.5,-22.5,NA,-135,-135,-157.5
2010,208,-22.5,-22.5,-22.5,-22.5,-22.5,-22.5,-22.5,-22.5,-22.5,-26.432664756447,-32.9464285714286,-22.5,-22.5,-22.5,-22.5,NA,-135,-135,-157.5
2010,209,-22.5,-22.5,-22.5,-22.5,-22.5,-22.5,-22.5,-22.5,-22.5,-26.432664756447,-32.9464285714286,-22.5,-22.5,-22.5,-22.5,NA,-135,-135,-157.5
2010,210,-22.5,-22.5,-22.5,-22.5,4.4,2,-22.5,-22.5,0.9,-1.52722063037249,-32.9464285714286,-22.5,-22.5,-22.5,-22.5,NA,-83.6,-83.6,-106.1
2011,1,8.6,5.8,5.8,8.2,7.6,-6.6,6.3,8.9,15.7421203438395,5.85714285714286,10.1,19.5,9.9,3.8,NA,NA,29.4,29.4,35.7
2011,2,11.5,2.4,16.2,13.5,6,4.2,16,11.6,7.98853868194842,12.8857142857143,11.9,-22.5,-22.5,-22.5,NA,NA,53.8,53.8,69.8
2011,3,-22.5,3.1,6.4,12.1,14.3,4.5,8.5,14.1,15.7421203438395,16.4,14.8,7.7,1.2,10.1,NA,NA,17.9,17.9,26.4
2011,4,4.5,2.5,-0.2,3.5,8.5,7.3,1.1,-6.8,0.70487106017192,6.73571428571428,-1.8,3.4,-4.3,5.6,NA,NA,26.1,26.1,27.2
2011,5,-22.5,-22.5,4.3,16.6,-1.3,-2.7,-2.7,-0.8,7.87106017191977,12.7392857142857,9.6,-15.1,-4.5,-3.5,NA,NA,-28.1,-28.1,-30.8
2011,6,-1.6,9.4,2.9,6.1,6.5,11.8,10.5,7.1,9.98567335243553,6.29642857142857,17.5,10.7,12.2,1.4,NA,NA,35.1,35.1,45.6
2011,7,-0.4,-22.5,11.9,18.2,16.1,20.5,13,9,14.6848137535817,10.6892857142857,8.3,11.5,6.9,15.7,NA,NA,43.8,43.8,56.8
2011,8,6.8,2.8,4.2,10.3,13.8,9.7,24.6,21.5,17.1518624641834,15.375,2.3,-22.5,8.7,9.5,NA,NA,47.6,47.6,72.2
2011,9,-22.5,-0.9,4.3,6.1,1.1,8.2,8.5,4.5,15.5071633237822,11.1285714285714,3.6,14.4,2.8,10.4,NA,NA,-3.7,-3.7,4.8
2011,10,-22.5,6.2,2.5,12.3,-3.1,10.6,12.7,5,13.8624641833811,7.46785714285714,5.9,7.4,11.1,8.3,NA,NA,6,6,18.7
2011,11,-22.5,-22.5,-22.5,-22.5,-22.5,-22.5,-0.1,-22.5,-26.432664756447,-32.9464285714286,-22.5,-22.5,-22.5,-22.5,NA,NA,-135,-135,-135.1
2011,12,-22.5,-1.6,-8.2,-0.3,2.7,-4,-1.6,-22.5,-26.432664756447,-32.9464285714286,-22.5,-22.5,-22.5,-22.5,NA,NA,-33.9,-33.9,-35.5
2011,13,0.7,1.5,3.6,0.1,6,6.4,7.1,-0.4,-0.587392550143267,-32.9464285714286,-22.5,-22.5,-22.5,-22.5,NA,NA,18.3,18.3,25.4
2011,14,-22.5,-3.5,-1.6,2.1,0,0.6,2,6.9,2.93696275071633,1.025,9.9,2.8,4.8,-1.3,NA,NA,-24.9,-24.9,-22.9
2011,15,-22.5,-1.3,-1.5,6.9,5.6,0.9,8.5,12.9,12.6876790830946,4.83214285714286,16.4,-0.6,12.9,7.5,NA,NA,-11.9,-11.9,-3.4
2011,16,-22.5,-22.5,-22.5,-22.5,1.8,-1.7,8.8,2.5,7.51862464183381,6.73571428571428,-2.6,-8.9,9.7,-2.1,NA,NA,-89.9,-89.9,-81.1
2011,17,-22.5,3,2.5,0.2,2.8,11.5,-0.6,6.4,5.16905444126075,-7.175,-4.1,-4,-22.5,-22.5,NA,NA,-2.5,-2.5,-3.1
2011,18,-22.5,-22.5,-22.5,-22.5,-22.5,-22.5,-22.5,-22.5,-26.432664756447,-32.9464285714286,-22.5,-22.5,-22.5,-22.5,NA,NA,-135,-135,-157.5
2011,19,-22.5,-22.5,0.8,-1.3,5.3,14,5.3,-0.7,9.63323782234957,-32.9464285714286,-22.5,-22.5,-22.5,-22.5,NA,NA,-26.2,-26.2,-20.9
2011,20,-22.5,-22.5,6.7,0.9,6.8,5.8,2.9,2.2,4.93409742120344,11.1285714285714,3.2,4.5,0,3.5,NA,NA,-24.8,-24.8,-21.9
2011,21,-22.5,-22.5,-22.5,-22.5,-22.5,4.2,8,-5.6,-1.29226361031519,-0.439285714285714,-22.5,9.9,11.5,6.5,NA,NA,-108.3,-108.3,-100.3
2011,22,-22.5,-22.5,-22.5,-22.5,-22.5,-22.5,-22.5,-22.5,-26.432664756447,-32.9464285714286,-22.5,-22.5,-22.5,-22.5,NA,NA,-135,-135,-157.5
2011,23,-22.5,-22.5,-22.5,0.2,2.4,-2.5,-4.6,1.6,-26.432664756447,-32.9464285714286,-22.5,-22.5,-22.5,-22.5,NA,NA,-67.4,-67.4,-72
2011,24,-22.5,-22.5,-22.5,2.5,-4.7,-0.2,-22.5,-1.6,-26.432664756447,-32.9464285714286,-22.5,-22.5,-22.5,-22.5,NA,NA,-69.9,-69.9,-92.4
2011,25,-22.5,-22.5,-22.5,0.7,-22.5,-22.5,-22.5,-22.5,-26.432664756447,-32.9464285714286,-22.5,-22.5,-22.5,-22.5,NA,NA,-111.8,-111.8,-134.3
2011,26,-22.5,-22.5,-22.5,-22.5,-3.6,6.3,2.2,10.3,12.4527220630372,6.88214285714286,5.3,3.6,9.3,8.2,NA,NA,-87.3,-87.3,-85.1
2011,27,-22.5,-22.5,-22.5,-0.2,10.7,6.8,5.3,-0.5,0,-2.48928571428571,5.5,4.3,13.5,5.2,NA,NA,-50.2,-50.2,-44.9
2011,28,-22.5,-22.5,-22.5,-22.5,-22.5,-22.5,-22.5,-22.5,-26.432664756447,-32.9464285714286,-22.5,-22.5,-22.5,-22.5,NA,NA,-135,-135,-157.5
2011,29,-22.5,-22.5,1.5,-22.5,-22.5,-1.1,-22.5,-22.5,-26.432664756447,-32.9464285714286,-22.5,-22.5,-22.5,-22.5,NA,NA,-89.6,-89.6,-112.1
2011,30,-22.5,-22.5,0.3,5.2,16,13.3,12.5,5.5,6.22636103151862,-0.292857142857143,13.3,10,10.4,15.2,NA,NA,-10.2,-10.2,2.3
2011,31,-22.5,-22.5,-22.5,-1.1,-22.5,-22.5,-22.5,-22.5,-26.432664756447,-32.9464285714286,-22.5,-22.5,-22.5,-22.5,NA,NA,-113.6,-113.6,-136.1
2011,32,-22.5,-22.5,-22.5,0.1,3.2,-0.8,2.6,0.7,-26.432664756447,-32.9464285714286,-22.5,-22.5,-22.5,-22.5,NA,NA,-65,-65,-62.4
2011,33,-22.5,-22.5,-22.5,-0.8,0.4,-22.5,1.4,0.7,6.46131805157593,-1.75714285714286,-0.1,-22.5,-22.5,-22.5,NA,NA,-90.4,-90.4,-89
2011,34,-22.5,-22.5,-0.9,-22.5,-0.9,5.7,-1.4,3,-3.17191977077364,3.80714285714286,1.9,-1.8,-1.3,5.5,NA,NA,-63.6,-63.6,-65
2011,35,-22.5,-22.5,0.5,3.4,-0.2,-4,1.7,-22.5,1.29226361031519,0,-22.5,-22.5,-22.5,-22.5,NA,NA,-45.3,-45.3,-43.6
2011,36,-22.5,-22.5,-22.5,0.6,2.9,1.3,-1.3,-22.5,-26.432664756447,-32.9464285714286,-22.5,-22.5,-22.5,-22.5,NA,NA,-62.7,-62.7,-64
2011,37,-22.5,-22.5,7.5,5.7,-2.4,1.7,2.7,3.9,-1.40974212034384,2.19642857142857,-0.5,1.6,-0.2,3.8,NA,NA,-32.5,-32.5,-29.8
2011,38,-22.5,-22.5,0,-22.5,0,0.3,-22.5,-22.5,-26.432664756447,-32.9464285714286,0,-4,1,-22.5,NA,NA,-67.2,-67.2,-89.7
2011,39,-22.5,-22.5,3.8,1.6,11.8,21.8,39.2,35.5,7.98853868194842,15.0821428571429,9,1.4,-2.9,12.4,NA,NA,-6,-6,33.2
2011,40,-22.5,-22.5,-22.5,-22.5,-0.7,-22.5,-22.5,-22.5,-26.432664756447,-32.9464285714286,-22.5,-22.5,-22.5,-22.5,NA,NA,-113.2,-113.2,-135.7
2011,41,-22.5,-22.5,-2,8.5,4.3,3.8,8.4,-0.5,-26.432664756447,-32.9464285714286,-0.9,-22.5,-22.5,-22.5,NA,NA,-30.4,-30.4,-22
2011,42,-22.5,-22.5,-22.5,6.4,7.4,2.3,3.8,-5.8,3.17191977077364,12.3,3.4,-22.5,-22.5,-22.5,NA,NA,-51.4,-51.4,-47.6
2011,43,-22.5,6,15.5,11.2,11.2,15,4.5,0.5,1.64469914040115,8.63928571428571,7,2.2,5.6,6.1,NA,NA,36.4,36.4,40.9
2011,44,-22.5,-22.5,-22.5,-0.9,0.1,5.5,1.5,-9,-1.99713467048711,-5.71071428571429,0.3,1.9,-22.5,-22.5,NA,NA,-62.8,-62.8,-61.3
2011,45,-22.5,-22.5,1.4,2.9,0.2,6.8,-6.4,0.1,-2.23209169054441,-32.9464285714286,-22.5,-22.5,-22.5,-22.5,NA,NA,-33.7,-33.7,-40.1
2011,46,-22.5,-22.5,-22.5,-22.5,-0.3,-4.9,0.2,-1,-3.99426934097421,16.2535714285714,-1.9,-5.7,0.7,2.7,NA,NA,-95.2,-95.2,-95
2011,47,-22.5,-22.5,1,2.1,-3.6,-2.8,7.3,4.6,1.05730659025788,-3.36785714285714,4.3,7.3,0.8,-0.1,NA,NA,-48.3,-48.3,-41
2011,48,-22.5,-22.5,-1,5.2,-1.1,1.7,0,-0.6,1.52722063037249,-2.34285714285714,-22.5,-22.5,-22.5,-22.5,NA,NA,-40.2,-40.2,-40.2
2011,49,-22.5,-22.5,-22.5,-22.5,-3.8,-22.5,1.1,0.1,-26.432664756447,-1.025,-22.5,-22.5,-22.5,-22.5,NA,NA,-116.3,-116.3,-115.2
2011,50,-22.5,-22.5,-0.2,-22.5,-22.5,-22.5,-22.5,-22.5,-26.432664756447,-32.9464285714286,-22.5,-22.5,-22.5,-22.5,NA,NA,-112.7,-112.7,-135.2
2011,51,-22.5,-22.5,-22.5,-22.5,-22.5,-22.5,-22.5,-22.5,-26.432664756447,-32.9464285714286,-22.5,-22.5,-22.5,-22.5,NA,NA,-135,-135,-157.5
2011,52,-22.5,-22.5,-22.5,-22.5,2.7,-0.6,0.3,1,0.939828080229226,-32.9464285714286,-22.5,-22.5,-22.5,-22.5,NA,NA,-87.9,-87.9,-87.6
2011,53,-22.5,-22.5,-22.5,2.1,2.4,3.9,18.5,9.4,9.28080229226361,4.68571428571429,2.9,5.3,18.1,3.5,NA,NA,-59.1,-59.1,-40.6
2011,54,-22.5,-22.5,-22.5,-2.1,-0.1,2.8,-0.2,-0.3,-6.34383954154728,2.19642857142857,-1.5,5.6,-22.5,-22.5,NA,NA,-66.9,-66.9,-67.1
2011,55,-22.5,-22.5,-22.5,-22.5,-22.5,-3.2,0.3,-22.5,-26.432664756447,-32.9464285714286,-22.5,-22.5,-22.5,-22.5,NA,NA,-115.7,-115.7,-115.4
2011,56,-22.5,-22.5,-22.5,0.7,1.4,-22.5,-22.5,-22.5,-26.432664756447,-32.9464285714286,-22.5,-22.5,-22.5,-22.5,NA,NA,-87.9,-87.9,-110.4
2011,57,-22.5,-22.5,-2.3,-22.5,1.4,-22.5,-22.5,-22.5,-26.432664756447,-32.9464285714286,-22.5,-22.5,-22.5,-22.5,NA,NA,-90.9,-90.9,-113.4
2011,58,-22.5,-22.5,3,17.9,13.2,15.8,17,18,16.5644699140401,-32.9464285714286,12.9,16.1,24.7,23.1,NA,NA,4.9,4.9,21.9
2011,59,-22.5,-22.5,-22.5,-22.5,-22.5,-22.5,-22.5,-22.5,-26.432664756447,-32.9464285714286,-22.5,-22.5,-22.5,-22.5,NA,NA,-135,-135,-157.5
2011,60,-22.5,-22.5,-22.5,-22.5,-22.5,-22.5,-22.5,-22.5,-26.432664756447,-32.9464285714286,-22.5,-22.5,-22.5,-22.5,NA,NA,-135,-135,-157.5
2011,61,-22.5,-22.5,-22.5,-22.5,6.8,1.7,-2.4,-22.5,-26.432664756447,-32.9464285714286,-22.5,-22.5,-22.5,-22.5,NA,NA,-81.5,-81.5,-83.9
2011,62,-22.5,-22.5,-22.5,-22.5,-22.5,-22.5,-22.5,-22.5,-26.432664756447,-32.9464285714286,-22.5,-22.5,-22.5,-22.5,NA,NA,-135,-135,-157.5
2011,63,-22.5,-22.5,-22.5,-22.5,-4.4,-22.5,-22.5,-22.5,-26.432664756447,-32.9464285714286,-22.5,-22.5,-22.5,-22.5,NA,NA,-116.9,-116.9,-139.4
2011,64,-22.5,-22.5,-1.5,8.7,11.8,15.5,-0.2,1.2,10.3381088825215,6.29642857142857,6.6,6.3,16.7,5.8,NA,NA,-10.5,-10.5,-10.7
2011,65,-22.5,-22.5,-22.5,-22.5,-22.5,-0.7,-22.5,-22.5,-26.432664756447,-32.9464285714286,-22.5,-22.5,-22.5,-22.5,NA,NA,-113.2,-113.2,-135.7
2011,66,-22.5,-22.5,-22.5,-22.5,-22.5,-22.5,-22.5,-22.5,-1.17478510028653,-32.9464285714286,-22.5,-22.5,-22.5,-0.8,NA,NA,-135,-135,-157.5
2011,67,-22.5,-22.5,-22.5,2.7,-3,3.3,9.7,3.5,-0.70487106017192,7.61428571428571,-3.7,0.2,5.8,3.2,NA,NA,-64.5,-64.5,-54.8
2011,68,-22.5,-22.5,-22.5,0.6,6,-0.4,7.5,7.2,12.4527220630372,7.32142857142857,2.3,0.4,-5.1,3.9,NA,NA,-61.3,-61.3,-53.8
2011,69,-22.5,-22.5,-22.5,-22.5,-22.5,-22.5,-22.5,-22.5,-26.432664756447,-32.9464285714286,-22.5,-22.5,-22.5,-22.5,NA,NA,-135,-135,-157.5
2011,70,-22.5,-22.5,-22.5,-22.5,-22.5,-22.5,-22.5,-22.5,-26.432664756447,-32.9464285714286,-22.5,-22.5,-22.5,-22.5,NA,NA,-135,-135,-157.5
2011,71,-22.5,-22.5,-22.5,-22.5,-22.5,-22.5,-22.5,-22.5,-26.432664756447,-32.9464285714286,-22.5,-22.5,-22.5,-22.5,NA,NA,-135,-135,-157.5
2011,72,-22.5,-22.5,-22.5,-22.5,-22.5,-22.5,-22.5,-0.8,-26.432664756447,1.17142857142857,-22.5,-22.5,-22.5,-22.5,NA,NA,-135,-135,-157.5
2011,73,-22.5,-22.5,-22.5,-22.5,-22.5,-22.5,-22.5,-22.5,-26.432664756447,-32.9464285714286,-22.5,-22.5,-22.5,-22.5,NA,NA,-135,-135,-157.5
2011,74,-22.5,-22.5,-22.5,-22.5,-22.5,-22.5,-22.5,-22.5,-26.432664756447,-32.9464285714286,-22.5,-22.5,-22.5,-22.5,NA,NA,-135,-135,-157.5
2011,75,-22.5,-22.5,-22.5,-22.5,-22.5,-2.9,10.8,5.3,12.8051575931232,8.05357142857143,2.4,1.2,6.2,-0.2,NA,NA,-115.4,-115.4,-104.6
2011,76,-22.5,-22.5,-22.5,-22.5,-0.2,-2.2,-1.9,-22.5,0.117478510028653,-32.9464285714286,0.8,-22.5,-22.5,-22.5,NA,NA,-92.4,-92.4,-94.3
2011,77,-22.5,-22.5,-22.5,-22.5,-0.2,-22.5,-22.5,-22.5,-26.432664756447,-32.9464285714286,-22.5,-22.5,-22.5,-22.5,NA,NA,-112.7,-112.7,-135.2
2011,78,-22.5,-22.5,-22.5,-22.5,-22.5,-22.5,-22.5,-22.5,-26.432664756447,-32.9464285714286,-22.5,-22.5,-22.5,-22.5,NA,NA,-135,-135,-157.5
2011,79,-22.5,-22.5,-22.5,-1.4,-1.3,-9.4,-2.2,-22.5,-26.432664756447,-32.9464285714286,-22.5,-22.5,-22.5,-22.5,NA,NA,-79.6,-79.6,-81.8
2011,80,-22.5,-22.5,-22.5,-3.2,-0.8,-3.5,-1.7,-22.5,-2.23209169054441,-2.63571428571429,-1.1,-22.5,-22.5,-22.5,NA,NA,-75,-75,-76.7
2011,81,-22.5,-22.5,-22.5,-22.5,-22.5,-22.5,-22.5,-22.5,-26.432664756447,-32.9464285714286,-22.5,-22.5,-22.5,-22.5,NA,NA,-135,-135,-157.5
2011,82,-22.5,-22.5,-22.5,3,-0.3,4.1,1.5,-22.5,-5.2865329512894,-32.9464285714286,-22.5,-22.5,-22.5,-22.5,NA,NA,-60.7,-60.7,-59.2
2011,83,-22.5,-22.5,-22.5,-22.5,-22.5,-22.5,-0.8,-3.1,-26.432664756447,2.05,-22.5,-22.5,-22.5,-22.5,NA,NA,-135,-135,-135.8
2011,84,-22.5,-22.5,-22.5,-22.5,-22.5,-22.5,-22.5,-22.5,-26.432664756447,-32.9464285714286,-22.5,-22.5,-22.5,-22.5,NA,NA,-135,-135,-157.5
2011,85,-22.5,-22.5,-22.5,-22.5,-22.5,-22.5,-22.5,-22.5,-26.432664756447,-32.9464285714286,-22.5,-22.5,-22.5,-22.5,NA,NA,-135,-135,-157.5
2011,86,-22.5,-22.5,0.5,0.4,0.3,4.2,0,6.8,5.2865329512894,0.732142857142857,2,7.6,-22.5,-22.5,NA,NA,-39.6,-39.6,-39.6
2011,87,-22.5,-22.5,-22.5,-22.5,-22.5,-22.5,-22.5,-22.5,-26.432664756447,-32.9464285714286,-22.5,-22.5,-22.5,-22.5,NA,NA,-135,-135,-157.5
2011,88,-22.5,-22.5,-22.5,-22.5,0,-22.5,-22.5,20.8,17.974212034384,23.2821428571429,-1.2,2.8,25.7,17.8,NA,NA,-112.5,-112.5,-135
2011,89,-22.5,-22.5,-22.5,-22.5,-22.5,-22.5,-22.5,-22.5,-26.432664756447,-32.9464285714286,-22.5,-22.5,-22.5,-22.5,NA,NA,-135,-135,-157.5
2011,90,-22.5,-22.5,-22.5,-22.5,-1.3,-22.5,-22.5,-22.5,-26.432664756447,-32.9464285714286,-22.5,-22.5,-22.5,-22.5,NA,NA,-113.8,-113.8,-136.3
2011,91,-22.5,-22.5,-22.5,-22.5,-0.3,-0.6,-22.5,-22.5,-26.432664756447,1.025,-22.5,-22.5,-22.5,-22.5,NA,NA,-90.9,-90.9,-113.4
2011,92,-22.5,-22.5,-22.5,-22.5,-22.5,-22.5,-22.5,-22.5,-26.432664756447,-32.9464285714286,-22.5,-22.5,-22.5,-22.5,NA,NA,-135,-135,-157.5
2011,93,-22.5,-22.5,-22.5,-22.5,-22.5,-22.5,-22.5,-22.5,-26.432664756447,-32.9464285714286,-22.5,-22.5,-22.5,-22.5,NA,NA,-135,-135,-157.5
2011,94,-22.5,-22.5,-22.5,-22.5,-22.5,-22.5,-22.5,-22.5,-26.432664756447,-32.9464285714286,-22.5,-22.5,-22.5,-22.5,NA,NA,-135,-135,-157.5
2011,95,-22.5,-22.5,-22.5,-22.5,-22.5,0.8,-22.5,-22.5,-26.432664756447,-32.9464285714286,-22.5,-22.5,-22.5,-22.5,NA,NA,-111.7,-111.7,-134.2
2011,96,-22.5,1.6,-0.6,5.6,6.6,6.1,2,-4.6,7.2836676217765,3.22142857142857,4.8,1.7,1.1,2.6,NA,NA,-3.2,-3.2,-1.2
2011,97,-22.5,-22.5,-22.5,-22.5,-22.5,-22.5,-22.5,-22.5,-26.432664756447,-32.9464285714286,-22.5,-22.5,-22.5,-22.5,NA,NA,-135,-135,-157.5
2011,98,-22.5,-22.5,-22.5,-22.5,-2.8,1,-3.2,0.2,4.58166189111748,13.1785714285714,2.3,-0.2,6,-2.3,NA,NA,-91.8,-91.8,-95
2011,99,-22.5,-22.5,1.4,0.1,2.8,-3.2,-0.5,-22.5,-26.432664756447,-32.9464285714286,-22.5,-22.5,-22.5,-22.5,NA,NA,-43.9,-43.9,-44.4
2011,100,-22.5,-22.5,-22.5,-22.5,-22.5,-22.5,-22.5,-22.5,-26.432664756447,-32.9464285714286,-22.5,-22.5,-22.5,-22.5,NA,NA,-135,-135,-157.5
2011,101,-22.5,-22.5,-22.5,-22.5,-22.5,0.5,-22.5,-22.5,-26.432664756447,-32.9464285714286,-22.5,-22.5,-22.5,1,NA,NA,-112,-112,-134.5
2011,102,-22.5,-22.5,-22.5,-22.5,-22.5,-22.5,-22.5,-22.5,-26.432664756447,-32.9464285714286,-22.5,-22.5,-22.5,-22.5,NA,NA,-135,-135,-157.5
2011,103,-22.5,-22.5,-22.5,-22.5,-22.5,-22.5,-22.5,-22.5,-26.432664756447,-32.9464285714286,4.7,-22.5,-22.5,-22.5,NA,NA,-135,-135,-157.5
2011,104,-22.5,-22.5,-22.5,17.9,14.2,13,17.1,17.3,3.5243553008596,16.5464285714286,31.3,9.2,7.7,-22.5,NA,NA,-22.4,-22.4,-5.3
2011,105,-22.5,-22.5,-22.5,-22.5,-22.5,-22.5,-22.5,-22.5,-26.432664756447,-32.9464285714286,-22.5,-22.5,-22.5,-22.5,NA,NA,-135,-135,-157.5
2011,106,-22.5,-22.5,-22.5,-22.5,-22.5,-22.5,-22.5,-22.5,-26.432664756447,-32.9464285714286,-22.5,-22.5,-22.5,-22.5,NA,NA,-135,-135,-157.5
2011,107,-22.5,-22.5,-22.5,-22.5,-22.5,-22.5,-22.5,-22.5,-26.432664756447,-32.9464285714286,-22.5,-22.5,-22.5,-22.5,NA,NA,-135,-135,-157.5
2011,108,-22.5,-22.5,-22.5,-22.5,-22.5,-22.5,-22.5,-22.5,-26.432664756447,-32.9464285714286,-22.5,-22.5,-22.5,-22.5,NA,NA,-135,-135,-157.5
2011,109,-22.5,-22.5,-22.5,-22.5,-22.5,-22.5,-22.5,-22.5,-26.432664756447,-32.9464285714286,-22.5,-22.5,-22.5,-22.5,NA,NA,-135,-135,-157.5
2011,110,-22.5,-22.5,-22.5,-22.5,0.1,-22.5,-22.5,-22.5,-26.432664756447,-32.9464285714286,-22.5,-22.5,-22.5,-22.5,NA,NA,-112.4,-112.4,-134.9
2011,111,-22.5,-22.5,-22.5,-22.5,-22.5,-22.5,-22.5,-22.5,-26.432664756447,-32.9464285714286,-22.5,-22.5,-22.5,-22.5,NA,NA,-135,-135,-157.5
2011,112,-22.5,-22.5,-22.5,-22.5,-22.5,-22.5,-22.5,-22.5,-26.432664756447,-32.9464285714286,-22.5,-22.5,-22.5,-22.5,NA,NA,-135,-135,-157.5
2011,113,-22.5,-22.5,-22.5,-22.5,-22.5,-22.5,-22.5,-22.5,-26.432664756447,-32.9464285714286,-22.5,-22.5,-22.5,-22.5,NA,NA,-135,-135,-157.5
2011,114,-22.5,-22.5,-22.5,1.1,5.6,-2.2,4.6,-6.9,-3.17191977077364,-1.17142857142857,-22.5,-22.5,-22.5,-22.5,NA,NA,-63,-63,-58.4
2011,115,-22.5,-22.5,-22.5,-22.5,-22.5,-22.5,-22.5,-22.5,-26.432664756447,-32.9464285714286,-22.5,-22.5,-22.5,-22.5,NA,NA,-135,-135,-157.5
2011,116,-22.5,-22.5,-22.5,-22.5,-22.5,-22.5,-22.5,-22.5,-26.432664756447,-32.9464285714286,-22.5,-22.5,-22.5,-22.5,NA,NA,-135,-135,-157.5
2011,117,-22.5,-22.5,-22.5,-22.5,-22.5,-22.5,-22.5,-22.5,-26.432664756447,-32.9464285714286,-22.5,-22.5,-22.5,-22.5,NA,NA,-135,-135,-157.5
2011,118,-22.5,-22.5,-22.5,-22.5,-22.5,-22.5,-22.5,-22.5,-26.432664756447,-32.9464285714286,-22.5,-22.5,-22.5,-22.5,NA,NA,-135,-135,-157.5
2011,119,-22.5,-22.5,-22.5,-22.5,-22.5,-22.5,-22.5,-22.5,-26.432664756447,-32.9464285714286,-22.5,-22.5,-22.5,-22.5,NA,NA,-135,-135,-157.5
2011,120,-22.5,-22.5,-22.5,-22.5,-22.5,-22.5,-22.5,-22.5,-26.432664756447,-32.9464285714286,-22.5,-22.5,-22.5,-22.5,NA,NA,-135,-135,-157.5
2011,121,-22.5,-22.5,-22.5,0,-22.5,-22.5,-22.5,-22.5,-26.432664756447,-32.9464285714286,-22.5,-22.5,-22.5,-22.5,NA,NA,-112.5,-112.5,-135
2011,122,-22.5,-22.5,-22.5,-22.5,-22.5,-22.5,-22.5,-22.5,-26.432664756447,-32.9464285714286,-22.5,-22.5,-22.5,-22.5,NA,NA,-135,-135,-157.5
2011,123,-22.5,-22.5,-22.5,-22.5,-22.5,-22.5,-22.5,-22.5,-26.432664756447,-32.9464285714286,-22.5,-22.5,-22.5,-22.5,NA,NA,-135,-135,-157.5
2011,124,-22.5,-22.5,-22.5,-22.5,-22.5,-22.5,-22.5,-22.5,-26.432664756447,-32.9464285714286,-22.5,-22.5,-22.5,-22.5,NA,NA,-135,-135,-157.5
2011,125,-22.5,-22.5,-0.4,-22.5,-22.5,-22.5,-22.5,-22.5,-26.432664756447,-32.9464285714286,-22.5,-22.5,-22.5,-22.5,NA,NA,-112.9,-112.9,-135.4
2011,126,-22.5,-22.5,-22.5,-22.5,-1.6,1.7,2.2,4,2.11461318051576,0.146428571428571,-1.8,-22.5,-22.5,-22.5,NA,NA,-89.9,-89.9,-87.7
2011,127,-22.5,-22.5,-22.5,-22.5,-22.5,-22.5,-22.5,-22.5,-26.432664756447,-32.9464285714286,-22.5,-22.5,-22.5,-22.5,NA,NA,-135,-135,-157.5
2011,128,-22.5,-22.5,-22.5,-22.5,-22.5,-22.5,-22.5,-22.5,-26.432664756447,-32.9464285714286,-22.5,-22.5,-22.5,-22.5,NA,NA,-135,-135,-157.5
2011,129,-22.5,-22.5,-22.5,-22.5,-0.4,0.3,-22.5,-1.8,-26.432664756447,-32.9464285714286,-22.5,-22.5,-22.5,-22.5,NA,NA,-90.1,-90.1,-112.6
2011,130,-22.5,-22.5,-22.5,-22.5,-22.5,-22.5,-22.5,-22.5,-26.432664756447,-32.9464285714286,-22.5,-22.5,-22.5,-22.5,NA,NA,-135,-135,-157.5
2011,131,-22.5,-22.5,-22.5,-22.5,-22.5,-22.5,4.4,1.9,-3.87679083094556,-32.9464285714286,-1.4,11.8,10.7,8.3,NA,NA,-135,-135,-130.6
2011,132,-22.5,-22.5,-22.5,-22.5,-22.5,-22.5,-22.5,-22.5,-26.432664756447,-32.9464285714286,-22.5,-22.5,-22.5,-22.5,NA,NA,-135,-135,-157.5
2011,133,-22.5,-22.5,-22.5,-22.5,-22.5,-0.2,-1.7,-1.9,-0.117478510028653,0.878571428571428,1.3,-2,1,2.1,NA,NA,-112.7,-112.7,-114.4
2011,134,-22.5,-22.5,-22.5,-22.5,-22.5,-22.5,-22.5,-22.5,-26.432664756447,-32.9464285714286,-22.5,-22.5,-22.5,-22.5,NA,NA,-135,-135,-157.5
2011,135,-22.5,-22.5,-22.5,-22.5,-22.5,-22.5,-22.5,-22.5,-26.432664756447,-32.9464285714286,-22.5,-22.5,-22.5,-22.5,NA,NA,-135,-135,-157.5
2011,136,-22.5,-22.5,-22.5,-22.5,-22.5,-22.5,-22.5,-22.5,-26.432664756447,-32.9464285714286,-22.5,-22.5,-22.5,-22.5,NA,NA,-135,-135,-157.5
2011,137,-22.5,-22.5,-22.5,-22.5,-22.5,-22.5,-22.5,-22.5,-26.432664756447,-32.9464285714286,-22.5,-22.5,-22.5,-22.5,NA,NA,-135,-135,-157.5
2011,138,-22.5,-22.5,-22.5,-22.5,1.4,-22.5,-22.5,-22.5,-26.432664756447,-32.9464285714286,-22.5,-22.5,-22.5,-22.5,NA,NA,-111.1,-111.1,-133.6
2011,139,8.4,-1.1,13.5,-0.7,5.3,6.8,1.4,12.3,-4.22922636103152,0.585714285714286,-22.5,-22.5,-22.5,-22.5,NA,NA,32.2,32.2,33.6
2011,140,-22.5,-22.5,-22.5,-22.5,-22.5,-22.5,-22.5,-22.5,-26.432664756447,-32.9464285714286,-22.5,-22.5,-22.5,-22.5,NA,NA,-135,-135,-157.5
2011,141,-22.5,-22.5,-22.5,-22.5,-22.5,-22.5,-22.5,-22.5,-26.432664756447,-32.9464285714286,-22.5,-22.5,-22.5,-22.5,NA,NA,-135,-135,-157.5
2011,142,-22.5,-22.5,-22.5,-22.5,-22.5,-22.5,-22.5,-22.5,-26.432664756447,-32.9464285714286,-22.5,-22.5,-22.5,-22.5,NA,NA,-135,-135,-157.5
2011,143,-22.5,-22.5,-22.5,-22.5,-22.5,-22.5,-22.5,-22.5,-26.432664756447,-32.9464285714286,-22.5,-22.5,-22.5,-22.5,NA,NA,-135,-135,-157.5
2011,144,-22.5,-22.5,-22.5,-22.5,-22.5,-22.5,-22.5,-22.5,-26.432664756447,-32.9464285714286,-22.5,-22.5,-22.5,-22.5,NA,NA,-135,-135,-157.5
2011,145,-22.5,-22.5,-22.5,-22.5,-22.5,-22.5,-22.5,-22.5,-26.432664756447,-32.9464285714286,-22.5,-22.5,-22.5,-22.5,NA,NA,-135,-135,-157.5
2011,146,-22.5,-22.5,-22.5,-22.5,-22.5,-22.5,-22.5,-22.5,-26.432664756447,-32.9464285714286,-22.5,-22.5,-22.5,-22.5,NA,NA,-135,-135,-157.5
2011,147,-22.5,-22.5,-22.5,-22.5,-22.5,-22.5,-22.5,-22.5,-26.432664756447,-32.9464285714286,-22.5,-22.5,-22.5,-22.5,NA,NA,-135,-135,-157.5
2011,148,-22.5,-22.5,-22.5,3.2,-3.6,-1.2,-22.5,-22.5,-26.432664756447,-3.66071428571429,-22.5,-22.5,-22.5,-22.5,NA,NA,-69.1,-69.1,-91.6
2011,149,-22.5,-22.5,-22.5,-22.5,-22.5,-22.5,-22.5,-22.5,-26.432664756447,-32.9464285714286,-22.5,-22.5,-22.5,-22.5,NA,NA,-135,-135,-157.5
2011,150,-22.5,-1.1,0.6,-0.8,0.5,-22.5,-0.5,-22.5,-26.432664756447,-32.9464285714286,-22.5,-22.5,-22.5,-22.5,NA,NA,-45.8,-45.8,-46.3
2011,151,-22.5,-22.5,-22.5,-22.5,-22.5,-22.5,0,-22.5,-26.432664756447,-32.9464285714286,-22.5,-22.5,-22.5,-22.5,NA,NA,-135,-135,-135
2011,152,-22.5,-22.5,-22.5,-22.5,-22.5,-22.5,-22.5,-22.5,-26.432664756447,-32.9464285714286,-22.5,-22.5,-22.5,-22.5,NA,NA,-135,-135,-157.5
2011,153,-22.5,-22.5,-22.5,-22.5,-22.5,-22.5,-22.5,-22.5,-26.432664756447,-32.9464285714286,-22.5,-22.5,-22.5,-22.5,NA,NA,-135,-135,-157.5
2011,154,-22.5,-22.5,-22.5,-22.5,-22.5,-22.5,-22.5,-22.5,-26.432664756447,-32.9464285714286,-22.5,-22.5,-22.5,-22.5,NA,NA,-135,-135,-157.5
2011,155,-22.5,-22.5,-22.5,-22.5,-22.5,-22.5,-22.5,-22.5,-26.432664756447,-32.9464285714286,-22.5,-22.5,-22.5,-22.5,NA,NA,-135,-135,-157.5
2011,156,-22.5,-22.5,-22.5,-22.5,-22.5,-22.5,-22.5,-22.5,-26.432664756447,-32.9464285714286,-22.5,-22.5,-22.5,-22.5,NA,NA,-135,-135,-157.5
2011,157,-22.5,-22.5,-22.5,-22.5,0,-22.5,-22.5,-22.5,-26.432664756447,-32.9464285714286,-22.5,-22.5,-22.5,-22.5,NA,NA,-112.5,-112.5,-135
2011,158,-22.5,-22.5,-22.5,-22.5,-22.5,4.1,1.1,2.7,-26.432664756447,-32.9464285714286,-22.5,1.8,-22.5,-22.5,NA,NA,-108.4,-108.4,-107.3
2011,159,-22.5,-22.5,-22.5,-22.5,-22.5,-22.5,-22.5,-22.5,-26.432664756447,-32.9464285714286,-22.5,-22.5,-22.5,-22.5,NA,NA,-135,-135,-157.5
2011,160,-22.5,-22.5,-22.5,-4,12.1,4.9,13.9,-0.3,0.70487106017192,-1.31785714285714,-1.8,4.6,3.9,0.5,NA,NA,-54.5,-54.5,-40.6
2011,161,-22.5,-22.5,-22.5,-22.5,-22.5,-22.5,-22.5,-22.5,-26.432664756447,-32.9464285714286,-22.5,-22.5,-22.5,-22.5,NA,NA,-135,-135,-157.5
2011,162,-22.5,-22.5,-22.5,-22.5,-22.5,-22.5,-22.5,-22.5,-26.432664756447,-32.9464285714286,-22.5,-22.5,-22.5,-22.5,NA,NA,-135,-135,-157.5
2011,163,-22.5,-22.5,-22.5,-22.5,-22.5,-22.5,-22.5,-22.5,-26.432664756447,-32.9464285714286,-22.5,-22.5,-22.5,-22.5,NA,NA,-135,-135,-157.5
2011,164,-22.5,-22.5,-22.5,1.4,-2,3.6,-5.7,17,-2.23209169054441,9.225,2.2,11.7,16.3,-22.5,NA,NA,-64.5,-64.5,-70.2
2011,165,-22.5,-22.5,-22.5,-22.5,-22.5,-22.5,-22.5,-22.5,-26.432664756447,-32.9464285714286,-22.5,-22.5,-22.5,-22.5,NA,NA,-135,-135,-157.5
2011,166,-22.5,-22.5,-22.5,-22.5,-22.5,-22.5,-22.5,-22.5,-26.432664756447,-32.9464285714286,-22.5,-22.5,-22.5,-22.5,NA,NA,-135,-135,-157.5
2011,167,-22.5,-22.5,2.6,-22.5,-22.5,-22.5,-22.5,-22.5,-26.432664756447,-32.9464285714286,-22.5,-22.5,-22.5,-22.5,NA,NA,-109.9,-109.9,-132.4
2011,168,-22.5,-22.5,-22.5,-22.5,-22.5,-22.5,-22.5,-22.5,-26.432664756447,-32.9464285714286,-22.5,-22.5,-22.5,-22.5,NA,NA,-135,-135,-157.5
2011,169,-22.5,-22.5,-22.5,-22.5,-22.5,-22.5,-22.5,-22.5,-26.432664756447,-32.9464285714286,-22.5,-22.5,-22.5,-22.5,NA,NA,-135,-135,-157.5
2011,170,-22.5,-22.5,-22.5,-22.5,-22.5,-22.5,-0.7,-22.5,-26.432664756447,-32.9464285714286,-22.5,-22.5,-22.5,-22.5,NA,NA,-135,-135,-135.7
2011,171,-22.5,-22.5,-22.5,-22.5,-0.8,-22.5,1,-2.5,-26.432664756447,-1.61071428571429,-0.1,-22.5,-22.5,-22.5,NA,NA,-113.3,-113.3,-112.3
2011,172,-22.5,-22.5,-22.5,-22.5,-22.5,-22.5,-22.5,-22.5,-26.432664756447,-32.9464285714286,-22.5,-22.5,-22.5,-22.5,NA,NA,-135,-135,-157.5
2011,173,-22.5,-22.5,-22.5,-22.5,-22.5,-22.5,-22.5,-22.5,-26.432664756447,-32.9464285714286,-22.5,-22.5,-22.5,-22.5,NA,NA,-135,-135,-157.5
2011,174,-22.5,-22.5,-22.5,-22.5,-22.5,0.2,0.9,4.7,0.70487106017192,0.292857142857143,-1,11.6,-22.5,-22.5,NA,NA,-112.3,-112.3,-111.4
2011,175,-22.5,-22.5,-22.5,-22.5,-22.5,-22.5,-22.5,-22.5,-26.432664756447,-32.9464285714286,-22.5,-22.5,-22.5,-22.5,NA,NA,-135,-135,-157.5
2011,176,-22.5,-22.5,-22.5,-22.5,-22.5,-22.5,-22.5,-22.5,-26.432664756447,-32.9464285714286,-22.5,-22.5,-22.5,-22.5,NA,NA,-135,-135,-157.5
2011,177,-22.5,-22.5,-22.5,-22.5,-22.5,-22.5,-0.1,4.8,7.16618911174785,0.878571428571428,7.1,-5.9,2.1,-22.5,NA,NA,-135,-135,-135.1
2011,178,-22.5,-22.5,-22.5,-22.5,-22.5,-22.5,0.2,-22.5,-26.432664756447,-32.9464285714286,-22.5,-22.5,-22.5,-22.5,NA,NA,-135,-135,-134.8
2011,179,-22.5,-22.5,-22.5,-22.5,0.7,1.4,3.9,11.9,5.40401146131805,12.1535714285714,2.5,11.2,13.9,10.6,NA,NA,-87.9,-87.9,-84
2011,180,-22.5,-22.5,-22.5,-22.5,-22.5,-22.5,-22.5,-22.5,-26.432664756447,-32.9464285714286,-22.5,-22.5,-22.5,-22.5,NA,NA,-135,-135,-157.5
2011,181,-22.5,-22.5,-22.5,-22.5,-22.5,-22.5,-22.5,-22.5,-26.432664756447,-32.9464285714286,-22.5,-22.5,-22.5,-22.5,NA,NA,-135,-135,-157.5
2011,182,-22.5,-22.5,-22.5,-22.5,-22.5,-22.5,-22.5,-22.5,-26.432664756447,-32.9464285714286,-22.5,-22.5,-22.5,-22.5,NA,NA,-135,-135,-157.5
2011,183,-22.5,-22.5,-22.5,-22.5,-22.5,-22.5,-22.5,-22.5,-26.432664756447,-32.9464285714286,-22.5,-22.5,-22.5,-22.5,NA,NA,-135,-135,-157.5
2011,184,-22.5,-22.5,-22.5,-2,-0.5,1.6,0.2,-22.5,-26.432664756447,-32.9464285714286,-22.5,-22.5,-22.5,-22.5,NA,NA,-68.4,-68.4,-68.2
2011,185,-22.5,-22.5,-22.5,-22.5,-22.5,-22.5,-22.5,-22.5,-26.432664756447,-32.9464285714286,-22.5,-22.5,-22.5,-22.5,NA,NA,-135,-135,-157.5
2011,186,-22.5,-22.5,-22.5,-22.5,-22.5,-22.5,-22.5,-22.5,-26.432664756447,-32.9464285714286,-22.5,-22.5,-22.5,-22.5,NA,NA,-135,-135,-157.5
2011,187,-22.5,-22.5,-22.5,-22.5,-22.5,-22.5,-22.5,-22.5,-26.432664756447,-32.9464285714286,-22.5,-22.5,-22.5,-22.5,NA,NA,-135,-135,-157.5
2011,188,-22.5,-22.5,-22.5,-3.4,0.5,0.1,-2.3,-22.5,-1.17478510028653,2.19642857142857,25.1,6.9,-5.9,4.5,NA,NA,-70.3,-70.3,-72.6
2011,189,-22.5,-22.5,-22.5,-22.5,-22.5,-22.5,-22.5,-22.5,-26.432664756447,-32.9464285714286,-22.5,-22.5,-22.5,-22.5,NA,NA,-135,-135,-157.5
2011,190,-22.5,-22.5,-22.5,-22.5,-5.6,-22.5,-22.5,-1.4,0.117478510028653,-32.9464285714286,0.6,-22.5,-22.5,-22.5,NA,NA,-118.1,-118.1,-140.6
2011,191,-22.5,-22.5,-22.5,-22.5,-22.5,0.9,-22.5,-22.5,-0.70487106017192,-0.292857142857143,-22.5,-22.5,-22.5,-22.5,NA,NA,-111.6,-111.6,-134.1
2011,192,-22.5,-22.5,-22.5,-22.5,-22.5,-22.5,-22.5,-22.5,-26.432664756447,-32.9464285714286,-22.5,-22.5,-22.5,-22.5,NA,NA,-135,-135,-157.5
2011,193,-22.5,-22.5,-22.5,-22.5,-1.8,-22.5,-22.5,-22.5,-26.432664756447,-32.9464285714286,-22.5,-22.5,-22.5,-22.5,NA,NA,-114.3,-114.3,-136.8
2011,194,-22.5,-22.5,-22.5,-22.5,-22.5,-22.5,-22.5,-1,6.81375358166189,7.175,2.2,0.9,-1.6,4.7,NA,NA,-135,-135,-157.5
2011,195,-22.5,-22.5,-22.5,0.2,6.8,-2.4,-22.5,-22.5,-26.432664756447,-32.9464285714286,-22.5,-22.5,-22.5,-22.5,NA,NA,-62.9,-62.9,-85.4
2011,196,-22.5,-22.5,-22.5,-22.5,-22.5,-22.5,-22.5,-22.5,-26.432664756447,-32.9464285714286,-22.5,-22.5,-22.5,-22.5,NA,NA,-135,-135,-157.5
2011,197,-22.5,-22.5,-22.5,-22.5,-22.5,-22.5,-22.5,-22.5,-26.432664756447,-32.9464285714286,-22.5,-22.5,-22.5,-22.5,NA,NA,-135,-135,-157.5
2011,198,-22.5,-22.5,-22.5,-22.5,-22.5,-22.5,-22.5,-22.5,-26.432664756447,-32.9464285714286,-22.5,-22.5,-22.5,-22.5,NA,NA,-135,-135,-157.5
2011,199,-22.5,-22.5,-22.5,-22.5,-22.5,-22.5,-22.5,-22.5,-26.432664756447,-32.9464285714286,-22.5,-22.5,-22.5,-22.5,NA,NA,-135,-135,-157.5
2011,200,-22.5,-22.5,-22.5,-22.5,-22.5,-22.5,-22.5,-22.5,-26.432664756447,-32.9464285714286,-22.5,-22.5,-22.5,-22.5,NA,NA,-135,-135,-157.5
2011,201,-22.5,-22.5,-22.5,-22.5,-22.5,-0.9,2.7,-2.5,-0.469914040114613,-32.9464285714286,-22.5,-22.5,-22.5,-22.5,NA,NA,-113.4,-113.4,-110.7
2011,202,-22.5,-22.5,-22.5,-22.5,-22.5,-22.5,-22.5,-22.5,-26.432664756447,-32.9464285714286,-22.5,-22.5,-22.5,-22.5,NA,NA,-135,-135,-157.5
2011,203,-22.5,-22.5,-22.5,-22.5,-22.5,-22.5,-22.5,-22.5,-26.432664756447,-32.9464285714286,-22.5,-22.5,-22.5,-22.5,NA,NA,-135,-135,-157.5
2011,204,-22.5,-22.5,-22.5,-22.5,2.5,7.6,3.8,4,0.469914040114613,-2.48928571428571,0.3,-22.5,-22.5,-22.5,NA,NA,-79.9,-79.9,-76.1
2011,205,-22.5,-22.5,-22.5,0.2,1.5,2.2,-22.5,-22.5,-26.432664756447,-32.9464285714286,-22.5,-22.5,-22.5,-22.5,NA,NA,-63.6,-63.6,-86.1
2011,206,-22.5,-22.5,-22.5,-22.5,-22.5,-22.5,-22.5,-22.5,-26.432664756447,-32.9464285714286,-22.5,-22.5,-22.5,-22.5,NA,NA,-135,-135,-157.5
2011,207,-22.5,-22.5,-22.5,-22.5,-22.5,-22.5,-22.5,-22.5,-26.432664756447,-32.9464285714286,-22.5,-22.5,-22.5,-22.5,NA,NA,-135,-135,-157.5
2011,208,-22.5,2.2,19,16.6,9.6,13,13.7,3.6,12.9226361031519,10.8357142857143,9.8,3.1,5.1,-3.1,NA,NA,37.9,37.9,51.6
2011,209,-22.5,-22.5,-22.5,-22.5,1,5.7,1.6,-1.1,1.87965616045845,-32.9464285714286,-22.5,-22.5,-22.5,-22.5,NA,NA,-83.3,-83.3,-81.7
2012,1,0.7,0,-4.4,2,3.6,6,-22.5,-26.432664756447,-32.9464285714286,-22.5,-22.5,-22.5,-22.5,NA,NA,NA,7.9,7.9,-14.6
2012,2,-22.5,9.2,2,1.7,1,4.5,10.5,3.17191977077364,6.44285714285714,-1.6,-1.8,-22.5,-22.5,NA,NA,NA,-4.1,-4.1,6.4
2012,3,6.4,2.5,7.6,14.7,-0.3,-4.5,-3.2,0.469914040114613,-0.585714285714286,-6.9,-2.6,-22.5,-22.5,NA,NA,NA,26.4,26.4,23.2
2012,4,-22.5,-22.5,0,0.1,-22.5,-22.5,-22.5,-26.432664756447,-32.9464285714286,-22.5,-22.5,-22.5,-22.5,NA,NA,NA,-89.9,-89.9,-112.4
2012,5,-22.5,10.9,0.5,1.8,0.2,5.1,19.7,5.16905444126075,6.15,15.9,3.5,15.9,8.3,NA,NA,NA,-4,-4,15.7
2012,6,-22.5,11.9,9.5,10,11.2,11.8,7,1.40974212034384,0.732142857142857,5.3,20.1,8,4.3,NA,NA,NA,31.9,31.9,38.9
2012,7,-22.5,-1.4,13.3,6.8,13.2,13.8,4.3,4.93409742120344,4.1,-0.4,-5.5,-8.2,-1.7,NA,NA,NA,23.2,23.2,27.5
2012,8,-22.5,-22.5,-4.8,2.9,-4,-0.8,0.5,-26.432664756447,-32.9464285714286,1.9,1.1,-1.5,-22.5,NA,NA,NA,-51.7,-51.7,-51.2
2012,9,-22.5,7.6,2.3,9.7,8.9,10.2,8,-9.98567335243553,0.292857142857143,4.4,2.2,-5.3,-3.6,NA,NA,NA,16.2,16.2,24.2
2012,10,-22.5,-22.5,-22.5,-1.1,0.7,2,4.5,4.58166189111748,-6.15,0.6,-22.5,-22.5,-22.5,NA,NA,NA,-65.9,-65.9,-61.4
2012,11,-2.4,-0.7,16.9,19.6,8,13.9,7.9,7.75358166189112,2.63571428571429,22.5,9.1,23.1,9.3,NA,NA,NA,55.3,55.3,63.2
2012,12,0,0.3,0.8,8.9,0.2,-22.5,-22.5,-26.432664756447,0.732142857142857,-22.5,-22.5,-22.5,-22.5,NA,NA,NA,-12.3,-12.3,-34.8
2012,13,-22.5,-22.5,-22.5,4.7,2.6,9.9,-1.5,1.29226361031519,-10.3964285714286,-6.7,5.6,2.1,-0.3,NA,NA,NA,-50.3,-50.3,-51.8
2012,14,-22.5,6.3,-0.9,3.5,-2.7,-1.5,1.3,0.822349570200573,-32.9464285714286,1,-1.6,-0.5,1,NA,NA,NA,-17.8,-17.8,-16.5
2012,15,-22.5,2.3,-0.7,4.3,1.5,0.3,-0.7,-0.117478510028653,9.95714285714286,0.1,-2.4,3.1,-4.9,NA,NA,NA,-14.8,-14.8,-15.5
2012,16,-22.5,0.7,3.6,7.4,6,9.1,4.7,3.75931232091691,10.1035714285714,13.8,-0.8,-6,19.1,NA,NA,NA,4.3,4.3,9
2012,17,-22.5,9.2,5.7,16.9,-0.2,11.2,14,10.9255014326648,9.07857142857143,14.8,2,2.7,11.5,NA,NA,NA,20.3,20.3,34.3
2012,18,-22.5,-22.5,0.3,5.2,4.8,14.6,10.4,14.4498567335244,4.97857142857143,6,-1.2,7.8,10.5,NA,NA,NA,-20.1,-20.1,-9.7
2012,19,-22.5,-22.5,2.2,-2.9,0.7,0.3,22.5,13.9799426934097,35.2892857142857,29.5,32.9,3.1,35.1,NA,NA,NA,-44.7,-44.7,-22.2
2012,20,-0.6,-22.5,0.3,0.2,-22.5,2.4,1.7,7.87106017191977,3.66071428571429,-1,-1.8,-10.9,2.4,NA,NA,NA,-42.7,-42.7,-41
2012,21,-22.5,-22.5,-22.5,-22.5,-22.5,0.8,4.7,0.234957020057307,-0.585714285714286,-1.4,-1.2,6,6.1,NA,NA,NA,-111.7,-111.7,-107
2012,22,-22.5,8.7,2.8,12.7,8.3,1.7,12.4,7.87106017191977,5.125,4.6,-1.5,12.2,5.8,NA,NA,NA,11.7,11.7,24.1
2012,23,-22.5,-22.5,-22.5,0,7.5,7,3.5,5.87392550143267,8.63928571428571,10.4,0.4,-4.9,-4.4,NA,NA,NA,-53,-53,-49.5
2012,24,-22.5,-22.5,0,-22.5,0.1,5.4,-5.8,-4.69914040114613,-1.31785714285714,-5.8,-22.5,0.6,-22.5,NA,NA,NA,-62,-62,-67.8
2012,25,-22.5,-22.5,-22.5,-22.5,0.8,-0.5,-3.4,-26.432664756447,-32.9464285714286,-22.5,-22.5,-22.5,-22.5,NA,NA,NA,-89.7,-89.7,-93.1
2012,26,-22.5,-22.5,-22.5,-1.6,-1.6,0,-22.5,-26.432664756447,-32.9464285714286,1.7,-1.4,-1.9,-2.8,NA,NA,NA,-70.7,-70.7,-93.2
2012,27,-22.5,-22.5,-22.5,-22.5,-22.5,-22.5,-22.5,-26.432664756447,-32.9464285714286,-22.5,-22.5,-22.5,-22.5,NA,NA,NA,-135,-135,-157.5
2012,28,-22.5,-22.5,-22.5,-2.9,14.4,-5.9,3.5,-6.69627507163324,-1.61071428571429,5.6,1.9,8,-9.2,NA,NA,NA,-61.9,-61.9,-58.4
2012,29,-0.6,-22.5,-0.9,-3.9,-22.5,0,-22.5,0.70487106017192,-5.27142857142857,-22.5,-22.5,-22.5,-22.5,NA,NA,NA,-50.4,-50.4,-72.9
2012,30,-22.5,3.2,2.1,9.8,14.1,9.6,-5.1,-3.99426934097421,0.292857142857143,8,-2.8,-6,-5.4,NA,NA,NA,16.3,16.3,11.2
2012,31,-22.5,-22.5,-22.5,-22.5,-22.5,2.9,-22.5,-0.117478510028653,-0.292857142857143,-22.5,-22.5,-22.5,-22.5,NA,NA,NA,-109.6,-109.6,-132.1
2012,32,-22.5,-22.5,-22.5,-22.5,-22.5,-22.5,-22.5,-26.432664756447,-32.9464285714286,-22.5,-22.5,-22.5,-22.5,NA,NA,NA,-135,-135,-157.5
2012,33,-22.5,-22.5,-22.5,-22.5,-22.5,-22.5,-22.5,-26.432664756447,-32.9464285714286,-22.5,-22.5,-22.5,-22.5,NA,NA,NA,-135,-135,-157.5
2012,34,-22.5,-22.5,-22.5,-22.5,-22.5,-22.5,-22.5,-26.432664756447,-32.9464285714286,-22.5,-22.5,-22.5,-22.5,NA,NA,NA,-135,-135,-157.5
2012,35,-22.5,-22.5,-22.5,-22.5,-22.5,-22.5,-22.5,-26.432664756447,-32.9464285714286,-22.5,-22.5,-22.5,-22.5,NA,NA,NA,-135,-135,-157.5
2012,36,-22.5,-22.5,-22.5,-22.5,-22.5,-22.5,-22.5,-26.432664756447,-32.9464285714286,-22.5,-22.5,-22.5,-22.5,NA,NA,NA,-135,-135,-157.5
2012,37,-22.5,-22.5,-22.5,-22.5,0.1,4.2,1.7,-26.432664756447,-32.9464285714286,-22.5,-22.5,-22.5,-22.5,NA,NA,NA,-85.7,-85.7,-84
2012,38,-22.5,-22.5,-22.5,2.2,-3.5,0.9,-1.4,2.23209169054441,0.585714285714286,-22.5,2.6,-8.4,0.7,NA,NA,NA,-67.9,-67.9,-69.3
2012,39,-22.5,-22.5,-22.5,-22.5,-22.5,-22.5,-22.5,-26.432664756447,-32.9464285714286,-22.5,-22.5,-22.5,-22.5,NA,NA,NA,-135,-135,-157.5
2012,40,-22.5,-22.5,-22.5,-22.5,-22.5,-22.5,-22.5,-26.432664756447,-32.9464285714286,-22.5,-22.5,-22.5,-22.5,NA,NA,NA,-135,-135,-157.5
2012,41,-22.5,-22.5,-22.5,-22.5,-22.5,-22.5,-22.5,-26.432664756447,-32.9464285714286,-22.5,-22.5,-22.5,-22.5,NA,NA,NA,-135,-135,-157.5
2012,42,-22.5,-22.5,-22.5,-22.5,-22.5,-22.5,-22.5,-26.432664756447,-32.9464285714286,-22.5,-22.5,-22.5,-22.5,NA,NA,NA,-135,-135,-157.5
2012,43,-22.5,-22.5,-22.5,-22.5,-22.5,-22.5,-22.5,-26.432664756447,-32.9464285714286,-22.5,-22.5,-22.5,-22.5,NA,NA,NA,-135,-135,-157.5
2012,44,-22.5,-1.2,-22.5,5.3,4.9,4.8,1.8,6.93123209169055,8.05357142857143,4.9,12.7,6.4,11.7,NA,NA,NA,-31.2,-31.2,-29.4
2012,45,-22.5,-22.5,-22.5,-22.5,4.9,-22.5,4.2,0.587392550143267,6.00357142857143,12.3,2,24.2,37.3,NA,NA,NA,-107.6,-107.6,-103.4
2012,46,-22.5,-22.5,-22.5,-22.5,-22.5,-22.5,-22.5,-26.432664756447,-32.9464285714286,-22.5,-22.5,-22.5,-22.5,NA,NA,NA,-135,-135,-157.5
2012,47,-22.5,-22.5,-22.5,-0.9,0.5,-0.5,5.9,0.587392550143267,5.71071428571429,-2,2.2,0.5,3.1,NA,NA,NA,-68.4,-68.4,-62.5
2012,48,-22.5,-22.5,-22.5,-22.5,-22.5,-22.5,-22.5,-26.432664756447,-32.9464285714286,-22.5,-22.5,-22.5,-22.5,NA,NA,NA,-135,-135,-157.5
2012,49,-22.5,-22.5,-22.5,-22.5,-22.5,-0.2,-1.8,-0.234957020057307,-32.9464285714286,-1.6,-22.5,-22.5,-22.5,NA,NA,NA,-112.7,-112.7,-114.5
2012,50,-22.5,1.4,-22.5,5.7,0.4,4.7,10,5.63896848137536,4.97857142857143,-3.1,-0.7,-4.1,0,NA,NA,NA,-32.8,-32.8,-22.8
2012,51,-22.5,-22.5,-22.5,-22.5,-22.5,-22.5,-22.5,-26.432664756447,-32.9464285714286,-22.5,-22.5,-22.5,-22.5,NA,NA,NA,-135,-135,-157.5
2012,52,-22.5,-22.5,-22.5,-22.5,-22.5,-22.5,0,3.75931232091691,8.93214285714286,7.2,-2.2,2.1,-1.5,NA,NA,NA,-135,-135,-135
2012,53,-22.5,-22.5,-22.5,-22.5,-22.5,-22.5,-22.5,-26.432664756447,-32.9464285714286,-22.5,-22.5,-22.5,-22.5,NA,NA,NA,-135,-135,-157.5
2012,54,-22.5,-22.5,-22.5,-22.5,-22.5,-22.5,-22.5,-26.432664756447,-32.9464285714286,-22.5,-22.5,-22.5,-22.5,NA,NA,NA,-135,-135,-157.5
2012,55,-22.5,-22.5,5.4,-3.3,4.4,-3.8,5.3,4.46418338108883,2.63571428571429,-1.2,0,3.1,-22.5,NA,NA,NA,-42.3,-42.3,-37
2012,56,-22.5,-22.5,-22.5,-22.5,-22.5,-22.5,-22.5,-26.432664756447,-32.9464285714286,-22.5,-22.5,-22.5,-22.5,NA,NA,NA,-135,-135,-157.5
2012,57,-22.5,-22.5,-22.5,-22.5,-22.5,-22.5,-22.5,-26.432664756447,-32.9464285714286,-22.5,-22.5,-22.5,-22.5,NA,NA,NA,-135,-135,-157.5
2012,58,-22.5,-22.5,0.4,1.6,2.9,-0.6,7.6,-0.117478510028653,-0.585714285714286,-0.4,6.3,9.4,5.2,NA,NA,NA,-40.7,-40.7,-33.1
2012,59,-22.5,-22.5,-22.5,-22.5,-22.5,1.5,0.2,-26.432664756447,-32.9464285714286,-22.5,-22.5,-22.5,-22.5,NA,NA,NA,-111,-111,-110.8
2012,60,-22.5,-22.5,0.3,-1.6,-4.7,-0.2,0.5,3.75931232091691,-3.22142857142857,2.1,1.9,1.5,4.3,NA,NA,NA,-51.2,-51.2,-50.7
2012,61,-22.5,-22.5,-22.5,-22.5,5.3,-0.3,2.7,0.234957020057307,0.146428571428571,-0.3,-1.8,3.7,-3.6,NA,NA,NA,-85,-85,-82.3
2012,62,-22.5,-22.5,-22.5,18.2,2.8,-3.8,-1.2,8.810888252149,-15.6678571428571,-10.3,18.1,-9.4,6.6,NA,NA,NA,-50.3,-50.3,-51.5
2012,63,-22.5,-22.5,-22.5,0.3,-0.1,0,2.1,-3.40687679083095,0,-1.7,0.9,-22.5,-22.5,NA,NA,NA,-67.3,-67.3,-65.2
2012,64,-22.5,-22.5,-22.5,-22.5,-22.5,-22.5,-22.5,-26.432664756447,-32.9464285714286,-22.5,-22.5,-22.5,-22.5,NA,NA,NA,-135,-135,-157.5
2012,65,-22.5,-22.5,-22.5,0.6,0.9,4.8,8.8,5.63896848137536,13.7642857142857,10.6,3.9,9.2,6,NA,NA,NA,-61.2,-61.2,-52.4
2012,66,-22.5,-22.5,-22.5,-22.5,-1.8,1.1,0.6,7.40114613180516,-1.46428571428571,-2.2,7.2,2.1,-2,NA,NA,NA,-90.7,-90.7,-90.1
2012,67,-22.5,-22.5,-22.5,-22.5,-22.5,-22.5,-0.9,0.587392550143267,-0.146428571428571,-2.2,-22.5,0.5,-22.5,NA,NA,NA,-135,-135,-135.9
2012,68,-22.5,-22.5,-22.5,-22.5,-22.5,-22.5,-22.5,-26.432664756447,-32.9464285714286,-22.5,-22.5,-22.5,-22.5,NA,NA,NA,-135,-135,-157.5
2012,69,-22.5,-22.5,-22.5,-22.5,-22.5,-22.5,-22.5,-26.432664756447,-32.9464285714286,-22.5,-22.5,-22.5,-22.5,NA,NA,NA,-135,-135,-157.5
2012,70,-22.5,-22.5,-22.5,0.4,-22.5,-22.5,-22.5,-26.432664756447,-32.9464285714286,-22.5,-22.5,-22.5,-22.5,NA,NA,NA,-112.1,-112.1,-134.6
2012,71,-22.5,-22.5,-22.5,-22.5,-22.5,-22.5,-22.5,-26.432664756447,-32.9464285714286,-22.5,-22.5,-22.5,-22.5,NA,NA,NA,-135,-135,-157.5
2012,72,-22.5,-22.5,-22.5,-22.5,-22.5,-22.5,-22.5,-26.432664756447,-32.9464285714286,-22.5,-22.5,-22.5,-22.5,NA,NA,NA,-135,-135,-157.5
2012,73,-22.5,-22.5,-22.5,-22.5,-22.5,-22.5,-22.5,-26.432664756447,-32.9464285714286,-22.5,-22.5,-22.5,-22.5,NA,NA,NA,-135,-135,-157.5
2012,74,-22.5,-22.5,-22.5,-1,-0.2,7.7,5.6,10.3381088825215,9.07857142857143,10.3,10.4,10.1,16.4,NA,NA,NA,-61,-61,-55.4
2012,75,-22.5,-22.5,-22.5,-22.5,0.5,-2.1,-22.5,-26.432664756447,-32.9464285714286,-9,-0.9,-22.5,-22.5,NA,NA,NA,-91.6,-91.6,-114.1
2012,76,-22.5,-22.5,0.1,0.1,0,-22.5,-22.5,11.6303724928367,23.7214285714286,1.9,-22.5,1.3,-22.5,NA,NA,NA,-67.3,-67.3,-89.8
2012,77,-22.5,-22.5,-22.5,-0.8,-22.5,4.7,-6.8,14.3323782234957,18.1571428571429,5.3,12.2,-6.6,1.7,NA,NA,NA,-86.1,-86.1,-92.9
2012,78,-22.5,-22.5,-22.5,13.9,-6.2,14.2,2.9,-3.5243553008596,13.325,3.2,6.6,5.3,8.6,NA,NA,NA,-45.6,-45.6,-42.7
2012,79,-22.5,-22.5,-22.5,-22.5,-22.5,-22.5,-22.5,-26.432664756447,-32.9464285714286,-22.5,-22.5,-22.5,-22.5,NA,NA,NA,-135,-135,-157.5
2012,80,-22.5,-22.5,-22.5,-22.5,-22.5,-22.5,-22.5,-26.432664756447,-32.9464285714286,-22.5,-22.5,-22.5,-22.5,NA,NA,NA,-135,-135,-157.5
2012,81,-22.5,-22.5,-22.5,-1.6,-0.9,2.1,5.9,1.87965616045845,0.146428571428571,1.6,5.6,-6,4,NA,NA,NA,-67.9,-67.9,-62
2012,82,-22.5,-22.5,-22.5,-22.5,-22.5,-22.5,-22.5,-26.432664756447,-32.9464285714286,-22.5,-22.5,-22.5,-22.5,NA,NA,NA,-135,-135,-157.5
2012,83,-22.5,-22.5,-22.5,4.1,24,-5.9,22.8,-5.63896848137536,-5.125,9,5.6,-22.5,-0.8,NA,NA,NA,-45.3,-45.3,-22.5
2012,84,-22.5,-22.5,-22.5,-22.5,-22.5,-22.5,-22.5,-26.432664756447,-32.9464285714286,-22.5,-22.5,-22.5,-22.5,NA,NA,NA,-135,-135,-157.5
2012,85,-22.5,-22.5,-22.5,-22.5,-22.5,8.7,1.2,6.22636103151862,6.00357142857143,13.9,10.7,-6.6,8.2,NA,NA,NA,-103.8,-103.8,-102.6
2012,86,-22.5,-22.5,-22.5,22.6,11.3,12.7,14.2,7.87106017191977,0,15.3,-5.9,4.4,9.4,NA,NA,NA,-20.9,-20.9,-6.7
2012,87,-22.5,11.5,15.6,15.4,39.1,27.9,35.3,12.2177650429799,-1.90357142857143,38.5,2.6,13.4,8.4,NA,NA,NA,87,87,122.3
2012,88,-22.5,-22.5,-22.5,-22.5,-22.5,-22.5,-22.5,-26.432664756447,-32.9464285714286,-22.5,-22.5,-22.5,-22.5,NA,NA,NA,-135,-135,-157.5
2012,89,-22.5,-22.5,-22.5,0.4,-22.5,1.5,6.1,3.5243553008596,-32.9464285714286,-22.5,-22.5,-22.5,-22.5,NA,NA,NA,-88.1,-88.1,-82
2012,90,-22.5,-22.5,-22.5,-22.5,-22.5,-22.5,-22.5,-26.432664756447,-32.9464285714286,-22.5,-22.5,-22.5,-22.5,NA,NA,NA,-135,-135,-157.5
2012,91,-22.5,-22.5,-22.5,-22.5,-22.5,-22.5,-22.5,-26.432664756447,-32.9464285714286,-22.5,-22.5,-22.5,-22.5,NA,NA,NA,-135,-135,-157.5
2012,92,-22.5,-22.5,-22.5,-22.5,-22.5,-22.5,-22.5,-26.432664756447,-32.9464285714286,-22.5,-22.5,-22.5,-22.5,NA,NA,NA,-135,-135,-157.5
2012,93,-22.5,-22.5,-22.5,4.6,-22.5,7.7,9.6,-0.587392550143267,5.71071428571429,-0.8,11.8,6.6,5.1,NA,NA,NA,-77.7,-77.7,-68.1
2012,94,-22.5,-22.5,-22.5,-22.5,-22.5,-22.5,-22.5,-26.432664756447,-32.9464285714286,-22.5,-22.5,-22.5,-22.5,NA,NA,NA,-135,-135,-157.5
2012,95,-22.5,-22.5,0.1,0.4,5.1,3,14,-1.17478510028653,-6.29642857142857,-1,1.5,-6.1,-2.3,NA,NA,NA,-36.4,-36.4,-22.4
2012,96,-22.5,-22.5,-22.5,-22.5,-22.5,-22.5,-22.5,-26.432664756447,-32.9464285714286,-22.5,-22.5,-22.5,-22.5,NA,NA,NA,-135,-135,-157.5
2012,97,-22.5,-22.5,-22.5,-22.5,-22.5,1.1,-22.5,-26.432664756447,-32.9464285714286,-22.5,-22.5,-22.5,-22.5,NA,NA,NA,-111.4,-111.4,-133.9
2012,98,-22.5,-22.5,-22.5,-22.5,-22.5,-22.5,-22.5,-26.432664756447,-32.9464285714286,-22.5,-22.5,-22.5,-22.5,NA,NA,NA,-135,-135,-157.5
2012,99,-22.5,-22.5,-22.5,-22.5,-22.5,-22.5,-22.5,-26.432664756447,-32.9464285714286,-22.5,-22.5,-22.5,-22.5,NA,NA,NA,-135,-135,-157.5
2012,100,-22.5,-22.5,-22.5,-22.5,-22.5,-22.5,-22.5,-26.432664756447,-32.9464285714286,-22.5,-22.5,-22.5,-22.5,NA,NA,NA,-135,-135,-157.5
2012,101,-22.5,-22.5,-1,-2,-1.1,-1.3,-0.3,-1.17478510028653,-0.146428571428571,-3,-22.5,-22.5,-22.5,NA,NA,NA,-50.4,-50.4,-50.7
2012,102,-22.5,-22.5,-22.5,-22.5,-22.5,-22.5,-22.5,-26.432664756447,-32.9464285714286,-22.5,-22.5,-22.5,-22.5,NA,NA,NA,-135,-135,-157.5
2012,103,-22.5,-22.5,-22.5,-22.5,-22.5,-22.5,-22.5,-26.432664756447,-32.9464285714286,-22.5,-22.5,-22.5,-22.5,NA,NA,NA,-135,-135,-157.5
2012,104,-22.5,-22.5,-22.5,-22.5,-1.2,3.9,0.6,-26.432664756447,-0.146428571428571,-22.5,-22.5,-22.5,-22.5,NA,NA,NA,-87.3,-87.3,-86.7
2012,105,-22.5,-22.5,-22.5,-1.1,-2.7,5.4,10.5,5.99140401146132,1.17142857142857,10,1,3.6,2.9,NA,NA,NA,-65.9,-65.9,-55.4
2012,106,-22.5,-22.5,-22.5,-22.5,-22.5,-22.5,-22.5,-26.432664756447,-32.9464285714286,-22.5,-22.5,-22.5,-22.5,NA,NA,NA,-135,-135,-157.5
2012,107,-22.5,-22.5,-22.5,-22.5,-22.5,-22.5,-22.5,-26.432664756447,-32.9464285714286,-22.5,-22.5,-22.5,-22.5,NA,NA,NA,-135,-135,-157.5
2012,108,-22.5,-22.5,-22.5,-22.5,-22.5,-22.5,-22.5,-26.432664756447,-32.9464285714286,-22.5,-22.5,-22.5,-22.5,NA,NA,NA,-135,-135,-157.5
2012,109,-22.5,-22.5,-22.5,-22.5,-22.5,-22.5,-22.5,-26.432664756447,-32.9464285714286,-22.5,-22.5,-22.5,-22.5,NA,NA,NA,-135,-135,-157.5
2012,110,-22.5,-22.5,-22.5,2,7.9,2,6.9,-3.64183381088825,4.53928571428571,4.5,1.7,-0.5,-0.6,NA,NA,NA,-55.6,-55.6,-48.7
2012,111,-22.5,-22.5,-22.5,-22.5,-22.5,-22.5,-22.5,-26.432664756447,-32.9464285714286,-22.5,-22.5,-22.5,-22.5,NA,NA,NA,-135,-135,-157.5
2012,112,-22.5,-22.5,-22.5,-22.5,-22.5,-22.5,-22.5,-26.432664756447,-32.9464285714286,-22.5,-22.5,-22.5,-22.5,NA,NA,NA,-135,-135,-157.5
2012,113,-22.5,-22.5,-22.5,-22.5,-22.5,-22.5,-22.5,-26.432664756447,-32.9464285714286,-22.5,-22.5,-22.5,-22.5,NA,NA,NA,-135,-135,-157.5
2012,114,-22.5,-22.5,-22.5,-22.5,-22.5,-22.5,-22.5,-26.432664756447,-32.9464285714286,-22.5,-22.5,-22.5,-22.5,NA,NA,NA,-135,-135,-157.5
2012,115,-22.5,-22.5,-22.5,-22.5,-22.5,-22.5,-22.5,-26.432664756447,-32.9464285714286,-22.5,-22.5,-22.5,-22.5,NA,NA,NA,-135,-135,-157.5
2012,116,-22.5,-22.5,-22.5,-22.5,-22.5,-22.5,-22.5,-26.432664756447,-32.9464285714286,-22.5,-22.5,-22.5,-22.5,NA,NA,NA,-135,-135,-157.5
2012,117,-22.5,-22.5,-22.5,-22.5,0.4,-0.2,-22.5,-26.432664756447,-32.9464285714286,-22.5,-22.5,-22.5,-22.5,NA,NA,NA,-89.8,-89.8,-112.3
2012,118,-22.5,-22.5,-22.5,-22.5,-22.5,-22.5,-22.5,-26.432664756447,-32.9464285714286,-22.5,-22.5,-22.5,-22.5,NA,NA,NA,-135,-135,-157.5
2012,119,-22.5,-22.5,-22.5,-22.5,-22.5,-22.5,-22.5,-26.432664756447,-32.9464285714286,-22.5,-22.5,-22.5,-22.5,NA,NA,NA,-135,-135,-157.5
2012,120,-22.5,-22.5,-22.5,12.8,21,10.3,0.9,19.3839541547278,11.7142857142857,15.7,12,11.5,11.3,NA,NA,NA,-23.4,-23.4,-22.5
2012,121,-22.5,-22.5,-22.5,-22.5,-22.5,-22.5,-22.5,-6.10888252148997,-32.9464285714286,-22.5,-22.5,-22.5,-22.5,NA,NA,NA,-135,-135,-157.5
2012,122,-22.5,-22.5,-22.5,-22.5,-22.5,7.7,-4.5,-3.5243553008596,-32.9464285714286,-22.5,-1.1,-22.5,-22.5,NA,NA,NA,-104.8,-104.8,-109.3
2012,123,-22.5,-22.5,-22.5,-22.5,-22.5,-22.5,-22.5,-26.432664756447,-32.9464285714286,-22.5,-22.5,-22.5,-22.5,NA,NA,NA,-135,-135,-157.5
2012,124,-22.5,-22.5,-22.5,-22.5,-22.5,-22.5,-22.5,-26.432664756447,-32.9464285714286,-22.5,-22.5,-22.5,-22.5,NA,NA,NA,-135,-135,-157.5
2012,125,-22.5,-22.5,-22.5,-22.5,-22.5,-22.5,-22.5,-26.432664756447,-32.9464285714286,-22.5,-22.5,-22.5,-22.5,NA,NA,NA,-135,-135,-157.5
2012,126,-22.5,-22.5,-22.5,-22.5,-22.5,1.9,-22.5,1.7621776504298,-32.9464285714286,-2.2,-22.5,2.2,-22.5,NA,NA,NA,-110.6,-110.6,-133.1
2012,127,-22.5,-22.5,-22.5,-22.5,-22.5,-22.5,-22.5,-26.432664756447,-32.9464285714286,-22.5,-22.5,-22.5,-22.5,NA,NA,NA,-135,-135,-157.5
2012,128,-22.5,-22.5,-22.5,-22.5,-22.5,-22.5,-22.5,-26.432664756447,-32.9464285714286,-22.5,-22.5,-22.5,-22.5,NA,NA,NA,-135,-135,-157.5
2012,129,-22.5,-22.5,-22.5,-22.5,-22.5,-22.5,-22.5,-26.432664756447,-32.9464285714286,-22.5,-22.5,-22.5,-22.5,NA,NA,NA,-135,-135,-157.5
2012,130,-22.5,-22.5,-22.5,10.9,3.9,36.7,17.9,40.647564469914,39.3892857142857,31,38.8,41.5,51.4,NA,NA,NA,-16,-16,1.9
2012,131,-22.5,-22.5,-0.4,-22.5,1.7,-2.2,-22.5,-26.432664756447,-32.9464285714286,-22.5,-22.5,-22.5,-22.5,NA,NA,NA,-68.4,-68.4,-90.9
2012,132,-22.5,-22.5,-22.5,-22.5,-22.5,-22.5,-22.5,-26.432664756447,-32.9464285714286,-22.5,-22.5,-22.5,-22.5,NA,NA,NA,-135,-135,-157.5
2012,133,-22.5,-22.5,-22.5,-22.5,-22.5,-22.5,-22.5,-26.432664756447,-32.9464285714286,-22.5,-22.5,-22.5,-22.5,NA,NA,NA,-135,-135,-157.5
2012,134,-22.5,-22.5,-22.5,-22.5,-22.5,-22.5,-22.5,-26.432664756447,-32.9464285714286,-22.5,-22.5,-22.5,-22.5,NA,NA,NA,-135,-135,-157.5
2012,135,-22.5,-22.5,-22.5,-22.5,-22.5,-22.5,-22.5,-26.432664756447,-32.9464285714286,-22.5,-22.5,-22.5,-22.5,NA,NA,NA,-135,-135,-157.5
2012,136,-22.5,-22.5,-22.5,-22.5,-22.5,-22.5,-22.5,-26.432664756447,-32.9464285714286,-22.5,-22.5,-22.5,-22.5,NA,NA,NA,-135,-135,-157.5
2012,137,-22.5,-1.1,-22.5,-1.3,9,4.2,-0.1,-3.40687679083095,0.439285714285714,-22.5,-22.5,-22.5,-22.5,NA,NA,NA,-34.2,-34.2,-34.3
2012,138,-22.5,-22.5,-22.5,-22.5,-22.5,-0.3,-22.5,-26.432664756447,-32.9464285714286,-0.7,-22.5,-22.5,-22.5,NA,NA,NA,-112.8,-112.8,-135.3
2012,139,-22.5,-22.5,-22.5,-22.5,-22.5,-22.5,-22.5,-26.432664756447,-32.9464285714286,-22.5,-22.5,-22.5,-22.5,NA,NA,NA,-135,-135,-157.5
2012,140,-22.5,-22.5,-22.5,-22.5,-22.5,-22.5,-22.5,-26.432664756447,-32.9464285714286,-22.5,-22.5,-22.5,-22.5,NA,NA,NA,-135,-135,-157.5
2012,141,-22.5,-22.5,-22.5,-22.5,-22.5,-22.5,-22.5,-26.432664756447,-32.9464285714286,-22.5,-22.5,-22.5,-22.5,NA,NA,NA,-135,-135,-157.5
2012,142,-22.5,-22.5,-22.5,-22.5,-22.5,-22.5,-22.5,-26.432664756447,-32.9464285714286,-22.5,-22.5,-22.5,-22.5,NA,NA,NA,-135,-135,-157.5
2012,143,-22.5,-22.5,-22.5,-22.5,-22.5,-22.5,-22.5,-26.432664756447,-32.9464285714286,-22.5,-22.5,-22.5,-22.5,NA,NA,NA,-135,-135,-157.5
2012,144,-22.5,-22.5,-22.5,-22.5,-22.5,-22.5,-22.5,-26.432664756447,-32.9464285714286,-22.5,-22.5,-22.5,-22.5,NA,NA,NA,-135,-135,-157.5
2012,145,-22.5,-22.5,-22.5,-22.5,-22.5,-22.5,-22.5,-26.432664756447,-32.9464285714286,-22.5,-22.5,-22.5,-22.5,NA,NA,NA,-135,-135,-157.5
2012,146,-22.5,-22.5,-22.5,-22.5,-22.5,-22.5,-22.5,-26.432664756447,-32.9464285714286,-22.5,-22.5,-22.5,-22.5,NA,NA,NA,-135,-135,-157.5
2012,147,-22.5,-22.5,-22.5,-2.6,-3.6,1.2,-4.3,7.87106017191977,-7.32142857142857,6.4,0.4,7.7,0.4,NA,NA,NA,-72.5,-72.5,-76.8
2012,148,-22.5,-22.5,-22.5,-22.5,-22.5,-22.5,-22.5,-26.432664756447,-32.9464285714286,-22.5,-22.5,-22.5,-22.5,NA,NA,NA,-135,-135,-157.5
2012,149,-22.5,-22.5,-22.5,-22.5,-22.5,-22.5,-22.5,-26.432664756447,-32.9464285714286,-22.5,-22.5,-22.5,-22.5,NA,NA,NA,-135,-135,-157.5
2012,150,-22.5,-22.5,-22.5,-22.5,-22.5,8.8,6.2,7.51862464183381,1.90357142857143,14.9,8,0.4,-2.1,NA,NA,NA,-103.7,-103.7,-97.5
2012,151,-22.5,-22.5,-22.5,5.3,3.5,9.7,7,0.939828080229226,2.63571428571429,6.5,11.2,2.6,4.6,NA,NA,NA,-49,-49,-42
2012,152,-22.5,-22.5,-22.5,-22.5,-22.5,-22.5,-22.5,-26.432664756447,-32.9464285714286,-22.5,-22.5,-22.5,-22.5,NA,NA,NA,-135,-135,-157.5
2012,153,-22.5,-22.5,-22.5,-22.5,-22.5,-22.5,-22.5,-26.432664756447,-32.9464285714286,-22.5,-22.5,-22.5,-22.5,NA,NA,NA,-135,-135,-157.5
2012,154,-22.5,-22.5,-22.5,-22.5,-22.5,-22.5,-22.5,-26.432664756447,-32.9464285714286,-22.5,-22.5,-22.5,-22.5,NA,NA,NA,-135,-135,-157.5
2012,155,-22.5,-22.5,-22.5,-22.5,-22.5,-22.5,-22.5,-26.432664756447,-32.9464285714286,-22.5,-22.5,-22.5,-22.5,NA,NA,NA,-135,-135,-157.5
2012,156,-22.5,-22.5,-22.5,2.6,4.4,0.6,1.7,1.99713467048711,7.76071428571429,5.3,-1.1,-8.4,6.4,NA,NA,NA,-59.9,-59.9,-58.2
2012,157,-22.5,-22.5,-22.5,-22.5,-22.5,-22.5,-22.5,-26.432664756447,-32.9464285714286,-22.5,-22.5,-22.5,-22.5,NA,NA,NA,-135,-135,-157.5
2012,158,-22.5,-22.5,-22.5,-22.5,-22.5,-22.5,-22.5,-26.432664756447,-32.9464285714286,-22.5,-22.5,-22.5,-22.5,NA,NA,NA,-135,-135,-157.5
2012,159,-22.5,-22.5,-22.5,-22.5,-22.5,-22.5,-22.5,-26.432664756447,-32.9464285714286,-22.5,-22.5,-22.5,-22.5,NA,NA,NA,-135,-135,-157.5
2012,160,-22.5,-22.5,-22.5,-22.5,-22.5,-22.5,-22.5,-26.432664756447,-32.9464285714286,-22.5,-22.5,-22.5,-22.5,NA,NA,NA,-135,-135,-157.5
2012,161,-22.5,-22.5,-22.5,-22.5,1.3,6.6,-3.7,-26.432664756447,-32.9464285714286,-22.5,-22.5,-22.5,-22.5,NA,NA,NA,-82.1,-82.1,-85.8
2012,162,-22.5,-22.5,-22.5,0.5,0.5,-22.5,-0.8,2.81948424068768,-32.9464285714286,-22.5,-22.5,-22.5,-22.5,NA,NA,NA,-89,-89,-89.8
2012,163,-22.5,-22.5,-22.5,-0.4,0.2,3.3,-2.7,5.5214899713467,14.7892857142857,8.2,45.4,23.9,12,NA,NA,NA,-64.4,-64.4,-67.1
2012,164,-22.5,-22.5,-22.5,-22.5,-22.5,-22.5,-22.5,-26.432664756447,-32.9464285714286,-22.5,-22.5,-22.5,-22.5,NA,NA,NA,-135,-135,-157.5
2012,165,-22.5,-22.5,-22.5,-22.5,-22.5,-22.5,-22.5,-26.432664756447,-32.9464285714286,-22.5,-22.5,-22.5,-22.5,NA,NA,NA,-135,-135,-157.5
2012,166,-22.5,-22.5,-22.5,-22.5,-22.5,-22.5,-22.5,-26.432664756447,-32.9464285714286,-22.5,-22.5,-22.5,-22.5,NA,NA,NA,-135,-135,-157.5
2012,167,-22.5,-22.5,-22.5,-22.5,-22.5,-22.5,-22.5,-1.29226361031519,-32.9464285714286,-22.5,-22.5,-22.5,-22.5,NA,NA,NA,-135,-135,-157.5
2012,168,-22.5,-22.5,-22.5,-22.5,-22.5,-22.5,-22.5,-26.432664756447,-32.9464285714286,-22.5,-22.5,-22.5,-22.5,NA,NA,NA,-135,-135,-157.5
2012,169,-22.5,-22.5,-22.5,0.1,-1.2,6.4,5.2,5.16905444126075,1.75714285714286,3.7,-1.3,-1.9,2.8,NA,NA,NA,-62.2,-62.2,-57
2012,170,-22.5,-22.5,-22.5,-22.5,-22.5,-22.5,-22.5,-26.432664756447,-32.9464285714286,-22.5,-22.5,-22.5,-22.5,NA,NA,NA,-135,-135,-157.5
2012,171,-22.5,-22.5,-22.5,-22.5,-22.5,0.6,2.5,-26.432664756447,-32.9464285714286,-22.5,-22.5,-22.5,-22.5,NA,NA,NA,-111.9,-111.9,-109.4
2012,172,-22.5,-22.5,-22.5,-22.5,-22.5,-22.5,-22.5,-26.432664756447,-32.9464285714286,-22.5,-22.5,-22.5,-22.5,NA,NA,NA,-135,-135,-157.5
2012,173,-22.5,-22.5,-22.5,-22.5,-22.5,-22.5,-22.5,-26.432664756447,-32.9464285714286,-22.5,-22.5,-22.5,-22.5,NA,NA,NA,-135,-135,-157.5
2012,174,-22.5,-22.5,-22.5,-22.5,-22.5,-22.5,-22.5,-26.432664756447,-32.9464285714286,-22.5,-22.5,-22.5,-22.5,NA,NA,NA,-135,-135,-157.5
2012,175,-22.5,-22.5,-22.5,-22.5,8.6,5.4,10.5,6.22636103151862,-1.61071428571429,-0.1,5.7,-4.5,-1.7,NA,NA,NA,-76,-76,-65.5
2012,176,-22.5,-22.5,0.3,-0.8,-1.6,-22.5,-22.5,-26.432664756447,-32.9464285714286,-0.3,-22.5,-22.5,-22.5,NA,NA,NA,-69.6,-69.6,-92.1
2012,177,-22.5,-22.5,-22.5,-22.5,-22.5,-22.5,-22.5,-26.432664756447,-32.9464285714286,-22.5,-22.5,-22.5,-22.5,NA,NA,NA,-135,-135,-157.5
2012,178,-22.5,-22.5,-22.5,-22.5,-22.5,-22.5,-22.5,-26.432664756447,-32.9464285714286,-22.5,-22.5,-22.5,-22.5,NA,NA,NA,-135,-135,-157.5
2012,179,-22.5,-5.8,0.5,-22.5,-3.2,-22.5,-22.5,-26.432664756447,-32.9464285714286,-22.5,-22.5,-22.5,-22.5,NA,NA,NA,-76,-76,-98.5
2012,180,-22.5,-22.5,-22.5,-22.5,-22.5,-22.5,-22.5,-26.432664756447,-32.9464285714286,-22.5,-22.5,-22.5,-22.5,NA,NA,NA,-135,-135,-157.5
2012,181,-22.5,-22.5,-22.5,-22.5,2.8,2.8,3.9,-26.432664756447,-32.9464285714286,-22.5,-22.5,-22.5,-22.5,NA,NA,NA,-84.4,-84.4,-80.5
2012,182,-22.5,-22.5,-22.5,-22.5,-22.5,-22.5,-22.5,-26.432664756447,-32.9464285714286,-22.5,-22.5,-22.5,-22.5,NA,NA,NA,-135,-135,-157.5
2012,183,-22.5,-22.5,-22.5,-22.5,-22.5,-22.5,-22.5,-26.432664756447,-32.9464285714286,-22.5,-22.5,-22.5,-22.5,NA,NA,NA,-135,-135,-157.5
2012,184,-22.5,-22.5,-22.5,-22.5,0,0.1,-22.5,-26.432664756447,-32.9464285714286,-22.5,-22.5,-22.5,-22.5,NA,NA,NA,-89.9,-89.9,-112.4
2012,185,-22.5,-22.5,-22.5,-22.5,-22.5,-22.5,-22.5,-0.234957020057307,-32.9464285714286,-22.5,-22.5,-22.5,-22.5,NA,NA,NA,-135,-135,-157.5
2012,186,-22.5,-22.5,-22.5,-22.5,-22.5,-22.5,-22.5,-26.432664756447,-32.9464285714286,-22.5,-22.5,-22.5,-22.5,NA,NA,NA,-135,-135,-157.5
2012,187,-22.5,-22.5,-22.5,-22.5,-22.5,-22.5,-22.5,-26.432664756447,-32.9464285714286,-22.5,-22.5,-22.5,-22.5,NA,NA,NA,-135,-135,-157.5
2012,188,-22.5,-22.5,-22.5,-22.5,-22.5,-22.5,-22.5,-26.432664756447,-32.9464285714286,-22.5,-22.5,-22.5,-22.5,NA,NA,NA,-135,-135,-157.5
2012,189,-22.5,-22.5,-22.5,-22.5,-22.5,-22.5,-22.5,-26.432664756447,-32.9464285714286,-22.5,-22.5,-22.5,-22.5,NA,NA,NA,-135,-135,-157.5
2012,190,-22.5,-22.5,-22.5,-22.5,-22.5,-22.5,-22.5,-26.432664756447,-32.9464285714286,-22.5,-22.5,-22.5,-22.5,NA,NA,NA,-135,-135,-157.5
2012,191,-22.5,-22.5,-22.5,-22.5,-22.5,-22.5,-22.5,-26.432664756447,-32.9464285714286,-22.5,-22.5,-22.5,-22.5,NA,NA,NA,-135,-135,-157.5
2012,192,-22.5,-22.5,-22.5,-22.5,-22.5,-22.5,-22.5,-26.432664756447,-32.9464285714286,-22.5,-22.5,-22.5,-22.5,NA,NA,NA,-135,-135,-157.5
2012,193,-22.5,-22.5,-22.5,-22.5,-0.3,-22.5,-22.5,-26.432664756447,-32.9464285714286,-22.5,-22.5,-22.5,-22.5,NA,NA,NA,-112.8,-112.8,-135.3
2012,194,-22.5,-22.5,-22.5,-22.5,-22.5,-22.5,-22.5,-26.432664756447,-32.9464285714286,-22.5,-22.5,-22.5,-22.5,NA,NA,NA,-135,-135,-157.5
2012,195,-22.5,-22.5,-22.5,-22.5,-22.5,5.1,-0.6,1.99713467048711,-7.61428571428571,-22.5,-22.5,-22.5,-22.5,NA,NA,NA,-107.4,-107.4,-108
2012,196,-22.5,-22.5,-22.5,-22.5,-22.5,-22.5,-22.5,-26.432664756447,-32.9464285714286,-22.5,-22.5,-22.5,-22.5,NA,NA,NA,-135,-135,-157.5
2012,197,-22.5,-22.5,-22.5,-22.5,-22.5,-22.5,-22.5,-26.432664756447,-32.9464285714286,-22.5,-22.5,-22.5,-22.5,NA,NA,NA,-135,-135,-157.5
2012,198,-22.5,-22.5,-22.5,-22.5,-22.5,5,-0.8,-3.75931232091691,-32.9464285714286,-22.5,-22.5,-22.5,-22.5,NA,NA,NA,-107.5,-107.5,-108.3
2012,199,-22.5,-22.5,-22.5,-22.5,-22.5,-22.5,-22.5,-26.432664756447,-32.9464285714286,-22.5,-22.5,-0.9,-22.5,NA,NA,NA,-135,-135,-157.5
2012,200,-22.5,-22.5,-22.5,-22.5,-22.5,-22.5,-22.5,-26.432664756447,-32.9464285714286,-22.5,-22.5,-22.5,-22.5,NA,NA,NA,-135,-135,-157.5
2012,201,-22.5,-22.5,-22.5,-22.5,-22.5,-22.5,-22.5,-26.432664756447,-32.9464285714286,-22.5,-22.5,-22.5,-22.5,NA,NA,NA,-135,-135,-157.5
2012,202,-22.5,-22.5,-22.5,-22.5,-22.5,-22.5,-22.5,6.34383954154728,-10.6892857142857,-22.5,-22.5,-22.5,-22.5,NA,NA,NA,-135,-135,-157.5
2012,203,-22.5,-22.5,-22.5,-22.5,-22.5,-22.5,-22.5,-26.432664756447,-32.9464285714286,-22.5,-22.5,-22.5,-22.5,NA,NA,NA,-135,-135,-157.5
2012,204,-22.5,-22.5,-22.5,-22.5,-22.5,-22.5,-22.5,-26.432664756447,-32.9464285714286,-22.5,-22.5,-22.5,-22.5,NA,NA,NA,-135,-135,-157.5
2012,205,-22.5,-22.5,-22.5,-22.5,-22.5,-22.5,-22.5,-26.432664756447,-32.9464285714286,-22.5,-22.5,-22.5,-22.5,NA,NA,NA,-135,-135,-157.5
2012,206,-22.5,-22.5,-22.5,-22.5,-22.5,-22.5,-22.5,-26.432664756447,-32.9464285714286,-22.5,-22.5,-22.5,-22.5,NA,NA,NA,-135,-135,-157.5
2012,207,-22.5,-22.5,-22.5,-22.5,-22.5,-22.5,-22.5,-26.432664756447,-32.9464285714286,-22.5,-22.5,-22.5,-22.5,NA,NA,NA,-135,-135,-157.5
2012,208,-22.5,-22.5,-22.5,-22.5,-22.5,-22.5,-22.5,-26.432664756447,-32.9464285714286,-22.5,-22.5,-22.5,-22.5,NA,NA,NA,-135,-135,-157.5
2012,209,-22.5,-22.5,-22.5,-22.5,-22.5,-22.5,-22.5,-26.432664756447,-32.9464285714286,-22.5,-22.5,-22.5,-22.5,NA,NA,NA,-135,-135,-157.5
2012,210,-22.5,-22.5,-22.5,-22.5,-22.5,1.2,-0.5,-26.432664756447,-32.9464285714286,-0.4,5.9,-1.6,-0.9,NA,NA,NA,-111.3,-111.3,-111.8
2013,1,15.3,3.4,11.9,10.5,19.8,17.1,23.2607449856734,18.45,13.8,27.8,36,15.3,NA,NA,NA,NA,78,78,101.260744985673
2013,2,6.8,3.7,13.6,15,15.6,23.9,2.70200573065903,17.425,19.4,16.9,21.6,13.5,NA,NA,NA,NA,78.6,78.6,81.302005730659
2013,3,-22.5,2.7,4.4,9.3,-6.2,0.5,-2.58452722063037,0.146428571428571,-2.4,-4.2,15.4,8.9,NA,NA,NA,NA,-11.8,-11.8,-14.3845272206304
2013,4,0.5,5.8,-4.1,8.3,7.3,3.2,5.2865329512894,-8.63928571428571,5.8,7.1,3.7,4.7,NA,NA,NA,NA,21,21,26.2865329512894
2013,5,-1.5,1,-0.9,6.7,1.5,11,6.10888252148997,14.4964285714286,22.1,7,-4.5,11.3,NA,NA,NA,NA,17.8,17.8,23.90888252149
2013,6,4.2,6.1,12.2,7,10.1,12.2,1.29226361031519,0,-2.1,2.3,9.6,16.4,NA,NA,NA,NA,51.8,51.8,53.0922636103152
2013,7,-22.5,-22.5,-6.4,-1.8,3.2,5,0.117478510028653,14.6428571428571,0.4,4.1,2.9,1.9,NA,NA,NA,NA,-45,-45,-44.8825214899713
2013,8,-3.3,-10.4,6.5,5,4.1,1.1,6.69627507163324,-6.29642857142857,2.8,9,2.1,6.5,NA,NA,NA,NA,3,3,9.69627507163324
2013,9,-22.5,-2.7,-0.4,5.9,13.6,9.4,0.70487106017192,7.46785714285714,8.7,8.5,13.8,2.7,NA,NA,NA,NA,3.3,3.3,4.00487106017192
2013,10,8,-0.7,3.1,-22.5,-22.5,4.2,17.269340974212,7.32142857142857,17,9.3,8.7,2.5,NA,NA,NA,NA,-30.4,-30.4,-13.130659025788
2013,11,-22.5,-22.5,-22.5,-22.5,-22.5,-1.4,-26.432664756447,-4.97857142857143,-22.5,-22.5,-22.5,-22.5,NA,NA,NA,NA,-113.9,-113.9,-140.332664756447
2013,12,-22.5,-22.5,12.3,5.8,3.5,10.5,14.0974212034384,-6.58928571428571,7.1,-2.3,11.3,0.2,NA,NA,NA,NA,-12.9,-12.9,1.19742120343839
2013,13,-22.5,-22.5,-22.5,6.3,10.4,8,0.117478510028653,-8.93214285714286,8.1,15.6,15.4,10.5,NA,NA,NA,NA,-42.8,-42.8,-42.6825214899714
2013,14,-22.5,-2.6,10.4,12.4,19.2,-1.7,1.99713467048711,8.34642857142857,2.5,-0.6,9.2,2.9,NA,NA,NA,NA,15.2,15.2,17.1971346704871
2013,15,-22.5,-22.5,5.2,-22.5,8.7,12,22.6733524355301,8.78571428571428,8,6.9,7.9,-2.3,NA,NA,NA,NA,-41.6,-41.6,-18.9266475644699
2013,16,-0.1,2.1,-0.9,-4.1,4.9,5.1,-4.11174785100287,-0.292857142857143,-2.5,6.3,-4.3,2.5,NA,NA,NA,NA,7,7,2.88825214899713
2013,17,-22.5,5.2,-3.4,-0.2,1.7,-22.5,0.822349570200573,4.1,4.8,-2.8,8.9,-4.8,NA,NA,NA,NA,-41.7,-41.7,-40.8776504297994
2013,18,-22.5,2.2,-4.4,-22.5,3.7,1.4,-5.87392550143267,-32.9464285714286,-22.5,-22.5,-22.5,-22.5,NA,NA,NA,NA,-42.1,-42.1,-47.9739255014327
2013,19,-22.5,1.7,2.9,-22.5,-22.5,-22.5,-26.432664756447,-32.9464285714286,-22.5,-22.5,-22.5,-22.5,NA,NA,NA,NA,-85.4,-85.4,-111.832664756447
2013,20,-22.5,-22.5,1.6,8.5,8,5,11.7478510028653,1.61071428571429,7.9,4.7,17.6,3.1,NA,NA,NA,NA,-21.9,-21.9,-10.1521489971347
2013,21,-22.5,-22.5,-0.9,1.8,-2.2,4.1,0.234957020057307,-32.9464285714286,-0.3,-22.5,-22.5,-22.5,NA,NA,NA,NA,-42.2,-42.2,-41.9650429799427
2013,22,-22.5,-22.5,-22.5,-22.5,-22.5,-22.5,-26.432664756447,-32.9464285714286,-22.5,-22.5,-22.5,-22.5,NA,NA,NA,NA,-135,-135,-161.432664756447
2013,23,-22.5,11.8,3.2,2,5.3,2.6,6.22636103151862,14.9357142857143,11.7,0.3,-3,4.9,NA,NA,NA,NA,2.4,2.4,8.62636103151863
2013,24,-22.5,-22.5,-0.2,-0.9,-22.5,-22.5,-26.432664756447,-32.9464285714286,-22.5,-22.5,-22.5,-22.5,NA,NA,NA,NA,-91.1,-91.1,-117.532664756447
2013,25,-22.5,-22.5,-2.6,0.2,-0.5,-22.5,-26.432664756447,-1.75714285714286,3,-1.6,2.8,-0.9,NA,NA,NA,NA,-70.4,-70.4,-96.832664756447
2013,26,-22.5,-22.5,2.8,-1.1,5.7,5.4,7.51862464183381,12.5928571428571,5.9,10.2,6.2,7.5,NA,NA,NA,NA,-32.2,-32.2,-24.6813753581662
2013,27,-22.5,9.1,0.8,3.6,-0.2,-0.6,-26.432664756447,-32.9464285714286,-22.5,-22.5,-22.5,-22.5,NA,NA,NA,NA,-9.8,-9.8,-36.232664756447
2013,28,-22.5,-22.5,-22.5,-22.5,-22.5,-22.5,-26.432664756447,-32.9464285714286,-22.5,-22.5,-22.5,-22.5,NA,NA,NA,NA,-135,-135,-161.432664756447
2013,29,-22.5,-22.5,-22.5,0.9,-2,10.2,8.69340974212034,2.48928571428571,-5.7,4.9,16.3,2.8,NA,NA,NA,NA,-58.4,-58.4,-49.7065902578796
2013,30,-22.5,-22.5,-22.5,8.9,4.2,2.2,10.8080229226361,6.88214285714286,10.1,4.1,9.5,6.5,NA,NA,NA,NA,-52.2,-52.2,-41.3919770773639
2013,31,-22.5,-22.5,-22.5,-22.5,-2.1,-1.7,-26.432664756447,-32.9464285714286,-22.5,-22.5,-22.5,-22.5,NA,NA,NA,NA,-93.8,-93.8,-120.232664756447
2013,32,-22.5,-22.5,-7,-22.5,-1.9,-22.5,-26.432664756447,-32.9464285714286,-22.5,-22.5,-22.5,-22.5,NA,NA,NA,NA,-98.9,-98.9,-125.332664756447
2013,33,-22.5,-22.5,-22.5,-2,1.1,2.9,-7.0487106017192,-0.878571428571428,-3.6,-2,0.5,-22.5,NA,NA,NA,NA,-65.5,-65.5,-72.5487106017192
2013,34,-22.5,-1.8,-2.2,-1.2,-1.5,-0.5,-2.23209169054441,-0.585714285714286,-22.5,-22.5,-22.5,-22.5,NA,NA,NA,NA,-29.7,-29.7,-31.9320916905444
2013,35,-22.5,-22.5,-22.5,3.2,-6.9,-0.5,12.1002865329513,11.275,0.8,9.9,1.3,1.8,NA,NA,NA,NA,-71.7,-71.7,-59.5997134670487
2013,36,-22.5,-22.5,-22.5,-22.5,-22.5,-22.5,-26.432664756447,-32.9464285714286,3,-22.5,-22.5,-22.5,NA,NA,NA,NA,-135,-135,-161.432664756447
2013,37,-22.5,-22.5,-22.5,-22.5,3.1,-2.5,-2.93696275071633,-32.9464285714286,-22.5,-22.5,-22.5,-22.5,NA,NA,NA,NA,-89.4,-89.4,-92.3369627507163
2013,38,-22.5,-22.5,-22.5,-22.5,-22.5,-22.5,-26.432664756447,-32.9464285714286,-22.5,-22.5,-22.5,-22.5,NA,NA,NA,NA,-135,-135,-161.432664756447
2013,39,-22.5,-22.5,1,-1.3,-22.5,-22.5,-26.432664756447,-32.9464285714286,-3,-2.7,-22.5,-22.5,NA,NA,NA,NA,-90.3,-90.3,-116.732664756447
2013,40,-22.5,-22.5,-22.5,1.7,1.6,-3.5,-26.432664756447,-32.9464285714286,-22.5,-22.5,-22.5,-22.5,NA,NA,NA,NA,-67.7,-67.7,-94.132664756447
2013,41,-22.5,-22.5,-22.5,-22.5,-0.1,-10.4,3.17191977077364,-4.39285714285714,-2,0.2,-2,-22.5,NA,NA,NA,NA,-100.5,-100.5,-97.3280802292264
2013,42,-22.5,-22.5,-22.5,1.7,0.4,0.6,-26.432664756447,-32.9464285714286,-22.5,1.1,-22.5,-22.5,NA,NA,NA,NA,-64.8,-64.8,-91.232664756447
2013,43,-22.5,-22.5,-1.1,-0.1,0.3,0.4,0.35243553008596,-2.05,-2.7,2.7,0,-22.5,NA,NA,NA,NA,-45.5,-45.5,-45.147564469914
2013,44,-22.5,-22.5,-22.5,0.3,0.8,-2.5,14.3323782234957,10.8357142857143,28.7,7.7,19.2,-2.3,NA,NA,NA,NA,-68.9,-68.9,-54.5676217765043
2013,45,-22.5,-22.5,-22.5,-0.4,-22.5,-22.5,-26.432664756447,-32.9464285714286,-22.5,-22.5,-22.5,-22.5,NA,NA,NA,NA,-112.9,-112.9,-139.332664756447
2013,46,-22.5,-22.5,-22.5,0.6,1.7,-22.5,-26.432664756447,-32.9464285714286,-22.5,-22.5,-22.5,-22.5,NA,NA,NA,NA,-87.7,-87.7,-114.132664756447
2013,47,-22.5,-22.5,-22.5,-22.5,-22.5,-22.5,-26.432664756447,-32.9464285714286,-22.5,-22.5,-22.5,-22.5,NA,NA,NA,NA,-135,-135,-161.432664756447
2013,48,-22.5,-22.5,-22.5,-22.5,-22.5,-22.5,-26.432664756447,-32.9464285714286,-22.5,-22.5,-22.5,-22.5,NA,NA,NA,NA,-135,-135,-161.432664756447
2013,49,-22.5,-22.5,-22.5,-22.5,-22.5,-22.5,-26.432664756447,-32.9464285714286,-22.5,-22.5,-22.5,-22.5,NA,NA,NA,NA,-135,-135,-161.432664756447
2013,50,-22.5,-22.5,-22.5,-22.5,2,2.5,-26.432664756447,-32.9464285714286,-1.3,-22.5,-22.5,-22.5,NA,NA,NA,NA,-85.5,-85.5,-111.932664756447
2013,51,-22.5,-22.5,-22.5,-22.5,1.5,4,-1.64469914040115,-32.9464285714286,-22.5,-22.5,-22.5,-22.5,NA,NA,NA,NA,-84.5,-84.5,-86.1446991404011
2013,52,-22.5,-22.5,0.2,0.2,1.3,0.1,-26.432664756447,-32.9464285714286,-2,-22.5,8.8,-22.5,NA,NA,NA,NA,-43.2,-43.2,-69.632664756447
2013,53,-22.5,-22.5,-22.5,-22.5,-6.5,-4.9,-3.5243553008596,-32.9464285714286,-22.5,-22.5,-22.5,-22.5,NA,NA,NA,NA,-101.4,-101.4,-104.92435530086
2013,54,-22.5,-22.5,-22.5,-22.5,-22.5,-22.5,-26.432664756447,-32.9464285714286,-22.5,-22.5,-22.5,-22.5,NA,NA,NA,NA,-135,-135,-161.432664756447
2013,55,-22.5,-22.5,-22.5,8.1,0.6,7.5,7.87106017191977,-0.585714285714286,7.7,7.9,13.3,9.8,NA,NA,NA,NA,-51.3,-51.3,-43.4289398280802
2013,56,-22.5,-22.5,-22.5,-22.5,-22.5,-22.5,-26.432664756447,-32.9464285714286,-22.5,-22.5,-22.5,-22.5,NA,NA,NA,NA,-135,-135,-161.432664756447
2013,57,-22.5,-22.5,-22.5,1.3,-0.4,-1.6,3.28939828080229,-0.878571428571428,6.1,8.7,3.1,1.9,NA,NA,NA,NA,-68.2,-68.2,-64.9106017191977
2013,58,-22.5,-22.5,-22.5,-0.3,7.1,9,7.16618911174785,0,13.5,9.1,8.3,4.3,NA,NA,NA,NA,-51.7,-51.7,-44.5338108882521
2013,59,-22.5,-22.5,-22.5,0.3,-4.6,-0.3,-0.70487106017192,0.292857142857143,14.4,-8.5,1,9.3,NA,NA,NA,NA,-72.1,-72.1,-72.8048710601719
2013,60,-22.5,-22.5,-22.5,-22.5,-22.5,-22.5,-26.432664756447,-32.9464285714286,-22.5,-22.5,-22.5,-22.5,NA,NA,NA,NA,-135,-135,-161.432664756447
2013,61,-22.5,-22.5,-22.5,-0.3,-22.5,2.2,11.6303724928367,3.95357142857143,-1.4,1.2,1.3,-22.5,NA,NA,NA,NA,-88.1,-88.1,-76.4696275071633
2013,62,-22.5,-22.5,-22.5,-22.5,-22.5,-22.5,-26.432664756447,-32.9464285714286,-22.5,-22.5,-22.5,-22.5,NA,NA,NA,NA,-135,-135,-161.432664756447
2013,63,-22.5,-22.5,-22.5,-5,-22.5,-22.5,-26.432664756447,-32.9464285714286,11.5,-19.7,0.4,-5.2,NA,NA,NA,NA,-117.5,-117.5,-143.932664756447
2013,64,-22.5,-22.5,-22.5,-22.5,-22.5,-22.5,-26.432664756447,-32.9464285714286,-22.5,-22.5,-22.5,-22.5,NA,NA,NA,NA,-135,-135,-161.432664756447
2013,65,-22.5,-22.5,-22.5,-22.5,-22.5,-22.5,-26.432664756447,-32.9464285714286,-22.5,-22.5,-22.5,-22.5,NA,NA,NA,NA,-135,-135,-161.432664756447
2013,66,-22.5,-22.5,1.9,23.1,6.5,14.6,-1.40974212034384,16.4,6,8.9,3.6,2.7,NA,NA,NA,NA,1.1,1.1,-0.30974212034384
2013,67,-22.5,-22.5,-22.5,-22.5,-22.5,-22.5,-26.432664756447,-32.9464285714286,-22.5,-22.5,-22.5,-22.5,NA,NA,NA,NA,-135,-135,-161.432664756447
2013,68,-22.5,-22.5,-22.5,-22.5,-22.5,-22.5,-26.432664756447,-32.9464285714286,-22.5,-22.5,-22.5,-22.5,NA,NA,NA,NA,-135,-135,-161.432664756447
2013,69,-22.5,-22.5,-22.5,0.5,-1.2,-22.5,-26.432664756447,-32.9464285714286,-22.5,-22.5,-22.5,-22.5,NA,NA,NA,NA,-90.7,-90.7,-117.132664756447
2013,70,-22.5,-22.5,-22.5,-22.5,-22.5,-22.5,-26.432664756447,-32.9464285714286,-22.5,-22.5,-22.5,-22.5,NA,NA,NA,NA,-135,-135,-161.432664756447
2013,71,-22.5,-22.5,-22.5,-22.5,-22.5,-22.5,-26.432664756447,-32.9464285714286,-22.5,-22.5,-22.5,-22.5,NA,NA,NA,NA,-135,-135,-161.432664756447
2013,72,-22.5,-22.5,-22.5,-22.5,-1,-22.5,-26.432664756447,-32.9464285714286,-22.5,-22.5,-22.5,-22.5,NA,NA,NA,NA,-113.5,-113.5,-139.932664756447
2013,73,-22.5,-22.5,-22.5,-22.5,-22.5,-22.5,-26.432664756447,-32.9464285714286,-22.5,-22.5,-22.5,-22.5,NA,NA,NA,NA,-135,-135,-161.432664756447
2013,74,-22.5,-22.5,-22.5,2.7,0.1,-1.4,-0.822349570200573,0.878571428571428,-3.7,-0.7,-22.5,0.2,NA,NA,NA,NA,-66.1,-66.1,-66.9223495702006
2013,75,-22.5,-22.5,-22.5,6.8,3.3,3.8,15.7421203438395,12.1535714285714,17,14.9,12.4,3.1,NA,NA,NA,NA,-53.6,-53.6,-37.8578796561605
2013,76,-22.5,-22.5,-22.5,-22.5,-22.5,-22.5,-26.432664756447,-32.9464285714286,-22.5,-22.5,-22.5,-22.5,NA,NA,NA,NA,-135,-135,-161.432664756447
2013,77,-22.5,-22.5,-22.5,7.6,-7.8,15.6,11.3954154727794,10.5428571428571,9.4,7.3,12.8,17.5,NA,NA,NA,NA,-52.1,-52.1,-40.7045845272206
2013,78,-22.5,-22.5,-22.5,-22.5,-22.5,0.9,5.5214899713467,-10.25,-22.5,-22.5,-22.5,-2,NA,NA,NA,NA,-111.6,-111.6,-106.078510028653
2013,79,-22.5,-22.5,10.3,-22.5,-2.7,0.8,6.57879656160458,3.95357142857143,0.4,-0.5,1.4,-6.7,NA,NA,NA,NA,-59.1,-59.1,-52.5212034383954
2013,80,-22.5,0.1,12.9,4.3,3.2,0.8,1.64469914040115,14.2035714285714,9.8,-3.3,12.7,-5.7,NA,NA,NA,NA,-1.2,-1.2,0.444699140401148
2013,81,-22.5,-22.5,-22.5,-0.8,-22.5,-1.1,-26.432664756447,0,-22.5,-22.5,-22.5,-22.5,NA,NA,NA,NA,-91.9,-91.9,-118.332664756447
2013,82,-22.5,-22.5,-22.5,-22.5,-22.5,-22.5,2.93696275071633,8.2,1,6.9,13.2,4.7,NA,NA,NA,NA,-135,-135,-132.063037249284
2013,83,-22.5,-22.5,-22.5,-22.5,-22.5,-22.5,-26.432664756447,-32.9464285714286,-22.5,-22.5,-22.5,-22.5,NA,NA,NA,NA,-135,-135,-161.432664756447
2013,84,-22.5,-22.5,-22.5,-22.5,-22.5,-22.5,-26.432664756447,-32.9464285714286,-22.5,-22.5,-22.5,-22.5,NA,NA,NA,NA,-135,-135,-161.432664756447
2013,85,-22.5,-22.5,-22.5,-22.5,-22.5,-22.5,-26.432664756447,-32.9464285714286,-22.5,-22.5,-22.5,-22.5,NA,NA,NA,NA,-135,-135,-161.432664756447
2013,86,-22.5,1.6,4.8,2.7,1.1,2.6,-26.432664756447,-32.9464285714286,-22.5,-22.5,-22.5,-22.5,NA,NA,NA,NA,-9.7,-9.7,-36.132664756447
2013,87,-22.5,-22.5,-22.5,-22.5,-22.5,-22.5,-26.432664756447,-32.9464285714286,-22.5,-22.5,-22.5,-22.5,NA,NA,NA,NA,-135,-135,-161.432664756447
2013,88,-22.5,-22.5,-1,-2.8,-0.9,-22.5,-26.432664756447,-32.9464285714286,-22.5,-22.5,-22.5,-22.5,NA,NA,NA,NA,-72.2,-72.2,-98.632664756447
2013,89,-22.5,-22.5,3.7,5,5.1,9,16.0945558739255,15.375,8.7,4.2,15.1,10.2,NA,NA,NA,NA,-22.2,-22.2,-6.1054441260745
2013,90,-22.5,-22.5,-22.5,0.8,-0.4,-0.5,-26.432664756447,-32.9464285714286,-22.5,-22.5,-22.5,-22.5,NA,NA,NA,NA,-67.6,-67.6,-94.032664756447
2013,91,-22.5,-22.5,-0.6,-22.5,-22.5,-22.5,-26.432664756447,-32.9464285714286,-22.5,-22.5,-22.5,-22.5,NA,NA,NA,NA,-113.1,-113.1,-139.532664756447
2013,92,-22.5,-22.5,-22.5,-22.5,-22.5,-22.5,-26.432664756447,-32.9464285714286,-22.5,-22.5,-22.5,-22.5,NA,NA,NA,NA,-135,-135,-161.432664756447
2013,93,-22.5,-22.5,-22.5,-22.5,-22.5,-22.5,-26.432664756447,-32.9464285714286,-0.8,-22.5,-22.5,-22.5,NA,NA,NA,NA,-135,-135,-161.432664756447
2013,94,-22.5,-22.5,-22.5,-22.5,-22.5,-22.5,-26.432664756447,-32.9464285714286,-22.5,-22.5,-22.5,-22.5,NA,NA,NA,NA,-135,-135,-161.432664756447
2013,95,-22.5,-22.5,-22.5,-22.5,-22.5,-22.5,-26.432664756447,-32.9464285714286,-22.5,-22.5,-22.5,-22.5,NA,NA,NA,NA,-135,-135,-161.432664756447
2013,96,-22.5,-22.5,-22.5,-22.5,-22.5,-22.5,-26.432664756447,-32.9464285714286,-22.5,-22.5,-22.5,-22.5,NA,NA,NA,NA,-135,-135,-161.432664756447
2013,97,-22.5,-22.5,-22.5,-22.5,-22.5,-22.5,-26.432664756447,-32.9464285714286,-22.5,-22.5,-22.5,-22.5,NA,NA,NA,NA,-135,-135,-161.432664756447
2013,98,-22.5,-22.5,-22.5,-22.5,-22.5,-22.5,-26.432664756447,-32.9464285714286,-22.5,-22.5,-22.5,-22.5,NA,NA,NA,NA,-135,-135,-161.432664756447
2013,99,-22.5,-22.5,0.2,6.7,18.1,13.2,18.9140401146132,34.9964285714286,31.9,52.2,8.1,-3.8,NA,NA,NA,NA,-6.79999999999999,-6.79999999999999,12.1140401146132
2013,100,-22.5,-22.5,-22.5,1.4,7.3,3.4,-0.70487106017192,6.15,-22.5,-4.7,-5.3,0.5,NA,NA,NA,NA,-55.4,-55.4,-56.1048710601719
2013,101,-22.5,-22.5,1.4,-22.5,-0.6,-1.3,4.11174785100287,9.37142857142857,4.3,4.2,15.6,4.3,NA,NA,NA,NA,-68,-68,-63.8882521489971
2013,102,-22.5,-22.5,0.3,-22.5,-22.5,-22.5,-26.432664756447,-32.9464285714286,-22.5,-22.5,-22.5,-22.5,NA,NA,NA,NA,-112.2,-112.2,-138.632664756447
2013,103,-22.5,-22.5,-22.5,-22.5,-22.5,-22.5,-26.432664756447,-32.9464285714286,-22.5,-22.5,-22.5,-22.5,NA,NA,NA,NA,-135,-135,-161.432664756447
2013,104,-22.5,-22.5,6.3,6.6,7.6,8.7,6.22636103151862,9.07857142857143,9.9,-4,2.9,4,NA,NA,NA,NA,-15.8,-15.8,-9.57363896848138
2013,105,-22.5,-22.5,-22.5,-22.5,-22.5,-22.5,-26.432664756447,-32.9464285714286,-22.5,-22.5,-22.5,-22.5,NA,NA,NA,NA,-135,-135,-161.432664756447
2013,106,-22.5,-22.5,-22.5,-22.5,-22.5,-22.5,-26.432664756447,-32.9464285714286,-22.5,-22.5,-22.5,-22.5,NA,NA,NA,NA,-135,-135,-161.432664756447
2013,107,-22.5,-22.5,-22.5,-22.5,-22.5,-22.5,-26.432664756447,-32.9464285714286,-22.5,-22.5,-22.5,-22.5,NA,NA,NA,NA,-135,-135,-161.432664756447
2013,108,-22.5,-22.5,0.6,1.8,-8.1,-3.9,-26.432664756447,1.61071428571429,-5.3,-2.7,-22.5,-22.5,NA,NA,NA,NA,-54.6,-54.6,-81.032664756447
2013,109,-22.5,-22.5,-22.5,-22.5,-22.5,-22.5,-26.432664756447,-32.9464285714286,-22.5,-22.5,-22.5,-22.5,NA,NA,NA,NA,-135,-135,-161.432664756447
2013,110,-22.5,-22.5,-22.5,-22.5,-22.5,0.8,10.3381088825215,3.51428571428571,5.8,10.6,-4.4,2.9,NA,NA,NA,NA,-111.7,-111.7,-101.361891117479
2013,111,-22.5,-22.5,-22.5,-22.5,-22.5,-22.5,-26.432664756447,-32.9464285714286,-22.5,-22.5,-22.5,-22.5,NA,NA,NA,NA,-135,-135,-161.432664756447
2013,112,-22.5,-22.5,-22.5,-22.5,-22.5,-22.5,-26.432664756447,-32.9464285714286,-22.5,-22.5,-22.5,-22.5,NA,NA,NA,NA,-135,-135,-161.432664756447
2013,113,-22.5,-22.5,-22.5,-22.5,-22.5,-22.5,-26.432664756447,-32.9464285714286,-22.5,-22.5,-22.5,-22.5,NA,NA,NA,NA,-135,-135,-161.432664756447
2013,114,-22.5,-22.5,-22.5,-22.5,-22.5,-22.5,-26.432664756447,-32.9464285714286,-22.5,-22.5,-22.5,-22.5,NA,NA,NA,NA,-135,-135,-161.432664756447
2013,115,-22.5,-22.5,-22.5,-22.5,-22.5,-22.5,-26.432664756447,-32.9464285714286,-22.5,-22.5,-22.5,-22.5,NA,NA,NA,NA,-135,-135,-161.432664756447
2013,116,-22.5,-22.5,-22.5,-22.5,-22.5,-22.5,-26.432664756447,-32.9464285714286,-22.5,-22.5,-22.5,-22.5,NA,NA,NA,NA,-135,-135,-161.432664756447
2013,117,-22.5,-22.5,-22.5,-22.5,-22.5,-22.5,-26.432664756447,-32.9464285714286,-22.5,-22.5,-22.5,-22.5,NA,NA,NA,NA,-135,-135,-161.432664756447
2013,118,-22.5,-22.5,2.3,-1,-22.5,-22.5,-26.432664756447,-32.9464285714286,-1.1,8.3,1.5,-1.8,NA,NA,NA,NA,-88.7,-88.7,-115.132664756447
2013,119,-22.5,-22.5,-22.5,-22.5,-22.5,-22.5,-26.432664756447,-32.9464285714286,-22.5,-22.5,-22.5,-22.5,NA,NA,NA,NA,-135,-135,-161.432664756447
2013,120,-22.5,-22.5,-22.5,-22.5,-22.5,-22.5,-26.432664756447,-32.9464285714286,-22.5,-22.5,-22.5,-22.5,NA,NA,NA,NA,-135,-135,-161.432664756447
2013,121,-22.5,-22.5,-22.5,-3.2,-0.1,-1.1,-2.11461318051576,4.1,5,0.2,-0.3,3.2,NA,NA,NA,NA,-71.9,-71.9,-74.0146131805158
2013,122,-22.5,-22.5,-22.5,-22.5,-22.5,-22.5,-26.432664756447,-32.9464285714286,-22.5,-22.5,-22.5,-22.5,NA,NA,NA,NA,-135,-135,-161.432664756447
2013,123,-22.5,-22.5,-22.5,-22.5,12.2,13.1,5.63896848137536,1.17142857142857,1.4,-22.5,-22.5,-22.5,NA,NA,NA,NA,-64.7,-64.7,-59.0610315186246
2013,124,0.3,-22.5,0.3,0,-22.5,-22.5,-26.432664756447,-32.9464285714286,-22.5,-22.5,-22.5,-22.5,NA,NA,NA,NA,-66.9,-66.9,-93.332664756447
2013,125,-22.5,-22.5,-22.5,-22.5,-22.5,0.9,-26.432664756447,-32.9464285714286,-22.5,-1.1,-22.5,-22.5,NA,NA,NA,NA,-111.6,-111.6,-138.032664756447
2013,126,-22.5,-22.5,-22.5,-22.5,-22.5,-22.5,-26.432664756447,-32.9464285714286,-22.5,-22.5,-22.5,-22.5,NA,NA,NA,NA,-135,-135,-161.432664756447
2013,127,-22.5,-22.5,-22.5,-22.5,-0.2,-22.5,6.81375358166189,-7.175,0.1,-22.5,-22.5,-22.5,NA,NA,NA,NA,-112.7,-112.7,-105.886246418338
2013,128,-22.5,-22.5,-22.5,-22.5,-22.5,-22.5,-26.432664756447,-32.9464285714286,-22.5,-22.5,-22.5,-22.5,NA,NA,NA,NA,-135,-135,-161.432664756447
2013,129,-22.5,-22.5,-22.5,-22.5,-22.5,5,7.63610315186247,27.5285714285714,-0.8,-7.4,-6.7,-22.5,NA,NA,NA,NA,-107.5,-107.5,-99.8638968481375
2013,130,-22.5,-22.5,-22.5,-22.5,-22.5,-22.5,-26.432664756447,-32.9464285714286,-22.5,-22.5,-22.5,-22.5,NA,NA,NA,NA,-135,-135,-161.432664756447
2013,131,-22.5,-22.5,-22.5,-22.5,-22.5,-22.5,-26.432664756447,-32.9464285714286,-22.5,-22.5,-22.5,-22.5,NA,NA,NA,NA,-135,-135,-161.432664756447
2013,132,-22.5,-22.5,-22.5,-22.5,-22.5,-22.5,-26.432664756447,-32.9464285714286,-22.5,-22.5,-22.5,-22.5,NA,NA,NA,NA,-135,-135,-161.432664756447
2013,133,-22.5,-22.5,-22.5,-22.5,-22.5,1.2,2.46704871060172,7.90714285714286,4.3,4.3,0.9,1.7,NA,NA,NA,NA,-111.3,-111.3,-108.832951289398
2013,134,-22.5,-22.5,-22.5,-22.5,-22.5,-2.7,-26.432664756447,-1.17142857142857,-22.5,-22.5,-22.5,-22.5,NA,NA,NA,NA,-115.2,-115.2,-141.632664756447
2013,135,-22.5,-22.5,-22.5,-22.5,-22.5,-22.5,-26.432664756447,-32.9464285714286,-22.5,-22.5,-22.5,-22.5,NA,NA,NA,NA,-135,-135,-161.432664756447
2013,136,-22.5,-22.5,-22.5,-22.5,-22.5,-22.5,-26.432664756447,-32.9464285714286,-22.5,-22.5,-22.5,-22.5,NA,NA,NA,NA,-135,-135,-161.432664756447
2013,137,-22.5,-22.5,-22.5,-22.5,-22.5,-22.5,7.2836676217765,9.51785714285714,1.2,0.8,3,-6.4,NA,NA,NA,NA,-135,-135,-127.716332378223
2013,138,-22.5,-22.5,-22.5,-22.5,-22.5,-22.5,-26.432664756447,-32.9464285714286,-22.5,-22.5,-22.5,-22.5,NA,NA,NA,NA,-135,-135,-161.432664756447
2013,139,-22.5,-22.5,-22.5,-22.5,-22.5,-22.5,-26.432664756447,-32.9464285714286,-22.5,-22.5,-22.5,-22.5,NA,NA,NA,NA,-135,-135,-161.432664756447
2013,140,-22.5,-22.5,-22.5,-22.5,-22.5,-22.5,-26.432664756447,-32.9464285714286,-22.5,-22.5,-22.5,-22.5,NA,NA,NA,NA,-135,-135,-161.432664756447
2013,141,-22.5,-22.5,-22.5,-22.5,-22.5,-22.5,-26.432664756447,-32.9464285714286,-22.5,-22.5,-22.5,-22.5,NA,NA,NA,NA,-135,-135,-161.432664756447
2013,142,-22.5,-22.5,-22.5,-22.5,-22.5,-22.5,-26.432664756447,-32.9464285714286,-22.5,-22.5,-22.5,-22.5,NA,NA,NA,NA,-135,-135,-161.432664756447
2013,143,-22.5,-22.5,-22.5,-22.5,-22.5,-22.5,-26.432664756447,-32.9464285714286,-22.5,-22.5,-22.5,-22.5,NA,NA,NA,NA,-135,-135,-161.432664756447
2013,144,-22.5,-22.5,-22.5,-22.5,-22.5,-22.5,-26.432664756447,-32.9464285714286,-22.5,-22.5,-22.5,-22.5,NA,NA,NA,NA,-135,-135,-161.432664756447
2013,145,-22.5,-22.5,-22.5,-22.5,-22.5,-22.5,-26.432664756447,-32.9464285714286,-22.5,-22.5,-22.5,-22.5,NA,NA,NA,NA,-135,-135,-161.432664756447
2013,146,-22.5,-22.5,-22.5,-22.5,-22.5,-22.5,-26.432664756447,-32.9464285714286,-22.5,-22.5,-22.5,-22.5,NA,NA,NA,NA,-135,-135,-161.432664756447
2013,147,-22.5,-22.5,-22.5,-22.5,-22.5,-22.5,-26.432664756447,-32.9464285714286,-22.5,-22.5,-22.5,-22.5,NA,NA,NA,NA,-135,-135,-161.432664756447
2013,148,-22.5,-22.5,-22.5,0.8,2.2,-0.1,-26.432664756447,-2.78214285714286,-1.8,1.1,4.8,-0.9,NA,NA,NA,NA,-64.6,-64.6,-91.032664756447
2013,149,-22.5,-22.5,-22.5,-22.5,-22.5,-22.5,-26.432664756447,-32.9464285714286,-22.5,-22.5,-22.5,-22.5,NA,NA,NA,NA,-135,-135,-161.432664756447
2013,150,-22.5,-22.5,-22.5,-22.5,-22.5,-22.5,-26.432664756447,-32.9464285714286,-22.5,-22.5,-22.5,-22.5,NA,NA,NA,NA,-135,-135,-161.432664756447
2013,151,-22.5,-22.5,-22.5,-22.5,-22.5,-22.5,-26.432664756447,-32.9464285714286,-22.5,-22.5,-22.5,-22.5,NA,NA,NA,NA,-135,-135,-161.432664756447
2013,152,-22.5,-22.5,-22.5,-22.5,-22.5,-2.3,3.75931232091691,-2.19642857142857,-3.6,-5.1,-2.5,-1.8,NA,NA,NA,NA,-114.8,-114.8,-111.040687679083
2013,153,-22.5,-22.5,-22.5,-22.5,-22.5,-22.5,-26.432664756447,-32.9464285714286,-22.5,-22.5,-22.5,-22.5,NA,NA,NA,NA,-135,-135,-161.432664756447
2013,154,-22.5,-22.5,-22.5,-22.5,-22.5,-22.5,-26.432664756447,-32.9464285714286,-22.5,-22.5,-22.5,-22.5,NA,NA,NA,NA,-135,-135,-161.432664756447
2013,155,-22.5,-22.5,-22.5,-22.5,-22.5,-22.5,-26.432664756447,-32.9464285714286,-22.5,-22.5,-22.5,-22.5,NA,NA,NA,NA,-135,-135,-161.432664756447
2013,156,-22.5,-22.5,-22.5,-22.5,-22.5,-22.5,-26.432664756447,-32.9464285714286,-22.5,-22.5,-22.5,-22.5,NA,NA,NA,NA,-135,-135,-161.432664756447
2013,157,-22.5,-22.5,-22.5,-22.5,-22.5,-22.5,-26.432664756447,-32.9464285714286,-22.5,-22.5,-22.5,-22.5,NA,NA,NA,NA,-135,-135,-161.432664756447
2013,158,-22.5,-22.5,-22.5,-22.5,-22.5,-22.5,-26.432664756447,-32.9464285714286,-22.5,-22.5,-22.5,-22.5,NA,NA,NA,NA,-135,-135,-161.432664756447
2013,159,-22.5,-22.5,-22.5,-22.5,-22.5,-22.5,-26.432664756447,-32.9464285714286,-22.5,-22.5,-22.5,-22.5,NA,NA,NA,NA,-135,-135,-161.432664756447
2013,160,-22.5,-22.5,-22.5,-22.5,-22.5,-22.5,-26.432664756447,-32.9464285714286,-22.5,-22.5,-22.5,-22.5,NA,NA,NA,NA,-135,-135,-161.432664756447
2013,161,-22.5,-22.5,-22.5,-22.5,-22.5,-22.5,-26.432664756447,-32.9464285714286,-22.5,-22.5,-22.5,-22.5,NA,NA,NA,NA,-135,-135,-161.432664756447
2013,162,-22.5,-22.5,-22.5,-22.5,-22.5,-22.5,-26.432664756447,-32.9464285714286,-22.5,-22.5,-22.5,-22.5,NA,NA,NA,NA,-135,-135,-161.432664756447
2013,163,-22.5,-22.5,-22.5,-22.5,-22.5,-22.5,-26.432664756447,-32.9464285714286,-22.5,-22.5,-22.5,-22.5,NA,NA,NA,NA,-135,-135,-161.432664756447
2013,164,-22.5,-22.5,-22.5,-22.5,-22.5,-22.5,-26.432664756447,-32.9464285714286,-22.5,-22.5,-22.5,-22.5,NA,NA,NA,NA,-135,-135,-161.432664756447
2013,165,-22.5,-22.5,-22.5,-22.5,-22.5,-22.5,-26.432664756447,-32.9464285714286,-22.5,-22.5,-22.5,-22.5,NA,NA,NA,NA,-135,-135,-161.432664756447
2013,166,-22.5,-22.5,-22.5,1.1,-1.7,-0.6,-1.87965616045845,-32.9464285714286,-22.5,-22.5,-22.5,-22.5,NA,NA,NA,NA,-68.7,-68.7,-70.5796561604585
2013,167,-22.5,-22.5,-22.5,-22.5,-22.5,-22.5,-26.432664756447,-32.9464285714286,-22.5,-22.5,-22.5,-22.5,NA,NA,NA,NA,-135,-135,-161.432664756447
2013,168,-22.5,-22.5,-22.5,-22.5,-22.5,-22.5,-26.432664756447,-32.9464285714286,-22.5,-22.5,-22.5,-22.5,NA,NA,NA,NA,-135,-135,-161.432664756447
2013,169,-22.5,-22.5,-22.5,-22.5,-22.5,-22.5,-26.432664756447,-32.9464285714286,-22.5,-22.5,-22.5,-22.5,NA,NA,NA,NA,-135,-135,-161.432664756447
2013,170,-22.5,0.7,-22.5,-22.5,-22.5,-22.5,-26.432664756447,-32.9464285714286,-22.5,-22.5,-22.5,-22.5,NA,NA,NA,NA,-111.8,-111.8,-138.232664756447
2013,171,-22.5,-22.5,-22.5,-22.5,-22.5,-22.5,-26.432664756447,-32.9464285714286,-22.5,-22.5,-22.5,-22.5,NA,NA,NA,NA,-135,-135,-161.432664756447
2013,172,-22.5,-22.5,-22.5,1.3,-22.5,-22.5,1.05730659025788,-32.9464285714286,-22.5,-22.5,-22.5,-22.5,NA,NA,NA,NA,-111.2,-111.2,-110.142693409742
2013,173,-22.5,-22.5,-22.5,-22.5,-22.5,-22.5,-26.432664756447,-32.9464285714286,-22.5,-22.5,-22.5,-22.5,NA,NA,NA,NA,-135,-135,-161.432664756447
2013,174,-22.5,-22.5,-22.5,-22.5,-22.5,-22.5,-26.432664756447,-32.9464285714286,-22.5,-22.5,-22.5,-22.5,NA,NA,NA,NA,-135,-135,-161.432664756447
2013,175,-22.5,-22.5,-22.5,-22.5,-22.5,-22.5,-26.432664756447,-32.9464285714286,-22.5,-22.5,-22.5,-22.5,NA,NA,NA,NA,-135,-135,-161.432664756447
2013,176,-22.5,-22.5,-22.5,-22.5,-22.5,-22.5,-26.432664756447,-32.9464285714286,-22.5,-22.5,-22.5,-22.5,NA,NA,NA,NA,-135,-135,-161.432664756447
2013,177,-22.5,-22.5,-22.5,-22.5,-22.5,-22.5,-26.432664756447,-32.9464285714286,-22.5,-22.5,-22.5,-22.5,NA,NA,NA,NA,-135,-135,-161.432664756447
2013,178,-22.5,-22.5,-22.5,-22.5,-22.5,-22.5,-26.432664756447,-32.9464285714286,-22.5,-22.5,-22.5,-22.5,NA,NA,NA,NA,-135,-135,-161.432664756447
2013,179,-22.5,-22.5,-22.5,-22.5,-22.5,-22.5,-26.432664756447,-32.9464285714286,-22.5,-22.5,-22.5,-22.5,NA,NA,NA,NA,-135,-135,-161.432664756447
2013,180,-22.5,-22.5,-22.5,-0.1,-22.5,-22.5,0.117478510028653,-1.025,1.2,-1.5,-22.5,-22.5,NA,NA,NA,NA,-112.6,-112.6,-112.482521489971
2013,181,-22.5,-22.5,-22.5,-22.5,-22.5,-22.5,-26.432664756447,-32.9464285714286,-22.5,-22.5,-22.5,-22.5,NA,NA,NA,NA,-135,-135,-161.432664756447
2013,182,-22.5,-22.5,-22.5,-22.5,-22.5,-22.5,-26.432664756447,-32.9464285714286,-22.5,-22.5,-22.5,-22.5,NA,NA,NA,NA,-135,-135,-161.432664756447
2013,183,-22.5,-22.5,-22.5,-22.5,-22.5,-22.5,-26.432664756447,-32.9464285714286,-22.5,-22.5,-22.5,-22.5,NA,NA,NA,NA,-135,-135,-161.432664756447
2013,184,-22.5,-22.5,-22.5,-22.5,-22.5,-22.5,-26.432664756447,-32.9464285714286,-22.5,-22.5,-22.5,-22.5,NA,NA,NA,NA,-135,-135,-161.432664756447
2013,185,-22.5,-22.5,-22.5,-22.5,-22.5,-22.5,-26.432664756447,-32.9464285714286,-22.5,-22.5,-22.5,-22.5,NA,NA,NA,NA,-135,-135,-161.432664756447
2013,186,-22.5,-22.5,0.6,0.7,-22.5,-22.5,-26.432664756447,-32.9464285714286,-22.5,-22.5,-22.5,-22.5,NA,NA,NA,NA,-88.7,-88.7,-115.132664756447
2013,187,-22.5,-22.5,-22.5,-22.5,-22.5,-22.5,-26.432664756447,-32.9464285714286,-22.5,-22.5,-22.5,-22.5,NA,NA,NA,NA,-135,-135,-161.432664756447
2013,188,-22.5,-22.5,-22.5,-22.5,-22.5,-22.5,-26.432664756447,-32.9464285714286,-22.5,-22.5,-22.5,-22.5,NA,NA,NA,NA,-135,-135,-161.432664756447
2013,189,-22.5,-22.5,-22.5,-22.5,-22.5,-22.5,-26.432664756447,-32.9464285714286,-22.5,-22.5,-22.5,-22.5,NA,NA,NA,NA,-135,-135,-161.432664756447
2013,190,-22.5,-22.5,-22.5,-22.5,-22.5,-22.5,-26.432664756447,-32.9464285714286,-22.5,-22.5,-22.5,-22.5,NA,NA,NA,NA,-135,-135,-161.432664756447
2013,191,-22.5,-22.5,-22.5,-22.5,-22.5,-22.5,12.2177650429799,8.34642857142857,1.7,6.1,-12.6,-22.5,NA,NA,NA,NA,-135,-135,-122.78223495702
2013,192,-22.5,-22.5,-22.5,-22.5,-22.5,-22.5,-26.432664756447,-32.9464285714286,-22.5,-22.5,-22.5,-22.5,NA,NA,NA,NA,-135,-135,-161.432664756447
2013,193,-22.5,-22.5,-22.5,-22.5,-22.5,-22.5,-26.432664756447,-32.9464285714286,-22.5,-22.5,-22.5,-22.5,NA,NA,NA,NA,-135,-135,-161.432664756447
2013,194,-22.5,-22.5,-22.5,-22.5,-22.5,-22.5,-26.432664756447,-32.9464285714286,-22.5,-22.5,-22.5,-22.5,NA,NA,NA,NA,-135,-135,-161.432664756447
2013,195,-22.5,-22.5,-22.5,-22.5,-22.5,-22.5,-26.432664756447,-32.9464285714286,-22.5,-22.5,-22.5,-22.5,NA,NA,NA,NA,-135,-135,-161.432664756447
2013,196,-22.5,-22.5,-22.5,-22.5,-22.5,-22.5,-26.432664756447,0.878571428571428,-3,-2.8,0.9,1.9,NA,NA,NA,NA,-135,-135,-161.432664756447
2013,197,-22.5,-22.5,-22.5,-22.5,-22.5,-22.5,-26.432664756447,-32.9464285714286,-22.5,-22.5,-22.5,-22.5,NA,NA,NA,NA,-135,-135,-161.432664756447
2013,198,-22.5,-22.5,-22.5,-22.5,-0.3,-2.1,-1.52722063037249,-32.9464285714286,-22.5,-22.5,-22.5,-22.5,NA,NA,NA,NA,-92.4,-92.4,-93.9272206303725
2013,199,-22.5,-22.5,-22.5,-22.5,-22.5,-22.5,-26.432664756447,-32.9464285714286,-22.5,-22.5,-22.5,-22.5,NA,NA,NA,NA,-135,-135,-161.432664756447
2013,200,-22.5,-22.5,-22.5,-22.5,-22.5,-22.5,-26.432664756447,-32.9464285714286,-22.5,-22.5,-22.5,-22.5,NA,NA,NA,NA,-135,-135,-161.432664756447
2013,201,-22.5,-22.5,-22.5,-22.5,-22.5,-22.5,-26.432664756447,-32.9464285714286,-22.5,-22.5,-22.5,-22.5,NA,NA,NA,NA,-135,-135,-161.432664756447
2013,202,-22.5,-22.5,-22.5,-22.5,2,7.8,2.81948424068768,5.56428571428571,6.4,0,-22.5,-22.5,NA,NA,NA,NA,-80.2,-80.2,-77.3805157593123
2013,203,-22.5,-22.5,-22.5,-22.5,-22.5,-22.5,-26.432664756447,-32.9464285714286,-22.5,-22.5,-22.5,-22.5,NA,NA,NA,NA,-135,-135,-161.432664756447
2013,204,-22.5,-22.5,-22.5,-22.5,-22.5,-22.5,-0.587392550143267,-32.9464285714286,-22.5,-22.5,-22.5,-22.5,NA,NA,NA,NA,-135,-135,-135.587392550143
2013,205,-22.5,-22.5,-22.5,-22.5,-22.5,-22.5,-26.432664756447,-32.9464285714286,-22.5,-22.5,-22.5,-22.5,NA,NA,NA,NA,-135,-135,-161.432664756447
2013,206,-22.5,-22.5,-22.5,-0.9,-2.3,3.8,9.86819484240688,21.9642857142857,9.7,9.3,9.2,18.5,NA,NA,NA,NA,-66.9,-66.9,-57.0318051575931
2014,1,13.8,7.9,-4,0.3,17.1,13.3925501432665,3.80714285714286,18,1.1,2,1.2,NA,NA,NA,NA,NA,46.5,48.4925501432665,52.2996930004093
2014,2,-0.9,12.1,13.7,10.1,10.5,6.93123209169055,10.9821428571429,20.4,8.3,21,19.9,NA,NA,NA,NA,NA,51.4,52.4312320916906,63.4133749488334
2014,3,-1.4,8.6,17,10.3,20.8,18.0916905444126,20.9392857142857,14.1,21.6,14.4,28.8,NA,NA,NA,NA,NA,70.7,73.3916905444126,94.3309762586983
2014,4,-22.5,6.9,1.6,-9.3,3,-4.93409742120344,6.58928571428571,4.1,4.9,9.2,2.6,NA,NA,NA,NA,NA,-24.5,-25.2340974212034,-18.6448117069177
2014,5,-22.5,-22.5,-22.5,0,4,-3.99426934097421,0,-22.5,-22.5,-22.5,-22.5,NA,NA,NA,NA,NA,-66.9,-67.4942693409742,-67.4942693409742
2014,6,-22.5,6.5,-1,2.8,-5.2,2.23209169054441,-4.83214285714286,-22.5,-22.5,-22.5,-22.5,NA,NA,NA,NA,NA,-17.5,-17.1679083094556,-22.0000511665984
2014,7,-22.5,-22.5,-22.5,-6.5,3.8,2.34957020057307,-8.49285714285714,2.4,-1.6,4.9,-7.3,NA,NA,NA,NA,NA,-68.2,-67.8504297994269,-76.3432869422841
2014,8,-22.5,0.4,3.6,17.3,5.2,8.69340974212034,11.1285714285714,12.4,13.2,9.8,10.1,NA,NA,NA,NA,NA,11.4,12.6934097421203,23.8219811706918
2014,9,-22.5,11.8,6.5,13.6,5.5,13.3925501432665,19.475,13.4,6.7,8.1,14.1,NA,NA,NA,NA,NA,26.3,28.2925501432665,47.7675501432665
2014,10,-22.5,-2.6,2,-1.5,6.5,0.469914040114613,-0.146428571428571,-5.4,-4.7,-22.5,-22.5,NA,NA,NA,NA,NA,-17.7,-17.6300859598854,-17.776514531314
2014,11,-22.5,-1.1,1.8,10.4,-7.4,11.1604584527221,6.15,13.3,8.1,13.1,2.6,NA,NA,NA,NA,NA,-9.3,-7.63954154727794,-1.48954154727794
2014,12,-22.5,-22.5,0.4,6.1,-6,-7.75358166189112,-32.9464285714286,-0.4,-22.5,-22.5,-22.5,NA,NA,NA,NA,NA,-51.1,-52.2535816618911,-85.2000102333197
2014,13,-22.5,-22.5,-2,3.1,12.4,12.1002865329513,11.4214285714286,0.6,-1.1,-4.5,-2.2,NA,NA,NA,NA,NA,-21.2,-19.3997134670487,-7.97828489562014
2014,14,-22.5,-22.5,1.2,-2.3,4.3,-26.432664756447,-32.9464285714286,-22.5,-22.5,-22.5,-22.5,NA,NA,NA,NA,NA,-64.3,-68.232664756447,-101.179093327876
2014,15,-22.5,12,-2.4,4,7.5,13.3925501432665,-4.1,11.1,10.7,13,14.5,NA,NA,NA,NA,NA,10,11.9925501432665,7.89255014326648
2014,16,-22.5,-22.5,-22.5,2.8,0.7,-0.117478510028653,0.146428571428571,7.3,8.8,8.5,-22.5,NA,NA,NA,NA,NA,-64.1,-64.1174785100286,-63.9710499386001
2014,17,-22.5,-22.5,-22.5,1.8,13.6,8.45845272206304,-0.146428571428571,13.9,-4.8,3.7,7.7,NA,NA,NA,NA,NA,-44.9,-43.641547277937,-43.7879758493655
2014,18,-22.5,-22.5,-1,5.8,17.3,1.87965616045845,14.2035714285714,11.1,17.7,6.6,5.5,NA,NA,NA,NA,NA,-21.3,-21.0203438395415,-6.81677241097012
2014,19,-22.5,-22.5,-6,-1.7,9,10.8080229226361,-1.025,15,-9.5,-2.8,-4.8,NA,NA,NA,NA,NA,-34.5,-32.8919770773639,-33.9169770773639
2014,20,-22.5,-22.5,5.6,6.2,1.5,10.8080229226361,9.37142857142857,11.8,7.9,7.7,10.3,NA,NA,NA,NA,NA,-22.5,-20.8919770773639,-11.5205485059353
2014,21,-22.5,5.1,2.9,-22.5,0.2,-0.70487106017192,7.61428571428571,-2.6,-1.1,-0.1,-13.8,NA,NA,NA,NA,NA,-37.4,-37.5048710601719,-29.8905853458862
2014,22,-22.5,-2.4,-0.7,-2.1,7.5,-0.70487106017192,10.5428571428571,-0.1,-0.9,-2.9,-1.9,NA,NA,NA,NA,NA,-20.8,-20.9048710601719,-10.3620139173148
2014,23,-22.5,-22.5,-22.5,-22.5,-22.5,-26.432664756447,-32.9464285714286,-22.5,-22.5,-22.5,-22.5,NA,NA,NA,NA,NA,-135,-138.932664756447,-171.879093327876
2014,24,-22.5,-3.2,4.3,3.6,4.6,15.0372492836676,26.2107142857143,7.3,25,14.4,13.5,NA,NA,NA,NA,NA,-0.399999999999997,1.83724928366763,28.0479635693819
2014,25,8.3,3.1,19.9,13.8,18.8,20.9111747851003,12.3,21.8,22.9,23.8,23.6,NA,NA,NA,NA,NA,81.7,84.8111747851003,97.1111747851003
2014,26,-22.5,-22.5,-22.5,0.2,-0.8,-26.432664756447,-32.9464285714286,-22.5,-22.5,-22.5,-22.5,NA,NA,NA,NA,NA,-90.6,-94.532664756447,-127.479093327876
2014,27,-22.5,0.6,-1.8,-1.5,0.3,-26.432664756447,-32.9464285714286,-22.5,-22.5,-22.5,-22.5,NA,NA,NA,NA,NA,-47.4,-51.332664756447,-84.2790933278756
2014,28,-22.5,-22.5,1.9,1.6,1.7,-26.432664756447,-32.9464285714286,-22.5,-22.5,-22.5,-22.5,NA,NA,NA,NA,NA,-62.3,-66.232664756447,-99.1790933278756
2014,29,-22.5,-22.5,-1.3,-3,0.6,-1.17478510028653,-1.46428571428571,-0.1,8.7,10.9,16.4,NA,NA,NA,NA,NA,-49.7,-49.8747851002865,-51.3390708145722
2014,30,-22.5,-22.5,0.4,-22.5,-0.9,0.234957020057307,-32.9464285714286,-22.5,-22.5,-22.5,-22.5,NA,NA,NA,NA,NA,-67.8,-67.7650429799427,-100.711471551371
2014,31,-22.5,-22.5,-22.5,0.9,4.2,2.58452722063037,-2.48928571428571,3.4,-2.4,-1.4,-22.5,NA,NA,NA,NA,NA,-60.2,-59.8154727793696,-62.3047584936553
2014,32,-22.5,-22.5,-22.5,-22.5,1.5,2.93696275071633,1.31785714285714,-22.5,-22.5,-22.5,-22.5,NA,NA,NA,NA,NA,-86,-85.5630372492837,-84.2451801064265
2014,33,-22.5,-22.5,3.8,2.1,-0.6,-5.87392550143267,-3.075,3.9,2.4,7.8,10.4,NA,NA,NA,NA,NA,-44.7,-45.5739255014327,-48.6489255014327
2014,34,-22.5,-22.5,-22.5,-22.5,-22.5,-26.432664756447,-32.9464285714286,-22.5,-22.5,-22.5,-22.5,NA,NA,NA,NA,NA,-135,-138.932664756447,-171.879093327876
2014,35,-22.5,-22.5,-22.5,-22.5,-22.5,-26.432664756447,-32.9464285714286,-22.5,-22.5,-22.5,-22.5,NA,NA,NA,NA,NA,-135,-138.932664756447,-171.879093327876
2014,36,-22.5,-22.5,-22.5,0.5,0.2,2.11461318051576,34.7035714285714,30.7,5,26.4,5.6,NA,NA,NA,NA,NA,-65,-64.6853868194842,-29.9818153909128
2014,37,-22.5,-22.5,0,-22.5,0.1,-2.58452722063037,33.6785714285714,12.2,-0.1,4.1,0,NA,NA,NA,NA,NA,-69.6,-69.9845272206304,-36.305955792059
2014,38,-22.5,-22.5,-22.5,-0.5,7.5,10.2206303724928,1.75714285714286,5.6,7.5,15.2,18.9,NA,NA,NA,NA,NA,-51.8,-50.2793696275072,-48.5222267703643
2014,39,-22.5,-22.5,-22.5,-22.5,-22.5,-26.432664756447,12.4464285714286,12.1,21.3,-3.1,0.6,NA,NA,NA,NA,NA,-135,-138.932664756447,-126.486236185018
2014,40,-22.5,-22.5,-0.6,-22.5,-22.5,-4.46418338108883,-32.9464285714286,-22.5,0,-3,-1.5,NA,NA,NA,NA,NA,-94.4,-95.0641833810888,-128.010611952517
2014,41,-22.5,-22.5,-22.5,-22.5,-22.5,-26.432664756447,-32.9464285714286,-22.5,-22.5,-22.5,-22.5,NA,NA,NA,NA,NA,-135,-138.932664756447,-171.879093327876
2014,42,-22.5,-22.5,-22.5,-22.5,-0.3,-2.11461318051576,-32.9464285714286,-22.5,-22.5,-22.5,-22.5,NA,NA,NA,NA,NA,-92.1,-92.4146131805158,-125.361041751944
2014,43,-22.5,-22.5,-22.5,-22.5,-22.5,0.939828080229226,-3.22142857142857,-22.5,-22.5,-22.5,-22.5,NA,NA,NA,NA,NA,-111.7,-111.560171919771,-114.781600491199
2014,44,-22.5,-22.5,-22.5,-22.5,-22.5,-26.432664756447,-32.9464285714286,-22.5,-22.5,-22.5,-22.5,NA,NA,NA,NA,NA,-135,-138.932664756447,-171.879093327876
2014,45,-22.5,-22.5,-22.5,-22.5,-22.5,-26.432664756447,-32.9464285714286,-22.5,-22.5,-22.5,-22.5,NA,NA,NA,NA,NA,-135,-138.932664756447,-171.879093327876
2014,46,-22.5,-22.5,-22.5,-22.5,-22.5,-26.432664756447,-32.9464285714286,-22.5,-22.5,-22.5,-22.5,NA,NA,NA,NA,NA,-135,-138.932664756447,-171.879093327876
2014,47,-22.5,-22.5,-22.5,-22.5,-22.5,-26.432664756447,-32.9464285714286,-22.5,-22.5,-22.5,-22.5,NA,NA,NA,NA,NA,-135,-138.932664756447,-171.879093327876
2014,48,-22.5,-22.5,-22.5,-22.5,0.6,7.2836676217765,-3.80714285714286,1,1.5,9.1,-1,NA,NA,NA,NA,NA,-83.2,-82.1163323782235,-85.9234752353664
2014,49,-22.5,-22.5,-22.5,-22.5,-22.5,-26.432664756447,-32.9464285714286,-22.5,-22.5,-22.5,-22.5,NA,NA,NA,NA,NA,-135,-138.932664756447,-171.879093327876
2014,50,-22.5,-22.5,-22.5,1.5,-22.5,-26.432664756447,-32.9464285714286,-22.5,-2.1,-22.5,-22.5,NA,NA,NA,NA,NA,-111,-114.932664756447,-147.879093327876
2014,51,-22.5,-22.5,-22.5,-22.5,-22.5,-26.432664756447,-32.9464285714286,-22.5,-22.5,-22.5,-22.5,NA,NA,NA,NA,NA,-135,-138.932664756447,-171.879093327876
2014,52,-22.5,-22.5,-22.5,-22.5,-22.5,-26.432664756447,-32.9464285714286,-22.5,-22.5,-22.5,-22.5,NA,NA,NA,NA,NA,-135,-138.932664756447,-171.879093327876
2014,53,-22.5,-22.5,-22.5,-22.5,-22.5,-26.432664756447,-32.9464285714286,-22.5,-22.5,-22.5,-22.5,NA,NA,NA,NA,NA,-135,-138.932664756447,-171.879093327876
2014,54,-22.5,-22.5,-22.5,-22.5,-22.5,-26.432664756447,-32.9464285714286,-22.5,-22.5,-22.5,-22.5,NA,NA,NA,NA,NA,-135,-138.932664756447,-171.879093327876
2014,55,-22.5,-22.5,-0.5,6.5,-6.6,-1.17478510028653,0.292857142857143,5,15.9,6.3,0.1,NA,NA,NA,NA,NA,-46.6,-46.7747851002865,-46.4819279574294
2014,56,-22.5,-22.5,-22.5,4.5,3.6,7.63610315186247,7.02857142857143,6.3,3.5,0.1,6.5,NA,NA,NA,NA,NA,-52.9,-51.7638968481375,-44.7353254195661
2014,57,-22.5,-22.5,-22.5,-22.5,-22.5,-26.432664756447,-32.9464285714286,-22.5,-22.5,-22.5,-22.5,NA,NA,NA,NA,NA,-135,-138.932664756447,-171.879093327876
2014,58,-22.5,-22.5,3.1,4.8,0.6,13.6275071633238,-3.075,1.8,-6.2,-3,3.2,NA,NA,NA,NA,NA,-24.9,-22.8724928366762,-25.9474928366762
2014,59,-22.5,-22.5,-22.5,0,-22.5,-26.432664756447,-32.9464285714286,-22.5,-22.5,-22.5,-0.6,NA,NA,NA,NA,NA,-112.5,-116.432664756447,-149.379093327876
2014,60,-22.5,-22.5,-22.5,-22.5,-22.5,-26.432664756447,-32.9464285714286,-22.5,-22.5,-22.5,-22.5,NA,NA,NA,NA,NA,-135,-138.932664756447,-171.879093327876
2014,61,-22.5,-22.5,-22.5,-22.5,-22.5,-3.40687679083095,-3.22142857142857,-13.2,1.6,-6.8,2.4,NA,NA,NA,NA,NA,-115.4,-115.906876790831,-119.12830536226
2014,62,-22.5,-22.5,-22.5,-22.5,-22.5,-26.432664756447,-32.9464285714286,-22.5,0.5,-22.5,3.4,NA,NA,NA,NA,NA,-135,-138.932664756447,-171.879093327876
2014,63,-22.5,-22.5,-22.5,-22.5,-0.5,-26.432664756447,-32.9464285714286,-22.5,-22.5,-22.5,-22.5,NA,NA,NA,NA,NA,-113,-116.932664756447,-149.879093327876
2014,64,-22.5,-22.5,-22.5,-22.5,-22.5,-26.432664756447,-32.9464285714286,-22.5,-22.5,-22.5,-22.5,NA,NA,NA,NA,NA,-135,-138.932664756447,-171.879093327876
2014,65,-22.5,-22.5,-22.5,-22.5,-1.8,-26.432664756447,-3.66071428571429,-0.5,-22.5,-22.5,-22.5,NA,NA,NA,NA,NA,-114.3,-118.232664756447,-121.893379042161
2014,66,-22.5,-1.2,-5.4,-22.5,-22.5,-26.432664756447,-32.9464285714286,-22.5,-22.5,-22.5,-22.5,NA,NA,NA,NA,NA,-96.6,-100.532664756447,-133.479093327876
2014,67,-22.5,-22.5,-22.5,-22.5,-2.5,0.70487106017192,2.34285714285714,-0.3,6.8,5.7,14.5,NA,NA,NA,NA,NA,-91.9,-91.7951289398281,-89.4522717969709
2014,68,-22.5,2,-22.5,-22.5,-22.5,-26.432664756447,-32.9464285714286,-22.5,-22.5,-22.5,-22.5,NA,NA,NA,NA,NA,-110.5,-114.432664756447,-147.379093327876
2014,69,-22.5,-22.5,-22.5,-22.5,-22.5,-26.432664756447,-32.9464285714286,-22.5,-22.5,-22.5,-22.5,NA,NA,NA,NA,NA,-135,-138.932664756447,-171.879093327876
2014,70,-22.5,-22.5,-22.5,-22.5,-22.5,-26.432664756447,-32.9464285714286,-22.5,-22.5,-22.5,-22.5,NA,NA,NA,NA,NA,-135,-138.932664756447,-171.879093327876
2014,71,-22.5,-22.5,-22.5,-22.5,-22.5,-26.432664756447,-32.9464285714286,-22.5,-22.5,-22.5,-22.5,NA,NA,NA,NA,NA,-135,-138.932664756447,-171.879093327876
2014,72,-22.5,-22.5,-22.5,-22.5,-22.5,-26.432664756447,-32.9464285714286,-22.5,-22.5,-22.5,-22.5,NA,NA,NA,NA,NA,-135,-138.932664756447,-171.879093327876
2014,73,-22.5,-22.5,-22.5,-3.7,-22.5,-26.432664756447,-32.9464285714286,-22.5,-22.5,-22.5,-22.5,NA,NA,NA,NA,NA,-116.2,-120.132664756447,-153.079093327876
2014,74,-22.5,-22.5,-22.5,-22.5,-22.5,-26.432664756447,-32.9464285714286,-22.5,-22.5,-22.5,-22.5,NA,NA,NA,NA,NA,-135,-138.932664756447,-171.879093327876
2014,75,-22.5,-22.5,-22.5,-22.5,-22.5,-26.432664756447,-32.9464285714286,-22.5,-22.5,-22.5,-22.5,NA,NA,NA,NA,NA,-135,-138.932664756447,-171.879093327876
2014,76,-22.5,-22.5,-22.5,-22.5,-22.5,17.5042979942693,10.3964285714286,7.4,-22.5,3.7,3.9,NA,NA,NA,NA,NA,-97.6,-94.9957020057307,-84.5992734343021
2014,77,-22.5,-22.5,-22.5,-22.5,-22.5,-26.432664756447,-32.9464285714286,-22.5,-22.5,-22.5,-22.5,NA,NA,NA,NA,NA,-135,-138.932664756447,-171.879093327876
2014,78,-22.5,-22.5,-22.5,-22.5,-22.5,-26.432664756447,11.4214285714286,40,49.4,15.1,29.1,NA,NA,NA,NA,NA,-135,-138.932664756447,-127.511236185018
2014,79,-22.5,-22.5,12.8,15.9,23.4,25.2578796561605,18.7428571428571,8.4,20.3,14.2,17.3,NA,NA,NA,NA,NA,28.6,32.3578796561605,51.1007367990176
2014,80,-22.5,-22.5,-22.5,-22.5,-22.5,-26.432664756447,-32.9464285714286,-22.5,-22.5,2.1,-22.5,NA,NA,NA,NA,NA,-135,-138.932664756447,-171.879093327876
2014,81,-22.5,-22.5,-22.5,-22.5,-22.5,-26.432664756447,-32.9464285714286,-22.5,-22.5,-22.5,-22.5,NA,NA,NA,NA,NA,-135,-138.932664756447,-171.879093327876
2014,82,-22.5,-22.5,-22.5,-22.5,-22.5,-26.432664756447,-7.02857142857143,-6.8,9.5,-1.7,8.4,NA,NA,NA,NA,NA,-135,-138.932664756447,-145.961236185018
2014,83,-22.5,-22.5,-22.5,-22.5,-22.5,-26.432664756447,-32.9464285714286,-22.5,-22.5,-22.5,-22.5,NA,NA,NA,NA,NA,-135,-138.932664756447,-171.879093327876
2014,84,-22.5,-22.5,-22.5,-22.5,-22.5,-26.432664756447,-32.9464285714286,-22.5,-22.5,-22.5,-22.5,NA,NA,NA,NA,NA,-135,-138.932664756447,-171.879093327876
2014,85,-22.5,-22.5,-22.5,-22.5,-22.5,-26.432664756447,-32.9464285714286,-22.5,-22.5,-22.5,-22.5,NA,NA,NA,NA,NA,-135,-138.932664756447,-171.879093327876
2014,86,-22.5,-22.5,-22.5,-22.5,-22.5,-1.17478510028653,2.92857142857143,1.5,1.9,2.3,-1,NA,NA,NA,NA,NA,-113.5,-113.674785100287,-110.746213671715
2014,87,-22.5,-22.5,-22.5,-22.5,-22.5,-26.432664756447,-32.9464285714286,-22.5,-22.5,-22.5,-22.5,NA,NA,NA,NA,NA,-135,-138.932664756447,-171.879093327876
2014,88,-22.5,-22.5,-22.5,-22.5,-22.5,-26.432664756447,-32.9464285714286,-22.5,-22.5,-22.5,-22.5,NA,NA,NA,NA,NA,-135,-138.932664756447,-171.879093327876
2014,89,-22.5,-22.5,-22.5,1.1,-22.5,-1.05730659025788,0.146428571428571,5.1,1.5,1.1,-0.9,NA,NA,NA,NA,NA,-89.8,-89.9573065902579,-89.8108780188293
2014,90,-22.5,-22.5,-22.5,3.9,6.4,5.40401146131805,-1.90357142857143,7.6,8.8,9.1,9.3,NA,NA,NA,NA,NA,-52.6,-51.795988538682,-53.6995599672534
2014,91,-22.5,-22.5,-22.5,-22.5,-22.5,-0.70487106017192,2.48928571428571,2.8,-22.5,-0.9,-0.9,NA,NA,NA,NA,NA,-113.1,-113.204871060172,-110.715585345886
2014,92,-22.5,-22.5,-22.5,-22.5,-22.5,-26.432664756447,-32.9464285714286,-22.5,-22.5,-22.5,-22.5,NA,NA,NA,NA,NA,-135,-138.932664756447,-171.879093327876
2014,93,-22.5,-22.5,-22.5,-22.5,-22.5,-26.432664756447,-32.9464285714286,-22.5,-22.5,-22.5,-22.5,NA,NA,NA,NA,NA,-135,-138.932664756447,-171.879093327876
2014,94,-22.5,-22.5,-22.5,-22.5,-22.5,-26.432664756447,-1.17142857142857,22.4,1,4.7,-1.4,NA,NA,NA,NA,NA,-135,-138.932664756447,-140.104093327876
2014,95,-22.5,-22.5,-22.5,-22.5,-22.5,-26.432664756447,-32.9464285714286,-22.5,-22.5,-22.5,-22.5,NA,NA,NA,NA,NA,-135,-138.932664756447,-171.879093327876
2014,96,-22.5,-22.5,-22.5,-22.5,-22.5,-26.432664756447,-32.9464285714286,-22.5,-22.5,-22.5,-22.5,NA,NA,NA,NA,NA,-135,-138.932664756447,-171.879093327876
2014,97,-22.5,-22.5,-0.4,-1,-4.1,3.99426934097421,-0.292857142857143,-22.5,-22.5,-22.5,-22.5,NA,NA,NA,NA,NA,-47.1,-46.5057306590258,-46.7985878018829
2014,98,-22.5,-22.5,-22.5,-22.5,-22.5,-26.432664756447,-32.9464285714286,-22.5,2,-1.2,-22.5,NA,NA,NA,NA,NA,-135,-138.932664756447,-171.879093327876
2014,99,-22.5,-22.5,-22.5,-22.5,-22.5,-26.432664756447,-32.9464285714286,-22.5,-22.5,-22.5,-22.5,NA,NA,NA,NA,NA,-135,-138.932664756447,-171.879093327876
2014,100,-22.5,-22.5,-22.5,-22.5,-22.5,-26.432664756447,-32.9464285714286,-22.5,-22.5,-22.5,-22.5,NA,NA,NA,NA,NA,-135,-138.932664756447,-171.879093327876
2014,101,-22.5,-22.5,-0.2,-22.5,-22.5,-26.432664756447,-32.9464285714286,-22.5,-22.5,-22.5,-22.5,NA,NA,NA,NA,NA,-112.7,-116.632664756447,-149.579093327876
2014,102,-22.5,-22.5,-22.5,-22.5,-22.5,-26.432664756447,-32.9464285714286,-22.5,-22.5,-22.5,-22.5,NA,NA,NA,NA,NA,-135,-138.932664756447,-171.879093327876
2014,103,-22.5,-22.5,-22.5,-22.5,-22.5,-26.432664756447,-32.9464285714286,-22.5,-22.5,-22.5,-22.5,NA,NA,NA,NA,NA,-135,-138.932664756447,-171.879093327876
2014,104,-22.5,-22.5,-22.5,-22.5,-22.5,-26.432664756447,-32.9464285714286,-22.5,-22.5,-22.5,-22.5,NA,NA,NA,NA,NA,-135,-138.932664756447,-171.879093327876
2014,105,-22.5,-22.5,-22.5,-22.5,-22.5,-26.432664756447,-32.9464285714286,-22.5,-22.5,-22.5,-22.5,NA,NA,NA,NA,NA,-135,-138.932664756447,-171.879093327876
2014,106,-22.5,-22.5,-22.5,-22.5,-3.1,-3.87679083094556,-32.9464285714286,-22.5,-22.5,-22.5,-22.5,NA,NA,NA,NA,NA,-96.4,-96.9767908309456,-129.923219402374
2014,107,-22.5,-22.5,-22.5,-22.5,-22.5,-26.432664756447,-32.9464285714286,-22.5,-22.5,-22.5,-22.5,NA,NA,NA,NA,NA,-135,-138.932664756447,-171.879093327876
2014,108,-22.5,-22.5,-22.5,-22.5,3.9,5.75644699140401,21.525,20.9,17.6,10.3,4.8,NA,NA,NA,NA,NA,-81.2,-80.343553008596,-58.818553008596
2014,109,-22.5,-22.5,-22.5,-22.5,-22.5,0.70487106017192,-14.2035714285714,16.4,-13.2,7.6,-0.3,NA,NA,NA,NA,NA,-111.9,-111.795128939828,-125.9987003684
2014,110,-22.5,-22.5,-22.5,-22.5,-22.5,-26.432664756447,-32.9464285714286,-0.4,-22.5,-22.5,-22.5,NA,NA,NA,NA,NA,-135,-138.932664756447,-171.879093327876
2014,111,-22.5,-22.5,-22.5,-22.5,-22.5,-26.432664756447,-32.9464285714286,-22.5,-22.5,-22.5,-22.5,NA,NA,NA,NA,NA,-135,-138.932664756447,-171.879093327876
2014,112,0.2,0.2,12.9,6.3,5.3,3.75931232091691,10.5428571428571,8.1,11.9,2.4,-3.9,NA,NA,NA,NA,NA,28.1,28.6593123209169,39.2021694637741
2014,113,-22.5,-22.5,-22.5,-22.5,-22.5,0.939828080229226,-4.39285714285714,1.3,-2,-0.6,-5.9,NA,NA,NA,NA,NA,-111.7,-111.560171919771,-115.953029062628
2014,114,-22.5,-22.5,-22.5,-22.5,-22.5,-26.432664756447,-32.9464285714286,-22.5,-22.5,-22.5,-22.5,NA,NA,NA,NA,NA,-135,-138.932664756447,-171.879093327876
2014,115,-22.5,-22.5,-22.5,-22.5,-22.5,-26.432664756447,-32.9464285714286,-22.5,-22.5,-22.5,-22.5,NA,NA,NA,NA,NA,-135,-138.932664756447,-171.879093327876
2014,116,-22.5,-22.5,-2.4,11.5,7.7,-1.05730659025788,3.51428571428571,11.6,3.5,6.7,0.4,NA,NA,NA,NA,NA,-29.1,-29.2573065902579,-25.7430208759722
2014,117,-22.5,-22.5,-22.5,-22.5,-22.5,-26.432664756447,5.41785714285714,25.6,8.1,4,4.6,NA,NA,NA,NA,NA,-135,-138.932664756447,-133.51480761359
2014,118,-22.5,-22.5,-22.5,-22.5,-22.5,8.810888252149,24.0142857142857,50.6,32,23.3,23.2,NA,NA,NA,NA,NA,-105,-103.689111747851,-79.6748260335653
2014,119,-22.5,-22.5,-22.5,-22.5,-22.5,-26.432664756447,2.19642857142857,-22.5,-22.5,-22.5,-22.5,NA,NA,NA,NA,NA,-135,-138.932664756447,-136.736236185018
2014,120,-22.5,-22.5,-22.5,-22.5,-22.5,-26.432664756447,-32.9464285714286,-22.5,-22.5,-22.5,-22.5,NA,NA,NA,NA,NA,-135,-138.932664756447,-171.879093327876
2014,121,-22.5,-22.5,-22.5,-22.5,-22.5,-26.432664756447,-32.9464285714286,-1.6,-1.1,-1.3,-22.5,NA,NA,NA,NA,NA,-135,-138.932664756447,-171.879093327876
2014,122,-22.5,-22.5,-22.5,-22.5,-22.5,-26.432664756447,-32.9464285714286,-22.5,-22.5,-22.5,-22.5,NA,NA,NA,NA,NA,-135,-138.932664756447,-171.879093327876
2014,123,-22.5,-22.5,-22.5,-22.5,-22.5,-26.432664756447,-32.9464285714286,-22.5,-22.5,-22.5,-22.5,NA,NA,NA,NA,NA,-135,-138.932664756447,-171.879093327876
2014,124,-22.5,-22.5,-22.5,-22.5,-22.5,-26.432664756447,-32.9464285714286,-22.5,-22.5,-22.5,-22.5,NA,NA,NA,NA,NA,-135,-138.932664756447,-171.879093327876
2014,125,-22.5,-22.5,-22.5,-22.5,-22.5,-26.432664756447,-32.9464285714286,-22.5,-22.5,-22.5,-22.5,NA,NA,NA,NA,NA,-135,-138.932664756447,-171.879093327876
2014,126,-22.5,-22.5,-4,1.7,-9.6,-26.432664756447,13.4714285714286,11.9,2.1,16.6,8.7,NA,NA,NA,NA,NA,-79.4,-83.332664756447,-69.8612361850184
2014,127,-22.5,-22.5,-22.5,-22.5,0.9,-26.432664756447,3.51428571428571,-0.7,-22.5,-22.5,-22.5,NA,NA,NA,NA,NA,-111.6,-115.532664756447,-112.018379042161
2014,128,-22.5,-22.5,-22.5,-22.5,-22.5,-26.432664756447,-0.439285714285714,6.3,-1,6.6,-3,NA,NA,NA,NA,NA,-135,-138.932664756447,-139.371950470733
2014,129,-22.5,-22.5,-22.5,-22.5,-22.5,-26.432664756447,-32.9464285714286,-22.5,-22.5,-22.5,-22.5,NA,NA,NA,NA,NA,-135,-138.932664756447,-171.879093327876
2014,130,-22.5,-22.5,-22.5,-22.5,-22.5,-26.432664756447,-32.9464285714286,-22.5,-22.5,-22.5,-22.5,NA,NA,NA,NA,NA,-135,-138.932664756447,-171.879093327876
2014,131,-22.5,-22.5,-22.5,-22.5,-22.5,-26.432664756447,-32.9464285714286,-22.5,-22.5,-22.5,-22.5,NA,NA,NA,NA,NA,-135,-138.932664756447,-171.879093327876
2014,132,-22.5,-22.5,-22.5,-22.5,-22.5,-26.432664756447,-32.9464285714286,-22.5,-22.5,-22.5,-22.5,NA,NA,NA,NA,NA,-135,-138.932664756447,-171.879093327876
2014,133,-22.5,-22.5,-22.5,-22.5,-22.5,-26.432664756447,-32.9464285714286,-5.9,-1,-22.5,-22.5,NA,NA,NA,NA,NA,-135,-138.932664756447,-171.879093327876
2014,134,-22.5,-22.5,-22.5,-22.5,-22.5,-26.432664756447,-32.9464285714286,-22.5,-22.5,-22.5,-22.5,NA,NA,NA,NA,NA,-135,-138.932664756447,-171.879093327876
2014,135,-22.5,-22.5,-22.5,-22.5,-22.5,-26.432664756447,-32.9464285714286,-22.5,-22.5,-22.5,-22.5,NA,NA,NA,NA,NA,-135,-138.932664756447,-171.879093327876
2014,136,-22.5,-22.5,-22.5,-22.5,-22.5,-26.432664756447,-32.9464285714286,-22.5,-22.5,-22.5,-22.5,NA,NA,NA,NA,NA,-135,-138.932664756447,-171.879093327876
2014,137,-22.5,-22.5,-22.5,-22.5,-22.5,-26.432664756447,-32.9464285714286,-22.5,-22.5,-22.5,-22.5,NA,NA,NA,NA,NA,-135,-138.932664756447,-171.879093327876
2014,138,-22.5,-22.5,-22.5,1.5,5.4,4.11174785100287,-2.19642857142857,2.1,-0.9,-22.5,-22.5,NA,NA,NA,NA,NA,-57.1,-56.4882521489971,-58.6846807204257
2014,139,-22.5,-22.5,-22.5,-22.5,-22.5,-26.432664756447,-32.9464285714286,-22.5,-22.5,-22.5,-22.5,NA,NA,NA,NA,NA,-135,-138.932664756447,-171.879093327876
2014,140,-22.5,-22.5,-22.5,-22.5,-22.5,-26.432664756447,-32.9464285714286,-22.5,-22.5,-22.5,-22.5,NA,NA,NA,NA,NA,-135,-138.932664756447,-171.879093327876
2014,141,-22.5,-22.5,-22.5,-22.5,-22.5,-26.432664756447,-32.9464285714286,-22.5,-22.5,-22.5,-22.5,NA,NA,NA,NA,NA,-135,-138.932664756447,-171.879093327876
2014,142,-22.5,-22.5,-22.5,-22.5,-22.5,-26.432664756447,-32.9464285714286,-22.5,-22.5,-22.5,-22.5,NA,NA,NA,NA,NA,-135,-138.932664756447,-171.879093327876
2014,143,-22.5,-22.5,-22.5,-22.5,-22.5,-26.432664756447,-32.9464285714286,-22.5,-22.5,-22.5,-22.5,NA,NA,NA,NA,NA,-135,-138.932664756447,-171.879093327876
2014,144,-22.5,-22.5,-1.2,-2.7,-22.5,-26.432664756447,-32.9464285714286,-22.5,-22.5,-22.5,-22.5,NA,NA,NA,NA,NA,-93.9,-97.832664756447,-130.779093327876
2014,145,-22.5,-22.5,-22.5,-22.5,-22.5,-26.432664756447,1.61071428571429,-22.5,-22.5,-22.5,-22.5,NA,NA,NA,NA,NA,-135,-138.932664756447,-137.321950470733
2014,146,-22.5,-22.5,-22.5,3.8,0.4,6.93123209169055,-0.878571428571428,-1.5,2.4,-22.5,-22.5,NA,NA,NA,NA,NA,-57.4,-56.3687679083095,-57.2473393368809
2014,147,-22.5,-22.5,-22.5,-22.5,-22.5,-26.432664756447,-32.9464285714286,-22.5,-22.5,-22.5,-22.5,NA,NA,NA,NA,NA,-135,-138.932664756447,-171.879093327876
2014,148,-22.5,-22.5,-22.5,-22.5,-22.5,-26.432664756447,-32.9464285714286,-22.5,-22.5,-22.5,-22.5,NA,NA,NA,NA,NA,-135,-138.932664756447,-171.879093327876
2014,149,-22.5,-22.5,-22.5,-22.5,-1.4,-26.432664756447,-32.9464285714286,-22.5,0.4,1.6,-22.5,NA,NA,NA,NA,NA,-113.9,-117.832664756447,-150.779093327876
2014,150,-22.5,-22.5,-22.5,-22.5,-22.5,-26.432664756447,-32.9464285714286,-22.5,-22.5,-22.5,-22.5,NA,NA,NA,NA,NA,-135,-138.932664756447,-171.879093327876
2014,151,-22.5,-22.5,-22.5,-22.5,-22.5,-26.432664756447,-32.9464285714286,-22.5,-22.5,-22.5,-22.5,NA,NA,NA,NA,NA,-135,-138.932664756447,-171.879093327876
2014,152,-22.5,-22.5,-22.5,-22.5,-22.5,-26.432664756447,-32.9464285714286,-22.5,-22.5,-22.5,-22.5,NA,NA,NA,NA,NA,-135,-138.932664756447,-171.879093327876
2014,153,-22.5,-22.5,-22.5,-22.5,-22.5,-26.432664756447,-32.9464285714286,-22.5,-22.5,-22.5,-22.5,NA,NA,NA,NA,NA,-135,-138.932664756447,-171.879093327876
2014,154,-22.5,-22.5,-22.5,-22.5,-22.5,-26.432664756447,-32.9464285714286,-22.5,-22.5,-22.5,-22.5,NA,NA,NA,NA,NA,-135,-138.932664756447,-171.879093327876
2014,155,-22.5,-22.5,-22.5,-22.5,-22.5,-26.432664756447,-32.9464285714286,-22.5,-22.5,-22.5,-22.5,NA,NA,NA,NA,NA,-135,-138.932664756447,-171.879093327876
2014,156,-22.5,-22.5,-22.5,-22.5,-22.5,-26.432664756447,-32.9464285714286,-22.5,-22.5,-22.5,-22.5,NA,NA,NA,NA,NA,-135,-138.932664756447,-171.879093327876
2014,157,-22.5,-22.5,-22.5,-22.5,-22.5,-26.432664756447,-32.9464285714286,-22.5,-22.5,-22.5,-22.5,NA,NA,NA,NA,NA,-135,-138.932664756447,-171.879093327876
2014,158,-22.5,-22.5,-22.5,-22.5,-22.5,-26.432664756447,-32.9464285714286,-22.5,-22.5,-22.5,-22.5,NA,NA,NA,NA,NA,-135,-138.932664756447,-171.879093327876
2014,159,-22.5,-22.5,-22.5,-22.5,-22.5,-26.432664756447,-32.9464285714286,-22.5,-22.5,-22.5,-22.5,NA,NA,NA,NA,NA,-135,-138.932664756447,-171.879093327876
2014,160,-22.5,-22.5,-22.5,-22.5,-22.5,-26.432664756447,-32.9464285714286,-22.5,-22.5,-22.5,-22.5,NA,NA,NA,NA,NA,-135,-138.932664756447,-171.879093327876
2014,161,-22.5,-22.5,-22.5,-22.5,-22.5,-26.432664756447,-32.9464285714286,-22.5,-22.5,-22.5,-22.5,NA,NA,NA,NA,NA,-135,-138.932664756447,-171.879093327876
2014,162,-22.5,-22.5,-22.5,-22.5,-22.5,-26.432664756447,-32.9464285714286,-22.5,-22.5,-22.5,-22.5,NA,NA,NA,NA,NA,-135,-138.932664756447,-171.879093327876
2014,163,-22.5,-22.5,-22.5,-22.5,-22.5,-26.432664756447,-32.9464285714286,-22.5,-22.5,-22.5,-22.5,NA,NA,NA,NA,NA,-135,-138.932664756447,-171.879093327876
2014,164,-22.5,-22.5,-22.5,-22.5,-22.5,-26.432664756447,-32.9464285714286,-22.5,-22.5,-22.5,-22.5,NA,NA,NA,NA,NA,-135,-138.932664756447,-171.879093327876
2014,165,-22.5,-22.5,-22.5,-22.5,-22.5,-26.432664756447,-32.9464285714286,-22.5,-22.5,-22.5,-22.5,NA,NA,NA,NA,NA,-135,-138.932664756447,-171.879093327876
2014,166,-22.5,-22.5,-22.5,-22.5,-22.5,-26.432664756447,-32.9464285714286,-22.5,-22.5,-22.5,-22.5,NA,NA,NA,NA,NA,-135,-138.932664756447,-171.879093327876
2014,167,-22.5,-22.5,-22.5,-22.5,-22.5,-26.432664756447,-32.9464285714286,-22.5,-22.5,-22.5,-22.5,NA,NA,NA,NA,NA,-135,-138.932664756447,-171.879093327876
2014,168,-22.5,-22.5,-22.5,-22.5,-22.5,-26.432664756447,-32.9464285714286,-22.5,-22.5,-22.5,-22.5,NA,NA,NA,NA,NA,-135,-138.932664756447,-171.879093327876
2014,169,-22.5,-22.5,-22.5,-22.5,-22.5,-26.432664756447,-32.9464285714286,-22.5,-22.5,-22.5,-22.5,NA,NA,NA,NA,NA,-135,-138.932664756447,-171.879093327876
2014,170,-22.5,-22.5,-22.5,-22.5,-22.5,-26.432664756447,-32.9464285714286,-22.5,-22.5,-22.5,-22.5,NA,NA,NA,NA,NA,-135,-138.932664756447,-171.879093327876
2014,171,-22.5,-22.5,2.6,7.4,2.3,-2.93696275071633,3.51428571428571,0.4,3.3,-4.8,2.6,NA,NA,NA,NA,NA,-35.2,-35.6369627507163,-32.1226770364306
2014,172,-22.5,-22.5,-22.5,-22.5,-22.5,-26.432664756447,-32.9464285714286,-22.5,-22.5,-22.5,-22.5,NA,NA,NA,NA,NA,-135,-138.932664756447,-171.879093327876
2014,173,-22.5,-22.5,-22.5,-22.5,-22.5,-26.432664756447,-32.9464285714286,-22.5,-22.5,-22.5,-22.5,NA,NA,NA,NA,NA,-135,-138.932664756447,-171.879093327876
2014,174,-22.5,-22.5,-22.5,-22.5,-22.5,-26.432664756447,-32.9464285714286,-22.5,-22.5,-22.5,-22.5,NA,NA,NA,NA,NA,-135,-138.932664756447,-171.879093327876
2014,175,-22.5,-22.5,-22.5,-22.5,-22.5,-26.432664756447,-32.9464285714286,-22.5,-22.5,-22.5,-22.5,NA,NA,NA,NA,NA,-135,-138.932664756447,-171.879093327876
2014,176,-22.5,-22.5,-22.5,0.2,0.9,0.35243553008596,2.48928571428571,0.7,7.9,-4.2,-22.5,NA,NA,NA,NA,NA,-66.1,-66.047564469914,-63.5582787556283
2014,177,-22.5,-22.5,-22.5,-22.5,-22.5,-26.432664756447,-32.9464285714286,-22.5,-22.5,-22.5,-22.5,NA,NA,NA,NA,NA,-135,-138.932664756447,-171.879093327876
2014,178,-22.5,-22.5,-22.5,1.9,3.8,0.234957020057307,0.878571428571428,-22.5,-22.5,-22.5,-22.5,NA,NA,NA,NA,NA,-61.6,-61.5650429799427,-60.6864715513713
2014,179,-22.5,-22.5,-22.5,-22.5,-22.5,-26.432664756447,-32.9464285714286,-22.5,-22.5,-22.5,-22.5,NA,NA,NA,NA,NA,-135,-138.932664756447,-171.879093327876
2014,180,-22.5,-22.5,-22.5,-22.5,-22.5,-26.432664756447,-32.9464285714286,-22.5,-22.5,-22.5,-22.5,NA,NA,NA,NA,NA,-135,-138.932664756447,-171.879093327876
2014,181,-22.5,-22.5,-22.5,-22.5,0.9,4.46418338108883,2.34285714285714,1.2,-0.8,-0.3,10.5,NA,NA,NA,NA,NA,-85.3,-84.6358166189112,-82.292959476054
2014,182,-22.5,-22.5,-22.5,-22.5,-22.5,-26.432664756447,-32.9464285714286,-22.5,-22.5,-22.5,-22.5,NA,NA,NA,NA,NA,-135,-138.932664756447,-171.879093327876
2014,183,-22.5,-22.5,-22.5,-22.5,-22.5,-26.432664756447,-32.9464285714286,-22.5,-22.5,-22.5,-22.5,NA,NA,NA,NA,NA,-135,-138.932664756447,-171.879093327876
2014,184,-22.5,-22.5,-22.5,-22.5,-22.5,-26.432664756447,-32.9464285714286,-22.5,-22.5,-22.5,-22.5,NA,NA,NA,NA,NA,-135,-138.932664756447,-171.879093327876
2014,185,-22.5,-22.5,-22.5,-22.5,-22.5,-26.432664756447,-32.9464285714286,-22.5,-22.5,-22.5,-22.5,NA,NA,NA,NA,NA,-135,-138.932664756447,-171.879093327876
2014,186,-22.5,-22.5,-22.5,-22.5,-22.5,-26.432664756447,-32.9464285714286,-22.5,-22.5,-22.5,-22.5,NA,NA,NA,NA,NA,-135,-138.932664756447,-171.879093327876
2014,187,-22.5,-22.5,-22.5,-22.5,-22.5,-26.432664756447,-32.9464285714286,-22.5,-22.5,-22.5,-22.5,NA,NA,NA,NA,NA,-135,-138.932664756447,-171.879093327876
2014,188,-22.5,-22.5,-22.5,-22.5,-22.5,4.11174785100287,-0.292857142857143,2.7,9.7,-0.5,-1,NA,NA,NA,NA,NA,-109,-108.388252148997,-108.681109291854
2014,189,-22.5,-22.5,-22.5,-22.5,-22.5,-26.432664756447,-32.9464285714286,-22.5,-22.5,-22.5,-22.5,NA,NA,NA,NA,NA,-135,-138.932664756447,-171.879093327876
2014,190,-22.5,-22.5,-22.5,-22.5,-22.5,-26.432664756447,-32.9464285714286,-22.5,-22.5,-22.5,-22.5,NA,NA,NA,NA,NA,-135,-138.932664756447,-171.879093327876
2014,191,-22.5,-22.5,-22.5,-22.5,-22.5,-26.432664756447,-32.9464285714286,-22.5,-22.5,-22.5,-22.5,NA,NA,NA,NA,NA,-135,-138.932664756447,-171.879093327876
2014,192,-22.5,-22.5,-22.5,-22.5,-22.5,-26.432664756447,-32.9464285714286,-22.5,-22.5,-22.5,-22.5,NA,NA,NA,NA,NA,-135,-138.932664756447,-171.879093327876
2014,193,-22.5,-22.5,-22.5,-22.5,-22.5,-26.432664756447,-32.9464285714286,-22.5,-22.5,-22.5,-22.5,NA,NA,NA,NA,NA,-135,-138.932664756447,-171.879093327876
2014,194,-22.5,-22.5,-22.5,-22.5,-22.5,-26.432664756447,-32.9464285714286,-22.5,-22.5,-22.5,-22.5,NA,NA,NA,NA,NA,-135,-138.932664756447,-171.879093327876
2014,195,-22.5,-22.5,-22.5,-22.5,-22.5,-26.432664756447,-32.9464285714286,-22.5,-22.5,-22.5,-22.5,NA,NA,NA,NA,NA,-135,-138.932664756447,-171.879093327876
2014,196,-22.5,-22.5,-22.5,-22.5,-22.5,-26.432664756447,-32.9464285714286,-22.5,-22.5,-22.5,-22.5,NA,NA,NA,NA,NA,-135,-138.932664756447,-171.879093327876
2014,197,-22.5,-22.5,-22.5,-22.5,-22.5,-26.432664756447,-32.9464285714286,-22.5,-22.5,-22.5,-22.5,NA,NA,NA,NA,NA,-135,-138.932664756447,-171.879093327876
2014,198,-22.5,-22.5,-22.5,-22.5,-22.5,-26.432664756447,-32.9464285714286,-22.5,-22.5,-22.5,-22.5,NA,NA,NA,NA,NA,-135,-138.932664756447,-171.879093327876
2014,199,-22.5,-22.5,-22.5,-22.5,-22.5,-26.432664756447,-32.9464285714286,-22.5,-22.5,-22.5,-22.5,NA,NA,NA,NA,NA,-135,-138.932664756447,-171.879093327876
2014,200,-22.5,-22.5,-22.5,-22.5,-22.5,-26.432664756447,-32.9464285714286,-22.5,-22.5,-22.5,-22.5,NA,NA,NA,NA,NA,-135,-138.932664756447,-171.879093327876
2014,201,-22.5,-22.5,-22.5,-22.5,-22.5,-26.432664756447,-32.9464285714286,-22.5,-22.5,-22.5,-22.5,NA,NA,NA,NA,NA,-135,-138.932664756447,-171.879093327876
2014,202,-22.5,-22.5,-22.5,-22.5,-22.5,-26.432664756447,-32.9464285714286,-22.5,-22.5,-22.5,-22.5,NA,NA,NA,NA,NA,-135,-138.932664756447,-171.879093327876
2014,203,-22.5,-22.5,-22.5,-22.5,-22.5,-26.432664756447,-32.9464285714286,-22.5,-22.5,-22.5,-22.5,NA,NA,NA,NA,NA,-135,-138.932664756447,-171.879093327876
2014,204,-22.5,-22.5,-22.5,-22.5,-22.5,-26.432664756447,-32.9464285714286,-22.5,-22.5,-22.5,-22.5,NA,NA,NA,NA,NA,-135,-138.932664756447,-171.879093327876
2014,205,-22.5,-22.5,1,12.4,7.5,5.16905444126075,-32.9464285714286,4.8,-22.5,-22.5,-22.5,NA,NA,NA,NA,NA,-19.7,-18.9309455587393,-51.8773741301678
2014,206,-22.5,-22.5,-22.5,-22.5,-22.5,-26.432664756447,-32.9464285714286,-22.5,-22.5,-22.5,-22.5,NA,NA,NA,NA,NA,-135,-138.932664756447,-171.879093327876
2014,207,-22.5,-22.5,-22.5,-22.5,-22.5,0.70487106017192,5.41785714285714,3.2,4.5,-2.6,3.8,NA,NA,NA,NA,NA,-111.9,-111.795128939828,-106.377271796971
2014,208,-22.5,-22.5,-22.5,-22.5,-22.5,-26.432664756447,-32.9464285714286,-22.5,-22.5,-22.5,-22.5,NA,NA,NA,NA,NA,-135,-138.932664756447,-171.879093327876
2014,209,-22.5,-22.5,-22.5,-22.5,-22.5,-26.432664756447,-32.9464285714286,-22.5,-22.5,-22.5,-22.5,NA,NA,NA,NA,NA,-135,-138.932664756447,-171.879093327876
2014,210,-22.5,-22.5,-22.5,-22.5,-22.5,-0.939828080229226,-32.9464285714286,5.7,2.9,-0.1,1.5,NA,NA,NA,NA,NA,-113.3,-113.439828080229,-146.386256651658
2015,1,13.2,33.6,23,22.8,18.6790830945559,39.8285714285714,27.9,31.7,32.4,24.8,NA,NA,NA,NA,NA,NA,135.7,151.107654523127,179.007654523127
2015,2,7.4,8.3,12,12.5,19.3839541547278,7.76071428571429,4.8,17.6,15.3,19.8,NA,NA,NA,NA,NA,NA,62,67.3446684404421,72.1446684404421
2015,3,-22.5,-2.2,0.3,11.8,5.5214899713467,-2.34285714285714,9.4,14.7,11,1.9,NA,NA,NA,NA,NA,NA,-9.5,-9.42136717151044,-0.0213671715104358
2015,4,-22.5,10.3,13,18.6,9.16332378223496,20.7928571428571,22.1,22.3,16.1,17.1,NA,NA,NA,NA,NA,NA,41.4,49.3561809250921,71.4561809250921
2015,5,-3.2,-0.3,4,-0.2,0.469914040114613,-0.292857142857143,14.9,0.4,13.5,7.8,NA,NA,NA,NA,NA,NA,0.5,0.47705689725747,15.3770568972575
2015,6,-22.5,0.1,-1,2.3,3.99426934097421,2.19642857142857,2.2,14.3,10,7.3,NA,NA,NA,NA,NA,NA,-16.2,-14.9093020875972,-12.7093020875972
2015,7,-22.5,5.6,10.1,1.3,12.5702005730659,3.51428571428571,1.3,-3,0.1,4.7,NA,NA,NA,NA,NA,NA,7.6,10.5844862873516,11.8844862873516
2015,8,-22.5,7.6,7,1.9,11.1604584527221,4.1,2.6,6,15.3,10.8,NA,NA,NA,NA,NA,NA,6.3,9.26045845272206,11.8604584527221
2015,9,-22.5,0.7,9.8,14,3.75931232091691,8.49285714285714,16.1,13,3.3,9.3,NA,NA,NA,NA,NA,NA,11,14.252169463774,30.352169463774
2015,10,-3.1,3.9,14.8,10.5,6.46131805157593,24.1607142857143,27.5,14.7,18,-3.4,NA,NA,NA,NA,NA,NA,48.1,56.7220323372902,84.2220323372902
2015,11,-22.5,-7.5,-1.2,1.1,-0.117478510028653,0.146428571428571,2.3,1.6,1.6,-0.6,NA,NA,NA,NA,NA,NA,-30.1,-30.0710499386001,-27.7710499386001
2015,12,-22.5,-22.5,-22.5,-2.2,7.40114613180516,3.22142857142857,-1.6,-6.3,1.7,-22.5,NA,NA,NA,NA,NA,NA,-61.2,-59.0774252967663,-60.6774252967663
2015,13,-22.5,-22.5,-22.5,-22.5,-26.432664756447,-4.53928571428571,1.9,-1.2,-22.5,-22.5,NA,NA,NA,NA,NA,NA,-115.6,-120.971950470733,-119.071950470733
2015,14,-22.5,-22.5,16.3,12.3,9.63323782234957,-0.439285714285714,6.8,19.8,4.1,7.4,NA,NA,NA,NA,NA,NA,-8.5,-7.20604789193614,-0.40604789193614
2015,15,-22.5,-22.5,-22.5,-22.5,-26.432664756447,-2.19642857142857,-22.5,-22.5,-22.5,-22.5,NA,NA,NA,NA,NA,NA,-114,-118.629093327876,-141.129093327876
2015,16,-22.5,-22.5,20.7,7,9.51575931232092,14.4964285714286,3.9,7.2,13,7.2,NA,NA,NA,NA,NA,NA,0.699999999999999,6.71218788374949,10.6121878837495
2015,17,-22.5,-2.8,5.4,10.6,0,10.25,5.1,8.8,1.5,16,NA,NA,NA,NA,NA,NA,-2.3,0.950000000000001,6.05
2015,18,-22.5,-22.5,4.1,15.9,4.93409742120344,1.46428571428571,16.9,14.6,9.3,17.4,NA,NA,NA,NA,NA,NA,-19.8,-18.6016168645108,-1.70161686451085
2015,19,-22.5,-22.5,0.8,-22.5,-26.432664756447,-0.878571428571428,2.4,2.5,-22.5,-22.5,NA,NA,NA,NA,NA,NA,-89.8,-94.0112361850184,-91.6112361850184
2015,20,-22.5,1.4,2.5,6.4,13.8624641833811,12.3,12.3,11.1,17,9,NA,NA,NA,NA,NA,NA,8,13.9624641833811,26.2624641833811
2015,21,-22.5,-22.5,2.2,7.5,-1.29226361031519,3.36785714285714,1.4,0.7,-2.7,-22.5,NA,NA,NA,NA,NA,NA,-34.1,-33.224406467458,-31.824406467458
2015,22,-22.5,-22.5,-22.5,-22.5,9.86819484240688,1.61071428571429,-2.8,26.1,1.4,2.4,NA,NA,NA,NA,NA,NA,-80.5,-78.5210908718788,-81.3210908718788
2015,23,-22.5,1.3,12.2,9.9,14.0974212034384,12.5928571428571,2.3,4.2,9.2,1.3,NA,NA,NA,NA,NA,NA,21.5,27.5902783462955,29.8902783462955
2015,24,-22.5,5.4,10.9,5.4,13.7449856733524,6.00357142857143,5.4,0.5,8.6,-0.8,NA,NA,NA,NA,NA,NA,15,18.9485571019239,24.3485571019239
2015,25,-22.5,-22.5,5.5,6.2,3.05444126074499,7.175,7.1,0.6,5.6,1.1,NA,NA,NA,NA,NA,NA,-25.8,-23.070558739255,-15.970558739255
2015,26,-22.5,-22.5,-2.6,1.5,-26.432664756447,-32.9464285714286,-0.7,0.5,-0.4,-2.7,NA,NA,NA,NA,NA,NA,-91.1,-105.479093327876,-106.179093327876
2015,27,-22.5,-1,-22.5,-0.4,-5.16905444126075,0.439285714285714,-1.6,-0.2,-22.5,-22.5,NA,NA,NA,NA,NA,NA,-50.5,-51.129768726975,-52.729768726975
2015,28,-22.5,2,4.3,5.1,13.6275071633238,12.3,-2.5,1.2,-1.8,10,NA,NA,NA,NA,NA,NA,8.9,14.8275071633238,12.3275071633238
2015,29,-22.5,-22.5,-2,-22.5,-0.70487106017192,1.46428571428571,0.9,-0.3,-22.5,-22.5,NA,NA,NA,NA,NA,NA,-69.1,-68.7405853458862,-67.8405853458862
2015,30,-22.5,-22.5,-22.5,-22.5,-26.432664756447,2.05,1.3,-22.5,-22.5,-22.5,NA,NA,NA,NA,NA,NA,-111.1,-114.382664756447,-113.082664756447
2015,31,-22.5,-22.5,-22.5,-22.5,-26.432664756447,-32.9464285714286,-22.5,-22.5,-22.5,-22.5,NA,NA,NA,NA,NA,NA,-135,-149.379093327876,-171.879093327876
2015,32,-22.5,0.8,6.8,-1.2,4.34670487106017,3.95357142857143,-8.1,-1,3,-5.4,NA,NA,NA,NA,NA,NA,-9.7,-7.7997237003684,-15.8997237003684
2015,33,-22.5,-22.5,-22.5,-22.5,2.23209169054441,-3.95357142857143,-2.6,-22.5,0.6,-2.4,NA,NA,NA,NA,NA,NA,-90.8,-91.721479738027,-94.321479738027
2015,34,-22.5,-22.5,8.3,3,12.1002865329513,-2.78214285714286,4.7,-0.9,-7.2,-2.9,NA,NA,NA,NA,NA,NA,-25.3,-24.3818563241916,-19.6818563241916
2015,35,-22.5,5.6,10.1,14.9,8.10601719197708,10.3964285714286,10.4,15,15.6,10.5,NA,NA,NA,NA,NA,NA,22.1,26.6024457634057,37.0024457634057
2015,36,-22.5,-22.5,-22.5,-22.5,-26.432664756447,-32.9464285714286,-22.5,-22.5,-22.5,-22.5,NA,NA,NA,NA,NA,NA,-135,-149.379093327876,-171.879093327876
2015,37,-22.5,9.4,3.4,8.3,0.587392550143267,2.19642857142857,5.4,14.3,4.3,1.6,NA,NA,NA,NA,NA,NA,0.600000000000001,1.38382112157184,6.78382112157184
2015,38,-22.5,-22.5,-22.5,-22.5,-26.432664756447,-32.9464285714286,-22.5,-22.5,-22.5,-22.5,NA,NA,NA,NA,NA,NA,-135,-149.379093327876,-171.879093327876
2015,39,-22.5,0.1,-0.8,-1.7,-26.432664756447,-32.9464285714286,2.1,2,-1,-1.7,NA,NA,NA,NA,NA,NA,-69.9,-84.2790933278756,-82.1790933278756
2015,40,-22.5,-22.5,-22.5,-22.5,-26.432664756447,0.878571428571428,-1.6,-22.5,-22.5,-22.5,NA,NA,NA,NA,NA,NA,-111.9,-115.554093327876,-117.154093327876
2015,41,-22.5,-22.5,-22.5,-22.5,-26.432664756447,-32.9464285714286,-22.5,-22.5,-22.5,-22.5,NA,NA,NA,NA,NA,NA,-135,-149.379093327876,-171.879093327876
2015,42,-22.5,-22.5,-22.5,9.4,17.3868194842407,2.78214285714286,-5.3,2.4,10.6,26,NA,NA,NA,NA,NA,NA,-41.4,-37.9310376586164,-43.2310376586165
2015,43,-22.5,-22.5,-22.5,12.1,2.81948424068768,8.93214285714286,4.2,-3.8,0.4,0.7,NA,NA,NA,NA,NA,NA,-46.9,-43.6483729021695,-39.4483729021695
2015,44,-22.5,-22.5,-22.5,-22.5,-26.432664756447,-32.9464285714286,-22.5,-22.5,-22.5,-22.5,NA,NA,NA,NA,NA,NA,-135,-149.379093327876,-171.879093327876
2015,45,-22.5,-22.5,-22.5,-0.9,-26.432664756447,-32.9464285714286,-22.5,-22.5,-22.5,-22.5,NA,NA,NA,NA,NA,NA,-113.4,-127.779093327876,-150.279093327876
2015,46,-2.8,-22.5,3.7,-3.8,1.17478510028653,6.00357142857143,-0.8,12.8,5.8,1.6,NA,NA,NA,NA,NA,NA,-20.3,-18.221643471142,-19.021643471142
2015,47,-22.5,-22.5,-22.5,-22.5,1.99713467048711,-2.92857142857143,0.8,3.3,-1.2,1.2,NA,NA,NA,NA,NA,NA,-90.3,-90.9314367580843,-90.1314367580843
2015,48,-22.5,-22.5,0.3,-0.8,1.17478510028653,-32.9464285714286,-22.5,-22.5,-22.5,-22.5,NA,NA,NA,NA,NA,NA,-67,-77.271643471142,-99.771643471142
2015,49,-22.5,-22.5,-22.5,1,8.22349570200573,18.5964285714286,17.5,18.8,24.2,10.5,NA,NA,NA,NA,NA,NA,-46.8,-39.6800757265657,-22.1800757265657
2015,50,-22.5,-22.5,-0.4,0.7,8.57593123209169,0.439285714285714,8.8,3.4,2.1,1.4,NA,NA,NA,NA,NA,NA,-37.1,-35.6847830536226,-26.8847830536226
2015,51,-22.5,-22.5,1.1,-1.5,-1.05730659025788,-32.9464285714286,2,-22.5,-22.5,-22.5,NA,NA,NA,NA,NA,NA,-68.8,-79.4037351616865,-77.4037351616865
2015,52,-22.5,-22.5,-22.5,-2.2,-1.29226361031519,3.95357142857143,-8,-6.9,-4.9,-3.2,NA,NA,NA,NA,NA,NA,-68.1,-67.0386921817438,-75.0386921817438
2015,53,-22.5,-22.5,-0.3,10.8,8.45845272206304,-3.51428571428571,14.3,8.1,1.6,-11.4,NA,NA,NA,NA,NA,NA,-29.7,-29.5558329922227,-15.2558329922227
2015,54,-22.5,-22.5,-22.5,-22.5,-26.432664756447,-32.9464285714286,-22.5,-22.5,-22.5,-22.5,NA,NA,NA,NA,NA,NA,-135,-149.379093327876,-171.879093327876
2015,55,-22.5,-22.5,-22.5,-22.5,3.64183381088825,3.075,0.2,-2.5,2.7,3.2,NA,NA,NA,NA,NA,NA,-84.8,-83.2831661891117,-83.0831661891117
2015,56,-22.5,-22.5,6.7,8.2,14.214899713467,1.025,-1.5,22.2,5.7,7.9,NA,NA,NA,NA,NA,NA,-17.3,-14.8601002865329,-16.3601002865329
2015,57,-22.5,-22.5,-22.5,2.3,5.99140401146132,-5.27142857142857,14.4,14,-10.9,11.3,NA,NA,NA,NA,NA,NA,-63.7,-64.4800245599672,-50.0800245599672
2015,58,-22.5,-22.5,-22.5,-22.5,1.52722063037249,6.00357142857143,-22.5,-0.6,-6.6,3.7,NA,NA,NA,NA,NA,NA,-84.6,-82.4692079410561,-104.969207941056
2015,59,-22.5,-22.5,-22.5,-22.5,-26.432664756447,-32.9464285714286,-22.5,-22.5,-22.5,-22.5,NA,NA,NA,NA,NA,NA,-135,-149.379093327876,-171.879093327876
2015,60,-22.5,-22.5,-22.5,-2.8,-0.117478510028653,0.292857142857143,17.2,-22.5,-5.6,-1.2,NA,NA,NA,NA,NA,NA,-70.2,-70.1246213671715,-52.9246213671715
2015,61,-22.5,-22.5,-22.5,-22.5,-26.432664756447,-32.9464285714286,-22.5,-22.5,-22.5,-22.5,NA,NA,NA,NA,NA,NA,-135,-149.379093327876,-171.879093327876
2015,62,-22.5,-22.5,-22.5,-22.5,-26.432664756447,-32.9464285714286,-22.5,-22.5,-22.5,-22.5,NA,NA,NA,NA,NA,NA,-135,-149.379093327876,-171.879093327876
2015,63,-22.5,-22.5,-22.5,-22.5,0,-32.9464285714286,-3.2,2.1,-22.5,-22.5,NA,NA,NA,NA,NA,NA,-112.5,-122.946428571429,-126.146428571429
2015,64,-22.5,-22.5,-22.5,-22.5,-26.432664756447,-32.9464285714286,-22.5,-22.5,-22.5,-22.5,NA,NA,NA,NA,NA,NA,-135,-149.379093327876,-171.879093327876
2015,65,-22.5,-22.5,-22.5,-22.5,-26.432664756447,-32.9464285714286,-22.5,-22.5,-22.5,-22.5,NA,NA,NA,NA,NA,NA,-135,-149.379093327876,-171.879093327876
2015,66,-22.5,-22.5,-22.5,0.2,-26.432664756447,-32.9464285714286,-22.5,-0.5,-22.5,-22.5,NA,NA,NA,NA,NA,NA,-112.3,-126.679093327876,-149.179093327876
2015,67,-22.5,-22.5,-22.5,-22.5,-26.432664756447,-32.9464285714286,-22.5,-22.5,-22.5,-22.5,NA,NA,NA,NA,NA,NA,-135,-149.379093327876,-171.879093327876
2015,68,-22.5,-22.5,-22.5,-22.5,-26.432664756447,-32.9464285714286,-22.5,-22.5,-22.5,-22.5,NA,NA,NA,NA,NA,NA,-135,-149.379093327876,-171.879093327876
2015,69,-22.5,-22.5,-22.5,-22.5,-26.432664756447,1.31785714285714,-2.8,3.8,-1.2,2,NA,NA,NA,NA,NA,NA,-111.6,-115.11480761359,-117.91480761359
2015,70,-22.5,-22.5,-22.5,-22.5,-26.432664756447,-32.9464285714286,3.8,-7.2,-4,-22.5,NA,NA,NA,NA,NA,NA,-135,-149.379093327876,-145.579093327876
2015,71,-22.5,-22.5,-22.5,-22.5,-1.87965616045845,-32.9464285714286,-22.5,-22.5,-22.5,-22.5,NA,NA,NA,NA,NA,NA,-114.1,-124.826084731887,-147.326084731887
2015,72,-22.5,-22.5,3.7,16.2,18.4441260744986,1.17142857142857,10.3,7.3,8,16.1,NA,NA,NA,NA,NA,NA,-8.6,-5.48444535407286,4.81555464592714
2015,73,-22.5,-22.5,-22.5,-22.5,-26.432664756447,-32.9464285714286,-22.5,-22.5,-22.5,-22.5,NA,NA,NA,NA,NA,NA,-135,-149.379093327876,-171.879093327876
2015,74,-22.5,-22.5,-22.5,-22.5,-26.432664756447,-32.9464285714286,-22.5,-22.5,-22.5,-22.5,NA,NA,NA,NA,NA,NA,-135,-149.379093327876,-171.879093327876
2015,75,-22.5,-22.5,-22.5,-22.5,-26.432664756447,-2.48928571428571,7.1,-0.4,-7.4,6.6,NA,NA,NA,NA,NA,NA,-114.2,-118.921950470733,-111.821950470733
2015,76,-22.5,-22.5,0.3,0.6,4.11174785100287,7.90714285714286,4.6,12,16,17.6,NA,NA,NA,NA,NA,NA,-35.2,-32.0811092918543,-27.4811092918543
2015,77,-22.5,-22.5,-22.5,-3.8,-9.0458452722063,-32.9464285714286,1.1,9.6,19.4,18.1,NA,NA,NA,NA,NA,NA,-101.5,-113.292273843635,-112.192273843635
2015,78,-22.5,-22.5,-22.5,-22.5,-26.432664756447,-32.9464285714286,-22.5,-22.5,-22.5,-22.5,NA,NA,NA,NA,NA,NA,-135,-149.379093327876,-171.879093327876
2015,79,-22.5,-22.5,-22.5,-22.5,-26.432664756447,-32.9464285714286,-22.5,-22.5,-22.5,-22.5,NA,NA,NA,NA,NA,NA,-135,-149.379093327876,-171.879093327876
2015,80,-22.5,-22.5,-22.5,-22.5,-26.432664756447,-32.9464285714286,-22.5,-22.5,-22.5,-22.5,NA,NA,NA,NA,NA,NA,-135,-149.379093327876,-171.879093327876
2015,81,-22.5,-22.5,-22.5,-22.5,-26.432664756447,-32.9464285714286,-22.5,-22.5,-22.5,-22.5,NA,NA,NA,NA,NA,NA,-135,-149.379093327876,-171.879093327876
2015,82,-22.5,-22.5,-22.5,-22.5,-26.432664756447,-32.9464285714286,-22.5,-22.5,-22.5,-22.5,NA,NA,NA,NA,NA,NA,-135,-149.379093327876,-171.879093327876
2015,83,-22.5,-22.5,-22.5,-22.5,-26.432664756447,-32.9464285714286,-22.5,-22.5,-22.5,-22.5,NA,NA,NA,NA,NA,NA,-135,-149.379093327876,-171.879093327876
2015,84,-22.5,-22.5,-22.5,-22.5,-26.432664756447,-32.9464285714286,-22.5,-22.5,-22.5,-22.5,NA,NA,NA,NA,NA,NA,-135,-149.379093327876,-171.879093327876
2015,85,-22.5,-22.5,-22.5,-22.5,-26.432664756447,-32.9464285714286,0.9,6.7,13.8,1.2,NA,NA,NA,NA,NA,NA,-135,-149.379093327876,-148.479093327876
2015,86,-22.5,-22.5,-22.5,-22.5,-26.432664756447,-32.9464285714286,-22.5,-22.5,-22.5,-22.5,NA,NA,NA,NA,NA,NA,-135,-149.379093327876,-171.879093327876
2015,87,-22.5,-22.5,-22.5,-22.5,0.35243553008596,-32.9464285714286,-1.3,-22.5,-22.5,-22.5,NA,NA,NA,NA,NA,NA,-112.2,-122.593993041343,-123.893993041343
2015,88,-22.5,-22.5,-22.5,-22.5,-26.432664756447,-32.9464285714286,-22.5,-22.5,-22.5,-22.5,NA,NA,NA,NA,NA,NA,-135,-149.379093327876,-171.879093327876
2015,89,-22.5,-22.5,-22.5,-22.5,0.35243553008596,-32.9464285714286,-22.5,-22.5,-22.5,-22.5,NA,NA,NA,NA,NA,NA,-112.2,-122.593993041343,-145.093993041343
2015,90,-22.5,-22.5,-22.5,-22.5,-26.432664756447,-32.9464285714286,-22.5,-22.5,-22.5,-22.5,NA,NA,NA,NA,NA,NA,-135,-149.379093327876,-171.879093327876
2015,91,-22.5,-22.5,-22.5,-22.5,-3.05444126074499,-32.9464285714286,-22.5,1.7,-1.8,1.6,NA,NA,NA,NA,NA,NA,-115.1,-126.000869832174,-148.500869832174
2015,92,-22.5,-22.5,-22.5,-1.9,-26.432664756447,0.439285714285714,-1.1,8.2,2.6,-1,NA,NA,NA,NA,NA,NA,-91.6,-95.3933790421613,-96.4933790421613
2015,93,-22.5,-22.5,-22.5,-22.5,-26.432664756447,-32.9464285714286,-22.5,-22.5,-22.5,-22.5,NA,NA,NA,NA,NA,NA,-135,-149.379093327876,-171.879093327876
2015,94,-22.5,-22.5,-22.5,-22.5,-26.432664756447,-32.9464285714286,-22.5,-22.5,-22.5,-22.5,NA,NA,NA,NA,NA,NA,-135,-149.379093327876,-171.879093327876
2015,95,-22.5,-22.5,-22.5,-22.5,-26.432664756447,-32.9464285714286,-22.5,-22.5,-22.5,-22.5,NA,NA,NA,NA,NA,NA,-135,-149.379093327876,-171.879093327876
2015,96,-22.5,-22.5,-22.5,-22.5,2.70200573065903,3.36785714285714,3.7,0.8,4.7,-4.6,NA,NA,NA,NA,NA,NA,-85.4,-83.9301371264838,-80.2301371264838
2015,97,-22.5,-22.5,-22.5,-22.5,-1.52722063037249,-32.9464285714286,3.6,-0.6,-22.5,-22.5,NA,NA,NA,NA,NA,NA,-113.8,-124.473649201801,-120.873649201801
2015,98,-22.5,-22.5,-22.5,-22.5,-26.432664756447,-32.9464285714286,-22.5,-22.5,-22.5,-22.5,NA,NA,NA,NA,NA,NA,-135,-149.379093327876,-171.879093327876
2015,99,-22.5,-22.5,-22.5,1.1,0.35243553008596,-1.17142857142857,-22.5,-1,-22.5,-22.5,NA,NA,NA,NA,NA,NA,-66.9,-67.2189930413426,-89.7189930413426
2015,100,-22.5,-22.5,-22.5,-22.5,-26.432664756447,-32.9464285714286,-22.5,1.5,-1.4,1.4,NA,NA,NA,NA,NA,NA,-135,-149.379093327876,-171.879093327876
2015,101,-22.5,-22.5,-0.5,-22.5,-26.432664756447,-32.9464285714286,-22.5,-22.5,-22.5,-22.5,NA,NA,NA,NA,NA,NA,-113,-127.379093327876,-149.879093327876
2015,102,-22.5,2.2,7.4,2.2,-3.87679083094556,-32.9464285714286,-22.5,3,-22.5,-22.5,NA,NA,NA,NA,NA,NA,-36.5,-47.5232194023741,-70.0232194023741
2015,103,-22.5,-22.5,-22.5,-22.5,-26.432664756447,-32.9464285714286,-22.5,-22.5,-22.5,-22.5,NA,NA,NA,NA,NA,NA,-135,-149.379093327876,-171.879093327876
2015,104,-22.5,-22.5,-22.5,-0.5,-3.99426934097421,-32.9464285714286,-22.5,-22.5,-22.5,-22.5,NA,NA,NA,NA,NA,NA,-93.9,-104.940697912403,-127.440697912403
2015,105,-22.5,-22.5,-22.5,-22.5,-26.432664756447,-32.9464285714286,-22.5,-22.5,-22.5,-22.5,NA,NA,NA,NA,NA,NA,-135,-149.379093327876,-171.879093327876
2015,106,-22.5,-22.5,-22.5,-22.5,-26.432664756447,-32.9464285714286,-22.5,-22.5,-22.5,-22.5,NA,NA,NA,NA,NA,NA,-135,-149.379093327876,-171.879093327876
2015,107,-22.5,-22.5,0.7,7.8,-0.35243553008596,-2.92857142857143,0.5,-1,-22.5,-22.5,NA,NA,NA,NA,NA,NA,-38.8,-39.7810069586574,-39.2810069586574
2015,108,-22.5,-22.5,-22.5,-22.5,-26.432664756447,-32.9464285714286,-22.5,-22.5,-22.5,-22.5,NA,NA,NA,NA,NA,NA,-135,-149.379093327876,-171.879093327876
2015,109,-22.5,-22.5,-22.5,-22.5,-26.432664756447,-32.9464285714286,-22.5,-22.5,-22.5,-22.5,NA,NA,NA,NA,NA,NA,-135,-149.379093327876,-171.879093327876
2015,110,-22.5,-22.5,-22.5,-22.5,-26.432664756447,-32.9464285714286,-22.5,-22.5,-22.5,-22.5,NA,NA,NA,NA,NA,NA,-135,-149.379093327876,-171.879093327876
2015,111,-22.5,-22.5,-22.5,-22.5,-26.432664756447,-32.9464285714286,-22.5,-22.5,-22.5,0.3,NA,NA,NA,NA,NA,NA,-135,-149.379093327876,-171.879093327876
2015,112,-22.5,-22.5,-22.5,-22.5,-26.432664756447,-32.9464285714286,-22.5,1.3,0.5,2.6,NA,NA,NA,NA,NA,NA,-135,-149.379093327876,-171.879093327876
2015,113,-22.5,-22.5,-22.5,-22.5,-26.432664756447,-32.9464285714286,-22.5,-22.5,-22.5,-22.5,NA,NA,NA,NA,NA,NA,-135,-149.379093327876,-171.879093327876
2015,114,-22.5,-22.5,-22.5,-22.5,-26.432664756447,-32.9464285714286,-22.5,-22.5,-22.5,-22.5,NA,NA,NA,NA,NA,NA,-135,-149.379093327876,-171.879093327876
2015,115,-22.5,-22.5,-22.5,-22.5,-26.432664756447,3.22142857142857,8.4,1.2,5.7,5,NA,NA,NA,NA,NA,NA,-110.3,-113.211236185018,-104.811236185018
2015,116,-22.5,-22.5,-22.5,-22.5,-26.432664756447,-32.9464285714286,-22.5,-22.5,-22.5,-22.5,NA,NA,NA,NA,NA,NA,-135,-149.379093327876,-171.879093327876
2015,117,-22.5,-22.5,-22.5,0.5,9.0458452722063,-2.48928571428571,3.7,2.2,1,-0.6,NA,NA,NA,NA,NA,NA,-61,-60.4434404420794,-56.7434404420794
2015,118,-22.5,-22.5,-22.5,-22.5,-26.432664756447,-32.9464285714286,-22.5,-22.5,-22.5,-22.5,NA,NA,NA,NA,NA,NA,-135,-149.379093327876,-171.879093327876
2015,119,-22.5,-22.5,-22.5,-22.5,-26.432664756447,-32.9464285714286,-22.5,-22.5,-22.5,-22.5,NA,NA,NA,NA,NA,NA,-135,-149.379093327876,-171.879093327876
2015,120,-22.5,-22.5,-22.5,5.5,1.05730659025788,2.05,8.5,4.9,7.3,3.7,NA,NA,NA,NA,NA,NA,-59.7,-58.8926934097421,-50.3926934097421
2015,121,-22.5,-22.5,-22.5,-22.5,-26.432664756447,-32.9464285714286,-22.5,-22.5,-3.9,2.2,NA,NA,NA,NA,NA,NA,-135,-149.379093327876,-171.879093327876
2015,122,-22.5,-22.5,-22.5,-22.5,-26.432664756447,-32.9464285714286,-22.5,-22.5,-22.5,-22.5,NA,NA,NA,NA,NA,NA,-135,-149.379093327876,-171.879093327876
2015,123,-22.5,-22.5,-22.5,4,11.1604584527221,11.5678571428571,18,8.6,20.2,9.2,NA,NA,NA,NA,NA,NA,-46.1,-40.7716844044208,-22.7716844044208
2015,124,-22.5,-22.5,-4.3,-22.5,5.40401146131805,0,0.3,4.4,-1.6,-22.5,NA,NA,NA,NA,NA,NA,-67.2,-66.395988538682,-66.095988538682
2015,125,-22.5,-22.5,-22.5,-22.5,0.939828080229226,-32.9464285714286,-22.5,-22.5,-22.5,-22.5,NA,NA,NA,NA,NA,NA,-111.7,-122.006600491199,-144.506600491199
2015,126,-22.5,-22.5,-22.5,-22.5,-26.432664756447,-32.9464285714286,-22.5,-22.5,-22.5,-22.5,NA,NA,NA,NA,NA,NA,-135,-149.379093327876,-171.879093327876
2015,127,-22.5,-22.5,-22.5,-22.5,1.17478510028653,0.878571428571428,1.3,-2.1,2.1,11.1,NA,NA,NA,NA,NA,NA,-88.4,-87.946643471142,-86.646643471142
2015,128,-22.5,-22.5,-22.5,-22.5,0.234957020057307,-32.9464285714286,-22.5,-22.5,-22.5,-22.5,NA,NA,NA,NA,NA,NA,-112.3,-122.711471551371,-145.211471551371
2015,129,-22.5,-22.5,-22.5,-22.5,-26.432664756447,-32.9464285714286,-22.5,-22.5,-22.5,-22.5,NA,NA,NA,NA,NA,NA,-135,-149.379093327876,-171.879093327876
2015,130,-22.5,-22.5,-22.5,-22.5,-26.432664756447,-32.9464285714286,-22.5,-22.5,-22.5,-22.5,NA,NA,NA,NA,NA,NA,-135,-149.379093327876,-171.879093327876
2015,131,-22.5,-22.5,-22.5,-22.5,-26.432664756447,-32.9464285714286,-22.5,-22.5,-22.5,-22.5,NA,NA,NA,NA,NA,NA,-135,-149.379093327876,-171.879093327876
2015,132,-22.5,-22.5,-22.5,-22.5,-26.432664756447,-32.9464285714286,-22.5,-22.5,-22.5,-22.5,NA,NA,NA,NA,NA,NA,-135,-149.379093327876,-171.879093327876
2015,133,-22.5,-22.5,-22.5,-22.5,-26.432664756447,-32.9464285714286,-22.5,-22.5,-22.5,-22.5,NA,NA,NA,NA,NA,NA,-135,-149.379093327876,-171.879093327876
2015,134,-22.5,-22.5,-22.5,-22.5,-26.432664756447,-32.9464285714286,-22.5,-22.5,-22.5,-22.5,NA,NA,NA,NA,NA,NA,-135,-149.379093327876,-171.879093327876
2015,135,-22.5,-22.5,-22.5,-22.5,-26.432664756447,13.4714285714286,21.9,12.6,23.3,13,NA,NA,NA,NA,NA,NA,-103.3,-102.961236185018,-81.0612361850184
2015,136,-22.5,-22.5,-22.5,-22.5,-26.432664756447,-32.9464285714286,-22.5,-22.5,-22.5,-22.5,NA,NA,NA,NA,NA,NA,-135,-149.379093327876,-171.879093327876
2015,137,-22.5,-22.5,1.5,11.1,-5.40401146131805,-0.292857142857143,2.1,-22.5,-22.5,-22.5,NA,NA,NA,NA,NA,NA,-37.2,-38.0968686041752,-35.9968686041752
2015,138,-22.5,-22.5,-22.5,-22.5,-26.432664756447,-32.9464285714286,-22.5,-22.5,-22.5,-22.5,NA,NA,NA,NA,NA,NA,-135,-149.379093327876,-171.879093327876
2015,139,-22.5,-22.5,-22.5,-0.2,0.469914040114613,-1.025,-0.8,-22.5,-22.5,-22.5,NA,NA,NA,NA,NA,NA,-68,-68.2550859598854,-69.0550859598854
2015,140,-22.5,-22.5,-22.5,-22.5,-26.432664756447,-32.9464285714286,-22.5,-22.5,-22.5,-22.5,NA,NA,NA,NA,NA,NA,-135,-149.379093327876,-171.879093327876
2015,141,-22.5,-22.5,-22.5,-22.5,-26.432664756447,-32.9464285714286,-22.5,-22.5,-22.5,-22.5,NA,NA,NA,NA,NA,NA,-135,-149.379093327876,-171.879093327876
2015,142,-22.5,-22.5,-22.5,-2,1.17478510028653,5.56428571428571,4.2,0.4,-22.5,-22.5,NA,NA,NA,NA,NA,NA,-64.7,-62.7609291854278,-58.5609291854278
2015,143,-22.5,-22.5,-22.5,-22.5,-26.432664756447,-32.9464285714286,-22.5,-22.5,-22.5,-22.5,NA,NA,NA,NA,NA,NA,-135,-149.379093327876,-171.879093327876
2015,144,-22.5,-22.5,-22.5,-22.5,-26.432664756447,-32.9464285714286,-22.5,-22.5,-22.5,-22.5,NA,NA,NA,NA,NA,NA,-135,-149.379093327876,-171.879093327876
2015,145,-22.5,-22.5,-22.5,-22.5,-26.432664756447,-32.9464285714286,-8.3,7.6,-0.7,25.6,NA,NA,NA,NA,NA,NA,-135,-149.379093327876,-157.679093327876
2015,146,-22.5,-22.5,-22.5,-22.5,-26.432664756447,-32.9464285714286,-22.5,-22.5,-22.5,-22.5,NA,NA,NA,NA,NA,NA,-135,-149.379093327876,-171.879093327876
2015,147,-22.5,-22.5,-22.5,-22.5,-26.432664756447,-32.9464285714286,-22.5,-22.5,-22.5,-22.5,NA,NA,NA,NA,NA,NA,-135,-149.379093327876,-171.879093327876
2015,148,-22.5,-22.5,-22.5,7.5,0.70487106017192,9.37142857142857,16.3,13.9,13.7,4.1,NA,NA,NA,NA,NA,NA,-53,-49.9237003683995,-33.6237003683995
2015,149,-22.5,-22.5,-0.1,-1.9,5.40401146131805,-4.97857142857143,-5.8,-22.5,-22.5,6.7,NA,NA,NA,NA,NA,NA,-45.8,-46.5745599672534,-52.3745599672534
2015,150,-22.5,-22.5,-22.5,-22.5,-26.432664756447,-32.9464285714286,-22.5,-22.5,-22.5,-22.5,NA,NA,NA,NA,NA,NA,-135,-149.379093327876,-171.879093327876
2015,151,-22.5,-22.5,-22.5,-22.5,-26.432664756447,-32.9464285714286,-22.5,-22.5,-22.5,-22.5,NA,NA,NA,NA,NA,NA,-135,-149.379093327876,-171.879093327876
2015,152,-22.5,-22.5,-22.5,-22.5,-26.432664756447,-32.9464285714286,-22.5,-22.5,-22.5,-22.5,NA,NA,NA,NA,NA,NA,-135,-149.379093327876,-171.879093327876
2015,153,-22.5,-22.5,-22.5,-22.5,-26.432664756447,-32.9464285714286,-22.5,-22.5,-22.5,-22.5,NA,NA,NA,NA,NA,NA,-135,-149.379093327876,-171.879093327876
2015,154,-22.5,-22.5,-22.5,-22.5,17.974212034384,2.78214285714286,2.7,4,3.3,2.8,NA,NA,NA,NA,NA,NA,-72.8,-69.2436451084732,-66.5436451084732
2015,155,-22.5,-22.5,-22.5,-22.5,-26.432664756447,-32.9464285714286,-22.5,-22.5,-22.5,-22.5,NA,NA,NA,NA,NA,NA,-135,-149.379093327876,-171.879093327876
2015,156,-22.5,-22.5,-22.5,-22.5,-26.432664756447,-32.9464285714286,-22.5,-22.5,-22.5,-22.5,NA,NA,NA,NA,NA,NA,-135,-149.379093327876,-171.879093327876
2015,157,-22.5,-22.5,-22.5,0.4,-26.432664756447,-32.9464285714286,-22.5,-0.1,-22.5,-22.5,NA,NA,NA,NA,NA,NA,-112.1,-126.479093327876,-148.979093327876
2015,158,-22.5,-22.5,-22.5,-22.5,-26.432664756447,-32.9464285714286,-22.5,-22.5,-22.5,-22.5,NA,NA,NA,NA,NA,NA,-135,-149.379093327876,-171.879093327876
2015,159,-22.5,-22.5,-22.5,-22.5,9.63323782234957,1.61071428571429,4.5,1.4,8.9,6.9,NA,NA,NA,NA,NA,NA,-80.7,-78.7560478919361,-74.2560478919361
2015,160,-22.5,-22.5,-22.5,-22.5,-26.432664756447,-32.9464285714286,-22.5,-22.5,-22.5,-22.5,NA,NA,NA,NA,NA,NA,-135,-149.379093327876,-171.879093327876
2015,161,-22.5,-22.5,-22.5,-22.5,-26.432664756447,-32.9464285714286,-22.5,-22.5,-22.5,-22.5,NA,NA,NA,NA,NA,NA,-135,-149.379093327876,-171.879093327876
2015,162,-22.5,-22.5,-22.5,-22.5,-26.432664756447,-32.9464285714286,-22.5,-22.5,-22.5,-22.5,NA,NA,NA,NA,NA,NA,-135,-149.379093327876,-171.879093327876
2015,163,-22.5,-22.5,-22.5,-22.5,-26.432664756447,-32.9464285714286,-22.5,-22.5,-22.5,-22.5,NA,NA,NA,NA,NA,NA,-135,-149.379093327876,-171.879093327876
2015,164,-22.5,-22.5,-22.5,-22.5,-26.432664756447,-32.9464285714286,-22.5,-22.5,-22.5,-22.5,NA,NA,NA,NA,NA,NA,-135,-149.379093327876,-171.879093327876
2015,165,-22.5,-22.5,-22.5,-22.5,-26.432664756447,-32.9464285714286,-22.5,-22.5,-22.5,-22.5,NA,NA,NA,NA,NA,NA,-135,-149.379093327876,-171.879093327876
2015,166,-22.5,-22.5,-1.1,6.2,13.7449856733524,10.1035714285714,14.7,7,5.7,1.5,NA,NA,NA,NA,NA,NA,-21.3,-16.0514428980761,-1.35144289807613
2015,167,-22.5,-22.5,-22.5,-22.5,-26.432664756447,-32.9464285714286,-22.5,-22.5,-22.5,-22.5,NA,NA,NA,NA,NA,NA,-135,-149.379093327876,-171.879093327876
2015,168,-22.5,-22.5,-22.5,3.9,-0.35243553008596,5.27142857142857,-2.1,2,-2.2,-1.6,NA,NA,NA,NA,NA,NA,-60.3,-58.6810069586574,-60.7810069586574
2015,169,-22.5,-22.5,-22.5,-22.5,-26.432664756447,-32.9464285714286,-22.5,-22.5,-22.5,-22.5,NA,NA,NA,NA,NA,NA,-135,-149.379093327876,-171.879093327876
2015,170,-22.5,-22.5,-22.5,-22.5,-26.432664756447,-32.9464285714286,-22.5,-22.5,-22.5,-22.5,NA,NA,NA,NA,NA,NA,-135,-149.379093327876,-171.879093327876
2015,171,-22.5,-22.5,-22.5,-22.5,-26.432664756447,-32.9464285714286,-22.5,-22.5,-22.5,-22.5,NA,NA,NA,NA,NA,NA,-135,-149.379093327876,-171.879093327876
2015,172,-22.5,-22.5,-22.5,-22.5,-26.432664756447,-32.9464285714286,-22.5,-22.5,-22.5,-22.5,NA,NA,NA,NA,NA,NA,-135,-149.379093327876,-171.879093327876
2015,173,-22.5,-22.5,-22.5,-22.5,-26.432664756447,-32.9464285714286,-22.5,-22.5,-22.5,-22.5,NA,NA,NA,NA,NA,NA,-135,-149.379093327876,-171.879093327876
2015,174,-22.5,-22.5,-22.5,-22.5,-26.432664756447,-32.9464285714286,-22.5,-22.5,-22.5,-22.5,NA,NA,NA,NA,NA,NA,-135,-149.379093327876,-171.879093327876
2015,175,-22.5,-22.5,-22.5,-22.5,-26.432664756447,-32.9464285714286,-22.5,-22.5,-22.5,-22.5,NA,NA,NA,NA,NA,NA,-135,-149.379093327876,-171.879093327876
2015,176,-22.5,-22.5,-22.5,-22.5,-26.432664756447,-32.9464285714286,-22.5,-22.5,-22.5,-22.5,NA,NA,NA,NA,NA,NA,-135,-149.379093327876,-171.879093327876
2015,177,-22.5,-22.5,-22.5,-22.5,-26.432664756447,-32.9464285714286,-22.5,-22.5,-22.5,-22.5,NA,NA,NA,NA,NA,NA,-135,-149.379093327876,-171.879093327876
2015,178,-22.5,-22.5,-22.5,-22.5,-26.432664756447,-32.9464285714286,-22.5,-22.5,-22.5,-22.5,NA,NA,NA,NA,NA,NA,-135,-149.379093327876,-171.879093327876
2015,179,-22.5,-22.5,-22.5,-22.5,-26.432664756447,-32.9464285714286,-22.5,-22.5,-22.5,-22.5,NA,NA,NA,NA,NA,NA,-135,-149.379093327876,-171.879093327876
2015,180,-22.5,-22.5,-22.5,-22.5,-26.432664756447,-32.9464285714286,-22.5,-22.5,-22.5,1.2,NA,NA,NA,NA,NA,NA,-135,-149.379093327876,-171.879093327876
2015,181,-22.5,-22.5,-22.5,-22.5,-26.432664756447,-32.9464285714286,-22.5,-22.5,-22.5,-22.5,NA,NA,NA,NA,NA,NA,-135,-149.379093327876,-171.879093327876
2015,182,-22.5,-22.5,-22.5,-22.5,-26.432664756447,-32.9464285714286,-22.5,-22.5,-22.5,-22.5,NA,NA,NA,NA,NA,NA,-135,-149.379093327876,-171.879093327876
2015,183,-22.5,-22.5,-22.5,-22.5,-26.432664756447,-32.9464285714286,-5.4,1.2,-22.5,-22.5,NA,NA,NA,NA,NA,NA,-135,-149.379093327876,-154.779093327876
2015,184,-22.5,-22.5,-22.5,-22.5,-26.432664756447,-32.9464285714286,-1,-22.5,-22.5,-22.5,NA,NA,NA,NA,NA,NA,-135,-149.379093327876,-150.379093327876
2015,185,-22.5,-22.5,-22.5,-22.5,-26.432664756447,-32.9464285714286,-22.5,-22.5,-22.5,-22.5,NA,NA,NA,NA,NA,NA,-135,-149.379093327876,-171.879093327876
2015,186,-22.5,-22.5,-22.5,-22.5,-26.432664756447,-0.439285714285714,-0.4,-0.4,-2.6,10.3,NA,NA,NA,NA,NA,NA,-112.8,-116.871950470733,-117.271950470733
2015,187,-22.5,-22.5,-22.5,-22.5,-26.432664756447,-32.9464285714286,-22.5,-22.5,-22.5,-22.5,NA,NA,NA,NA,NA,NA,-135,-149.379093327876,-171.879093327876
2015,188,-22.5,-22.5,-22.5,-22.5,-26.432664756447,-32.9464285714286,-22.5,-22.5,-3.3,-14.3,NA,NA,NA,NA,NA,NA,-135,-149.379093327876,-171.879093327876
2015,189,-22.5,-3.5,5.7,5.2,-1.05730659025788,-1.61071428571429,-22.5,-22.5,-22.5,-22.5,NA,NA,NA,NA,NA,NA,-17.1,-17.7680208759722,-40.2680208759722
2015,190,-22.5,-22.5,-22.5,-22.5,-26.432664756447,-32.9464285714286,-22.5,-22.5,-22.5,-22.5,NA,NA,NA,NA,NA,NA,-135,-149.379093327876,-171.879093327876
2015,191,-22.5,-22.5,-22.5,-22.5,-26.432664756447,-32.9464285714286,-22.5,-22.5,-22.5,-22.5,NA,NA,NA,NA,NA,NA,-135,-149.379093327876,-171.879093327876
2015,192,-22.5,-22.5,-22.5,-22.5,-26.432664756447,-32.9464285714286,-22.5,-22.5,-22.5,-22.5,NA,NA,NA,NA,NA,NA,-135,-149.379093327876,-171.879093327876
2015,193,-22.5,-22.5,-22.5,-22.5,-26.432664756447,-32.9464285714286,-22.5,-22.5,-22.5,-22.5,NA,NA,NA,NA,NA,NA,-135,-149.379093327876,-171.879093327876
2015,194,-22.5,-22.5,-22.5,1,14.567335243553,2.19642857142857,7.7,11.5,10.7,6.8,NA,NA,NA,NA,NA,NA,-52.6,-49.7362361850184,-42.0362361850184
2015,195,-22.5,-22.5,-22.5,-22.5,-26.432664756447,-32.9464285714286,-22.5,-22.5,-22.5,-22.5,NA,NA,NA,NA,NA,NA,-135,-149.379093327876,-171.879093327876
2015,196,-22.5,-22.5,-22.5,-22.5,-26.432664756447,-32.9464285714286,-22.5,-22.5,-22.5,-22.5,NA,NA,NA,NA,NA,NA,-135,-149.379093327876,-171.879093327876
2015,197,-22.5,-22.5,-22.5,-22.5,-26.432664756447,-32.9464285714286,-22.5,-22.5,-22.5,-22.5,NA,NA,NA,NA,NA,NA,-135,-149.379093327876,-171.879093327876
2015,198,-22.5,-22.5,-22.5,-1.5,-4.34670487106017,-2.05,3.1,-22.5,-22.5,-22.5,NA,NA,NA,NA,NA,NA,-74.1,-75.3967048710602,-72.2967048710602
2015,199,-22.5,-22.5,-22.5,0.1,-26.432664756447,0,-4.2,1.1,31.4,23.9,NA,NA,NA,NA,NA,NA,-89.9,-93.832664756447,-98.032664756447
2016,1,11.5,17.9,9.2,18.6790830945559,23.575,31.8,24.9,32.6,10.4,NA,NA,NA,NA,NA,NA,NA,102.4,112.654083094556,137.554083094556
2016,2,10.3,14,2.6,9.0458452722063,-2.78214285714286,0.4,8.2,0.5,-0.2,NA,NA,NA,NA,NA,NA,NA,33.1,33.5637024150634,41.7637024150634
2016,3,-22.5,11.3,15.8,7.2836676217765,4.1,11.9,13.8,-0.6,20,NA,NA,NA,NA,NA,NA,NA,25.5,27.8836676217765,41.6836676217765
2016,4,0.8,-0.7,-2.8,-26.432664756447,16.6928571428571,11.7,-2.8,1.9,-0.4,NA,NA,NA,NA,NA,NA,NA,-2.1,-0.73980761358985,-3.53980761358985
2016,5,-22.5,-22.5,-22.5,-26.432664756447,3.075,-0.8,-22.5,-22.5,-22.5,NA,NA,NA,NA,NA,NA,NA,-88.7,-91.657664756447,-114.157664756447
2016,6,12.9,13.6,7.2,14.567335243553,12.8857142857143,24,28.8,15.3,9.4,NA,NA,NA,NA,NA,NA,NA,78.9,85.1530495292673,113.953049529267
2016,7,-22.5,6.4,2.5,3.99426934097421,14.9357142857143,12.8,9.3,4.9,14.6,NA,NA,NA,NA,NA,NA,NA,12.8,18.1299836266885,27.4299836266885
2016,8,-22.5,-22.5,-0.8,1.7621776504298,-32.9464285714286,-22.5,1.9,0.5,-22.5,NA,NA,NA,NA,NA,NA,NA,-89.3,-99.4842509209988,-97.5842509209988
2016,9,-22.5,9.2,6.5,6.46131805157593,4.97857142857143,2.4,12.4,-1.7,9.8,NA,NA,NA,NA,NA,NA,NA,4.5,7.03988948014736,19.4398894801474
2016,10,-0.1,2.5,3.5,9.0458452722063,7.76071428571429,-1.6,3.7,-2.5,1.5,NA,NA,NA,NA,NA,NA,NA,17.3,21.1065595579206,24.8065595579206
2016,11,-22.5,-22.5,-22.5,3.64183381088825,-32.9464285714286,-2.1,-3.1,-22.5,-22.5,NA,NA,NA,NA,NA,NA,NA,-89,-98.9045947605403,-102.00459476054
2016,12,-22.5,-22.5,-2.6,2.58452722063037,0.146428571428571,4.5,4.4,12.2,-22.5,NA,NA,NA,NA,NA,NA,NA,-40.8,-40.3690442079411,-35.9690442079411
2016,13,-22.5,-22.5,-22.5,-26.432664756447,-5.41785714285714,0.3,1,0.2,-1.2,NA,NA,NA,NA,NA,NA,NA,-93.4,-99.0505218993041,-98.0505218993041
2016,14,-22.5,10.2,12.8,19.6189111747851,19.6214285714286,21.2,10.6,13,0.5,NA,NA,NA,NA,NA,NA,NA,51.8,60.9403397462137,71.5403397462137
2016,15,-22.5,-3.1,1,-4.11174785100287,6.29642857142857,-6.6,0.8,-12.2,-4.1,NA,NA,NA,NA,NA,NA,NA,-30.4,-29.0153192795743,-28.2153192795743
2016,16,3.9,4.7,3.6,11.7478510028653,12.5928571428571,2.2,4.2,8.9,8.5,NA,NA,NA,NA,NA,NA,NA,33,38.7407081457225,42.9407081457225
2016,17,-22.5,-22.5,0.1,-0.35243553008596,-0.732142857142857,8.5,-2,3.8,8.9,NA,NA,NA,NA,NA,NA,NA,-37.2,-37.4845783872288,-39.4845783872288
2016,18,-22.5,-22.5,-22.5,-26.432664756447,9.07857142857143,-6.6,-1.9,-1.2,-4.2,NA,NA,NA,NA,NA,NA,NA,-90.4,-91.4540933278756,-93.3540933278756
2016,19,-22.5,-22.5,-22.5,1.05730659025788,-0.146428571428571,1.5,-1.1,-22.5,-1.7,NA,NA,NA,NA,NA,NA,NA,-65.2,-65.0891219811707,-66.1891219811707
2016,20,-22.5,-22.5,-2.8,-3.05444126074499,-5.85714285714286,2,-22.5,-22.5,0.6,NA,NA,NA,NA,NA,NA,NA,-52.4,-54.7115841178878,-77.2115841178878
2016,21,-22.5,-22.5,-22.5,0.587392550143267,1.75714285714286,-2.6,1.7,-1.3,-22.5,NA,NA,NA,NA,NA,NA,NA,-68.4,-67.7554645927139,-66.0554645927139
2016,22,-22.5,-22.5,-22.5,-26.432664756447,-32.9464285714286,-22.5,-22.5,-22.5,-22.5,NA,NA,NA,NA,NA,NA,NA,-135,-149.379093327876,-171.879093327876
2016,23,-22.5,0.9,2.5,-26.432664756447,-32.9464285714286,-1.7,-22.5,-22.5,-22.5,NA,NA,NA,NA,NA,NA,NA,-65.8,-80.1790933278756,-102.679093327876
2016,24,-22.5,-22.5,-0.9,-6.10888252148997,-0.292857142857143,-22.5,-4.8,1.3,-5.3,NA,NA,NA,NA,NA,NA,NA,-73.8,-74.8017396643471,-79.6017396643471
2016,25,-22.5,-22.5,-22.5,-26.432664756447,-32.9464285714286,0.9,-22.5,-0.8,-1.2,NA,NA,NA,NA,NA,NA,NA,-111.6,-125.979093327876,-148.479093327876
2016,26,-22.5,-4.7,-10.2,-26.432664756447,-6.00357142857143,12.3,12,9.8,10.6,NA,NA,NA,NA,NA,NA,NA,-51.7,-57.5362361850184,-45.5362361850184
2016,27,-22.5,-22.5,-6,-3.28939828080229,-1.025,6.2,-1.8,-5.2,4.5,NA,NA,NA,NA,NA,NA,NA,-48.3,-49.1143982808023,-50.9143982808023
2016,28,-22.5,-22.5,-22.5,-26.432664756447,-32.9464285714286,-22.5,-22.5,-1.7,-22.5,NA,NA,NA,NA,NA,NA,NA,-135,-149.379093327876,-171.879093327876
2016,29,-22.5,-22.5,-3.1,-26.432664756447,-0.732142857142857,2,10.3,5.6,-1.9,NA,NA,NA,NA,NA,NA,NA,-69.1,-73.2648076135899,-62.9648076135899
2016,30,-22.5,-22.5,-0.2,-0.35243553008596,-2.05,2.1,6.8,2.3,-0.9,NA,NA,NA,NA,NA,NA,NA,-44.8,-45.502435530086,-38.702435530086
2016,31,-22.5,-22.5,-22.5,-26.432664756447,-32.9464285714286,-22.5,-22.5,-22.5,-22.5,NA,NA,NA,NA,NA,NA,NA,-135,-149.379093327876,-171.879093327876
2016,32,-22.5,-22.5,-22.5,0,-32.9464285714286,-2.2,-22.5,-22.5,-22.5,NA,NA,NA,NA,NA,NA,NA,-92.2,-102.646428571429,-125.146428571429
2016,33,-22.5,-22.5,-22.5,-1.52722063037249,2.19642857142857,4.3,-0.9,-22.5,-22.5,NA,NA,NA,NA,NA,NA,NA,-63,-62.5307920589439,-63.4307920589439
2016,34,-22.5,-22.5,-22.5,2.93696275071633,-2.63571428571429,-0.6,-0.4,-0.1,3.4,NA,NA,NA,NA,NA,NA,NA,-67.4,-67.798751534998,-68.198751534998
2016,35,-22.5,-22.5,-2.3,2.11461318051576,10.5428571428571,14.3,7.3,12.5,16.2,NA,NA,NA,NA,NA,NA,NA,-24,-20.3425296766271,-13.0425296766271
2016,36,-22.5,-22.5,-22.5,-26.432664756447,-32.9464285714286,-22.5,-22.5,-22.5,-22.5,NA,NA,NA,NA,NA,NA,NA,-135,-149.379093327876,-171.879093327876
2016,37,-22.5,-22.5,1,-5.16905444126075,-4.24642857142857,-3.8,0.4,-22.5,-22.5,NA,NA,NA,NA,NA,NA,NA,-55.1,-57.2154830126893,-56.8154830126893
2016,38,-22.5,-22.5,-22.5,-26.432664756447,-32.9464285714286,-22.5,-22.5,-22.5,-22.5,NA,NA,NA,NA,NA,NA,NA,-135,-149.379093327876,-171.879093327876
2016,39,-22.5,15,17.1,5.40401146131805,16.9857142857143,20,4.7,14.9,15.8,NA,NA,NA,NA,NA,NA,NA,45.8,51.9897257470323,56.6897257470323
2016,40,-22.5,-22.5,-22.5,-26.432664756447,-32.9464285714286,-22.5,-22.5,-22.5,-22.5,NA,NA,NA,NA,NA,NA,NA,-135,-149.379093327876,-171.879093327876
2016,41,-22.5,-22.5,0.6,-26.432664756447,3.51428571428571,8.1,6.6,-2.4,1.1,NA,NA,NA,NA,NA,NA,NA,-56.4,-59.2183790421613,-52.6183790421613
2016,42,-22.5,-22.5,-22.5,-26.432664756447,-32.9464285714286,-2.4,-22.5,-22.5,-22.5,NA,NA,NA,NA,NA,NA,NA,-114.9,-129.279093327876,-151.779093327876
2016,43,-22.5,-22.5,-0.3,-26.432664756447,5.27142857142857,0.7,-22.5,-22.5,-22.5,NA,NA,NA,NA,NA,NA,NA,-63.5,-65.7612361850184,-88.2612361850184
2016,44,-22.5,-22.5,-22.5,-26.432664756447,-32.9464285714286,0.2,-3,1,-22.5,NA,NA,NA,NA,NA,NA,NA,-112.3,-126.679093327876,-129.679093327876
2016,45,-22.5,-22.5,-22.5,-26.432664756447,-32.9464285714286,-22.5,-22.5,-22.5,-22.5,NA,NA,NA,NA,NA,NA,NA,-135,-149.379093327876,-171.879093327876
2016,46,-22.5,-22.5,-22.5,-0.35243553008596,0,-1.4,-3.1,-2.1,-1.5,NA,NA,NA,NA,NA,NA,NA,-69.2,-69.252435530086,-72.352435530086
2016,47,-22.5,5.2,9.1,6.46131805157593,14.6428571428571,3.2,2.8,4.9,5.3,NA,NA,NA,NA,NA,NA,NA,10.5,16.1041751944331,18.9041751944331
2016,48,-22.5,-22.5,6.5,17.5042979942693,-24.4535714285714,6.9,16.7,4.1,-22.5,NA,NA,NA,NA,NA,NA,NA,-33.4,-38.5492734343021,-21.8492734343021
2016,49,-22.5,-22.5,-2.2,10.6905444126074,12.0071428571429,6.6,8.4,3.5,-3.7,NA,NA,NA,NA,NA,NA,NA,-23.3,-17.9023127302497,-9.5023127302497
2016,50,-22.5,-22.5,-22.5,-26.432664756447,-32.9464285714286,-22.5,-22.5,-22.5,-22.5,NA,NA,NA,NA,NA,NA,NA,-135,-149.379093327876,-171.879093327876
2016,51,-22.5,-22.5,-22.5,-1.7621776504298,2.63571428571429,-10,0.2,-22.5,-22.5,NA,NA,NA,NA,NA,NA,NA,-77.2,-76.6264633647155,-76.4264633647155
2016,52,-22.5,-22.5,-22.5,-26.432664756447,0.585714285714286,-22.5,-3.5,-22.5,-22.5,NA,NA,NA,NA,NA,NA,NA,-112.1,-115.846950470733,-119.346950470733
2016,53,-22.5,-22.5,1.9,-0.469914040114613,-9.225,1.6,16.3,10.9,5.9,NA,NA,NA,NA,NA,NA,NA,-48.2,-51.1949140401146,-34.8949140401146
2016,54,-22.5,-22.5,-22.5,-26.432664756447,-32.9464285714286,-22.5,-22.5,-22.5,-22.5,NA,NA,NA,NA,NA,NA,NA,-135,-149.379093327876,-171.879093327876
2016,55,-22.5,-22.5,-22.5,-26.432664756447,9.37142857142857,-4.9,34.7,-3.9,28.8,NA,NA,NA,NA,NA,NA,NA,-88.5,-89.4612361850184,-54.7612361850184
2016,56,-22.5,-22.5,-0.1,4.93409742120344,4.24642857142857,5.9,2.7,-3.4,-22.5,NA,NA,NA,NA,NA,NA,NA,-32.1,-30.019474007368,-27.319474007368
2016,57,-22.5,-22.5,0.8,2.81948424068768,-7.32142857142857,1.6,3.5,-2.7,-1,NA,NA,NA,NA,NA,NA,NA,-45.2,-47.1019443307409,-43.6019443307409
2016,58,-22.5,-22.5,-22.5,-26.432664756447,-32.9464285714286,7.8,2.3,-7.6,5.2,NA,NA,NA,NA,NA,NA,NA,-104.7,-119.079093327876,-116.779093327876
2016,59,-22.5,-22.5,-22.5,-26.432664756447,-32.9464285714286,-22.5,-22.5,-22.5,-22.5,NA,NA,NA,NA,NA,NA,NA,-135,-149.379093327876,-171.879093327876
2016,60,-22.5,-22.5,-1.5,2.93696275071633,-2.63571428571429,-2.2,-0.5,-22.5,-22.5,NA,NA,NA,NA,NA,NA,NA,-48,-48.398751534998,-48.898751534998
2016,61,-22.5,-22.5,-22.5,-26.432664756447,-32.9464285714286,-0.5,-22.5,-22.5,-22.5,NA,NA,NA,NA,NA,NA,NA,-113,-127.379093327876,-149.879093327876
2016,62,-22.5,-22.5,-22.5,-26.432664756447,-32.9464285714286,0.5,7.3,7.5,18.5,NA,NA,NA,NA,NA,NA,NA,-112,-126.379093327876,-119.079093327876
2016,63,-22.5,-22.5,-22.5,-26.432664756447,-32.9464285714286,-3.5,0.5,-22.5,-22.5,NA,NA,NA,NA,NA,NA,NA,-116,-130.379093327876,-129.879093327876
2016,64,-22.5,-22.5,-22.5,-26.432664756447,-32.9464285714286,-1.5,-0.6,1.1,-22.5,NA,NA,NA,NA,NA,NA,NA,-114,-128.379093327876,-128.979093327876
2016,65,-22.5,-22.5,-22.5,-26.432664756447,-32.9464285714286,-22.5,-22.5,-22.5,-22.5,NA,NA,NA,NA,NA,NA,NA,-135,-149.379093327876,-171.879093327876
2016,66,-22.5,-22.5,-22.5,17.5042979942693,14.35,16.2,14.8,18.5,15.5,NA,NA,NA,NA,NA,NA,NA,-26.6,-19.4457020057307,-4.64570200573066
2016,67,-22.5,-22.5,-22.5,-26.432664756447,-32.9464285714286,-22.5,-22.5,-22.5,-22.5,NA,NA,NA,NA,NA,NA,NA,-135,-149.379093327876,-171.879093327876
2016,68,-22.5,-22.5,-22.5,-26.432664756447,-32.9464285714286,-2.4,-22.5,-22.5,1.5,NA,NA,NA,NA,NA,NA,NA,-114.9,-129.279093327876,-151.779093327876
2016,69,-22.5,-22.5,-22.5,-26.432664756447,-32.9464285714286,-22.5,-22.5,-22.5,-22.5,NA,NA,NA,NA,NA,NA,NA,-135,-149.379093327876,-171.879093327876
2016,70,-22.5,-22.5,-22.5,-26.432664756447,-32.9464285714286,-22.5,-22.5,-22.5,-22.5,NA,NA,NA,NA,NA,NA,NA,-135,-149.379093327876,-171.879093327876
2016,71,-22.5,-22.5,-22.5,-26.432664756447,-32.9464285714286,-22.5,-22.5,-22.5,-22.5,NA,NA,NA,NA,NA,NA,NA,-135,-149.379093327876,-171.879093327876
2016,72,-22.5,-22.5,-22.5,-26.432664756447,-32.9464285714286,-22.5,-22.5,-22.5,-22.5,NA,NA,NA,NA,NA,NA,NA,-135,-149.379093327876,-171.879093327876
2016,73,-22.5,-22.5,-3.1,2.93696275071633,-32.9464285714286,-22.5,4.9,9.1,0.8,NA,NA,NA,NA,NA,NA,NA,-90.6,-100.609465820712,-95.7094658207122
2016,74,-22.5,-22.5,-22.5,-26.432664756447,-32.9464285714286,-22.5,-22.5,-22.5,-22.5,NA,NA,NA,NA,NA,NA,NA,-135,-149.379093327876,-171.879093327876
2016,75,-22.5,-22.5,-22.5,-26.432664756447,-32.9464285714286,-2,-22.5,-22.5,-22.5,NA,NA,NA,NA,NA,NA,NA,-114.5,-128.879093327876,-151.379093327876
2016,76,-22.5,-22.5,-22.5,-26.432664756447,0.292857142857143,0.7,-12.6,-2.3,-22.5,NA,NA,NA,NA,NA,NA,NA,-89.1,-92.9398076135898,-105.53980761359
2016,77,-22.5,-22.5,-22.5,-26.432664756447,-32.9464285714286,-22.5,-22.5,-22.5,-22.5,NA,NA,NA,NA,NA,NA,NA,-135,-149.379093327876,-171.879093327876
2016,78,-22.5,-22.5,-22.5,-26.432664756447,-32.9464285714286,-22.5,-22.5,-22.5,-22.5,NA,NA,NA,NA,NA,NA,NA,-135,-149.379093327876,-171.879093327876
2016,79,-22.5,-22.5,-22.5,-26.432664756447,-32.9464285714286,-22.5,-22.5,-22.5,-22.5,NA,NA,NA,NA,NA,NA,NA,-135,-149.379093327876,-171.879093327876
2016,80,-22.5,-22.5,-22.5,-26.432664756447,-32.9464285714286,-22.5,-22.5,-1.1,-22.5,NA,NA,NA,NA,NA,NA,NA,-135,-149.379093327876,-171.879093327876
2016,81,-22.5,-22.5,-22.5,-26.432664756447,-32.9464285714286,-22.5,-22.5,-22.5,-22.5,NA,NA,NA,NA,NA,NA,NA,-135,-149.379093327876,-171.879093327876
2016,82,-22.5,-22.5,-22.5,-3.28939828080229,-3.95357142857143,-22.5,-22.5,-22.5,-22.5,NA,NA,NA,NA,NA,NA,NA,-95.5,-97.2429697093737,-119.742969709374
2016,83,-22.5,-22.5,-22.5,-26.432664756447,-32.9464285714286,-22.5,-22.5,-22.5,-22.5,NA,NA,NA,NA,NA,NA,NA,-135,-149.379093327876,-171.879093327876
2016,84,-22.5,-22.5,-22.5,-26.432664756447,-32.9464285714286,-22.5,-22.5,-22.5,-22.5,NA,NA,NA,NA,NA,NA,NA,-135,-149.379093327876,-171.879093327876
2016,85,-22.5,-22.5,-4.2,0.587392550143267,1.46428571428571,-5.2,8.2,2.3,4.2,NA,NA,NA,NA,NA,NA,NA,-52.9,-52.348321735571,-44.148321735571
2016,86,-22.5,-22.5,-22.5,-26.432664756447,-32.9464285714286,-1.4,-1.7,-22.5,-22.5,NA,NA,NA,NA,NA,NA,NA,-113.9,-128.279093327876,-129.979093327876
2016,87,-22.5,-22.5,-22.5,-26.432664756447,-32.9464285714286,-22.5,-22.5,-22.5,-22.5,NA,NA,NA,NA,NA,NA,NA,-135,-149.379093327876,-171.879093327876
2016,88,-22.5,-22.5,-22.5,-26.432664756447,-32.9464285714286,-2.7,10.1,21.6,-5.6,NA,NA,NA,NA,NA,NA,NA,-115.2,-129.579093327876,-119.479093327876
2016,89,-22.5,-22.5,-22.5,-26.432664756447,-32.9464285714286,-22.5,-22.5,-22.5,-22.5,NA,NA,NA,NA,NA,NA,NA,-135,-149.379093327876,-171.879093327876
2016,90,-22.5,-22.5,-22.5,-26.432664756447,-32.9464285714286,-22.5,-22.5,-22.5,-22.5,NA,NA,NA,NA,NA,NA,NA,-135,-149.379093327876,-171.879093327876
2016,91,-22.5,-22.5,-22.5,-26.432664756447,-32.9464285714286,-22.5,-22.5,-22.5,-22.5,NA,NA,NA,NA,NA,NA,NA,-135,-149.379093327876,-171.879093327876
2016,92,-22.5,-22.5,-22.5,1.05730659025788,2.78214285714286,-1.7,-22.5,-22.5,-22.5,NA,NA,NA,NA,NA,NA,NA,-66.4,-65.3605505525993,-87.8605505525993
2016,93,-22.5,-22.5,-22.5,-26.432664756447,-32.9464285714286,-22.5,-22.5,-22.5,-22.5,NA,NA,NA,NA,NA,NA,NA,-135,-149.379093327876,-171.879093327876
2016,94,-22.5,-22.5,-22.5,-26.432664756447,-32.9464285714286,-22.5,-22.5,-22.5,-22.5,NA,NA,NA,NA,NA,NA,NA,-135,-149.379093327876,-171.879093327876
2016,95,-22.5,-22.5,-22.5,-26.432664756447,-32.9464285714286,-22.5,-22.5,-22.5,-22.5,NA,NA,NA,NA,NA,NA,NA,-135,-149.379093327876,-171.879093327876
2016,96,-22.5,-22.5,-22.5,-26.432664756447,-32.9464285714286,-22.5,-22.5,-22.5,-22.5,NA,NA,NA,NA,NA,NA,NA,-135,-149.379093327876,-171.879093327876
2016,97,-22.5,-22.5,-22.5,-26.432664756447,-32.9464285714286,-22.5,-22.5,-22.5,-22.5,NA,NA,NA,NA,NA,NA,NA,-135,-149.379093327876,-171.879093327876
2016,98,-22.5,-22.5,-22.5,-26.432664756447,-0.146428571428571,-22.5,-22.5,-22.5,-22.5,NA,NA,NA,NA,NA,NA,NA,-112.6,-116.579093327876,-139.079093327876
2016,99,-22.5,-22.5,-22.5,-26.432664756447,-32.9464285714286,0.7,-22.5,-22.5,-22.5,NA,NA,NA,NA,NA,NA,NA,-111.8,-126.179093327876,-148.679093327876
2016,100,-22.5,10.9,2.4,5.63896848137536,7.32142857142857,-4.6,1,-22.5,-22.5,NA,NA,NA,NA,NA,NA,NA,-4,-0.839602947196069,0.160397052803931
2016,101,-22.5,-22.5,-22.5,-26.432664756447,-32.9464285714286,-22.5,-22.5,-22.5,-1.4,NA,NA,NA,NA,NA,NA,NA,-135,-149.379093327876,-171.879093327876
2016,102,-22.5,-22.5,-22.5,-26.432664756447,2.34285714285714,-2.4,-22.5,-22.5,-22.5,NA,NA,NA,NA,NA,NA,NA,-90.8,-93.9898076135899,-116.48980761359
2016,103,-22.5,-22.5,-22.5,-26.432664756447,-32.9464285714286,-22.5,-22.5,-22.5,-22.5,NA,NA,NA,NA,NA,NA,NA,-135,-149.379093327876,-171.879093327876
2016,104,-22.5,-22.5,-22.5,-26.432664756447,-32.9464285714286,-22.5,-22.5,-22.5,-22.5,NA,NA,NA,NA,NA,NA,NA,-135,-149.379093327876,-171.879093327876
2016,105,-22.5,-22.5,-22.5,-26.432664756447,-32.9464285714286,-22.5,-22.5,-22.5,-22.5,NA,NA,NA,NA,NA,NA,NA,-135,-149.379093327876,-171.879093327876
2016,106,-22.5,-22.5,-22.5,-26.432664756447,-32.9464285714286,-0.5,3.4,2.6,1.6,NA,NA,NA,NA,NA,NA,NA,-113,-127.379093327876,-123.979093327876
2016,107,-22.5,-22.5,-22.5,-26.432664756447,-32.9464285714286,-22.5,-22.5,-22.5,-22.5,NA,NA,NA,NA,NA,NA,NA,-135,-149.379093327876,-171.879093327876
2016,108,-22.5,-22.5,-22.5,-26.432664756447,-32.9464285714286,-22.5,-22.5,-0.7,-22.5,NA,NA,NA,NA,NA,NA,NA,-135,-149.379093327876,-171.879093327876
2016,109,-22.5,-22.5,-22.5,3.87679083094556,-2.92857142857143,-2.2,-22.5,-22.5,-22.5,NA,NA,NA,NA,NA,NA,NA,-68.4,-68.7517805976259,-91.2517805976259
2016,110,-22.5,-22.5,-22.5,2.58452722063037,2.19642857142857,-0.1,-22.5,-22.5,-2.6,NA,NA,NA,NA,NA,NA,NA,-63.9,-62.819044207941,-85.3190442079411
2016,111,-22.5,-22.5,-22.5,-0.234957020057307,-5.71071428571429,-3.1,-5.1,-6.8,-8,NA,NA,NA,NA,NA,NA,NA,-74.7,-76.5456713057716,-81.6456713057716
2016,112,-22.5,-22.5,-22.5,-26.432664756447,-32.9464285714286,-1.3,-22.5,-0.6,3.7,NA,NA,NA,NA,NA,NA,NA,-113.8,-128.179093327876,-150.679093327876
2016,113,-22.5,-22.5,-22.5,-26.432664756447,-32.9464285714286,-22.5,-22.5,-22.5,-22.5,NA,NA,NA,NA,NA,NA,NA,-135,-149.379093327876,-171.879093327876
2016,114,-22.5,-22.5,-22.5,-2.81948424068768,5.71071428571429,-3.1,-3.7,-22.5,-22.5,NA,NA,NA,NA,NA,NA,NA,-69.1,-67.7087699549734,-71.4087699549734
2016,115,-22.5,-22.5,-22.5,-26.432664756447,-32.9464285714286,-22.5,-22.5,-22.5,-22.5,NA,NA,NA,NA,NA,NA,NA,-135,-149.379093327876,-171.879093327876
2016,116,-22.5,-22.5,-22.5,-0.587392550143267,-1.025,-22.5,-22.5,-22.5,-22.5,NA,NA,NA,NA,NA,NA,NA,-91.2,-91.6123925501433,-114.112392550143
2016,117,-22.5,-22.5,-22.5,-26.432664756447,-32.9464285714286,-22.5,-22.5,-22.5,-22.5,NA,NA,NA,NA,NA,NA,NA,-135,-149.379093327876,-171.879093327876
2016,118,-22.5,-22.5,-22.5,-26.432664756447,4.68571428571429,6.3,0.9,0.3,7.2,NA,NA,NA,NA,NA,NA,NA,-80.5,-82.9469504707327,-82.0469504707327
2016,119,-22.5,-22.5,-22.5,-26.432664756447,-32.9464285714286,-22.5,-22.5,-22.5,-22.5,NA,NA,NA,NA,NA,NA,NA,-135,-149.379093327876,-171.879093327876
2016,120,-22.5,-22.5,-22.5,-1.87965616045845,-32.9464285714286,0,0.3,-22.5,-22.5,NA,NA,NA,NA,NA,NA,NA,-91.6,-102.326084731887,-102.026084731887
2016,121,-22.5,-22.5,-22.5,-26.432664756447,-32.9464285714286,-22.5,-22.5,-22.5,-22.5,NA,NA,NA,NA,NA,NA,NA,-135,-149.379093327876,-171.879093327876
2016,122,-22.5,-22.5,-22.5,-26.432664756447,-32.9464285714286,-22.5,-22.5,-22.5,-22.5,NA,NA,NA,NA,NA,NA,NA,-135,-149.379093327876,-171.879093327876
2016,123,-22.5,-22.5,-22.5,-26.432664756447,-32.9464285714286,-22.5,0.3,-22.5,-22.5,NA,NA,NA,NA,NA,NA,NA,-135,-149.379093327876,-149.079093327876
2016,124,-22.5,-22.5,-22.5,-26.432664756447,-32.9464285714286,-22.5,-22.5,-22.5,-22.5,NA,NA,NA,NA,NA,NA,NA,-135,-149.379093327876,-171.879093327876
2016,125,-22.5,-22.5,-22.5,-26.432664756447,-32.9464285714286,-22.5,-22.5,-22.5,-22.5,NA,NA,NA,NA,NA,NA,NA,-135,-149.379093327876,-171.879093327876
2016,126,-22.5,-22.5,-22.5,-26.432664756447,-32.9464285714286,-22.5,-22.5,-22.5,-22.5,NA,NA,NA,NA,NA,NA,NA,-135,-149.379093327876,-171.879093327876
2016,127,-22.5,-22.5,-22.5,-26.432664756447,-32.9464285714286,-22.5,-22.5,-22.5,-22.5,NA,NA,NA,NA,NA,NA,NA,-135,-149.379093327876,-171.879093327876
2016,128,-22.5,-22.5,-22.5,-26.432664756447,-32.9464285714286,-22.5,-22.5,-22.5,-22.5,NA,NA,NA,NA,NA,NA,NA,-135,-149.379093327876,-171.879093327876
2016,129,-22.5,-22.5,-22.5,-26.432664756447,-32.9464285714286,-22.5,-22.5,-22.5,-22.5,NA,NA,NA,NA,NA,NA,NA,-135,-149.379093327876,-171.879093327876
2016,130,-22.5,-22.5,-22.5,-26.432664756447,-32.9464285714286,-22.5,-22.5,-22.5,-22.5,NA,NA,NA,NA,NA,NA,NA,-135,-149.379093327876,-171.879093327876
2016,131,-22.5,-22.5,-22.5,0.469914040114613,-32.9464285714286,-22.5,-22.5,-22.5,-22.5,NA,NA,NA,NA,NA,NA,NA,-112.1,-122.476514531314,-144.976514531314
2016,132,-22.5,-22.5,-22.5,-26.432664756447,-32.9464285714286,-22.5,-22.5,-22.5,-22.5,NA,NA,NA,NA,NA,NA,NA,-135,-149.379093327876,-171.879093327876
2016,133,-22.5,-22.5,-5.7,-26.432664756447,-32.9464285714286,-0.4,-22.5,-0.9,-22.5,NA,NA,NA,NA,NA,NA,NA,-96.1,-110.479093327876,-132.979093327876
2016,134,-22.5,-22.5,-22.5,-26.432664756447,-32.9464285714286,-22.5,-22.5,-22.5,-22.5,NA,NA,NA,NA,NA,NA,NA,-135,-149.379093327876,-171.879093327876
2016,135,-22.5,-22.5,-22.5,-26.432664756447,-32.9464285714286,-22.5,-0.3,-22.5,0.4,NA,NA,NA,NA,NA,NA,NA,-135,-149.379093327876,-149.679093327876
2016,136,-22.5,-22.5,-22.5,-26.432664756447,-32.9464285714286,-22.5,-22.5,-22.5,-22.5,NA,NA,NA,NA,NA,NA,NA,-135,-149.379093327876,-171.879093327876
2016,137,-22.5,-22.5,-22.5,-26.432664756447,-32.9464285714286,-22.5,-22.5,-22.5,-22.5,NA,NA,NA,NA,NA,NA,NA,-135,-149.379093327876,-171.879093327876
2016,138,-22.5,-22.5,-22.5,-26.432664756447,-32.9464285714286,-22.5,-22.5,-22.5,-22.5,NA,NA,NA,NA,NA,NA,NA,-135,-149.379093327876,-171.879093327876
2016,139,-22.5,-22.5,-22.5,-26.432664756447,-32.9464285714286,-2,-22.5,-22.5,-22.5,NA,NA,NA,NA,NA,NA,NA,-114.5,-128.879093327876,-151.379093327876
2016,140,-22.5,-22.5,-22.5,-26.432664756447,-32.9464285714286,-22.5,-22.5,-22.5,-22.5,NA,NA,NA,NA,NA,NA,NA,-135,-149.379093327876,-171.879093327876
2016,141,-22.5,-22.5,-22.5,-26.432664756447,-32.9464285714286,-0.1,-22.5,-22.5,-22.5,NA,NA,NA,NA,NA,NA,NA,-112.6,-126.979093327876,-149.479093327876
2016,142,-22.5,-22.5,-22.5,-26.432664756447,-32.9464285714286,-22.5,4.5,5.9,4.2,NA,NA,NA,NA,NA,NA,NA,-135,-149.379093327876,-144.879093327876
2016,143,-22.5,-22.5,-22.5,-26.432664756447,-32.9464285714286,-22.5,-22.5,-22.5,-22.5,NA,NA,NA,NA,NA,NA,NA,-135,-149.379093327876,-171.879093327876
2016,144,-22.5,-22.5,-22.5,-26.432664756447,-32.9464285714286,-22.5,-22.5,-22.5,-22.5,NA,NA,NA,NA,NA,NA,NA,-135,-149.379093327876,-171.879093327876
2016,145,-22.5,-22.5,-22.5,-26.432664756447,-32.9464285714286,1.8,0,4.3,2.3,NA,NA,NA,NA,NA,NA,NA,-110.7,-125.079093327876,-125.079093327876
2016,146,-22.5,-22.5,-22.5,0.939828080229226,-3.51428571428571,-22.5,-22.5,-22.5,-22.5,NA,NA,NA,NA,NA,NA,NA,-91.6,-92.5744576340565,-115.074457634056
2016,147,-22.5,-22.5,-22.5,-26.432664756447,-32.9464285714286,0.6,2.2,0.7,-22.5,NA,NA,NA,NA,NA,NA,NA,-111.9,-126.279093327876,-124.079093327876
2016,148,-22.5,-22.5,-22.5,-26.432664756447,-32.9464285714286,-22.5,-22.5,-22.5,-22.5,NA,NA,NA,NA,NA,NA,NA,-135,-149.379093327876,-171.879093327876
2016,149,-22.5,-22.5,-22.5,-26.432664756447,-32.9464285714286,-22.5,-22.5,-22.5,-22.5,NA,NA,NA,NA,NA,NA,NA,-135,-149.379093327876,-171.879093327876
2016,150,-22.5,-22.5,-22.5,-26.432664756447,-32.9464285714286,-22.5,-22.5,-22.5,-22.5,NA,NA,NA,NA,NA,NA,NA,-135,-149.379093327876,-171.879093327876
2016,151,-22.5,-22.5,-22.5,-26.432664756447,-32.9464285714286,-22.5,-22.5,-22.5,-22.5,NA,NA,NA,NA,NA,NA,NA,-135,-149.379093327876,-171.879093327876
2016,152,-22.5,-22.5,-22.5,-26.432664756447,-32.9464285714286,-22.5,-22.5,-22.5,-22.5,NA,NA,NA,NA,NA,NA,NA,-135,-149.379093327876,-171.879093327876
2016,153,-22.5,-22.5,-22.5,-26.432664756447,-32.9464285714286,-22.5,-22.5,-22.5,-22.5,NA,NA,NA,NA,NA,NA,NA,-135,-149.379093327876,-171.879093327876
2016,154,-22.5,-22.5,-22.5,-26.432664756447,-32.9464285714286,-22.5,-22.5,-22.5,-22.5,NA,NA,NA,NA,NA,NA,NA,-135,-149.379093327876,-171.879093327876
2016,155,-22.5,-22.5,-22.5,-26.432664756447,-32.9464285714286,-22.5,-22.5,-22.5,-22.5,NA,NA,NA,NA,NA,NA,NA,-135,-149.379093327876,-171.879093327876
2016,156,-22.5,-22.5,-22.5,-26.432664756447,-32.9464285714286,-22.5,-22.5,-22.5,-22.5,NA,NA,NA,NA,NA,NA,NA,-135,-149.379093327876,-171.879093327876
2016,157,-22.5,-22.5,-22.5,-26.432664756447,-32.9464285714286,-22.5,-22.5,-22.5,-22.5,NA,NA,NA,NA,NA,NA,NA,-135,-149.379093327876,-171.879093327876
2016,158,-22.5,-22.5,-22.5,-26.432664756447,-32.9464285714286,-22.5,-22.5,-22.5,-22.5,NA,NA,NA,NA,NA,NA,NA,-135,-149.379093327876,-171.879093327876
2016,159,-22.5,-22.5,-22.5,-26.432664756447,6.00357142857143,10.1,6.8,21.2,16.6,NA,NA,NA,NA,NA,NA,NA,-75.8,-77.8290933278756,-71.0290933278756
2016,160,-22.5,-22.5,-22.5,-26.432664756447,-32.9464285714286,-0.4,3,1.9,1,NA,NA,NA,NA,NA,NA,NA,-112.9,-127.279093327876,-124.279093327876
2016,161,-22.5,-22.5,-22.5,-26.432664756447,-32.9464285714286,-22.5,-22.5,-22.5,-22.5,NA,NA,NA,NA,NA,NA,NA,-135,-149.379093327876,-171.879093327876
2016,162,-22.5,-3.8,2.8,11.2779369627507,10.6892857142857,11.5,10.9,23.6,12.7,NA,NA,NA,NA,NA,NA,NA,4.9,9.96722267703643,20.8672226770364
2016,163,-22.5,-22.5,-22.5,-26.432664756447,-32.9464285714286,-22.5,-22.5,-22.5,-22.5,NA,NA,NA,NA,NA,NA,NA,-135,-149.379093327876,-171.879093327876
2016,164,-22.5,-22.5,-22.5,-26.432664756447,-32.9464285714286,-22.5,-22.5,-22.5,-22.5,NA,NA,NA,NA,NA,NA,NA,-135,-149.379093327876,-171.879093327876
2016,165,-22.5,-22.5,-22.5,-26.432664756447,-32.9464285714286,0.7,-22.5,0.7,-22.5,NA,NA,NA,NA,NA,NA,NA,-111.8,-126.179093327876,-148.679093327876
2016,166,-22.5,-22.5,-22.5,-26.432664756447,-32.9464285714286,-22.5,-22.5,0.1,-22.5,NA,NA,NA,NA,NA,NA,NA,-135,-149.379093327876,-171.879093327876
2016,167,-22.5,-22.5,-22.5,-26.432664756447,-32.9464285714286,-22.5,-22.5,-22.5,-22.5,NA,NA,NA,NA,NA,NA,NA,-135,-149.379093327876,-171.879093327876
2016,168,-22.5,-22.5,-22.5,-26.432664756447,-32.9464285714286,-22.5,-22.5,-22.5,-22.5,NA,NA,NA,NA,NA,NA,NA,-135,-149.379093327876,-171.879093327876
2016,169,-22.5,-22.5,-22.5,-26.432664756447,-32.9464285714286,-22.5,-2.5,-22.5,-1.1,NA,NA,NA,NA,NA,NA,NA,-135,-149.379093327876,-151.879093327876
2016,170,-22.5,-22.5,-22.5,-26.432664756447,-32.9464285714286,-22.5,-22.5,-22.5,-22.5,NA,NA,NA,NA,NA,NA,NA,-135,-149.379093327876,-171.879093327876
2016,171,-22.5,-22.5,-22.5,-26.432664756447,-32.9464285714286,-22.5,-22.5,-22.5,-22.5,NA,NA,NA,NA,NA,NA,NA,-135,-149.379093327876,-171.879093327876
2016,172,-22.5,-22.5,-22.5,-26.432664756447,-32.9464285714286,-22.5,-22.5,-22.5,-22.5,NA,NA,NA,NA,NA,NA,NA,-135,-149.379093327876,-171.879093327876
2016,173,-22.5,-1.7,-22.5,-26.432664756447,-32.9464285714286,-22.5,-22.5,-22.5,-22.5,NA,NA,NA,NA,NA,NA,NA,-114.2,-128.579093327876,-151.079093327876
2016,174,-22.5,-22.5,-22.5,-26.432664756447,-32.9464285714286,-22.5,-22.5,-22.5,-22.5,NA,NA,NA,NA,NA,NA,NA,-135,-149.379093327876,-171.879093327876
2016,175,-22.5,-0.2,-0.2,-26.432664756447,-32.9464285714286,1.5,-22.5,-22.5,-22.5,NA,NA,NA,NA,NA,NA,NA,-66.4,-80.7790933278756,-103.279093327876
2016,176,-22.5,-22.5,-22.5,-26.432664756447,-32.9464285714286,-22.5,-22.5,-22.5,-22.5,NA,NA,NA,NA,NA,NA,NA,-135,-149.379093327876,-171.879093327876
2016,177,-22.5,-22.5,-22.5,-26.432664756447,-32.9464285714286,0.6,-22.5,-22.5,-22.5,NA,NA,NA,NA,NA,NA,NA,-111.9,-126.279093327876,-148.779093327876
2016,178,-22.5,-22.5,-22.5,-26.432664756447,-32.9464285714286,-22.5,-22.5,-22.5,-22.5,NA,NA,NA,NA,NA,NA,NA,-135,-149.379093327876,-171.879093327876
2016,179,-22.5,-22.5,-22.5,-26.432664756447,-32.9464285714286,-22.5,-22.5,-22.5,-22.5,NA,NA,NA,NA,NA,NA,NA,-135,-149.379093327876,-171.879093327876
2016,180,-22.5,-22.5,-22.5,-26.432664756447,-32.9464285714286,-22.5,-22.5,-22.5,-22.5,NA,NA,NA,NA,NA,NA,NA,-135,-149.379093327876,-171.879093327876
2016,181,-22.5,-22.5,-22.5,-26.432664756447,-32.9464285714286,-22.5,-22.5,-22.5,-22.5,NA,NA,NA,NA,NA,NA,NA,-135,-149.379093327876,-171.879093327876
2016,182,-22.5,-22.5,-22.5,-26.432664756447,-32.9464285714286,-22.5,-22.5,-22.5,-22.5,NA,NA,NA,NA,NA,NA,NA,-135,-149.379093327876,-171.879093327876
2016,183,-22.5,-22.5,-22.5,-26.432664756447,-32.9464285714286,-22.5,5.2,-0.8,-1.1,NA,NA,NA,NA,NA,NA,NA,-135,-149.379093327876,-144.179093327876
2016,184,-22.5,-22.5,-22.5,-26.432664756447,-32.9464285714286,-22.5,-22.5,-22.5,0,NA,NA,NA,NA,NA,NA,NA,-135,-149.379093327876,-171.879093327876
2016,185,-22.5,-22.5,-22.5,-26.432664756447,-32.9464285714286,-22.5,-22.5,-22.5,-22.5,NA,NA,NA,NA,NA,NA,NA,-135,-149.379093327876,-171.879093327876
2016,186,-22.5,-22.5,-22.5,-26.432664756447,-32.9464285714286,-22.5,-22.5,-22.5,-22.5,NA,NA,NA,NA,NA,NA,NA,-135,-149.379093327876,-171.879093327876
2016,187,-22.5,-22.5,-22.5,-26.432664756447,-32.9464285714286,-22.5,-22.5,-22.5,-22.5,NA,NA,NA,NA,NA,NA,NA,-135,-149.379093327876,-171.879093327876
2016,188,-22.5,-22.5,-22.5,-26.432664756447,-32.9464285714286,-22.5,-22.5,-22.5,-22.5,NA,NA,NA,NA,NA,NA,NA,-135,-149.379093327876,-171.879093327876
2016,189,-22.5,-22.5,-22.5,-26.432664756447,-32.9464285714286,-22.5,-22.5,-22.5,-22.5,NA,NA,NA,NA,NA,NA,NA,-135,-149.379093327876,-171.879093327876
2016,190,-22.5,-22.5,-22.5,-26.432664756447,-32.9464285714286,-22.5,-22.5,-22.5,-22.5,NA,NA,NA,NA,NA,NA,NA,-135,-149.379093327876,-171.879093327876
2016,191,-22.5,-22.5,-22.5,-26.432664756447,-32.9464285714286,-22.5,-22.5,-22.5,-22.5,NA,NA,NA,NA,NA,NA,NA,-135,-149.379093327876,-171.879093327876
2016,192,-22.5,-22.5,-22.5,-26.432664756447,0.878571428571428,-0.7,-22.5,-22.5,-22.5,NA,NA,NA,NA,NA,NA,NA,-90.1,-93.7540933278756,-116.254093327876
2017,1,15.8,15.6,5.63896848137536,1.61071428571429,10.9,20.3,8.8,15.8,NA,NA,NA,NA,NA,NA,NA,NA,68.5,69.8496827670896,78.6496827670896
2017,2,2.1,3.8,-26.432664756447,-2.92857142857143,-1.3,-22.5,-22.5,-22.5,NA,NA,NA,NA,NA,NA,NA,NA,-42.4,-47.2612361850184,-69.7612361850184
2017,3,-22.5,9.2,13.2750716332378,1.46428571428571,8.7,12.5,19.3,3.1,NA,NA,NA,NA,NA,NA,NA,NA,20.2,22.6393573475235,41.9393573475235
2017,4,-22.5,-22.5,18.5616045845272,24.1607142857143,22.9,16.4,14.7,14.9,NA,NA,NA,NA,NA,NA,NA,NA,26.6,37.0223188702415,51.7223188702415
2017,5,-22.5,17.9,27.8424068767908,11.8607142857143,11.9,25.8,27.3,11.9,NA,NA,NA,NA,NA,NA,NA,NA,64.9,72.8031211625051,100.103121162505
2017,6,-22.5,-22.5,-1.64469914040115,-0.146428571428571,-0.5,8.8,-8.6,9.3,NA,NA,NA,NA,NA,NA,NA,NA,-38.2,-38.4911277118297,-47.0911277118297
2017,7,0.3,-4,-2.23209169054441,4.24642857142857,-5,-22.5,-22.5,-22.5,NA,NA,NA,NA,NA,NA,NA,NA,-30.2,-29.1856631191158,-51.6856631191158
2017,8,2.5,3.2,-0.587392550143267,-0.146428571428571,0.3,12.9,15,2.6,NA,NA,NA,NA,NA,NA,NA,NA,18.3,18.1661788784282,33.1661788784282
2017,9,-22.5,-0.2,-26.432664756447,1.31785714285714,0.7,9.3,2,1.2,NA,NA,NA,NA,NA,NA,NA,NA,-34.3,-37.8148076135898,-35.8148076135898
2017,10,-2,-22.5,-26.432664756447,-0.732142857142857,0.5,11.2,8.8,10.8,NA,NA,NA,NA,NA,NA,NA,NA,-35.8,-39.9648076135899,-31.1648076135899
2017,11,-22.5,-22.5,0.70487106017192,6.88214285714286,0.9,11.4,7.3,17.4,NA,NA,NA,NA,NA,NA,NA,NA,-27.4,-25.1129860826852,-17.8129860826852
2017,12,-22.5,-0.9,5.2865329512894,5.27142857142857,0.2,17.3,-0.4,16.1,NA,NA,NA,NA,NA,NA,NA,NA,2.2,4.65796152271797,4.25796152271797
2017,13,-22.5,-22.5,10.6905444126074,12.7392857142857,7.2,5.6,13.4,18.2,NA,NA,NA,NA,NA,NA,NA,NA,-14.4,-8.77016987310684,4.62983012689316
2017,14,-22.5,-22.5,-26.432664756447,4.39285714285714,4.5,0,0.6,-22.5,NA,NA,NA,NA,NA,NA,NA,NA,-60,-62.5398076135899,-61.9398076135899
2017,15,-22.5,-22.5,-2.11461318051576,5.85714285714286,-7.2,6.2,-2,1.1,NA,NA,NA,NA,NA,NA,NA,NA,-43.8,-42.2574703233729,-44.2574703233729
2017,16,-22.5,-2.9,-26.432664756447,3.95357142857143,-0.1,11.5,13.2,0,NA,NA,NA,NA,NA,NA,NA,NA,-33.8,-36.4790933278756,-23.2790933278756
2017,17,-22.5,-22.5,-2.23209169054441,-32.9464285714286,13.7,3.6,4.4,-2.4,NA,NA,NA,NA,NA,NA,NA,NA,-52.1,-62.878520261973,-58.478520261973
2017,18,-22.5,-22.5,-0.822349570200573,-1.46428571428571,-0.4,-5.2,7.4,2.4,NA,NA,NA,NA,NA,NA,NA,NA,-52.3,-52.8866352844863,-45.4866352844863
2017,19,-22.5,-22.5,-1.29226361031519,6.44285714285714,13.1,1.9,-0.4,3.7,NA,NA,NA,NA,NA,NA,NA,NA,-26.7,-24.849406467458,-25.249406467458
2017,20,-22.5,4.8,12.3352435530086,6.58928571428571,16.8,11.2,10.5,12.2,NA,NA,NA,NA,NA,NA,NA,NA,25.3,29.2245292672943,39.7245292672943
2017,21,-2.1,-3.3,-0.939828080229226,7.61428571428571,1.8,8.9,2,0.7,NA,NA,NA,NA,NA,NA,NA,NA,9.7,11.9744576340565,13.9744576340565
2017,22,-0.3,-1.6,9.51575931232092,1.025,2.6,6.1,0.6,0.4,NA,NA,NA,NA,NA,NA,NA,NA,15.6,17.3407593123209,17.9407593123209
2017,23,-22.5,-22.5,-26.432664756447,-0.878571428571428,0.1,6,-0.8,-9.4,NA,NA,NA,NA,NA,NA,NA,NA,-62,-66.2112361850184,-67.0112361850184
2017,24,-22.5,-22.5,-26.432664756447,-2.05,-1.5,-22.5,-22.5,-22.5,NA,NA,NA,NA,NA,NA,NA,NA,-92.9,-97.482664756447,-119.982664756447
2017,25,-22.5,-22.5,-4.34670487106017,-32.9464285714286,-1.9,5.4,1,6.3,NA,NA,NA,NA,NA,NA,NA,NA,-67.7,-78.7931334424887,-77.7931334424887
2017,26,-22.5,-22.5,-26.432664756447,11.1285714285714,21.7,29.4,6.8,21.2,NA,NA,NA,NA,NA,NA,NA,NA,-8.8,-9.20409332787558,-2.40409332787558
2017,27,-22.5,-22.5,0.587392550143267,-32.9464285714286,-2.9,3.7,6.7,3.4,NA,NA,NA,NA,NA,NA,NA,NA,-66.2,-76.5590360212853,-69.8590360212853
2017,28,-22.5,-22.5,-26.432664756447,-32.9464285714286,-22.5,-22.5,0.3,-22.5,NA,NA,NA,NA,NA,NA,NA,NA,-135,-149.379093327876,-149.079093327876
2017,29,-22.5,-1.9,-1.7621776504298,1.025,-6.6,0.4,4.7,2.3,NA,NA,NA,NA,NA,NA,NA,NA,-31.4,-31.3371776504298,-26.6371776504298
2017,30,-22.5,0.4,-26.432664756447,4.24642857142857,7.5,8.2,-0.2,5.8,NA,NA,NA,NA,NA,NA,NA,NA,-26,-28.5862361850184,-28.7862361850184
2017,31,-22.5,-22.5,-26.432664756447,-32.9464285714286,0,6.7,0.9,-3.6,NA,NA,NA,NA,NA,NA,NA,NA,-83.3,-97.6790933278756,-96.7790933278756
2017,32,-22.5,-22.5,-26.432664756447,-0.732142857142857,0.2,6.3,4.6,1.5,NA,NA,NA,NA,NA,NA,NA,NA,-61.5,-65.6648076135899,-61.0648076135899
2017,33,-22.5,-22.5,-26.432664756447,-4.53928571428571,-0.6,-22.5,-22.5,-22.5,NA,NA,NA,NA,NA,NA,NA,NA,-93.7,-99.0719504707327,-121.571950470733
2017,34,-22.5,-22.5,5.87392550143267,6.29642857142857,4.6,4.5,3,-2.9,NA,NA,NA,NA,NA,NA,NA,NA,-26.6,-23.7296459271388,-20.7296459271388
2017,35,-22.5,-22.5,-26.432664756447,-32.9464285714286,-0.1,-22.5,-22.5,-22.5,NA,NA,NA,NA,NA,NA,NA,NA,-112.6,-126.979093327876,-149.479093327876
2017,36,-22.5,-22.5,-7.2836676217765,-1.61071428571429,-0.5,6,5.1,2,NA,NA,NA,NA,NA,NA,NA,NA,-46.8,-48.3943819074908,-43.2943819074908
2017,37,-22.5,-22.5,-26.432664756447,-32.9464285714286,-22.5,-22.5,-22.5,-22.5,NA,NA,NA,NA,NA,NA,NA,NA,-135,-149.379093327876,-171.879093327876
2017,38,-22.5,-22.5,-5.99140401146132,1.90357142857143,0.9,-4.8,4.1,-22.5,NA,NA,NA,NA,NA,NA,NA,NA,-52.7,-52.9878325828899,-48.8878325828899
2017,39,-22.5,-22.5,-26.432664756447,13.9107142857143,24.1,18.1,22.2,16.2,NA,NA,NA,NA,NA,NA,NA,NA,-15.8,-15.3219504707327,6.87804952926729
2017,40,-22.5,-22.5,-26.432664756447,1.46428571428571,-2.3,0.1,-22.5,-22.5,NA,NA,NA,NA,NA,NA,NA,NA,-68.7,-72.1683790421613,-94.6683790421613
2017,41,-22.5,0.4,-26.432664756447,-0.439285714285714,-1.2,1,-1.8,0.8,NA,NA,NA,NA,NA,NA,NA,NA,-45.1,-49.1719504707327,-50.9719504707327
2017,42,-22.5,-22.5,0,-2.34285714285714,-1.2,13.2,4.4,-0.1,NA,NA,NA,NA,NA,NA,NA,NA,-34.6,-35.3428571428571,-30.9428571428571
2017,43,-22.5,-22.5,-26.432664756447,-32.9464285714286,2,4.6,0.3,18.9,NA,NA,NA,NA,NA,NA,NA,NA,-83.4,-97.7790933278756,-97.4790933278756
2017,44,-22.5,-22.5,-26.432664756447,-32.9464285714286,-22.5,-22.5,-22.5,-22.5,NA,NA,NA,NA,NA,NA,NA,NA,-135,-149.379093327876,-171.879093327876
2017,45,-22.5,-22.5,5.05157593123209,-3.36785714285714,-0.2,-22.5,-7.9,-0.1,NA,NA,NA,NA,NA,NA,NA,NA,-65.7,-66.0162812116251,-73.9162812116251
2017,46,-22.5,-22.5,-26.432664756447,-32.9464285714286,-3.8,0.6,-22.5,-22.5,NA,NA,NA,NA,NA,NA,NA,NA,-93.2,-107.579093327876,-130.079093327876
2017,47,-22.5,0.9,-26.432664756447,2.48928571428571,-5,-22.5,-22.5,-22.5,NA,NA,NA,NA,NA,NA,NA,NA,-69.9,-73.0433790421613,-95.5433790421613
2017,48,-22.5,-22.5,-1.52722063037249,1.31785714285714,-22.5,-22.5,-22.5,-22.5,NA,NA,NA,NA,NA,NA,NA,NA,-90.4,-90.2093634875154,-112.709363487515
2017,49,-22.5,-22.5,-0.234957020057307,6.73571428571428,0.8,-5.5,5.9,-2.7,NA,NA,NA,NA,NA,NA,NA,NA,-45.3,-43.199242734343,-37.299242734343
2017,50,-22.5,1.6,0.587392550143267,2.34285714285714,-1.3,1.8,-22.5,-22.5,NA,NA,NA,NA,NA,NA,NA,NA,-18.3,-17.4697503069996,-39.9697503069996
2017,51,-22.5,-22.5,-26.432664756447,-32.9464285714286,-22.5,-22.5,-22.5,-22.5,NA,NA,NA,NA,NA,NA,NA,NA,-135,-149.379093327876,-171.879093327876
2017,52,-22.5,-22.5,-26.432664756447,-32.9464285714286,-22.5,-22.5,-22.5,-22.5,NA,NA,NA,NA,NA,NA,NA,NA,-135,-149.379093327876,-171.879093327876
2017,53,-22.5,-22.5,-26.432664756447,-0.146428571428571,-2.7,-8.3,-3.8,-22.5,NA,NA,NA,NA,NA,NA,NA,NA,-78.6,-82.5790933278756,-86.3790933278756
2017,54,-22.5,-22.5,-26.432664756447,2.05,1.6,-7.3,22.9,-3.3,NA,NA,NA,NA,NA,NA,NA,NA,-71.8,-75.082664756447,-52.182664756447
2017,55,-22.5,-22.5,-26.432664756447,-32.9464285714286,-3.3,2.3,-1.1,-2,NA,NA,NA,NA,NA,NA,NA,NA,-91,-105.379093327876,-106.479093327876
2017,56,-22.5,-22.5,-26.432664756447,-32.9464285714286,-22.5,-22.5,-22.5,-22.5,NA,NA,NA,NA,NA,NA,NA,NA,-135,-149.379093327876,-171.879093327876
2017,57,-22.5,-22.5,-26.432664756447,-5.27142857142857,0.3,-7.8,1.4,0.5,NA,NA,NA,NA,NA,NA,NA,NA,-78.6,-84.2040933278756,-82.8040933278756
2017,58,-22.5,-22.5,-26.432664756447,-32.9464285714286,-22.5,-22.5,-22.5,-22.5,NA,NA,NA,NA,NA,NA,NA,NA,-135,-149.379093327876,-171.879093327876
2017,59,-22.5,-22.5,-26.432664756447,-32.9464285714286,-22.5,-22.5,-22.5,-22.5,NA,NA,NA,NA,NA,NA,NA,NA,-135,-149.379093327876,-171.879093327876
2017,60,-22.5,-22.5,-26.432664756447,-32.9464285714286,-22.5,-22.5,-22.5,-22.5,NA,NA,NA,NA,NA,NA,NA,NA,-135,-149.379093327876,-171.879093327876
2017,61,-22.5,-22.5,-26.432664756447,-32.9464285714286,-22.5,-22.5,-22.5,-22.5,NA,NA,NA,NA,NA,NA,NA,NA,-135,-149.379093327876,-171.879093327876
2017,62,-22.5,-22.5,-26.432664756447,-32.9464285714286,-6.7,-6.1,-22.5,-22.5,NA,NA,NA,NA,NA,NA,NA,NA,-102.8,-117.179093327876,-139.679093327876
2017,63,-22.5,-22.5,-26.432664756447,-32.9464285714286,5,-0.8,6.5,9.9,NA,NA,NA,NA,NA,NA,NA,NA,-85.8,-100.179093327876,-93.6790933278756
2017,64,-22.5,-0.3,0,-32.9464285714286,0.1,-22.5,-22.5,-22.5,NA,NA,NA,NA,NA,NA,NA,NA,-67.7,-78.1464285714286,-100.646428571429
2017,65,-22.5,-22.5,-26.432664756447,-32.9464285714286,1.4,-1,-1.7,-1.1,NA,NA,NA,NA,NA,NA,NA,NA,-89.6,-103.979093327876,-105.679093327876
2017,66,-22.5,-22.5,-26.432664756447,-32.9464285714286,-22.5,-22.5,-22.5,-22.5,NA,NA,NA,NA,NA,NA,NA,NA,-135,-149.379093327876,-171.879093327876
2017,67,-22.5,-22.5,-26.432664756447,1.31785714285714,-1.1,5.3,7.3,16.7,NA,NA,NA,NA,NA,NA,NA,NA,-62.4,-65.9148076135899,-58.6148076135899
2017,68,-22.5,-22.5,-26.432664756447,-32.9464285714286,-22.5,-22.5,-22.5,-22.5,NA,NA,NA,NA,NA,NA,NA,NA,-135,-149.379093327876,-171.879093327876
2017,69,-22.5,-22.5,-26.432664756447,-32.9464285714286,0.3,-0.7,-6.4,-22.5,NA,NA,NA,NA,NA,NA,NA,NA,-90.4,-104.779093327876,-111.179093327876
2017,70,-22.5,-22.5,-26.432664756447,-32.9464285714286,-22.5,-22.5,-22.5,-22.5,NA,NA,NA,NA,NA,NA,NA,NA,-135,-149.379093327876,-171.879093327876
2017,71,-22.5,-22.5,-26.432664756447,-32.9464285714286,-22.5,-22.5,-22.5,-22.5,NA,NA,NA,NA,NA,NA,NA,NA,-135,-149.379093327876,-171.879093327876
2017,72,-22.5,-22.5,-26.432664756447,-32.9464285714286,-22.5,-22.5,-0.3,0.3,NA,NA,NA,NA,NA,NA,NA,NA,-135,-149.379093327876,-149.679093327876
2017,73,-22.5,-22.5,-26.432664756447,-32.9464285714286,-22.5,-22.5,-22.5,-22.5,NA,NA,NA,NA,NA,NA,NA,NA,-135,-149.379093327876,-171.879093327876
2017,74,-22.5,-22.5,-26.432664756447,-32.9464285714286,-22.5,12,5.6,9.2,NA,NA,NA,NA,NA,NA,NA,NA,-100.5,-114.879093327876,-109.279093327876
2017,75,-22.5,-22.5,-26.432664756447,-32.9464285714286,-22.5,-22.5,-22.5,-22.5,NA,NA,NA,NA,NA,NA,NA,NA,-135,-149.379093327876,-171.879093327876
2017,76,-22.5,-22.5,-26.432664756447,-32.9464285714286,-22.5,-22.5,-22.5,-22.5,NA,NA,NA,NA,NA,NA,NA,NA,-135,-149.379093327876,-171.879093327876
2017,77,-22.5,-22.5,-26.432664756447,-32.9464285714286,-22.5,-22.5,-22.5,-22.5,NA,NA,NA,NA,NA,NA,NA,NA,-135,-149.379093327876,-171.879093327876
2017,78,-22.5,-22.5,-26.432664756447,0,3.1,25.4,13.9,3.3,NA,NA,NA,NA,NA,NA,NA,NA,-39,-42.932664756447,-29.032664756447
2017,79,-22.5,-22.5,-26.432664756447,-32.9464285714286,-22.5,-22.5,-22.5,-22.5,NA,NA,NA,NA,NA,NA,NA,NA,-135,-149.379093327876,-171.879093327876
2017,80,-22.5,-22.5,-26.432664756447,-32.9464285714286,-22.5,-22.5,-22.5,-22.5,NA,NA,NA,NA,NA,NA,NA,NA,-135,-149.379093327876,-171.879093327876
2017,81,-22.5,-22.5,-26.432664756447,-32.9464285714286,-22.5,-22.5,-22.5,-22.5,NA,NA,NA,NA,NA,NA,NA,NA,-135,-149.379093327876,-171.879093327876
2017,82,-22.5,-22.5,-26.432664756447,-32.9464285714286,-22.5,-22.5,-22.5,-22.5,NA,NA,NA,NA,NA,NA,NA,NA,-135,-149.379093327876,-171.879093327876
2017,83,-22.5,-22.5,-26.432664756447,-32.9464285714286,-22.5,-22.5,-22.5,-22.5,NA,NA,NA,NA,NA,NA,NA,NA,-135,-149.379093327876,-171.879093327876
2017,84,-22.5,-22.5,-26.432664756447,-32.9464285714286,-22.5,-22.5,-22.5,-22.5,NA,NA,NA,NA,NA,NA,NA,NA,-135,-149.379093327876,-171.879093327876
2017,85,-22.5,-22.5,-26.432664756447,-32.9464285714286,-22.5,-22.5,-22.5,-22.5,NA,NA,NA,NA,NA,NA,NA,NA,-135,-149.379093327876,-171.879093327876
2017,86,-22.5,-22.5,-26.432664756447,-32.9464285714286,1.9,-7.2,4.4,-3.6,NA,NA,NA,NA,NA,NA,NA,NA,-95.3,-109.679093327876,-105.279093327876
2017,87,-22.5,-22.5,-4.22922636103152,-32.9464285714286,0.2,-1.5,-22.5,2.5,NA,NA,NA,NA,NA,NA,NA,NA,-72.4,-83.4756549324601,-105.97565493246
2017,88,-22.5,-22.5,-26.432664756447,-32.9464285714286,-22.5,-22.5,-22.5,-22.5,NA,NA,NA,NA,NA,NA,NA,NA,-135,-149.379093327876,-171.879093327876
2017,89,-22.5,-22.5,-26.432664756447,-32.9464285714286,-22.5,-22.5,-22.5,-22.5,NA,NA,NA,NA,NA,NA,NA,NA,-135,-149.379093327876,-171.879093327876
2017,90,-22.5,-22.5,-26.432664756447,-32.9464285714286,-22.5,-22.5,-22.5,-22.5,NA,NA,NA,NA,NA,NA,NA,NA,-135,-149.379093327876,-171.879093327876
2017,91,-22.5,-22.5,-26.432664756447,-32.9464285714286,-22.5,-22.5,-22.5,-22.5,NA,NA,NA,NA,NA,NA,NA,NA,-135,-149.379093327876,-171.879093327876
2017,92,-22.5,-22.5,-26.432664756447,-32.9464285714286,-22.5,-22.5,-22.5,-22.5,NA,NA,NA,NA,NA,NA,NA,NA,-135,-149.379093327876,-171.879093327876
2017,93,-22.5,-22.5,-26.432664756447,-32.9464285714286,-22.5,-22.5,-22.5,-22.5,NA,NA,NA,NA,NA,NA,NA,NA,-135,-149.379093327876,-171.879093327876
2017,94,-22.5,-22.5,-26.432664756447,-32.9464285714286,-22.5,-22.5,-22.5,-22.5,NA,NA,NA,NA,NA,NA,NA,NA,-135,-149.379093327876,-171.879093327876
2017,95,-22.5,-22.5,-26.432664756447,3.075,-1.8,1.9,-22.5,-22.5,NA,NA,NA,NA,NA,NA,NA,NA,-65.3,-68.257664756447,-90.757664756447
2017,96,-22.5,-22.5,-26.432664756447,-32.9464285714286,-22.5,-22.5,-22.5,-22.5,NA,NA,NA,NA,NA,NA,NA,NA,-135,-149.379093327876,-171.879093327876
2017,97,-22.5,-22.5,-26.432664756447,-32.9464285714286,-22.5,2.1,1.2,-22.5,NA,NA,NA,NA,NA,NA,NA,NA,-110.4,-124.779093327876,-123.579093327876
2017,98,-22.5,-22.5,-26.432664756447,-32.9464285714286,-22.5,-22.5,-22.5,-22.5,NA,NA,NA,NA,NA,NA,NA,NA,-135,-149.379093327876,-171.879093327876
2017,99,-22.5,-22.5,-26.432664756447,5.85714285714286,7.5,-4.4,1.5,-1.1,NA,NA,NA,NA,NA,NA,NA,NA,-60.4,-62.4755218993041,-60.9755218993041
2017,100,-22.5,-22.5,-26.432664756447,-32.9464285714286,-22.5,-22.5,-22.5,-22.5,NA,NA,NA,NA,NA,NA,NA,NA,-135,-149.379093327876,-171.879093327876
2017,101,-22.5,-22.5,-26.432664756447,-32.9464285714286,-22.5,-22.5,-22.5,-22.5,NA,NA,NA,NA,NA,NA,NA,NA,-135,-149.379093327876,-171.879093327876
2017,102,-22.5,-22.5,-26.432664756447,-32.9464285714286,-0.6,-22.5,-22.5,-22.5,NA,NA,NA,NA,NA,NA,NA,NA,-113.1,-127.479093327876,-149.979093327876
2017,103,-22.5,-22.5,0.822349570200573,-1.31785714285714,7.5,6.2,5,2.2,NA,NA,NA,NA,NA,NA,NA,NA,-31.5,-31.7955075726566,-26.7955075726566
2017,104,-22.5,-22.5,-26.432664756447,-32.9464285714286,-22.5,0.3,-22.5,-22.5,NA,NA,NA,NA,NA,NA,NA,NA,-112.2,-126.579093327876,-149.079093327876
2017,105,-22.5,-22.5,-26.432664756447,-32.9464285714286,-22.5,-22.5,-22.5,-22.5,NA,NA,NA,NA,NA,NA,NA,NA,-135,-149.379093327876,-171.879093327876
2017,106,-22.5,-22.5,-26.432664756447,-32.9464285714286,-22.5,-22.5,-22.5,-22.5,NA,NA,NA,NA,NA,NA,NA,NA,-135,-149.379093327876,-171.879093327876
2017,107,-22.5,-22.5,-26.432664756447,-32.9464285714286,-22.5,-22.5,-22.5,-22.5,NA,NA,NA,NA,NA,NA,NA,NA,-135,-149.379093327876,-171.879093327876
2017,108,-22.5,-22.5,-26.432664756447,-32.9464285714286,-22.5,-22.5,-22.5,-22.5,NA,NA,NA,NA,NA,NA,NA,NA,-135,-149.379093327876,-171.879093327876
2017,109,-22.5,-22.5,-26.432664756447,-32.9464285714286,2.5,2.5,-2.9,-22.5,NA,NA,NA,NA,NA,NA,NA,NA,-85,-99.3790933278756,-102.279093327876
2017,110,-22.5,-22.5,-26.432664756447,-32.9464285714286,-22.5,-22.5,-22.5,-22.5,NA,NA,NA,NA,NA,NA,NA,NA,-135,-149.379093327876,-171.879093327876
2017,111,-22.5,-22.5,-26.432664756447,16.9857142857143,10.9,24.6,29.3,4.5,NA,NA,NA,NA,NA,NA,NA,NA,-20.4,-18.9469504707327,10.3530495292673
2017,112,-22.5,-22.5,-26.432664756447,-32.9464285714286,-22.5,-22.5,-22.5,-22.5,NA,NA,NA,NA,NA,NA,NA,NA,-135,-149.379093327876,-171.879093327876
2017,113,-22.5,-22.5,-26.432664756447,-32.9464285714286,-2.9,2.6,-3.1,2.3,NA,NA,NA,NA,NA,NA,NA,NA,-90.3,-104.679093327876,-107.779093327876
2017,114,-22.5,-22.5,-26.432664756447,-32.9464285714286,-22.5,-22.5,-22.5,-22.5,NA,NA,NA,NA,NA,NA,NA,NA,-135,-149.379093327876,-171.879093327876
2017,115,-22.5,-22.5,-26.432664756447,-32.9464285714286,-22.5,-22.5,-22.5,-22.5,NA,NA,NA,NA,NA,NA,NA,NA,-135,-149.379093327876,-171.879093327876
2017,116,-22.5,-22.5,-26.432664756447,-32.9464285714286,-22.5,-22.5,-22.5,-22.5,NA,NA,NA,NA,NA,NA,NA,NA,-135,-149.379093327876,-171.879093327876
2017,117,-22.5,-22.5,1.17478510028653,4.1,0.7,6,3.3,-0.3,NA,NA,NA,NA,NA,NA,NA,NA,-34.5,-33.0252148997135,-29.7252148997135
2017,118,-22.5,-22.5,-26.432664756447,-32.9464285714286,-22.5,-22.5,-22.5,-22.5,NA,NA,NA,NA,NA,NA,NA,NA,-135,-149.379093327876,-171.879093327876
2017,119,-22.5,-22.5,-26.432664756447,-32.9464285714286,-22.5,-22.5,-22.5,-22.5,NA,NA,NA,NA,NA,NA,NA,NA,-135,-149.379093327876,-171.879093327876
2017,120,-22.5,-22.5,-26.432664756447,-32.9464285714286,-22.5,-22.5,-22.5,-22.5,NA,NA,NA,NA,NA,NA,NA,NA,-135,-149.379093327876,-171.879093327876
2017,121,-22.5,3,-2.81948424068768,4.24642857142857,5.2,5,7.1,6.3,NA,NA,NA,NA,NA,NA,NA,NA,-8.8,-7.87305566925911,-0.77305566925911
2017,122,-22.5,-22.5,-26.432664756447,-32.9464285714286,-22.5,-22.5,-22.5,-22.5,NA,NA,NA,NA,NA,NA,NA,NA,-135,-149.379093327876,-171.879093327876
2017,123,-22.5,-22.5,-26.432664756447,-32.9464285714286,-22.5,-22.5,-22.5,-22.5,NA,NA,NA,NA,NA,NA,NA,NA,-135,-149.379093327876,-171.879093327876
2017,124,-22.5,-22.5,-26.432664756447,-32.9464285714286,-22.5,-22.5,-22.5,-22.5,NA,NA,NA,NA,NA,NA,NA,NA,-135,-149.379093327876,-171.879093327876
2017,125,-22.5,-22.5,-26.432664756447,-32.9464285714286,-22.5,-22.5,-22.5,-22.5,NA,NA,NA,NA,NA,NA,NA,NA,-135,-149.379093327876,-171.879093327876
2017,126,-22.5,-22.5,-26.432664756447,-32.9464285714286,-22.5,-22.5,-22.5,-22.5,NA,NA,NA,NA,NA,NA,NA,NA,-135,-149.379093327876,-171.879093327876
2017,127,-22.5,-22.5,-26.432664756447,-32.9464285714286,-22.5,-22.5,-22.5,-22.5,NA,NA,NA,NA,NA,NA,NA,NA,-135,-149.379093327876,-171.879093327876
2017,128,-22.5,-22.5,-26.432664756447,-32.9464285714286,-22.5,-22.5,-22.5,-22.5,NA,NA,NA,NA,NA,NA,NA,NA,-135,-149.379093327876,-171.879093327876
2017,129,-22.5,-22.5,-0.234957020057307,-32.9464285714286,-22.5,-22.5,-22.5,-22.5,NA,NA,NA,NA,NA,NA,NA,NA,-112.7,-123.181385591486,-145.681385591486
2017,130,-22.5,-22.5,-26.432664756447,-32.9464285714286,-22.5,-22.5,-22.5,-22.5,NA,NA,NA,NA,NA,NA,NA,NA,-135,-149.379093327876,-171.879093327876
2017,131,-22.5,-22.5,-26.432664756447,-32.9464285714286,-22.5,-22.5,-22.5,-22.5,NA,NA,NA,NA,NA,NA,NA,NA,-135,-149.379093327876,-171.879093327876
2017,132,-22.5,-22.5,-26.432664756447,-32.9464285714286,-1.3,-0.9,-1.7,-22.5,NA,NA,NA,NA,NA,NA,NA,NA,-92.2,-106.579093327876,-108.279093327876
2017,133,-22.5,-22.5,-26.432664756447,-32.9464285714286,-22.5,-22.5,-22.5,-22.5,NA,NA,NA,NA,NA,NA,NA,NA,-135,-149.379093327876,-171.879093327876
2017,134,-22.5,-22.5,-26.432664756447,-32.9464285714286,-22.5,-22.5,-22.5,-22.5,NA,NA,NA,NA,NA,NA,NA,NA,-135,-149.379093327876,-171.879093327876
2017,135,-22.5,-22.5,-26.432664756447,-32.9464285714286,-22.5,-22.5,-22.5,-22.5,NA,NA,NA,NA,NA,NA,NA,NA,-135,-149.379093327876,-171.879093327876
2017,136,-22.5,-22.5,-26.432664756447,-32.9464285714286,-22.5,-22.5,-22.5,-22.5,NA,NA,NA,NA,NA,NA,NA,NA,-135,-149.379093327876,-171.879093327876
2017,137,-22.5,-22.5,-26.432664756447,-32.9464285714286,4,10.3,8.5,4.7,NA,NA,NA,NA,NA,NA,NA,NA,-75.7,-90.0790933278756,-81.5790933278756
2017,138,-22.5,-22.5,-26.432664756447,-32.9464285714286,-22.5,-22.5,-22.5,-22.5,NA,NA,NA,NA,NA,NA,NA,NA,-135,-149.379093327876,-171.879093327876
2017,139,1,-22.5,-26.432664756447,-32.9464285714286,1.3,10.8,-7.8,-22.5,NA,NA,NA,NA,NA,NA,NA,NA,-54.4,-68.7790933278756,-76.5790933278756
2017,140,-22.5,-22.5,-26.432664756447,-32.9464285714286,-22.5,-22.5,-22.5,-22.5,NA,NA,NA,NA,NA,NA,NA,NA,-135,-149.379093327876,-171.879093327876
2017,141,-22.5,-22.5,-26.432664756447,-32.9464285714286,-22.5,-22.5,-22.5,-22.5,NA,NA,NA,NA,NA,NA,NA,NA,-135,-149.379093327876,-171.879093327876
2017,142,-22.5,-22.5,-26.432664756447,-32.9464285714286,-22.5,-22.5,-22.5,-22.5,NA,NA,NA,NA,NA,NA,NA,NA,-135,-149.379093327876,-171.879093327876
2017,143,-22.5,-22.5,-26.432664756447,-1.31785714285714,0.3,-22.5,-22.5,-22.5,NA,NA,NA,NA,NA,NA,NA,NA,-90.6,-94.9505218993041,-117.450521899304
2017,144,-22.5,-22.5,-26.432664756447,-32.9464285714286,-22.5,-22.5,-22.5,-22.5,NA,NA,NA,NA,NA,NA,NA,NA,-135,-149.379093327876,-171.879093327876
2017,145,-22.5,-22.5,-26.432664756447,-32.9464285714286,-22.5,-22.5,-22.5,-22.5,NA,NA,NA,NA,NA,NA,NA,NA,-135,-149.379093327876,-171.879093327876
2017,146,-22.5,-22.5,-26.432664756447,-32.9464285714286,-22.5,-22.5,-22.5,-22.5,NA,NA,NA,NA,NA,NA,NA,NA,-135,-149.379093327876,-171.879093327876
2017,147,-22.5,-22.5,-26.432664756447,-32.9464285714286,-22.5,-22.5,-22.5,-22.5,NA,NA,NA,NA,NA,NA,NA,NA,-135,-149.379093327876,-171.879093327876
2017,148,-22.5,-22.5,-26.432664756447,-32.9464285714286,-22.5,-22.5,-22.5,-22.5,NA,NA,NA,NA,NA,NA,NA,NA,-135,-149.379093327876,-171.879093327876
2017,149,-22.5,-22.5,-26.432664756447,-32.9464285714286,-22.5,-22.5,-22.5,-22.5,NA,NA,NA,NA,NA,NA,NA,NA,-135,-149.379093327876,-171.879093327876
2017,150,-22.5,-22.5,-26.432664756447,-32.9464285714286,-1.7,-22.5,-22.5,-22.5,NA,NA,NA,NA,NA,NA,NA,NA,-114.2,-128.579093327876,-151.079093327876
2017,151,-22.5,-22.5,-26.432664756447,-32.9464285714286,-22.5,-22.5,-22.5,-22.5,NA,NA,NA,NA,NA,NA,NA,NA,-135,-149.379093327876,-171.879093327876
2017,152,-22.5,-22.5,-26.432664756447,-32.9464285714286,-22.5,-22.5,-22.5,-22.5,NA,NA,NA,NA,NA,NA,NA,NA,-135,-149.379093327876,-171.879093327876
2017,153,-22.5,-22.5,-26.432664756447,-32.9464285714286,-22.5,0,-22.5,-22.5,NA,NA,NA,NA,NA,NA,NA,NA,-112.5,-126.879093327876,-149.379093327876
2017,154,-22.5,-22.5,-26.432664756447,-32.9464285714286,-22.5,-22.5,-22.5,-22.5,NA,NA,NA,NA,NA,NA,NA,NA,-135,-149.379093327876,-171.879093327876
2017,155,-22.5,-22.5,-26.432664756447,-32.9464285714286,-22.5,-22.5,-22.5,-22.5,NA,NA,NA,NA,NA,NA,NA,NA,-135,-149.379093327876,-171.879093327876
2017,156,-22.5,-22.5,-26.432664756447,-32.9464285714286,-22.5,-22.5,-22.5,-22.5,NA,NA,NA,NA,NA,NA,NA,NA,-135,-149.379093327876,-171.879093327876
2017,157,-22.5,-22.5,-26.432664756447,-32.9464285714286,-22.5,-22.5,-22.5,-22.5,NA,NA,NA,NA,NA,NA,NA,NA,-135,-149.379093327876,-171.879093327876
2017,158,-22.5,-22.5,-26.432664756447,-32.9464285714286,-22.5,-22.5,-22.5,-22.5,NA,NA,NA,NA,NA,NA,NA,NA,-135,-149.379093327876,-171.879093327876
2017,159,-22.5,-22.5,-26.432664756447,-32.9464285714286,-22.5,-22.5,-22.5,-22.5,NA,NA,NA,NA,NA,NA,NA,NA,-135,-149.379093327876,-171.879093327876
2017,160,-22.5,-22.5,-26.432664756447,-32.9464285714286,-22.5,-22.5,-22.5,-22.5,NA,NA,NA,NA,NA,NA,NA,NA,-135,-149.379093327876,-171.879093327876
2017,161,-22.5,-22.5,-26.432664756447,-32.9464285714286,-22.5,1.8,-1.6,-22.5,NA,NA,NA,NA,NA,NA,NA,NA,-110.7,-125.079093327876,-126.679093327876
2017,162,-22.5,-22.5,-26.432664756447,-32.9464285714286,-22.5,-22.5,-22.5,-22.5,NA,NA,NA,NA,NA,NA,NA,NA,-135,-149.379093327876,-171.879093327876
2017,163,-22.5,-22.5,-26.432664756447,-32.9464285714286,-22.5,-22.5,-22.5,-22.5,NA,NA,NA,NA,NA,NA,NA,NA,-135,-149.379093327876,-171.879093327876
2017,164,-22.5,-22.5,-26.432664756447,-32.9464285714286,-22.5,-22.5,-22.5,-22.5,NA,NA,NA,NA,NA,NA,NA,NA,-135,-149.379093327876,-171.879093327876
2017,165,-22.5,-22.5,-26.432664756447,-32.9464285714286,-22.5,-0.3,-22.5,-22.5,NA,NA,NA,NA,NA,NA,NA,NA,-112.8,-127.179093327876,-149.679093327876
2017,166,-22.5,-22.5,-26.432664756447,-32.9464285714286,-22.5,-22.5,-22.5,-22.5,NA,NA,NA,NA,NA,NA,NA,NA,-135,-149.379093327876,-171.879093327876
2017,167,-22.5,-22.5,-26.432664756447,-32.9464285714286,-22.5,-22.5,-22.5,-22.5,NA,NA,NA,NA,NA,NA,NA,NA,-135,-149.379093327876,-171.879093327876
2017,168,-22.5,-22.5,-26.432664756447,-32.9464285714286,-22.5,-2.9,0.7,-1.1,NA,NA,NA,NA,NA,NA,NA,NA,-115.4,-129.779093327876,-129.079093327876
2017,169,-22.5,-22.5,-26.432664756447,-32.9464285714286,-22.5,6.2,10.7,6.4,NA,NA,NA,NA,NA,NA,NA,NA,-106.3,-120.679093327876,-109.979093327876
2017,170,-22.5,-22.5,-26.432664756447,-32.9464285714286,-22.5,-22.5,-22.5,-22.5,NA,NA,NA,NA,NA,NA,NA,NA,-135,-149.379093327876,-171.879093327876
2017,171,-22.5,-22.5,-26.432664756447,-32.9464285714286,-22.5,-22.5,-22.5,-22.5,NA,NA,NA,NA,NA,NA,NA,NA,-135,-149.379093327876,-171.879093327876
2017,172,-22.5,-22.5,-26.432664756447,-32.9464285714286,-22.5,-22.5,-22.5,-22.5,NA,NA,NA,NA,NA,NA,NA,NA,-135,-149.379093327876,-171.879093327876
2017,173,-22.5,-22.5,-26.432664756447,-32.9464285714286,-22.5,-22.5,-22.5,-22.5,NA,NA,NA,NA,NA,NA,NA,NA,-135,-149.379093327876,-171.879093327876
2017,174,-22.5,-22.5,-26.432664756447,-0.878571428571428,-0.9,-1.6,-1,0.9,NA,NA,NA,NA,NA,NA,NA,NA,-70.6,-74.8112361850184,-75.8112361850184
2017,175,-22.5,-22.5,-26.432664756447,-32.9464285714286,-22.5,-22.5,-22.5,-22.5,NA,NA,NA,NA,NA,NA,NA,NA,-135,-149.379093327876,-171.879093327876
2017,176,-22.5,-22.5,-26.432664756447,-32.9464285714286,-22.5,-22.5,-22.5,-22.5,NA,NA,NA,NA,NA,NA,NA,NA,-135,-149.379093327876,-171.879093327876
2017,177,-22.5,-22.5,-26.432664756447,-32.9464285714286,-22.5,-22.5,-22.5,-22.5,NA,NA,NA,NA,NA,NA,NA,NA,-135,-149.379093327876,-171.879093327876
2017,178,-22.5,-22.5,-26.432664756447,-32.9464285714286,-22.5,-22.5,-22.5,-22.5,NA,NA,NA,NA,NA,NA,NA,NA,-135,-149.379093327876,-171.879093327876
2017,179,-22.5,-22.5,-26.432664756447,-32.9464285714286,-1.2,0.3,-0.7,-22.5,NA,NA,NA,NA,NA,NA,NA,NA,-90.9,-105.279093327876,-105.979093327876
2017,180,-22.5,-22.5,-26.432664756447,-32.9464285714286,-22.5,-0.7,-1.6,-22.5,NA,NA,NA,NA,NA,NA,NA,NA,-113.2,-127.579093327876,-129.179093327876
2017,181,-22.5,-22.5,-26.432664756447,-32.9464285714286,-22.5,-22.5,-22.5,-22.5,NA,NA,NA,NA,NA,NA,NA,NA,-135,-149.379093327876,-171.879093327876
2017,182,-22.5,-22.5,-26.432664756447,-32.9464285714286,-22.5,-22.5,-22.5,-22.5,NA,NA,NA,NA,NA,NA,NA,NA,-135,-149.379093327876,-171.879093327876
2017,183,-22.5,-22.5,-26.432664756447,-32.9464285714286,-22.5,-22.5,-22.5,-22.5,NA,NA,NA,NA,NA,NA,NA,NA,-135,-149.379093327876,-171.879093327876
2017,184,-22.5,-22.5,-26.432664756447,-32.9464285714286,-22.5,-22.5,-22.5,-22.5,NA,NA,NA,NA,NA,NA,NA,NA,-135,-149.379093327876,-171.879093327876
2017,185,-22.5,-22.5,-26.432664756447,-32.9464285714286,0.7,-22.5,-22.5,-22.5,NA,NA,NA,NA,NA,NA,NA,NA,-111.8,-126.179093327876,-148.679093327876
2017,186,-22.5,-22.5,-26.432664756447,-32.9464285714286,-22.5,-22.5,-22.5,-22.5,NA,NA,NA,NA,NA,NA,NA,NA,-135,-149.379093327876,-171.879093327876
2017,187,-22.5,-22.5,-26.432664756447,-32.9464285714286,-22.5,-22.5,-22.5,-22.5,NA,NA,NA,NA,NA,NA,NA,NA,-135,-149.379093327876,-171.879093327876
2017,188,-22.5,-22.5,-26.432664756447,-32.9464285714286,-22.5,-22.5,-22.5,-22.5,NA,NA,NA,NA,NA,NA,NA,NA,-135,-149.379093327876,-171.879093327876
2017,189,-22.5,-22.5,-26.432664756447,-32.9464285714286,-22.5,-22.5,-22.5,-0.9,NA,NA,NA,NA,NA,NA,NA,NA,-135,-149.379093327876,-171.879093327876
2017,190,-22.5,-22.5,-26.432664756447,-32.9464285714286,-22.5,-22.5,-22.5,-22.5,NA,NA,NA,NA,NA,NA,NA,NA,-135,-149.379093327876,-171.879093327876
2017,191,-22.5,-22.5,-26.432664756447,-32.9464285714286,-22.5,-22.5,-22.5,-22.5,NA,NA,NA,NA,NA,NA,NA,NA,-135,-149.379093327876,-171.879093327876
2017,192,-22.5,-22.5,-26.432664756447,-32.9464285714286,-22.5,-22.5,-22.5,-22.5,NA,NA,NA,NA,NA,NA,NA,NA,-135,-149.379093327876,-171.879093327876
2017,193,-22.5,-22.5,-26.432664756447,-32.9464285714286,-22.5,-22.5,-22.5,-22.5,NA,NA,NA,NA,NA,NA,NA,NA,-135,-149.379093327876,-171.879093327876
2017,194,0.2,-22.5,-26.432664756447,-32.9464285714286,-22.5,2.9,-22.5,-22.5,NA,NA,NA,NA,NA,NA,NA,NA,-86.9,-101.279093327876,-123.779093327876
2017,195,-22.5,-22.5,-26.432664756447,-32.9464285714286,-22.5,-22.5,-22.5,-22.5,NA,NA,NA,NA,NA,NA,NA,NA,-135,-149.379093327876,-171.879093327876
2017,196,-22.5,-22.5,-26.432664756447,-3.51428571428571,-1.3,-22.5,-22.5,-22.5,NA,NA,NA,NA,NA,NA,NA,NA,-93.7,-98.7469504707327,-121.246950470733
2017,197,-22.5,-22.5,-26.432664756447,-32.9464285714286,-22.5,-22.5,-22.5,-22.5,NA,NA,NA,NA,NA,NA,NA,NA,-135,-149.379093327876,-171.879093327876
2017,198,-22.5,-22.5,-26.432664756447,-32.9464285714286,-22.5,-22.5,-22.5,-22.5,NA,NA,NA,NA,NA,NA,NA,NA,-135,-149.379093327876,-171.879093327876
2017,199,-22.5,-22.5,1.40974212034384,-5.71071428571429,-11,-0.9,13.1,-9.5,NA,NA,NA,NA,NA,NA,NA,NA,-59.6,-61.2009721653704,-48.1009721653704
2017,200,-22.5,-22.5,-26.432664756447,-32.9464285714286,-22.5,0.8,-22.5,-22.5,NA,NA,NA,NA,NA,NA,NA,NA,-111.7,-126.079093327876,-148.579093327876
2018,1,8.5,4.81661891117479,-3.80714285714286,-3.9,17.5,5,14.8,NA,NA,NA,NA,NA,NA,NA,NA,NA,28.6,28.1094760540319,42.9094760540319
2018,2,-2.2,16.6819484240688,7.76071428571429,4.4,10.7,2.5,-4.8,NA,NA,NA,NA,NA,NA,NA,NA,NA,34.9,39.8426627097831,35.0426627097831
2018,3,4.7,-7.2836676217765,3.66071428571429,4.8,6.5,-1.8,4.7,NA,NA,NA,NA,NA,NA,NA,NA,NA,10.5,10.5770466639378,15.2770466639378
2018,4,7.3,5.99140401146132,3.66071428571429,8.4,12.4,14.2,10.2,NA,NA,NA,NA,NA,NA,NA,NA,NA,49.9,51.9521182971756,62.1521182971756
2018,5,-22.5,-0.35243553008596,-0.878571428571428,4.6,12.4,2.9,8.9,NA,NA,NA,NA,NA,NA,NA,NA,NA,-3.5,-3.83100695865739,5.06899304134261
2018,6,-2.9,3.99426934097421,-0.878571428571428,-1.3,-1.3,-5.9,-22.5,NA,NA,NA,NA,NA,NA,NA,NA,NA,-8.6,-8.28430208759722,-30.7843020875972
2018,7,-0.2,13.0401146131805,0,8.8,20.5,24.9,16.8,NA,NA,NA,NA,NA,NA,NA,NA,NA,65.1,67.0401146131805,83.8401146131805
2018,8,-22.5,5.87392550143267,3.075,3.2,4.1,-3.8,0.2,NA,NA,NA,NA,NA,NA,NA,NA,NA,-11.9,-10.0510744985673,-9.85107449856734
2018,9,-22.5,-26.432664756447,-3.95357142857143,-22.5,-1.2,-22.5,-22.5,NA,NA,NA,NA,NA,NA,NA,NA,NA,-93.9,-99.0862361850184,-121.586236185018
2018,10,-1,-26.432664756447,0.878571428571428,2.4,14.8,22.5,11.8,NA,NA,NA,NA,NA,NA,NA,NA,NA,16.8,13.1459066721244,24.9459066721244
2018,11,-22.5,0,7.46785714285714,0.8,4.7,-2.8,-4,NA,NA,NA,NA,NA,NA,NA,NA,NA,-14.7,-12.3321428571429,-16.3321428571429
2018,12,-22.5,3.05444126074499,-2.05,9.6,4.5,14.3,8.2,NA,NA,NA,NA,NA,NA,NA,NA,NA,7.1,6.90444126074499,15.104441260745
2018,13,-22.5,-26.432664756447,1.17142857142857,-22.5,8.8,0.8,-8.4,NA,NA,NA,NA,NA,NA,NA,NA,NA,-57.1,-60.6612361850184,-69.0612361850184
2018,14,-22.5,0.822349570200573,12.7392857142857,5.1,8.3,2.7,-1.7,NA,NA,NA,NA,NA,NA,NA,NA,NA,3,7.16163528448628,5.46163528448628
2018,15,-22.5,-26.432664756447,2.78214285714286,-22.5,-2.4,-1.1,-22.5,NA,NA,NA,NA,NA,NA,NA,NA,NA,-69.1,-72.1505218993041,-94.6505218993041
2018,16,-22.5,0.822349570200573,-32.9464285714286,0.5,1.3,-22.5,-22.5,NA,NA,NA,NA,NA,NA,NA,NA,NA,-65,-75.324079001228,-97.824079001228
2018,17,-22.5,-26.432664756447,1.17142857142857,-5.7,-0.1,-22.5,-0.4,NA,NA,NA,NA,NA,NA,NA,NA,NA,-72.5,-76.0612361850184,-76.4612361850184
2018,18,-22.5,-26.432664756447,0.439285714285714,-22.5,-1.7,1.2,-22.5,NA,NA,NA,NA,NA,NA,NA,NA,NA,-67.7,-71.4933790421613,-93.9933790421613
2018,19,-22.5,-26.432664756447,-32.9464285714286,-22.5,-22.5,-22.5,-22.5,NA,NA,NA,NA,NA,NA,NA,NA,NA,-135,-149.379093327876,-171.879093327876
2018,20,-22.5,-26.432664756447,-1.90357142857143,-1.6,2.6,-0.8,-3,NA,NA,NA,NA,NA,NA,NA,NA,NA,-46.1,-50.6362361850184,-53.6362361850184
2018,21,-22.5,-26.432664756447,-32.9464285714286,-6.9,-22.5,-22.5,-22.5,NA,NA,NA,NA,NA,NA,NA,NA,NA,-119.4,-133.779093327876,-156.279093327876
2018,22,-22.5,-26.432664756447,-2.05,6.5,7.8,5.9,4.3,NA,NA,NA,NA,NA,NA,NA,NA,NA,-26.2,-30.782664756447,-26.482664756447
2018,23,-1.4,0.70487106017192,-1.75714285714286,-0.4,2.4,3.3,-5,NA,NA,NA,NA,NA,NA,NA,NA,NA,3.3,2.84772820302906,-2.15227179697094
2018,24,-22.5,-26.432664756447,-32.9464285714286,-22.5,-22.5,-22.5,-22.5,NA,NA,NA,NA,NA,NA,NA,NA,NA,-135,-149.379093327876,-171.879093327876
2018,25,-22.5,-26.432664756447,-32.9464285714286,-22.5,-22.5,-22.5,-22.5,NA,NA,NA,NA,NA,NA,NA,NA,NA,-135,-149.379093327876,-171.879093327876
2018,26,-22.5,-26.432664756447,0.585714285714286,2.1,-1.2,-0.3,6.7,NA,NA,NA,NA,NA,NA,NA,NA,NA,-44,-47.7469504707327,-41.0469504707327
2018,27,-22.5,-26.432664756447,1.90357142857143,-22.5,-22.5,-22.5,-22.5,NA,NA,NA,NA,NA,NA,NA,NA,NA,-111.2,-114.529093327876,-137.029093327876
2018,28,-22.5,-26.432664756447,-32.9464285714286,1.3,-1.5,2.3,-0.8,NA,NA,NA,NA,NA,NA,NA,NA,NA,-65.4,-79.7790933278756,-80.5790933278756
2018,29,-22.5,-2.93696275071633,4.53928571428571,7.3,1.9,-1.7,14.6,NA,NA,NA,NA,NA,NA,NA,NA,NA,-14.4,-13.3976770364306,1.20232296356938
2018,30,-22.5,-26.432664756447,-3.66071428571429,-3.1,3.4,3.3,-3.2,NA,NA,NA,NA,NA,NA,NA,NA,NA,-43.9,-48.9933790421613,-52.1933790421613
2018,31,-22.5,-26.432664756447,-32.9464285714286,-22.5,4.3,3.1,0.6,NA,NA,NA,NA,NA,NA,NA,NA,NA,-82.6,-96.9790933278756,-96.3790933278756
2018,32,-22.5,-26.432664756447,-4.24642857142857,3.4,3.5,3.1,3.2,NA,NA,NA,NA,NA,NA,NA,NA,NA,-37.9,-43.1790933278756,-39.9790933278756
2018,33,-22.5,-26.432664756447,-32.9464285714286,-22.5,2.9,2.6,0.7,NA,NA,NA,NA,NA,NA,NA,NA,NA,-84.5,-98.8790933278756,-98.1790933278756
2018,34,-22.5,-26.432664756447,-32.9464285714286,-22.5,-22.5,-22.5,-22.5,NA,NA,NA,NA,NA,NA,NA,NA,NA,-135,-149.379093327876,-171.879093327876
2018,35,-22.5,-26.432664756447,-32.9464285714286,4.6,-0.1,-3,-22.5,NA,NA,NA,NA,NA,NA,NA,NA,NA,-66,-80.3790933278756,-102.879093327876
2018,36,-22.5,-26.432664756447,-32.9464285714286,-22.5,-22.5,-22.5,-22.5,NA,NA,NA,NA,NA,NA,NA,NA,NA,-135,-149.379093327876,-171.879093327876
2018,37,-22.5,-26.432664756447,-32.9464285714286,-22.5,-22.5,-22.5,-22.5,NA,NA,NA,NA,NA,NA,NA,NA,NA,-135,-149.379093327876,-171.879093327876
2018,38,-22.5,-26.432664756447,4.53928571428571,5.1,0.8,1,5.1,NA,NA,NA,NA,NA,NA,NA,NA,NA,-35,-37.4933790421613,-32.3933790421613
2018,39,-22.5,-26.432664756447,-32.9464285714286,-22.5,-22.5,-22.5,-22.5,NA,NA,NA,NA,NA,NA,NA,NA,NA,-135,-149.379093327876,-171.879093327876
2018,40,-22.5,-26.432664756447,0.439285714285714,2.1,2.7,10.2,11.7,NA,NA,NA,NA,NA,NA,NA,NA,NA,-29.7,-33.4933790421613,-21.7933790421613
2018,41,-22.5,-26.432664756447,-32.9464285714286,-22.5,-22.5,-22.5,-22.5,NA,NA,NA,NA,NA,NA,NA,NA,NA,-135,-149.379093327876,-171.879093327876
2018,42,-22.5,-26.432664756447,-32.9464285714286,-22.5,2.3,10.8,-5.1,NA,NA,NA,NA,NA,NA,NA,NA,NA,-76.9,-91.2790933278756,-96.3790933278756
2018,43,-22.5,-26.432664756447,-32.9464285714286,-22.5,-22.5,-22.5,-22.5,NA,NA,NA,NA,NA,NA,NA,NA,NA,-135,-149.379093327876,-171.879093327876
2018,44,-22.5,-26.432664756447,-32.9464285714286,-22.5,-22.5,-22.5,-22.5,NA,NA,NA,NA,NA,NA,NA,NA,NA,-135,-149.379093327876,-171.879093327876
2018,45,-22.5,-26.432664756447,-32.9464285714286,1.1,-22.5,6,6.5,NA,NA,NA,NA,NA,NA,NA,NA,NA,-82.9,-97.2790933278756,-90.7790933278756
2018,46,-22.5,-0.234957020057307,-32.9464285714286,-2.4,5.3,4.3,1.9,NA,NA,NA,NA,NA,NA,NA,NA,NA,-38,-48.4813855914859,-46.5813855914859
2018,47,-22.5,-26.432664756447,-32.9464285714286,-22.5,-22.5,-22.5,-22.5,NA,NA,NA,NA,NA,NA,NA,NA,NA,-135,-149.379093327876,-171.879093327876
2018,48,-22.5,-26.432664756447,-32.9464285714286,-22.5,-22.5,-22.5,-22.5,NA,NA,NA,NA,NA,NA,NA,NA,NA,-135,-149.379093327876,-171.879093327876
2018,49,-22.5,-26.432664756447,-32.9464285714286,-22.5,2.2,10.9,16.6,NA,NA,NA,NA,NA,NA,NA,NA,NA,-76.9,-91.2790933278756,-74.6790933278756
2018,50,-22.5,-26.432664756447,-32.9464285714286,-22.5,-22.5,-0.9,-22.5,NA,NA,NA,NA,NA,NA,NA,NA,NA,-113.4,-127.779093327876,-150.279093327876
2018,51,-22.5,-26.432664756447,-32.9464285714286,-22.5,-22.5,2.2,-0.7,NA,NA,NA,NA,NA,NA,NA,NA,NA,-110.3,-124.679093327876,-125.379093327876
2018,52,-22.5,-26.432664756447,-32.9464285714286,3.1,2.5,7.6,5.2,NA,NA,NA,NA,NA,NA,NA,NA,NA,-54.3,-68.6790933278756,-63.4790933278756
2018,53,-22.5,-26.432664756447,-0.439285714285714,2.4,3.5,-7.2,-22.5,NA,NA,NA,NA,NA,NA,NA,NA,NA,-46.6,-50.6719504707327,-73.1719504707327
2018,54,-22.5,-26.432664756447,-32.9464285714286,-0.8,-22.5,-7.5,-22.5,NA,NA,NA,NA,NA,NA,NA,NA,NA,-98.3,-112.679093327876,-135.179093327876
2018,55,-22.5,-26.432664756447,-0.439285714285714,-0.9,0.8,8.5,-0.2,NA,NA,NA,NA,NA,NA,NA,NA,NA,-36.9,-40.9719504707327,-41.1719504707327
2018,56,-22.5,-26.432664756447,-32.9464285714286,-22.5,-22.5,-22.5,-22.5,NA,NA,NA,NA,NA,NA,NA,NA,NA,-135,-149.379093327876,-171.879093327876
2018,57,-22.5,-26.432664756447,-32.9464285714286,-22.5,-22.5,-22.5,-22.5,NA,NA,NA,NA,NA,NA,NA,NA,NA,-135,-149.379093327876,-171.879093327876
2018,58,-22.5,-26.432664756447,-32.9464285714286,-22.5,-22.5,-22.5,-22.5,NA,NA,NA,NA,NA,NA,NA,NA,NA,-135,-149.379093327876,-171.879093327876
2018,59,-22.5,-26.432664756447,-32.9464285714286,-0.5,-22.5,-22.5,-22.5,NA,NA,NA,NA,NA,NA,NA,NA,NA,-113,-127.379093327876,-149.879093327876
2018,60,-22.5,-1.52722063037249,-32.9464285714286,-22.5,0.8,0.1,6.7,NA,NA,NA,NA,NA,NA,NA,NA,NA,-67.9,-78.5736492018011,-71.8736492018011
2018,61,-22.5,-26.432664756447,-32.9464285714286,-22.5,-22.5,-22.5,-22.5,NA,NA,NA,NA,NA,NA,NA,NA,NA,-135,-149.379093327876,-171.879093327876
2018,62,-22.5,-26.432664756447,-32.9464285714286,-22.5,-22.5,-22.5,-0.2,NA,NA,NA,NA,NA,NA,NA,NA,NA,-135,-149.379093327876,-149.579093327876
2018,63,-22.5,-26.432664756447,-32.9464285714286,1.5,-3.5,9.4,2.4,NA,NA,NA,NA,NA,NA,NA,NA,NA,-60.1,-74.4790933278756,-72.0790933278756
2018,64,-22.5,-26.432664756447,-32.9464285714286,-0.1,-1.1,11.6,-3.9,NA,NA,NA,NA,NA,NA,NA,NA,NA,-57.1,-71.4790933278756,-75.3790933278756
2018,65,-22.5,-26.432664756447,-32.9464285714286,-1.6,-22.5,-22.5,-22.5,NA,NA,NA,NA,NA,NA,NA,NA,NA,-114.1,-128.479093327876,-150.979093327876
2018,66,-22.5,-26.432664756447,-32.9464285714286,-22.5,-22.5,-22.5,-22.5,NA,NA,NA,NA,NA,NA,NA,NA,NA,-135,-149.379093327876,-171.879093327876
2018,67,-22.5,-26.432664756447,-32.9464285714286,2.8,-1.6,-22.5,-22.5,NA,NA,NA,NA,NA,NA,NA,NA,NA,-88.8,-103.179093327876,-125.679093327876
2018,68,-22.5,-26.432664756447,-32.9464285714286,-22.5,-22.5,-22.5,-22.5,NA,NA,NA,NA,NA,NA,NA,NA,NA,-135,-149.379093327876,-171.879093327876
2018,69,-22.5,-26.432664756447,-32.9464285714286,-22.5,-22.5,-22.5,-22.5,NA,NA,NA,NA,NA,NA,NA,NA,NA,-135,-149.379093327876,-171.879093327876
2018,70,-22.5,-26.432664756447,-32.9464285714286,-22.5,-22.5,-22.5,-22.5,NA,NA,NA,NA,NA,NA,NA,NA,NA,-135,-149.379093327876,-171.879093327876
2018,71,-22.5,-26.432664756447,-32.9464285714286,1.1,8.5,1.8,-0.8,NA,NA,NA,NA,NA,NA,NA,NA,NA,-56.1,-70.4790933278756,-71.2790933278756
2018,72,-22.5,-26.432664756447,-32.9464285714286,-22.5,-22.5,-22.5,-0.5,NA,NA,NA,NA,NA,NA,NA,NA,NA,-135,-149.379093327876,-149.879093327876
2018,73,-22.5,-26.432664756447,-32.9464285714286,-22.5,-22.5,5.5,8.7,NA,NA,NA,NA,NA,NA,NA,NA,NA,-107,-121.379093327876,-112.679093327876
2018,74,-22.5,-26.432664756447,-32.9464285714286,-22.5,-22.5,-22.5,-22.5,NA,NA,NA,NA,NA,NA,NA,NA,NA,-135,-149.379093327876,-171.879093327876
2018,75,-22.5,-26.432664756447,-32.9464285714286,-22.5,-22.5,-22.5,-1,NA,NA,NA,NA,NA,NA,NA,NA,NA,-135,-149.379093327876,-150.379093327876
2018,76,-22.5,-26.432664756447,-32.9464285714286,-22.5,-22.5,-22.5,-22.5,NA,NA,NA,NA,NA,NA,NA,NA,NA,-135,-149.379093327876,-171.879093327876
2018,77,-22.5,-26.432664756447,-32.9464285714286,-22.5,4,-0.4,-2.4,NA,NA,NA,NA,NA,NA,NA,NA,NA,-86.4,-100.779093327876,-103.179093327876
2018,78,-22.5,-26.432664756447,-32.9464285714286,-1.8,-22.5,-22.5,-22.5,NA,NA,NA,NA,NA,NA,NA,NA,NA,-114.3,-128.679093327876,-151.179093327876
2018,79,-22.5,-26.432664756447,-32.9464285714286,-22.5,-22.5,-22.5,-22.5,NA,NA,NA,NA,NA,NA,NA,NA,NA,-135,-149.379093327876,-171.879093327876
2018,80,-22.5,-26.432664756447,-32.9464285714286,-22.5,-22.5,-22.5,-22.5,NA,NA,NA,NA,NA,NA,NA,NA,NA,-135,-149.379093327876,-171.879093327876
2018,81,-22.5,-26.432664756447,-32.9464285714286,-22.5,-22.5,-22.5,-22.5,NA,NA,NA,NA,NA,NA,NA,NA,NA,-135,-149.379093327876,-171.879093327876
2018,82,-22.5,-26.432664756447,-32.9464285714286,-22.5,-22.5,-22.5,-22.5,NA,NA,NA,NA,NA,NA,NA,NA,NA,-135,-149.379093327876,-171.879093327876
2018,83,-22.5,-26.432664756447,-32.9464285714286,-22.5,-22.5,-22.5,-22.5,NA,NA,NA,NA,NA,NA,NA,NA,NA,-135,-149.379093327876,-171.879093327876
2018,84,-22.5,-26.432664756447,-32.9464285714286,-22.5,-22.5,-22.5,-22.5,NA,NA,NA,NA,NA,NA,NA,NA,NA,-135,-149.379093327876,-171.879093327876
2018,85,-22.5,-26.432664756447,-32.9464285714286,0.1,5.2,4.6,25.2,NA,NA,NA,NA,NA,NA,NA,NA,NA,-57.6,-71.9790933278756,-46.7790933278756
2018,86,-22.5,-26.432664756447,-32.9464285714286,-22.5,-22.5,-22.5,-22.5,NA,NA,NA,NA,NA,NA,NA,NA,NA,-135,-149.379093327876,-171.879093327876
2018,87,-22.5,-26.432664756447,-32.9464285714286,-22.5,-22.5,-22.5,2.3,NA,NA,NA,NA,NA,NA,NA,NA,NA,-135,-149.379093327876,-147.079093327876
2018,88,-22.5,-26.432664756447,-32.9464285714286,-22.5,-22.5,-22.5,-22.5,NA,NA,NA,NA,NA,NA,NA,NA,NA,-135,-149.379093327876,-171.879093327876
2018,89,-22.5,-26.432664756447,-32.9464285714286,-22.5,-22.5,-22.5,-22.5,NA,NA,NA,NA,NA,NA,NA,NA,NA,-135,-149.379093327876,-171.879093327876
2018,90,-22.5,-26.432664756447,-32.9464285714286,-22.5,-22.5,-22.5,-22.5,NA,NA,NA,NA,NA,NA,NA,NA,NA,-135,-149.379093327876,-171.879093327876
2018,91,-22.5,-26.432664756447,-32.9464285714286,-0.1,-22.5,-22.5,-22.5,NA,NA,NA,NA,NA,NA,NA,NA,NA,-112.6,-126.979093327876,-149.479093327876
2018,92,-22.5,-26.432664756447,-32.9464285714286,2.7,-0.8,4.8,-1.9,NA,NA,NA,NA,NA,NA,NA,NA,NA,-60.8,-75.1790933278756,-77.0790933278756
2018,93,-22.5,-26.432664756447,-32.9464285714286,-22.5,-22.5,-22.5,-22.5,NA,NA,NA,NA,NA,NA,NA,NA,NA,-135,-149.379093327876,-171.879093327876
2018,94,-22.5,-26.432664756447,-32.9464285714286,-22.5,-22.5,-22.5,-22.5,NA,NA,NA,NA,NA,NA,NA,NA,NA,-135,-149.379093327876,-171.879093327876
2018,95,-22.5,-26.432664756447,-32.9464285714286,-22.5,-22.5,-0.6,-22.5,NA,NA,NA,NA,NA,NA,NA,NA,NA,-113.1,-127.479093327876,-149.979093327876
2018,96,-22.5,-26.432664756447,-32.9464285714286,-22.5,-22.5,-22.5,-22.5,NA,NA,NA,NA,NA,NA,NA,NA,NA,-135,-149.379093327876,-171.879093327876
2018,97,-22.5,-26.432664756447,-32.9464285714286,-22.5,-22.5,-22.5,-22.5,NA,NA,NA,NA,NA,NA,NA,NA,NA,-135,-149.379093327876,-171.879093327876
2018,98,-22.5,-26.432664756447,-32.9464285714286,-22.5,-22.5,-22.5,-22.5,NA,NA,NA,NA,NA,NA,NA,NA,NA,-135,-149.379093327876,-171.879093327876
2018,99,-22.5,-26.432664756447,-32.9464285714286,-22.5,-22.5,-22.5,-22.5,NA,NA,NA,NA,NA,NA,NA,NA,NA,-135,-149.379093327876,-171.879093327876
2018,100,-22.5,-26.432664756447,-32.9464285714286,-22.5,-22.5,-22.5,-22.5,NA,NA,NA,NA,NA,NA,NA,NA,NA,-135,-149.379093327876,-171.879093327876
2018,101,-22.5,-26.432664756447,-32.9464285714286,-22.5,-22.5,-22.5,-22.5,NA,NA,NA,NA,NA,NA,NA,NA,NA,-135,-149.379093327876,-171.879093327876
2018,102,-22.5,-26.432664756447,-32.9464285714286,1.2,-22.5,-22.5,-22.5,NA,NA,NA,NA,NA,NA,NA,NA,NA,-111.3,-125.679093327876,-148.179093327876
2018,103,-22.5,-26.432664756447,-32.9464285714286,-22.5,-22.5,-22.5,-22.5,NA,NA,NA,NA,NA,NA,NA,NA,NA,-135,-149.379093327876,-171.879093327876
2018,104,-22.5,-26.432664756447,-32.9464285714286,-22.5,-22.5,-22.5,-22.5,NA,NA,NA,NA,NA,NA,NA,NA,NA,-135,-149.379093327876,-171.879093327876
2018,105,-22.5,-26.432664756447,-32.9464285714286,-22.5,-22.5,-0.1,7.3,NA,NA,NA,NA,NA,NA,NA,NA,NA,-112.6,-126.979093327876,-119.679093327876
2018,106,-22.5,-26.432664756447,-32.9464285714286,-22.5,-22.5,-22.5,-22.5,NA,NA,NA,NA,NA,NA,NA,NA,NA,-135,-149.379093327876,-171.879093327876
2018,107,-22.5,-26.432664756447,-32.9464285714286,0.2,3.3,13,7.5,NA,NA,NA,NA,NA,NA,NA,NA,NA,-51,-65.3790933278756,-57.8790933278756
2018,108,-22.5,-26.432664756447,-32.9464285714286,-22.5,-22.5,-22.5,-22.5,NA,NA,NA,NA,NA,NA,NA,NA,NA,-135,-149.379093327876,-171.879093327876
2018,109,-22.5,-26.432664756447,-32.9464285714286,-22.5,-22.5,-22.5,-22.5,NA,NA,NA,NA,NA,NA,NA,NA,NA,-135,-149.379093327876,-171.879093327876
2018,110,-22.5,-26.432664756447,-32.9464285714286,-22.5,-22.5,-22.5,-22.5,NA,NA,NA,NA,NA,NA,NA,NA,NA,-135,-149.379093327876,-171.879093327876
2018,111,-22.5,-26.432664756447,-32.9464285714286,-22.5,-22.5,-22.5,-22.5,NA,NA,NA,NA,NA,NA,NA,NA,NA,-135,-149.379093327876,-171.879093327876
2018,112,-22.5,-26.432664756447,-32.9464285714286,-22.5,-22.5,0.5,-1.4,NA,NA,NA,NA,NA,NA,NA,NA,NA,-112,-126.379093327876,-127.779093327876
2018,113,-22.5,-26.432664756447,-32.9464285714286,-22.5,-22.5,-22.5,-22.5,NA,NA,NA,NA,NA,NA,NA,NA,NA,-135,-149.379093327876,-171.879093327876
2018,114,-22.5,-26.432664756447,-1.025,-0.8,-1.8,1.1,-22.5,NA,NA,NA,NA,NA,NA,NA,NA,NA,-47.2,-51.457664756447,-73.957664756447
2018,115,-22.5,-26.432664756447,-32.9464285714286,0.4,-2,1.5,-0.9,NA,NA,NA,NA,NA,NA,NA,NA,NA,-67.6,-81.9790933278756,-82.8790933278756
2018,116,-22.5,-26.432664756447,-32.9464285714286,-22.5,-22.5,-22.5,-22.5,NA,NA,NA,NA,NA,NA,NA,NA,NA,-135,-149.379093327876,-171.879093327876
2018,117,-22.5,-26.432664756447,-32.9464285714286,-22.5,-22.5,-22.5,-22.5,NA,NA,NA,NA,NA,NA,NA,NA,NA,-135,-149.379093327876,-171.879093327876
2018,118,-22.5,-26.432664756447,-32.9464285714286,-22.5,-0.3,-22.5,-22.5,NA,NA,NA,NA,NA,NA,NA,NA,NA,-112.8,-127.179093327876,-149.679093327876
2018,119,-22.5,-26.432664756447,-32.9464285714286,-22.5,-22.5,-22.5,-22.5,NA,NA,NA,NA,NA,NA,NA,NA,NA,-135,-149.379093327876,-171.879093327876
2018,120,-22.5,-26.432664756447,-0.878571428571428,-2.7,-2.3,2.3,-2.1,NA,NA,NA,NA,NA,NA,NA,NA,NA,-48.3,-52.5112361850184,-54.6112361850184
2018,121,-22.5,-26.432664756447,-32.9464285714286,-22.5,-22.5,-22.5,-22.5,NA,NA,NA,NA,NA,NA,NA,NA,NA,-135,-149.379093327876,-171.879093327876
2018,122,-22.5,-26.432664756447,-32.9464285714286,-22.5,-22.5,-22.5,-22.5,NA,NA,NA,NA,NA,NA,NA,NA,NA,-135,-149.379093327876,-171.879093327876
2018,123,-22.5,-26.432664756447,-32.9464285714286,-22.5,-22.5,-22.5,-22.5,NA,NA,NA,NA,NA,NA,NA,NA,NA,-135,-149.379093327876,-171.879093327876
2018,124,-22.5,-26.432664756447,-32.9464285714286,-22.5,-22.5,-22.5,-22.5,NA,NA,NA,NA,NA,NA,NA,NA,NA,-135,-149.379093327876,-171.879093327876
2018,125,-22.5,-26.432664756447,-32.9464285714286,-22.5,-22.5,-22.5,-22.5,NA,NA,NA,NA,NA,NA,NA,NA,NA,-135,-149.379093327876,-171.879093327876
2018,126,-22.5,-26.432664756447,-32.9464285714286,-22.5,-22.5,1.6,1.1,NA,NA,NA,NA,NA,NA,NA,NA,NA,-110.9,-125.279093327876,-124.179093327876
2018,127,-22.5,-26.432664756447,-32.9464285714286,-22.5,-22.5,-22.5,-22.5,NA,NA,NA,NA,NA,NA,NA,NA,NA,-135,-149.379093327876,-171.879093327876
2018,128,-22.5,-26.432664756447,-32.9464285714286,-22.5,-22.5,-22.5,-22.5,NA,NA,NA,NA,NA,NA,NA,NA,NA,-135,-149.379093327876,-171.879093327876
2018,129,-22.5,-26.432664756447,-32.9464285714286,-22.5,-22.5,-22.5,-22.5,NA,NA,NA,NA,NA,NA,NA,NA,NA,-135,-149.379093327876,-171.879093327876
2018,130,-22.5,-26.432664756447,-32.9464285714286,-22.5,-22.5,-22.5,-22.5,NA,NA,NA,NA,NA,NA,NA,NA,NA,-135,-149.379093327876,-171.879093327876
2018,131,-22.5,-26.432664756447,-32.9464285714286,-22.5,1.1,1.9,-2.5,NA,NA,NA,NA,NA,NA,NA,NA,NA,-87,-101.379093327876,-103.879093327876
2018,132,-22.5,-26.432664756447,-32.9464285714286,-22.5,-22.5,-22.5,-22.5,NA,NA,NA,NA,NA,NA,NA,NA,NA,-135,-149.379093327876,-171.879093327876
2018,133,-22.5,-26.432664756447,-32.9464285714286,-22.5,-22.5,-22.5,-22.5,NA,NA,NA,NA,NA,NA,NA,NA,NA,-135,-149.379093327876,-171.879093327876
2018,134,-22.5,-26.432664756447,-32.9464285714286,-22.5,-22.5,-22.5,-22.5,NA,NA,NA,NA,NA,NA,NA,NA,NA,-135,-149.379093327876,-171.879093327876
2018,135,-22.5,-26.432664756447,-32.9464285714286,-22.5,-22.5,-22.5,-22.5,NA,NA,NA,NA,NA,NA,NA,NA,NA,-135,-149.379093327876,-171.879093327876
2018,136,-22.5,-26.432664756447,-32.9464285714286,-8.7,8.2,-0.9,4.3,NA,NA,NA,NA,NA,NA,NA,NA,NA,-68.9,-83.2790933278756,-78.9790933278756
2018,137,-22.5,-26.432664756447,-32.9464285714286,0.1,-22.5,-22.5,-22.5,NA,NA,NA,NA,NA,NA,NA,NA,NA,-112.4,-126.779093327876,-149.279093327876
2018,138,-22.5,-26.432664756447,-32.9464285714286,-22.5,-22.5,-22.5,-22.5,NA,NA,NA,NA,NA,NA,NA,NA,NA,-135,-149.379093327876,-171.879093327876
2018,139,-22.5,-26.432664756447,-32.9464285714286,-22.5,-22.5,-22.5,-22.5,NA,NA,NA,NA,NA,NA,NA,NA,NA,-135,-149.379093327876,-171.879093327876
2018,140,-22.5,-26.432664756447,-32.9464285714286,-22.5,-22.5,-22.5,-22.5,NA,NA,NA,NA,NA,NA,NA,NA,NA,-135,-149.379093327876,-171.879093327876
2018,141,-22.5,-26.432664756447,4.68571428571429,9.1,0.4,3.1,-0.5,NA,NA,NA,NA,NA,NA,NA,NA,NA,-29.2,-31.6469504707327,-32.1469504707327
2018,142,-22.5,-26.432664756447,-32.9464285714286,-22.5,-22.5,-22.5,-0.5,NA,NA,NA,NA,NA,NA,NA,NA,NA,-135,-149.379093327876,-149.879093327876
2018,143,-22.5,-26.432664756447,-32.9464285714286,-22.5,0.8,1.3,-12.4,NA,NA,NA,NA,NA,NA,NA,NA,NA,-87.9,-102.279093327876,-114.679093327876
2018,144,-22.5,-26.432664756447,-32.9464285714286,-22.5,-22.5,-22.5,-22.5,NA,NA,NA,NA,NA,NA,NA,NA,NA,-135,-149.379093327876,-171.879093327876
2018,145,-22.5,-26.432664756447,-32.9464285714286,-22.5,-22.5,-22.5,-22.5,NA,NA,NA,NA,NA,NA,NA,NA,NA,-135,-149.379093327876,-171.879093327876
2018,146,-22.5,-26.432664756447,-32.9464285714286,-22.5,-22.5,-22.5,-22.5,NA,NA,NA,NA,NA,NA,NA,NA,NA,-135,-149.379093327876,-171.879093327876
2018,147,-22.5,-26.432664756447,-32.9464285714286,-22.5,-22.5,-22.5,-22.5,NA,NA,NA,NA,NA,NA,NA,NA,NA,-135,-149.379093327876,-171.879093327876
2018,148,-22.5,-26.432664756447,-32.9464285714286,-22.5,-22.5,-22.5,-22.5,NA,NA,NA,NA,NA,NA,NA,NA,NA,-135,-149.379093327876,-171.879093327876
2018,149,-22.5,-26.432664756447,-32.9464285714286,-22.5,-22.5,-22.5,-22.5,NA,NA,NA,NA,NA,NA,NA,NA,NA,-135,-149.379093327876,-171.879093327876
2018,150,-22.5,-26.432664756447,-32.9464285714286,-22.5,-22.5,-0.1,5.7,NA,NA,NA,NA,NA,NA,NA,NA,NA,-112.6,-126.979093327876,-121.279093327876
2018,151,-22.5,-26.432664756447,-32.9464285714286,-22.5,-22.5,-22.5,-22.5,NA,NA,NA,NA,NA,NA,NA,NA,NA,-135,-149.379093327876,-171.879093327876
2018,152,-22.5,-26.432664756447,-32.9464285714286,-22.5,-22.5,-9.9,-22.5,NA,NA,NA,NA,NA,NA,NA,NA,NA,-122.4,-136.779093327876,-159.279093327876
2018,153,-22.5,-26.432664756447,-32.9464285714286,-22.5,-22.5,-22.5,-22.5,NA,NA,NA,NA,NA,NA,NA,NA,NA,-135,-149.379093327876,-171.879093327876
2018,154,-22.5,-26.432664756447,-32.9464285714286,-22.5,-22.5,-22.5,-22.5,NA,NA,NA,NA,NA,NA,NA,NA,NA,-135,-149.379093327876,-171.879093327876
2018,155,-22.5,-26.432664756447,-32.9464285714286,-22.5,-22.5,-22.5,-22.5,NA,NA,NA,NA,NA,NA,NA,NA,NA,-135,-149.379093327876,-171.879093327876
2018,156,-22.5,-26.432664756447,-32.9464285714286,-22.5,2.9,7.8,3.3,NA,NA,NA,NA,NA,NA,NA,NA,NA,-79.3,-93.6790933278756,-90.3790933278756
2018,157,-22.5,-26.432664756447,-32.9464285714286,-22.5,3.1,-22.5,-22.5,NA,NA,NA,NA,NA,NA,NA,NA,NA,-109.4,-123.779093327876,-146.279093327876
2018,158,-22.5,-26.432664756447,-32.9464285714286,-22.5,-22.5,-22.5,-22.5,NA,NA,NA,NA,NA,NA,NA,NA,NA,-135,-149.379093327876,-171.879093327876
2018,159,-22.5,-26.432664756447,-32.9464285714286,-22.5,-1.2,-22.5,-22.5,NA,NA,NA,NA,NA,NA,NA,NA,NA,-113.7,-128.079093327876,-150.579093327876
2018,160,-22.5,-26.432664756447,-32.9464285714286,-22.5,-22.5,-22.5,-22.5,NA,NA,NA,NA,NA,NA,NA,NA,NA,-135,-149.379093327876,-171.879093327876
2018,161,-22.5,-26.432664756447,-32.9464285714286,-22.5,-22.5,-22.5,-22.5,NA,NA,NA,NA,NA,NA,NA,NA,NA,-135,-149.379093327876,-171.879093327876
2018,162,-22.5,-26.432664756447,-32.9464285714286,-22.5,-22.5,-22.5,-22.5,NA,NA,NA,NA,NA,NA,NA,NA,NA,-135,-149.379093327876,-171.879093327876
2018,163,-22.5,-26.432664756447,-32.9464285714286,-22.5,-22.5,-22.5,-22.5,NA,NA,NA,NA,NA,NA,NA,NA,NA,-135,-149.379093327876,-171.879093327876
2018,164,-22.5,-26.432664756447,-32.9464285714286,-22.5,-0.1,5.6,0.6,NA,NA,NA,NA,NA,NA,NA,NA,NA,-84.5,-98.8790933278756,-98.2790933278756
2018,165,-22.5,-26.432664756447,-32.9464285714286,-22.5,-22.5,-22.5,-22.5,NA,NA,NA,NA,NA,NA,NA,NA,NA,-135,-149.379093327876,-171.879093327876
2018,166,-22.5,-26.432664756447,-32.9464285714286,-22.5,-22.5,-22.5,-22.5,NA,NA,NA,NA,NA,NA,NA,NA,NA,-135,-149.379093327876,-171.879093327876
2018,167,-22.5,-26.432664756447,-32.9464285714286,-22.5,-22.5,-22.5,-22.5,NA,NA,NA,NA,NA,NA,NA,NA,NA,-135,-149.379093327876,-171.879093327876
2018,168,-22.5,-26.432664756447,-32.9464285714286,-22.5,-22.5,-22.5,-22.5,NA,NA,NA,NA,NA,NA,NA,NA,NA,-135,-149.379093327876,-171.879093327876
2018,169,-22.5,-26.432664756447,-32.9464285714286,-22.5,-22.5,-22.5,-22.5,NA,NA,NA,NA,NA,NA,NA,NA,NA,-135,-149.379093327876,-171.879093327876
2018,170,-22.5,-26.432664756447,-32.9464285714286,-22.5,-22.5,-22.5,-22.5,NA,NA,NA,NA,NA,NA,NA,NA,NA,-135,-149.379093327876,-171.879093327876
2018,171,-22.5,-26.432664756447,-32.9464285714286,-22.5,-22.5,-22.5,5.2,NA,NA,NA,NA,NA,NA,NA,NA,NA,-135,-149.379093327876,-144.179093327876
2018,172,-22.5,-26.432664756447,-32.9464285714286,-22.5,-22.5,-22.5,-22.5,NA,NA,NA,NA,NA,NA,NA,NA,NA,-135,-149.379093327876,-171.879093327876
2018,173,-22.5,-26.432664756447,0,-22.5,-22.5,-22.5,-22.5,NA,NA,NA,NA,NA,NA,NA,NA,NA,-112.5,-116.432664756447,-138.932664756447
2018,174,-22.5,-26.432664756447,-32.9464285714286,-22.5,-22.5,-22.5,-22.5,NA,NA,NA,NA,NA,NA,NA,NA,NA,-135,-149.379093327876,-171.879093327876
2018,175,-22.5,-26.432664756447,-32.9464285714286,-22.5,-22.5,-22.5,-22.5,NA,NA,NA,NA,NA,NA,NA,NA,NA,-135,-149.379093327876,-171.879093327876
2018,176,-22.5,-26.432664756447,-32.9464285714286,-22.5,-22.5,-22.5,-22.5,NA,NA,NA,NA,NA,NA,NA,NA,NA,-135,-149.379093327876,-171.879093327876
2018,177,-22.5,-26.432664756447,-32.9464285714286,-22.5,-22.5,-22.5,-22.5,NA,NA,NA,NA,NA,NA,NA,NA,NA,-135,-149.379093327876,-171.879093327876
2018,178,-22.5,-26.432664756447,-32.9464285714286,-22.5,-22.5,-22.5,-22.5,NA,NA,NA,NA,NA,NA,NA,NA,NA,-135,-149.379093327876,-171.879093327876
2018,179,-22.5,-26.432664756447,-32.9464285714286,-22.5,-22.5,-22.5,-22.5,NA,NA,NA,NA,NA,NA,NA,NA,NA,-135,-149.379093327876,-171.879093327876
2018,180,-22.5,-26.432664756447,-32.9464285714286,-22.5,-22.5,-22.5,-22.5,NA,NA,NA,NA,NA,NA,NA,NA,NA,-135,-149.379093327876,-171.879093327876
2018,181,-22.5,-26.432664756447,-32.9464285714286,-22.5,-22.5,-22.5,-22.5,NA,NA,NA,NA,NA,NA,NA,NA,NA,-135,-149.379093327876,-171.879093327876
2018,182,-22.5,-26.432664756447,2.48928571428571,-1.9,-1.4,-22.5,-22.5,NA,NA,NA,NA,NA,NA,NA,NA,NA,-69.1,-72.2433790421613,-94.7433790421613
2018,183,-22.5,-26.432664756447,-32.9464285714286,-22.5,-1.5,1.4,4.9,NA,NA,NA,NA,NA,NA,NA,NA,NA,-90.1,-104.479093327876,-99.5790933278756
2018,184,-22.5,-26.432664756447,-32.9464285714286,-22.5,-22.5,-22.5,-22.5,NA,NA,NA,NA,NA,NA,NA,NA,NA,-135,-149.379093327876,-171.879093327876
2018,185,-22.5,-26.432664756447,-32.9464285714286,-22.5,-22.5,-22.5,-22.5,NA,NA,NA,NA,NA,NA,NA,NA,NA,-135,-149.379093327876,-171.879093327876
2018,186,-22.5,-26.432664756447,-32.9464285714286,-22.5,-22.5,-22.5,-22.5,NA,NA,NA,NA,NA,NA,NA,NA,NA,-135,-149.379093327876,-171.879093327876
2018,187,-22.5,-26.432664756447,-32.9464285714286,-22.5,-22.5,-22.5,-22.5,NA,NA,NA,NA,NA,NA,NA,NA,NA,-135,-149.379093327876,-171.879093327876
2018,188,-22.5,-26.432664756447,-32.9464285714286,-22.5,-22.5,-22.5,-22.5,NA,NA,NA,NA,NA,NA,NA,NA,NA,-135,-149.379093327876,-171.879093327876
2018,189,-22.5,-26.432664756447,-32.9464285714286,-22.5,-22.5,-22.5,-22.5,NA,NA,NA,NA,NA,NA,NA,NA,NA,-135,-149.379093327876,-171.879093327876
2018,190,-22.5,-26.432664756447,-32.9464285714286,-22.5,-22.5,-22.5,-22.5,NA,NA,NA,NA,NA,NA,NA,NA,NA,-135,-149.379093327876,-171.879093327876
2018,191,-22.5,-26.432664756447,-32.9464285714286,-22.5,-22.5,-22.5,-22.5,NA,NA,NA,NA,NA,NA,NA,NA,NA,-135,-149.379093327876,-171.879093327876
2018,192,-22.5,-26.432664756447,-32.9464285714286,-22.5,-22.5,-22.5,-22.5,NA,NA,NA,NA,NA,NA,NA,NA,NA,-135,-149.379093327876,-171.879093327876
2018,193,-22.5,-26.432664756447,-32.9464285714286,-2.3,-22.5,-22.5,-22.5,NA,NA,NA,NA,NA,NA,NA,NA,NA,-114.8,-129.179093327876,-151.679093327876
2018,194,-22.5,-26.432664756447,-32.9464285714286,-22.5,-22.5,-22.5,-22.5,NA,NA,NA,NA,NA,NA,NA,NA,NA,-135,-149.379093327876,-171.879093327876
2018,195,-22.5,-26.432664756447,-32.9464285714286,-22.5,-22.5,-22.5,-22.5,NA,NA,NA,NA,NA,NA,NA,NA,NA,-135,-149.379093327876,-171.879093327876
2018,196,-22.5,-26.432664756447,-32.9464285714286,-22.5,-22.5,-22.5,-22.5,NA,NA,NA,NA,NA,NA,NA,NA,NA,-135,-149.379093327876,-171.879093327876
2018,197,-22.5,-26.432664756447,-32.9464285714286,-22.5,-22.5,-22.5,-22.5,NA,NA,NA,NA,NA,NA,NA,NA,NA,-135,-149.379093327876,-171.879093327876
2018,198,-22.5,-26.432664756447,-32.9464285714286,-22.5,-22.5,-22.5,-22.5,NA,NA,NA,NA,NA,NA,NA,NA,NA,-135,-149.379093327876,-171.879093327876
2018,199,-22.5,-26.432664756447,-32.9464285714286,-22.5,-22.5,-22.5,-22.5,NA,NA,NA,NA,NA,NA,NA,NA,NA,-135,-149.379093327876,-171.879093327876
2018,200,-22.5,-26.432664756447,-32.9464285714286,-22.5,-1.1,2.2,-0.5,NA,NA,NA,NA,NA,NA,NA,NA,NA,-88.9,-103.279093327876,-103.779093327876
2018,201,-22.5,-26.432664756447,-32.9464285714286,-22.5,-22.5,-22.5,-22.5,NA,NA,NA,NA,NA,NA,NA,NA,NA,-135,-149.379093327876,-171.879093327876
2018,202,-22.5,-26.432664756447,-32.9464285714286,-22.5,-22.5,-22.5,-22.5,NA,NA,NA,NA,NA,NA,NA,NA,NA,-135,-149.379093327876,-171.879093327876
2018,203,-22.5,-26.432664756447,-32.9464285714286,-22.5,-22.5,-22.5,-22.5,NA,NA,NA,NA,NA,NA,NA,NA,NA,-135,-149.379093327876,-171.879093327876
2018,204,-22.5,-26.432664756447,-32.9464285714286,-22.5,-0.3,-0.5,-22.5,NA,NA,NA,NA,NA,NA,NA,NA,NA,-90.8,-105.179093327876,-127.679093327876
