"Name","Position","Year","Selection","GPYr1","PSYr1","TOIYr1","GPYr2","PSYr2","TOIYr2","GPYr3","PSYr3","TOIYr3","GPYr4","PSYr4","TOIYr4","GPYr5","PSYr5","TOIYr5","GPYr6","PSYr6","TOIYr6","GPYr7","PSYr7","TOIYr7","TOI_sum_min","GP_sum","PS_sum"
"John Tavares","C",2009,1,82,5.1,1476.56666666667,79,7.4,1520.75,82,9.6,1686.6,48,6.6,997.183333333333,59,7.7,1253.26666666667,82,11.2,1695.2,78,9.3,1559.56666666667,10189.1333333333,510,56.9
"Victor Hedman","D",2009,2,74,3.9,1542.76666666667,79,5,1659.7,61,2.9,1409.06666666667,44,3,997.016666666667,75,9,1682.81666666667,59,7,1338.35,78,10.1,1799.16666666667,10428.8833333333,470,40.9
"Matt Duchene","C",2009,3,81,5.8,1436.36666666667,80,7.1,1515.58333333333,58,2.8,944.733333333333,47,4.5,983.266666666667,71,8.1,1313.26666666667,82,6.2,1522.88333333333,76,7.2,1412.88333333333,9128.98333333333,495,41.7
"Evander Kane","LW",2009,4,66,2.6,923.55,73,4.1,1303.95,74,7.8,1296.26666666667,48,3.7,981.716666666667,63,4.1,1278.21666666667,37,2.4,714.566666666667,65,3.8,1367.41666666667,7865.68333333334,426,28.5
"Brayden Schenn","C",2009,5,1,-0.1,12.5166666666667,8,0,89.9833333333333,54,1.5,762.716666666667,47,2.3,729.866666666667,82,4.6,1291.35,82,4.6,1400.56666666667,80,7.4,1351.51666666667,5638.51666666667,354,20.3
"Oliver Ekman-Larsson","D",2009,6,0,-2.5,0,48,2,721.7,82,6.7,1813,48,4.3,1204.61666666667,80,8.3,2071.61666666667,82,8.8,2067.45,75,9.5,1857.71666666667,9736.10000000001,415,37.1
"Nazem Kadri","C",2009,7,1,-0.1,17.4333333333333,29,0.7,457.483333333333,21,0.9,297.35,48,6.2,770.5,78,5.2,1356.45,73,4.1,1284.98333333333,76,4,1388.78333333333,5572.98333333333,326,21
"Scott Glennie","RW",2009,8,0,-2.5,0,0,-2.5,0,1,0,9.58333333333333,0,-2.5,0,0,-2.5,0,0,-2.5,0,0,-2.5,0,9.58333333333333,1,-15
"Jared Cowen","D",2009,9,1,0,6.76666666666667,0,-2.5,0,82,2.7,1549.2,7,0.5,142.016666666667,68,3,1394.83333333333,54,1,980.133333333333,37,1.2,628.233333333333,4701.18333333333,249,5.9
"Magnus Paajarvi","LW",2009,10,0,-2.5,0,80,2.6,1231.08333333333,41,-0.1,540.25,42,1.7,593.466666666667,55,0.8,563.616666666667,10,-0.1,97.9666666666667,48,0,616.8,3643.18333333333,276,2.4
"Ryan Ellis","D",2009,11,0,-2.5,0,0,-2.5,0,32,2.5,474.483333333333,32,1.3,524.133333333333,80,5.7,1285.38333333333,58,5.6,1100.95,79,7.6,1650.98333333333,5035.93333333333,281,17.7
"Calvin de Haan","D",2009,12,0,-2.5,0,0,-2.5,0,1,0.1,13.0166666666667,0,-2.5,0,51,2.4,1072.23333333333,65,2.3,1235.66666666667,72,3.6,1485.56666666667,3806.48333333334,189,0.9
"Zack Kassian","RW",2009,13,0,-2.5,0,0,-2.5,0,17,0.1,174.85,39,0.9,525.733333333333,73,3.3,943.816666666667,42,1.8,529.966666666667,36,0.2,448.266666666667,2622.63333333333,207,1.3
"Dmitry Kulikov","D",2009,14,68,2.9,1219.66666666667,72,5,1436.43333333333,58,4.8,1267.63333333333,34,2,713.2,81,2.3,1757.15,73,4.3,1555.73333333333,74,3.5,1556.55,9506.36666666666,460,24.8
"Peter Holland","C",2009,15,0,-2.5,0,0,-2.5,0,4,0.2,30.8166666666667,21,0.6,243.383333333333,39,0.9,451.616666666667,62,2.7,900.316666666667,65,1.8,953.283333333333,2579.41666666667,191,1.2
"Nick Leddy","D",2009,16,0,-2.5,0,46,1.4,658.366666666667,82,4.3,1810.76666666667,48,4.5,836.133333333333,82,5.5,1342.36666666667,78,7.7,1588.21666666667,81,5.9,1832.15,8068.00000000001,417,26.8
"David Rundblad","D",2009,17,0,-2.5,0,0,-2.5,0,6,0.3,84.7,8,-0.2,109.866666666667,5,-0.1,41.6833333333333,49,4,627.166666666667,9,0.2,129.35,992.766666666667,77,-0.8
"Louis Leblanc","C",2009,18,0,-2.5,0,0,-2.5,0,42,1.1,470.316666666667,0,-2.5,0,8,-0.1,78.9666666666667,0,-2.5,0,0,-2.5,0,549.283333333334,50,-11.5
"Chris Kreider","C",2009,19,0,-2.5,0,0,-2.5,0,0,-2.5,0,23,0.1,232.566666666667,66,5.1,1038.1,80,6.4,1256.91666666667,79,5.4,1260.6,3788.18333333334,248,9.5
"Jacob Josefson","C",2009,20,0,-2.5,0,28,1.2,370.633333333333,41,1,496.05,22,-0.4,285.6,27,0.1,273.583333333333,62,0.8,770.75,58,0,900.283333333333,3096.9,238,0.2
"John Moore","D",2009,21,0,-2.5,0,2,0,22.95,67,0.1,1060.05,13,1.7,153.05,74,4.1,1134.31666666667,19,0.2,355.65,73,4,1448.18333333333,4174.2,248,7.6
"Jordan Schroeder","C",2009,22,0,-2.5,0,0,-2.5,0,0,-2.5,0,31,0.7,425.1,25,0.3,300.283333333333,25,1.2,271.4,26,0.4,244.816666666667,1241.6,107,-4.9
"Tim Erixon","D",2009,23,0,-2.5,0,0,-2.5,0,18,0.3,233.95,31,1.5,486.583333333333,2,0.2,28.6833333333333,15,0,236.983333333333,0,-2.5,0,986.199999999999,66,-5.5
"Marcus Johansson","C/W",2009,24,0,-2.5,0,69,2.8,1015.9,80,4.3,1344.28333333333,34,2.2,563.916666666667,80,2.5,1403.06666666667,82,5.4,1350.95,74,5.4,1231.33333333333,6909.45,419,20.1
"Jordan Caron","RW",2009,25,0,-2.5,0,23,0.7,291.45,48,1.4,553.35,17,0.2,159.9,35,-0.7,382.35,19,-0.3,153.833333333333,4,-0.2,32.5,1573.38333333333,146,-1.4
"Kyle Palmieri","RW",2009,26,0,-2.5,0,10,0,86.8666666666667,18,1,207.366666666667,42,2.6,517.733333333333,71,3.7,847.9,57,3.3,803.516666666667,82,8.2,1460,3923.38333333333,280,16.3
"Philippe Paradis","C",2009,27,0,-2.5,0,0,-2.5,0,0,-2.5,0,0,-2.5,0,0,-2.5,0,0,-2.5,0,0,-2.5,0,0,0,-17.5
"Dylan Olsen","D",2009,28,0,-2.5,0,0,-2.5,0,28,-0.2,364.766666666667,0,-2.5,0,44,2,679.216666666667,44,1.2,699.733333333333,8,0.1,110.016666666667,1853.73333333333,124,-4.4
"Carter Ashton","RW",2009,29,0,-2.5,0,0,-2.5,0,15,-0.7,156.25,0,-2.5,0,32,0,200.75,7,-0.2,43.5666666666667,0,-2.5,0,400.566666666667,54,-10.9
"Simon Despres","D",2009,30,0,-2.5,0,0,-2.5,0,18,1.1,255.966666666667,33,1.9,498.833333333333,34,1.6,569.233333333333,16,1.1,298.583333333333,32,1.5,628.083333333333,2250.7,133,2.2
"Mikko Koskinen","G",2009,31,0,-2.5,0,0,-2.5,0,0,-2.5,0,0,-2.5,0,0,-2.5,0,0,-2.5,0,0,-2.5,0,0,0,-17.5
"Landon Ferraro","C",2009,32,0,-2.5,0,0,-2.5,0,0,-2.5,0,0,-2.5,0,4,-0.1,35.9,3,0.2,35.95,58,0.2,626,697.85,65,-9.7
"Ryan O'Reilly","C",2009,33,81,1.2,1358.06666666667,74,1.7,1188.23333333333,81,5.7,1581.96666666667,29,1.9,536.733333333333,80,7.1,1585.63333333333,82,5.2,1617.1,71,6.4,1543.18333333333,9410.91666666666,498,29.2
"Carl Klingberg","LW",2009,34,0,-2.5,0,1,0,10.3666666666667,6,-0.1,32.9833333333333,0,-2.5,0,3,0.3,26.6166666666667,2,-0.1,6.61666666666667,0,-2.5,0,76.5833333333334,12,-7.4
"Kyle Clifford","LW",2009,35,0,-2.5,0,76,0.8,722.35,81,0.6,761.983333333333,48,1.6,509.1,71,0.4,721.433333333333,80,1.2,859.066666666667,56,0.4,523.583333333333,4097.51666666667,412,2.5
"Chris Brown","C",2009,36,0,-2.5,0,0,-2.5,0,0,-2.5,0,5,-0.1,38.1833333333333,6,0.2,58.2333333333333,5,0.2,32.3,1,0,7.68333333333333,136.4,17,-7.2
"Mat Clark","D",2009,37,0,-2.5,0,0,-2.5,0,2,-0.1,22.05,0,-2.5,0,0,-2.5,0,7,0.3,89.4,0,-2.5,0,111.45,9,-12.3
"Alex Chiasson","RW",2009,38,0,-2.5,0,0,-2.5,0,0,-2.5,0,7,1.4,98.5666666666667,79,2.4,1194.01666666667,76,2.1,1016.6,77,0.6,1050.08333333333,3359.26666666667,239,-1
"Jakob Silfverberg","LW",2009,39,0,-2.5,0,0,-2.5,0,0,-2.5,0,48,2.4,778.983333333333,52,2.3,741.683333333333,81,4.2,1268.58333333333,82,5,1391.9,4181.15,263,6.4
"Anton Lander","C",2009,40,0,-2.5,0,0,-2.5,0,56,-0.4,594.4,11,-0.3,121.3,27,-0.9,368.233333333333,38,1.6,570.45,61,-1.1,737.016666666667,2391.4,193,-6.1
"Zach Budish","RW",2009,41,0,-2.5,0,0,-2.5,0,0,-2.5,0,0,-2.5,0,0,-2.5,0,0,-2.5,0,0,-2.5,0,0,0,-17.5
"Charles-Olivier Roussel","D",2009,42,0,-2.5,0,0,-2.5,0,0,-2.5,0,0,-2.5,0,0,-2.5,0,0,-2.5,0,0,-2.5,0,0,0,-17.5
"William Wrenn","D",2009,43,0,-2.5,0,0,-2.5,0,0,-2.5,0,0,-2.5,0,0,-2.5,0,0,-2.5,0,0,-2.5,0,0,0,-17.5
"Drew Shore","C",2009,44,0,-2.5,0,0,-2.5,0,0,-2.5,0,43,0.4,679.7,24,0.8,287.866666666667,11,0,117.3,2,0.1,27.9833333333333,1112.85,80,-6.2
"Jeremy Morin","LW",2009,45,0,-2.5,0,9,0.4,108.866666666667,3,-0.1,26.5833333333333,3,0.3,39.0666666666667,24,1.6,219.95,28,0.4,322.566666666667,0,-2.5,0,717.033333333334,67,-2.4
"Robin Lehner","G",2009,46,0,-2.5,0,0,-2.5,0,0,-2.5,0,0,-2.5,0,0,-2.5,0,0,-2.5,0,0,-2.5,0,0,0,-17.5
"Ethan Werek","C",2009,47,0,-2.5,0,0,-2.5,0,0,-2.5,0,0,-2.5,0,0,-2.5,0,0,-2.5,0,0,-2.5,0,0,0,-17.5
"Brett Ponich","D",2009,48,0,-2.5,0,0,-2.5,0,0,-2.5,0,0,-2.5,0,0,-2.5,0,0,-2.5,0,0,-2.5,0,0,0,-17.5
"Stefan Elliott","D",2009,49,0,-2.5,0,0,-2.5,0,39,2.9,668.533333333333,18,0.6,315.083333333333,1,0.2,16.85,5,-0.1,69.6666666666667,2,-0.1,27.0166666666667,1097.15,65,-1.5
"Kenny Ryan","RW",2009,50,0,-2.5,0,0,-2.5,0,0,-2.5,0,0,-2.5,0,0,-2.5,0,0,-2.5,0,0,-2.5,0,0,0,-17.5
"Brian Dumoulin","D",2009,51,0,-2.5,0,0,-2.5,0,0,-2.5,0,0,-2.5,0,6,0.3,115.4,8,0.3,125.366666666667,79,3.7,1491.96666666667,1732.73333333334,93,-5.7
"Richard Panik","RW",2009,52,0,-2.5,0,0,-2.5,0,0,-2.5,0,25,0.9,283.216666666667,50,0.2,634.616666666667,76,1.4,885,30,1.2,325.016666666667,2127.85,181,-3.8
"Anton Rodin","RW",2009,53,0,-2.5,0,0,-2.5,0,0,-2.5,0,0,-2.5,0,0,-2.5,0,0,-2.5,0,0,-2.5,0,0,0,-17.5
"Eric Gelinas","D",2009,54,0,-2.5,0,0,-2.5,0,0,-2.5,0,1,-0.1,15.9833333333333,60,5.3,1015.43333333333,61,4,1004.11666666667,6,0.2,76.15,2111.68333333333,128,1.9
"Dmitry Orlov","D",2009,55,0,-2.5,0,0,-2.5,0,60,3.4,1012.48333333333,5,0.6,74.7166666666667,54,2.4,1058.28333333333,0,-2.5,0,82,5.9,1314.16666666667,3459.65,201,4.8
"Kevin Lynch","C",2009,56,0,-2.5,0,0,-2.5,0,0,-2.5,0,0,-2.5,0,0,-2.5,0,0,-2.5,0,0,-2.5,0,0,0,-17.5
"Taylor Doherty","D",2009,57,0,-2.5,0,0,-2.5,0,0,-2.5,0,0,-2.5,0,0,-2.5,0,0,-2.5,0,0,-2.5,0,0,0,-17.5
"Jesse Blacker","D",2009,58,0,-2.5,0,0,-2.5,0,0,-2.5,0,0,-2.5,0,0,-2.5,0,1,-0.2,6.05,0,-2.5,0,6.05,1,-15.2
"Brandon Pirri","C",2009,59,0,-2.5,0,1,-0.1,8.93333333333333,5,0.2,67.5833333333333,1,0,17.9166666666667,21,1.9,292.7,49,4.2,723.716666666667,9,0.7,114.583333333333,1225.43333333333,86,4.4
"Tomas Tatar","C",2009,60,0,-2.5,0,9,0.1,86.4166666666667,0,-2.5,0,18,1,204.733333333333,73,5.3,1047.6,82,7.7,1330.3,81,5.8,1162.45,3831.5,263,14.9
"Philip Samuelsson","D",2009,61,0,-2.5,0,0,-2.5,0,0,-2.5,0,0,-2.5,0,5,0,77.8666666666667,4,-0.2,67.5333333333333,4,0,63.55,208.95,13,-10.2
"Anders Nilsson","G",2009,62,0,-2.5,0,0,-2.5,0,0,-2.5,0,0,-2.5,0,0,-2.5,0,0,-2.5,0,0,-2.5,0,0,0,-17.5
"Ben Hanowski","W",2009,63,0,-2.5,0,0,-2.5,0,0,-2.5,0,5,0.1,66.4666666666667,11,0,79.7166666666667,0,-2.5,0,0,-2.5,0,146.183333333333,16,-12.4
"Tyson Barrie","D",2009,64,0,-2.5,0,0,-2.5,0,10,0,176.466666666667,32,1.3,690.616666666667,64,7.6,1186.68333333333,80,9.4,1709.23333333333,78,7.2,1809.56666666667,5572.56666666666,264,20.5
"Joonas Nattinen","C",2009,65,0,-2.5,0,0,-2.5,0,0,-2.5,0,0,-2.5,0,1,0,1.75,0,-2.5,0,0,-2.5,0,1.75,1,-15
"Brayden McNabb","D",2009,66,0,-2.5,0,0,-2.5,0,25,1.4,445.966666666667,0,-2.5,0,12,0.4,206.733333333333,71,5,1128.83333333333,81,4.2,1524.01666666667,3305.55,189,3.5
"Josh Birkholz","RW",2009,67,0,-2.5,0,0,-2.5,0,0,-2.5,0,0,-2.5,0,0,-2.5,0,0,-2.5,0,0,-2.5,0,0,0,-17.5
"Jamie Devane","LW",2009,68,0,-2.5,0,0,-2.5,0,0,-2.5,0,0,-2.5,0,2,-0.1,11.7166666666667,0,-2.5,0,0,-2.5,0,11.7166666666667,2,-15.1
"Reilly Smith","RW",2009,69,0,-2.5,0,0,-2.5,0,3,-0.2,25.2,37,0.6,403.933333333333,82,6.9,1205.91666666667,81,4.1,1247.43333333333,82,6.6,1526.1,4408.58333333333,285,13
"Taylor Beck","RW",2009,70,0,-2.5,0,0,-2.5,0,0,-2.5,0,16,0.7,257.5,7,-0.2,89.8833333333333,62,1.2,739.65,2,0,16.9666666666667,1104,87,-5.8
"Troy Hesketh","D",2009,71,0,-2.5,0,0,-2.5,0,0,-2.5,0,0,-2.5,0,0,-2.5,0,0,-2.5,0,0,-2.5,0,0,0,-17.5
"Michael Latta","C",2009,72,0,-2.5,0,0,-2.5,0,0,-2.5,0,0,-2.5,0,17,0.3,131.083333333333,53,0.1,444.05,43,0.5,347.683333333333,922.816666666666,113,-9.1
"Alexander Urbom","D",2009,73,0,-2.5,0,8,0.2,100.633333333333,5,0.4,67.9833333333333,1,-0.1,14.1833333333333,20,0.7,292.116666666667,0,-2.5,0,0,-2.5,0,474.916666666667,34,-6.3
"Ryan Howse","LW",2009,74,0,-2.5,0,0,-2.5,0,0,-2.5,0,0,-2.5,0,0,-2.5,0,0,-2.5,0,0,-2.5,0,0,0,-17.5
"Andrej Nestrasil","RW",2009,75,0,-2.5,0,0,-2.5,0,0,-2.5,0,0,-2.5,0,0,-2.5,0,41,2.2,577.2,55,2.7,789.3,1366.5,96,-7.6
"Igor Bobkov","G",2009,76,0,-2.5,0,0,-2.5,0,0,-2.5,0,0,-2.5,0,0,-2.5,0,0,-2.5,0,0,-2.5,0,0,0,-17.5
"Matt Hackett","G",2009,77,0,-2.5,0,0,-2.5,0,0,-2.5,0,0,-2.5,0,0,-2.5,0,0,-2.5,0,0,-2.5,0,0,0,-17.5
"Sergei Andronov","RW",2009,78,0,-2.5,0,0,-2.5,0,0,-2.5,0,0,-2.5,0,0,-2.5,0,0,-2.5,0,0,-2.5,0,0,0,-17.5
"Mac Bennett","D",2009,79,0,-2.5,0,0,-2.5,0,0,-2.5,0,0,-2.5,0,0,-2.5,0,0,-2.5,0,0,-2.5,0,0,0,-17.5
"Ryan Bourque","C",2009,80,0,-2.5,0,0,-2.5,0,0,-2.5,0,0,-2.5,0,0,-2.5,0,1,-0.1,11.8166666666667,0,-2.5,0,11.8166666666667,1,-15.1
"Adam Morrison","G",2009,81,0,-2.5,0,0,-2.5,0,0,-2.5,0,0,-2.5,0,0,-2.5,0,0,-2.5,0,0,-2.5,0,0,0,-17.5
"Cameron Abney","RW",2009,82,0,-2.5,0,0,-2.5,0,0,-2.5,0,0,-2.5,0,0,-2.5,0,0,-2.5,0,0,-2.5,0,0,0,-17.5
"Kevin Connauton","D",2009,83,0,-2.5,0,0,-2.5,0,0,-2.5,0,0,-2.5,0,36,0.9,551.9,54,3.8,908.683333333333,38,1.7,667.166666666667,2127.75,128,-3.6
"Nicolas Deslauriers","D",2009,84,0,-2.5,0,0,-2.5,0,0,-2.5,0,0,-2.5,0,17,-0.5,223.416666666667,82,-0.2,973.483333333333,70,0.4,722.983333333333,1919.88333333333,169,-10.3
"Cody Eakin","C",2009,85,0,-2.5,0,0,-2.5,0,30,1,278.3,48,2.2,724.066666666667,81,2.8,1403.85,78,4,1341.08333333333,82,3.4,1342.18333333333,5089.48333333333,319,8.4
"Ryan Button","D",2009,86,0,-2.5,0,0,-2.5,0,0,-2.5,0,0,-2.5,0,0,-2.5,0,0,-2.5,0,0,-2.5,0,0,0,-17.5
"Simon Bertilsson","D",2009,87,0,-2.5,0,0,-2.5,0,0,-2.5,0,0,-2.5,0,0,-2.5,0,0,-2.5,0,0,-2.5,0,0,0,-17.5
"Mattias Lindstrom","LW",2009,88,0,-2.5,0,0,-2.5,0,0,-2.5,0,0,-2.5,0,0,-2.5,0,0,-2.5,0,0,-2.5,0,0,0,-17.5
"Dan Delisle","C/LW",2009,89,0,-2.5,0,0,-2.5,0,0,-2.5,0,0,-2.5,0,0,-2.5,0,0,-2.5,0,0,-2.5,0,0,0,-17.5
"Gleason Fournier","D",2009,90,0,-2.5,0,0,-2.5,0,0,-2.5,0,0,-2.5,0,0,-2.5,0,0,-2.5,0,0,-2.5,0,0,0,-17.5
"Mike Lee","G",2009,91,0,-2.5,0,0,-2.5,0,0,-2.5,0,0,-2.5,0,0,-2.5,0,0,-2.5,0,0,-2.5,0,0,0,-17.5
"Casey Cizikas","C",2009,92,0,-2.5,0,0,-2.5,0,15,0.2,159.016666666667,45,1.5,485.4,80,0.1,1069.88333333333,70,1.3,876.183333333333,80,2.6,1014.55,3605.03333333333,290,0.7
"Alex Hutchings","LW",2009,93,0,-2.5,0,0,-2.5,0,0,-2.5,0,0,-2.5,0,0,-2.5,0,0,-2.5,0,0,-2.5,0,0,0,-17.5
"David Savard","D",2009,94,0,-2.5,0,0,-2.5,0,31,1.9,513.816666666667,4,-0.2,52.8,70,3.7,1248.01666666667,82,6.4,1881.4,65,3.8,1506.21666666667,5202.25000000001,252,10.6
"Jean-Francois Berube","G",2009,95,0,-2.5,0,0,-2.5,0,0,-2.5,0,0,-2.5,0,0,-2.5,0,0,-2.5,0,0,-2.5,0,0,0,-17.5
"Linden Vey","RW",2009,96,0,-2.5,0,0,-2.5,0,0,-2.5,0,0,-2.5,0,18,0.2,218.4,75,2,987.85,41,0.6,645.816666666667,1852.06666666667,134,-7.2
"Jordan Szwarz","RW",2009,97,0,-2.5,0,0,-2.5,0,0,-2.5,0,0,-2.5,0,26,0,224.816666666667,9,0,121.216666666667,0,-2.5,0,346.033333333334,35,-12.5
"Craig Smith","C",2009,98,0,-2.5,0,0,-2.5,0,72,3.4,1021.5,44,0.3,609.7,79,7,1295.55,82,5.8,1290.71666666667,82,4.7,1245.15,5462.61666666667,359,16.2
"Kyle Bigos","D",2009,99,0,-2.5,0,0,-2.5,0,0,-2.5,0,0,-2.5,0,0,-2.5,0,0,-2.5,0,0,-2.5,0,0,0,-17.5
"Chris Wideman","D",2009,100,0,-2.5,0,0,-2.5,0,0,-2.5,0,0,-2.5,0,0,-2.5,0,0,-2.5,0,64,2.7,892.816666666667,892.816666666667,64,-12.3
"Toni Rajala","LW",2009,101,0,-2.5,0,0,-2.5,0,0,-2.5,0,0,-2.5,0,0,-2.5,0,0,-2.5,0,0,-2.5,0,0,0,-17.5
"Mattias Ekholm","D",2009,102,0,-2.5,0,0,-2.5,0,2,-0.1,24.8333333333333,1,-0.1,16.0833333333333,62,1.4,1042.63333333333,80,5,1520.7,82,7.8,1659.81666666667,4264.06666666667,227,9
"Kris Foucault","LW",2009,103,0,-2.5,0,0,-2.5,0,1,0,8.83333333333333,0,-2.5,0,0,-2.5,0,0,-2.5,0,0,-2.5,0,8.83333333333333,1,-15
"Marcus Foligno","LW",2009,104,0,-2.5,0,0,-2.5,0,14,2,221.416666666667,47,1.2,640.483333333333,74,0.8,1114.61666666667,57,1.6,924.833333333333,75,2.5,988.833333333333,3890.18333333334,267,3.1
"Justin Weller","D",2009,105,0,-2.5,0,0,-2.5,0,0,-2.5,0,0,-2.5,0,0,-2.5,0,0,-2.5,0,0,-2.5,0,0,0,-17.5
"Sami Vatanen","D",2009,106,0,-2.5,0,0,-2.5,0,0,-2.5,0,8,0.8,126.55,48,3.9,837.666666666667,67,6.7,1437.95,71,8,1513.28333333333,3915.45,194,11.9
"Garrett Wilson","LW",2009,107,0,-2.5,0,0,-2.5,0,0,-2.5,0,0,-2.5,0,3,-0.1,31,2,-0.1,17.6833333333333,29,-0.6,271.8,320.483333333333,34,-10.8
"Tyler Shattock","RW",2009,108,0,-2.5,0,0,-2.5,0,0,-2.5,0,0,-2.5,0,0,-2.5,0,0,-2.5,0,0,-2.5,0,0,0,-17.5
"Alexander Avtsin","RW",2009,109,0,-2.5,0,0,-2.5,0,0,-2.5,0,0,-2.5,0,0,-2.5,0,0,-2.5,0,0,-2.5,0,0,0,-17.5
"Nick Oliver","C/LW",2009,110,0,-2.5,0,0,-2.5,0,0,-2.5,0,0,-2.5,0,0,-2.5,0,0,-2.5,0,0,-2.5,0,0,0,-17.5
"Henrik Bjorklund","RW",2009,111,0,-2.5,0,0,-2.5,0,0,-2.5,0,0,-2.5,0,0,-2.5,0,0,-2.5,0,0,-2.5,0,0,0,-17.5
"Lane MacDermid","LW",2009,112,0,-2.5,0,0,-2.5,0,5,-0.2,44.5166666666667,6,0.6,30.5833333333333,1,0,4.13333333333333,0,-2.5,0,0,-2.5,0,79.2333333333333,12,-9.6
"Jeremy Price","D",2009,113,0,-2.5,0,0,-2.5,0,0,-2.5,0,0,-2.5,0,0,-2.5,0,0,-2.5,0,0,-2.5,0,0,0,-17.5
"Seth Helgeson","D",2009,114,0,-2.5,0,0,-2.5,0,0,-2.5,0,0,-2.5,0,0,-2.5,0,22,1,296.2,19,0.1,265.166666666667,561.366666666667,41,-11.4
"Patrick Wey","D",2009,115,0,-2.5,0,0,-2.5,0,0,-2.5,0,0,-2.5,0,9,0.4,131.266666666667,0,-2.5,0,0,-2.5,0,131.266666666667,9,-14.6
"Alex Fallstrom","RW",2009,116,0,-2.5,0,0,-2.5,0,0,-2.5,0,0,-2.5,0,0,-2.5,0,0,-2.5,0,0,-2.5,0,0,0,-17.5
"Eddie Pasquale","G",2009,117,0,-2.5,0,0,-2.5,0,0,-2.5,0,0,-2.5,0,0,-2.5,0,0,-2.5,0,0,-2.5,0,0,0,-17.5
"Byron Froese","C",2009,118,0,-2.5,0,0,-2.5,0,0,-2.5,0,0,-2.5,0,0,-2.5,0,0,-2.5,0,56,-0.8,707.066666666667,707.066666666667,56,-15.8
"Ben Chiarot","D",2009,119,0,-2.5,0,0,-2.5,0,0,-2.5,0,0,-2.5,0,1,-0.2,10.7833333333333,40,2.1,680.916666666667,70,1.1,1012.05,1703.75,111,-7
"Nick Petersen","RW",2009,120,0,-2.5,0,0,-2.5,0,0,-2.5,0,0,-2.5,0,0,-2.5,0,0,-2.5,0,0,-2.5,0,0,0,-17.5
"Anton Klementyev","D",2009,121,1,0,6.33333333333333,0,-2.5,0,0,-2.5,0,0,-2.5,0,0,-2.5,0,0,-2.5,0,0,-2.5,0,6.33333333333333,1,-15
"Alex Velischek","D",2009,122,0,-2.5,0,0,-2.5,0,0,-2.5,0,0,-2.5,0,0,-2.5,0,0,-2.5,0,0,-2.5,0,0,0,-17.5
"Kieran Millan","G",2009,123,0,-2.5,0,0,-2.5,0,0,-2.5,0,0,-2.5,0,0,-2.5,0,0,-2.5,0,0,-2.5,0,0,0,-17.5
"Cody Sol","D",2009,124,0,-2.5,0,0,-2.5,0,0,-2.5,0,0,-2.5,0,0,-2.5,0,0,-2.5,0,0,-2.5,0,0,0,-17.5
"David Kolomatis","D",2009,125,0,-2.5,0,0,-2.5,0,0,-2.5,0,0,-2.5,0,0,-2.5,0,0,-2.5,0,0,-2.5,0,0,0,-17.5
"Roman Horak","C",2009,126,0,-2.5,0,0,-2.5,0,61,0.8,622.033333333333,20,0.3,290.55,2,0.1,24.1833333333333,0,-2.5,0,0,-2.5,0,936.766666666666,83,-8.8
"Eric Knodel","D",2009,127,0,-2.5,0,0,-2.5,0,0,-2.5,0,0,-2.5,0,0,-2.5,0,0,-2.5,0,0,-2.5,0,0,0,-17.5
"Tomas Vincour","C",2009,128,0,-2.5,0,24,-0.3,226.25,47,0.6,485.483333333333,2,0,18.1166666666667,0,-2.5,0,7,0,50.2166666666667,0,-2.5,0,780.066666666666,80,-7.2
"Mike Hoffman","C/LW",2009,129,0,-2.5,0,0,-2.5,0,1,-0.1,9.01666666666667,3,-0.1,36.95,25,0.3,329.633333333333,79,7.2,1149.76666666667,78,7.6,1368.36666666667,2893.73333333334,186,9.9
"Matt Kennedy","RW",2009,130,0,-2.5,0,0,-2.5,0,0,-2.5,0,0,-2.5,0,0,-2.5,0,0,-2.5,0,0,-2.5,0,0,0,-17.5
"Gabriel Bourque","LW",2009,131,0,-2.5,0,0,-2.5,0,43,1.9,549.916666666667,34,2.4,538.3,74,2,1024.01666666667,69,-0.2,828.983333333333,22,0.1,272.016666666667,3213.23333333334,242,1.2
"Olivier Roy","G",2009,132,0,-2.5,0,0,-2.5,0,0,-2.5,0,0,-2.5,0,0,-2.5,0,0,-2.5,0,0,-2.5,0,0,0,-17.5
"Mark Adams","D",2009,133,0,-2.5,0,0,-2.5,0,0,-2.5,0,0,-2.5,0,0,-2.5,0,0,-2.5,0,0,-2.5,0,0,0,-17.5
"Corban Knight","C",2009,134,0,-2.5,0,0,-2.5,0,0,-2.5,0,0,-2.5,0,7,0.1,55.55,2,0,12.8,20,0.8,192.633333333333,260.983333333333,29,-9.1
"Radoslav Illo","C",2009,135,0,-2.5,0,0,-2.5,0,0,-2.5,0,0,-2.5,0,0,-2.5,0,0,-2.5,0,0,-2.5,0,0,0,-17.5
"Thomas Larkin","D",2009,136,0,-2.5,0,0,-2.5,0,0,-2.5,0,0,-2.5,0,0,-2.5,0,0,-2.5,0,0,-2.5,0,0,0,-17.5
"Wade Megan","C",2009,137,0,-2.5,0,0,-2.5,0,0,-2.5,0,0,-2.5,0,0,-2.5,0,0,-2.5,0,0,-2.5,0,0,0,-17.5
"Gabriel Dumont","C",2009,138,0,-2.5,0,0,-2.5,0,3,-0.1,25.6833333333333,10,0.3,96.7833333333333,2,0,13.6666666666667,3,-0.1,27.3666666666667,0,-2.5,0,163.5,18,-7.4
"Scott Stajcer","G",2009,139,0,-2.5,0,0,-2.5,0,0,-2.5,0,0,-2.5,0,0,-2.5,0,0,-2.5,0,0,-2.5,0,0,0,-17.5
"Spencer Bennett","LW",2009,140,0,-2.5,0,0,-2.5,0,0,-2.5,0,0,-2.5,0,0,-2.5,0,0,-2.5,0,0,-2.5,0,0,0,-17.5
"Nic Riopel","G",2009,141,0,-2.5,0,0,-2.5,0,0,-2.5,0,0,-2.5,0,0,-2.5,0,0,-2.5,0,0,-2.5,0,0,0,-17.5
"Peter Andersson","D",2009,142,0,-2.5,0,0,-2.5,0,0,-2.5,0,0,-2.5,0,0,-2.5,0,0,-2.5,0,0,-2.5,0,0,0,-17.5
"Derek Rodwell","LW",2009,143,0,-2.5,0,0,-2.5,0,0,-2.5,0,0,-2.5,0,0,-2.5,0,0,-2.5,0,0,-2.5,0,0,0,-17.5
"Brett Flemming","D",2009,144,0,-2.5,0,0,-2.5,0,0,-2.5,0,0,-2.5,0,0,-2.5,0,0,-2.5,0,0,-2.5,0,0,0,-17.5
"Jeff Costello","LW",2009,145,0,-2.5,0,0,-2.5,0,0,-2.5,0,0,-2.5,0,0,-2.5,0,0,-2.5,0,0,-2.5,0,0,0,-17.5
"Phil Varone","C",2009,146,0,-2.5,0,0,-2.5,0,0,-2.5,0,0,-2.5,0,9,0.1,102.666666666667,28,-0.3,376.433333333333,1,0.1,9.48333333333333,488.583333333333,38,-10.1
"Michael Zador","G",2009,147,0,-2.5,0,0,-2.5,0,0,-2.5,0,0,-2.5,0,0,-2.5,0,0,-2.5,0,0,-2.5,0,0,0,-17.5
"Marcus Kruger","C",2009,148,0,-2.5,0,7,-0.3,83.7166666666667,71,2.2,1093.36666666667,47,0.8,665.783333333333,81,2,1123.83333333333,81,0.8,1060.15,41,-0.7,554.366666666667,4581.21666666667,328,2.3
"Nick Jensen","D",2009,149,0,-2.5,0,0,-2.5,0,0,-2.5,0,0,-2.5,0,0,-2.5,0,0,-2.5,0,0,-2.5,0,0,0,-17.5
"Andy Bathgate","C",2009,150,0,-2.5,0,0,-2.5,0,0,-2.5,0,0,-2.5,0,0,-2.5,0,0,-2.5,0,0,-2.5,0,0,0,-17.5
"Anders Lee","C",2009,151,0,-2.5,0,0,-2.5,0,0,-2.5,0,2,0.2,16.4,22,2.1,345.9,76,5.9,1093.88333333333,80,3.7,1166.11666666667,2622.3,180,4.4
"Dave Labrecque","C",2009,152,0,-2.5,0,0,-2.5,0,0,-2.5,0,0,-2.5,0,0,-2.5,0,0,-2.5,0,0,-2.5,0,0,0,-17.5
"Brandon Maxwell","G",2009,153,0,-2.5,0,0,-2.5,0,0,-2.5,0,0,-2.5,0,0,-2.5,0,0,-2.5,0,0,-2.5,0,0,0,-17.5
"Jimmy Bubnick","C",2009,154,0,-2.5,0,0,-2.5,0,0,-2.5,0,0,-2.5,0,0,-2.5,0,0,-2.5,0,0,-2.5,0,0,0,-17.5
"Michael Pelech","C/LW",2009,155,0,-2.5,0,0,-2.5,0,0,-2.5,0,0,-2.5,0,0,-2.5,0,0,-2.5,0,0,-2.5,0,0,0,-17.5
"Evan Bloodoff","LW",2009,156,0,-2.5,0,0,-2.5,0,0,-2.5,0,0,-2.5,0,0,-2.5,0,0,-2.5,0,0,-2.5,0,0,0,-17.5
"Jerry D'Amigo","RW",2009,157,0,-2.5,0,0,-2.5,0,0,-2.5,0,0,-2.5,0,22,0.1,177.016666666667,9,-0.3,87.5666666666667,0,-2.5,0,264.583333333334,31,-12.7
"Curtis McKenzie","LW",2009,158,0,-2.5,0,0,-2.5,0,0,-2.5,0,0,-2.5,0,0,-2.5,0,36,-0.1,415.2,3,-0.1,26.4,441.6,39,-12.7
"Corey Cowick","LW",2009,159,0,-2.5,0,0,-2.5,0,0,-2.5,0,0,-2.5,0,0,-2.5,0,0,-2.5,0,0,-2.5,0,0,0,-17.5
"Darcy Kuemper","G",2009,160,0,-2.5,0,0,-2.5,0,0,-2.5,0,0,-2.5,0,0,-2.5,0,0,-2.5,0,0,-2.5,0,0,0,-17.5
"Jaroslav Janus","G",2009,161,0,-2.5,0,0,-2.5,0,0,-2.5,0,0,-2.5,0,0,-2.5,0,0,-2.5,0,0,-2.5,0,0,0,-17.5
"Jere Sallinen","RW",2009,162,0,-2.5,0,0,-2.5,0,0,-2.5,0,0,-2.5,0,0,-2.5,0,0,-2.5,0,0,-2.5,0,0,0,-17.5
"Connor Knapp","G",2009,163,0,-2.5,0,0,-2.5,0,0,-2.5,0,0,-2.5,0,0,-2.5,0,0,-2.5,0,0,-2.5,0,0,0,-17.5
"Scott Timmins","C",2009,164,0,-2.5,0,19,-0.4,205.533333333333,0,-2.5,0,5,-0.2,52.9166666666667,0,-2.5,0,0,-2.5,0,0,-2.5,0,258.45,24,-13.1
"Scott Valentine","D",2009,165,0,-2.5,0,0,-2.5,0,0,-2.5,0,0,-2.5,0,0,-2.5,0,0,-2.5,0,0,-2.5,0,0,0,-17.5
"Anton Blomqvist","D",2009,166,0,-2.5,0,0,-2.5,0,0,-2.5,0,0,-2.5,0,0,-2.5,0,0,-2.5,0,0,-2.5,0,0,0,-17.5
"David Shields","D",2009,167,0,-2.5,0,0,-2.5,0,0,-2.5,0,0,-2.5,0,0,-2.5,0,0,-2.5,0,0,-2.5,0,0,0,-17.5
"Dustin Walsh","C",2009,168,0,-2.5,0,0,-2.5,0,0,-2.5,0,0,-2.5,0,0,-2.5,0,0,-2.5,0,0,-2.5,0,0,0,-17.5
"Dan Maggio","D",2009,169,0,-2.5,0,0,-2.5,0,0,-2.5,0,0,-2.5,0,0,-2.5,0,0,-2.5,0,0,-2.5,0,0,0,-17.5
"Joni Ortio","G",2009,170,0,-2.5,0,0,-2.5,0,0,-2.5,0,0,-2.5,0,0,-2.5,0,0,-2.5,0,0,-2.5,0,0,0,-17.5
"Eric Wellwood","LW",2009,171,0,-2.5,0,3,0.1,40.25,24,1.6,262.966666666667,4,-0.1,37.6666666666667,0,-2.5,0,0,-2.5,0,0,-2.5,0,340.883333333334,31,-8.4
"Joe Cannata","G",2009,172,0,-2.5,0,0,-2.5,0,0,-2.5,0,0,-2.5,0,0,-2.5,0,0,-2.5,0,0,-2.5,0,0,0,-17.5
"Ashton Bernard","LW",2009,173,0,-2.5,0,0,-2.5,0,0,-2.5,0,0,-2.5,0,0,-2.5,0,0,-2.5,0,0,-2.5,0,0,0,-17.5
"Garrett Mitchell","RW",2009,174,0,-2.5,0,0,-2.5,0,0,-2.5,0,0,-2.5,0,0,-2.5,0,0,-2.5,0,0,-2.5,0,0,0,-17.5
"Tyler Randell","RW",2009,175,0,-2.5,0,0,-2.5,0,0,-2.5,0,0,-2.5,0,0,-2.5,0,0,-2.5,0,27,0.9,188.533333333333,188.533333333333,27,-14.1
"David Pacan","C",2009,176,0,-2.5,0,0,-2.5,0,0,-2.5,0,0,-2.5,0,0,-2.5,0,0,-2.5,0,0,-2.5,0,0,0,-17.5
"Rasmus Rissanen","D",2009,177,0,-2.5,0,0,-2.5,0,0,-2.5,0,0,-2.5,0,0,-2.5,0,6,-0.3,89.8666666666667,0,-2.5,0,89.8666666666667,6,-15.3
"Brandon Kozun","RW",2009,178,0,-2.5,0,0,-2.5,0,0,-2.5,0,0,-2.5,0,0,-2.5,0,20,0.3,158.216666666667,0,-2.5,0,158.216666666667,20,-14.7
"Mitch Callahan","RW",2009,179,0,-2.5,0,0,-2.5,0,0,-2.5,0,0,-2.5,0,1,0,9.01666666666667,0,-2.5,0,0,-2.5,0,9.01666666666667,1,-15
"Viktor Ekbom","D",2009,180,0,-2.5,0,0,-2.5,0,0,-2.5,0,0,-2.5,0,0,-2.5,0,0,-2.5,0,0,-2.5,0,0,0,-17.5
"Erik Haula","LW",2009,181,0,-2.5,0,0,-2.5,0,0,-2.5,0,0,-2.5,0,46,2.2,466.733333333333,72,0.6,874.833333333333,76,4.8,967.266666666667,2308.83333333333,194,-2.4
"Kirill Gotovets","D",2009,182,0,-2.5,0,0,-2.5,0,0,-2.5,0,0,-2.5,0,0,-2.5,0,0,-2.5,0,0,-2.5,0,0,0,-17.5
"Gus Young","D",2009,183,0,-2.5,0,0,-2.5,0,0,-2.5,0,0,-2.5,0,0,-2.5,0,0,-2.5,0,0,-2.5,0,0,0,-17.5
"Levko Koper","LW",2009,184,0,-2.5,0,0,-2.5,0,0,-2.5,0,0,-2.5,0,0,-2.5,0,0,-2.5,0,0,-2.5,0,0,0,-17.5
"Jordan Nolan","C",2009,185,0,-2.5,0,0,-2.5,0,26,0.4,243.05,44,0.1,372.816666666667,64,0.9,576.016666666667,60,0.4,597.866666666667,52,-0.2,462.65,2252.4,246,-3.4
"Steven Anthony","LW",2009,186,0,-2.5,0,0,-2.5,0,0,-2.5,0,0,-2.5,0,0,-2.5,0,0,-2.5,0,0,-2.5,0,0,0,-17.5
"Barron Smith","D",2009,187,0,-2.5,0,0,-2.5,0,0,-2.5,0,0,-2.5,0,0,-2.5,0,0,-2.5,0,0,-2.5,0,0,0,-17.5
"Marek Viedensky","C",2009,188,0,-2.5,0,0,-2.5,0,0,-2.5,0,0,-2.5,0,0,-2.5,0,0,-2.5,0,0,-2.5,0,0,0,-17.5
"Brad Peltz","LW",2009,189,0,-2.5,0,0,-2.5,0,0,-2.5,0,0,-2.5,0,0,-2.5,0,0,-2.5,0,0,-2.5,0,0,0,-17.5
"Michael Sdao","D",2009,190,0,-2.5,0,0,-2.5,0,0,-2.5,0,0,-2.5,0,0,-2.5,0,0,-2.5,0,0,-2.5,0,0,0,-17.5
"Cam Reid","C",2009,191,0,-2.5,0,0,-2.5,0,0,-2.5,0,0,-2.5,0,0,-2.5,0,0,-2.5,0,0,-2.5,0,0,0,-17.5
"Anthony Hamburg","C",2009,192,0,-2.5,0,0,-2.5,0,0,-2.5,0,0,-2.5,0,0,-2.5,0,0,-2.5,0,0,-2.5,0,0,0,-17.5
"Maxime Legault","RW",2009,193,0,-2.5,0,0,-2.5,0,0,-2.5,0,0,-2.5,0,0,-2.5,0,0,-2.5,0,0,-2.5,0,0,0,-17.5
"Paul Phillips","D",2009,194,0,-2.5,0,0,-2.5,0,0,-2.5,0,0,-2.5,0,0,-2.5,0,0,-2.5,0,0,-2.5,0,0,0,-17.5
"Oliver Lauridsen","D",2009,195,0,-2.5,0,0,-2.5,0,0,-2.5,0,15,0.8,227.016666666667,0,-2.5,0,1,-0.1,10.4333333333333,0,-2.5,0,237.45,16,-11.8
"Kyle Neuber","RW",2009,196,0,-2.5,0,0,-2.5,0,0,-2.5,0,0,-2.5,0,0,-2.5,0,0,-2.5,0,0,-2.5,0,0,0,-17.5
"Nic Dowd","C",2009,197,0,-2.5,0,0,-2.5,0,0,-2.5,0,0,-2.5,0,0,-2.5,0,0,-2.5,0,5,0,52.8833333333333,52.8833333333333,5,-15
"Michael Cichy","C",2009,198,0,-2.5,0,0,-2.5,0,0,-2.5,0,0,-2.5,0,0,-2.5,0,0,-2.5,0,0,-2.5,0,0,0,-17.5
"Mikhail Pashnin","D",2009,199,0,-2.5,0,0,-2.5,0,0,-2.5,0,0,-2.5,0,0,-2.5,0,0,-2.5,0,0,-2.5,0,0,0,-17.5
"Gaelan Patterson","C",2009,200,0,-2.5,0,0,-2.5,0,0,-2.5,0,0,-2.5,0,0,-2.5,0,0,-2.5,0,0,-2.5,0,0,0,-17.5
"Max Tardy","C",2009,201,0,-2.5,0,0,-2.5,0,0,-2.5,0,0,-2.5,0,0,-2.5,0,0,-2.5,0,0,-2.5,0,0,0,-17.5
"Jordan Samuels-Thomas","LW",2009,202,0,-2.5,0,0,-2.5,0,0,-2.5,0,0,-2.5,0,0,-2.5,0,0,-2.5,0,0,-2.5,0,0,0,-17.5
"Curtis Gedig","D",2009,203,0,-2.5,0,0,-2.5,0,0,-2.5,0,0,-2.5,0,0,-2.5,0,0,-2.5,0,0,-2.5,0,0,0,-17.5
"Benjamin Casavant","LW",2009,204,0,-2.5,0,0,-2.5,0,0,-2.5,0,0,-2.5,0,0,-2.5,0,0,-2.5,0,0,-2.5,0,0,0,-17.5
"Ben Sexton","C",2009,205,0,-2.5,0,0,-2.5,0,0,-2.5,0,0,-2.5,0,0,-2.5,0,0,-2.5,0,0,-2.5,0,0,0,-17.5
"Dominik Bielke","D",2009,206,0,-2.5,0,0,-2.5,0,0,-2.5,0,0,-2.5,0,0,-2.5,0,0,-2.5,0,0,-2.5,0,0,0,-17.5
"Tommi Kivisto","D",2009,207,0,-2.5,0,0,-2.5,0,0,-2.5,0,0,-2.5,0,0,-2.5,0,0,-2.5,0,0,-2.5,0,0,0,-17.5
"David Gilbert","C",2009,208,0,-2.5,0,0,-2.5,0,0,-2.5,0,0,-2.5,0,0,-2.5,0,0,-2.5,0,0,-2.5,0,0,0,-17.5
"Adam Almqvist","D",2009,209,0,-2.5,0,0,-2.5,0,0,-2.5,0,0,-2.5,0,2,0.2,34.4333333333333,0,-2.5,0,0,-2.5,0,34.4333333333333,2,-14.8
"Petteri Simila","G",2009,210,0,-2.5,0,0,-2.5,0,0,-2.5,0,0,-2.5,0,0,-2.5,0,0,-2.5,0,0,-2.5,0,0,0,-17.5
"Taylor Hall","LW",2010,1,65,4.5,1183.63333333333,61,7.1,1111.33333333333,45,6.1,837.916666666667,75,9,1501.03333333333,53,4.3,1018.65,82,7.6,1574.75,72,5.9,1391.83333333333,8619.14999999999,453,44.5
"Tyler Seguin","C",2010,2,74,1.7,903.533333333333,81,9.7,1372.06666666667,48,5,816.733333333333,80,11.6,1547.81666666667,71,10.2,1388.13333333333,72,9.6,1399.85,82,7.5,1513.76666666667,8941.90000000001,508,55.3
"Erik Gudbranson","D",2010,3,0,-2.5,0,72,0.8,1022.25,32,-0.6,599.95,65,1.7,1168.76666666667,76,2.9,1413.76666666667,64,2.1,1287.2,30,0.5,610.05,6101.98333333334,339,4.9
"Ryan Johansen","C",2010,4,0,-2.5,0,67,1.9,853.266666666667,40,0.6,643.366666666667,82,8.6,1447.01666666667,82,7.8,1599.18333333333,42,4,745.85,82,5.8,1544.51666666667,6833.2,395,26.2
"Nino Niederreiter","RW",2010,5,9,0.1,122.333333333333,55,-1.9,556.35,0,-2.5,0,81,4.2,1141.68333333333,80,5.1,1163.61666666667,82,5.5,1274.56666666667,82,7.4,1235.88333333333,5494.43333333333,389,17.9
"Brett Connolly","RW",2010,6,0,-2.5,0,68,0.2,780.05,5,0,51.3666666666667,11,-0.2,132.2,5,0.1,71.8166666666667,71,2.2,920.233333333333,66,3.7,705.516666666667,2661.18333333333,226,3.5
"Jeff Skinner","C",2010,7,82,8.1,1371.98333333333,64,5.1,1191.98333333333,42,1.9,775.466666666667,71,7.6,1220.76666666667,77,2.9,1235.7,82,7,1335.51666666667,79,8.8,1401.35,8532.76666666667,497,41.4
"Alexander Burmistrov","C",2010,8,74,0.6,978.066666666667,76,2.4,1266.35,44,0.3,688.15,0,-2.5,0,0,-2.5,0,81,0.4,1309.98333333333,26,1.4,400.483333333333,4643.03333333333,301,0.0999999999999996
"Mikael Granlund","C",2010,9,0,-2.5,0,0,-2.5,0,27,0.4,355.816666666667,63,3.5,1091.46666666667,68,4.1,1216.98333333333,82,3.6,1485.8,81,8.5,1524.78333333333,5674.85,321,15.1
"Dylan McIlrath","D",2010,10,0,-2.5,0,0,-2.5,0,0,-2.5,0,2,-0.1,14.05,1,0,8.03333333333333,34,1.5,480.216666666667,5,0.1,47.8666666666667,550.166666666667,42,-6
"Jack Campbell","G",2010,11,0,-2.5,0,0,-2.5,0,0,-2.5,0,0,-2.5,0,0,-2.5,0,0,-2.5,0,0,-2.5,0,0,0,-17.5
"Cam Fowler","D",2010,12,76,5,1681.88333333333,82,3.6,1907.36666666667,37,1.5,756.25,70,6.1,1670.4,80,5.8,1691.5,69,5.2,1571.86666666667,80,8.3,1987.85,11267.1166666667,494,35.5
"Brandon Gormley","D",2010,13,0,-2.5,0,0,-2.5,0,0,-2.5,0,5,0.4,72.7166666666667,27,0.7,413.7,26,0.2,316.566666666667,0,-2.5,0,802.983333333334,58,-8.7
"Jaden Schwartz","C",2010,14,0,-2.5,0,7,0.5,81.8166666666667,45,1.2,561.066666666667,80,7.9,1402.23333333333,75,8.4,1368.45,33,2.8,567.716666666667,78,6.4,1474.7,5455.98333333333,318,24.7
"Derek Forbort","D",2010,15,0,-2.5,0,0,-2.5,0,0,-2.5,0,0,-2.5,0,0,-2.5,0,14,0.4,154.633333333333,82,5.6,1649.51666666667,1804.15,96,-6.5
"Vladimir Tarasenko","RW",2010,16,0,-2.5,0,0,-2.5,0,38,2.3,509.583333333333,64,6.4,971.1,77,11.2,1357.1,80,10.8,1491.01666666667,82,10.2,1514.53333333333,5843.33333333333,341,35.9
"Joey Hishon","C",2010,17,0,-2.5,0,0,-2.5,0,0,-2.5,0,0,-2.5,0,13,0.1,131.466666666667,0,-2.5,0,0,-2.5,0,131.466666666667,13,-14.9
"Austin Watson","LW",2010,18,0,-2.5,0,0,-2.5,0,6,0,76.2333333333333,0,-2.5,0,0,-2.5,0,57,0.4,570.15,77,1.4,956.8,1603.18333333333,140,-8.2
"Nick Bjugstad","C",2010,19,0,-2.5,0,0,-2.5,0,11,-0.4,167.316666666667,76,3.5,1232.65,72,5.3,1193.91666666667,67,3.4,1039.16666666667,54,0.5,710.25,4343.30000000001,280,7.3
"Beau Bennett","RW",2010,20,0,-2.5,0,0,-2.5,0,26,1.5,319.866666666667,21,0.6,290.733333333333,49,0.8,611.883333333333,33,1.3,392.55,65,1.7,881.266666666667,2496.3,194,0.9
"Riley Sheahan","C",2010,21,0,-2.5,0,1,0,6.05,1,0,6.78333333333333,42,3.1,606.883333333333,79,3.3,1235.75,81,2.1,1233.7,80,-1.2,1117.73333333333,4206.9,284,4.8
"Jarred Tinordi","D",2010,22,0,-2.5,0,0,-2.5,0,8,0.7,93.7,22,0.4,319.683333333333,13,-0.1,156.866666666667,7,-0.1,103.683333333333,0,-2.5,0,673.933333333333,50,-6.6
"Mark Pysyk","D",2010,23,0,-2.5,0,0,-2.5,0,19,0.3,309.283333333333,44,1.5,863.366666666667,7,1.1,127.25,55,2.4,874.666666666667,82,4.3,1521.98333333333,3696.55,207,4.6
"Kevin Hayes","RW",2010,24,0,-2.5,0,0,-2.5,0,0,-2.5,0,0,-2.5,0,79,5.8,1030.23333333333,79,3.9,1079.36666666667,76,5.3,1258.46666666667,3368.06666666667,234,5
"Quinton Howden","C",2010,25,0,-2.5,0,0,-2.5,0,18,-0.8,188.2,16,0.8,219.5,0,-2.5,0,58,0.8,601.583333333333,5,0,43.2833333333333,1052.56666666667,97,-6.7
"Evgeny Kuznetsov","C",2010,26,0,-2.5,0,0,-2.5,0,0,-2.5,0,17,0.9,229.05,80,4,1066.48333333333,82,9.6,1428.05,82,6.7,1390.16666666667,4113.75,261,13.7
"Mark Visentin","G",2010,27,0,-2.5,0,0,-2.5,0,0,-2.5,0,0,-2.5,0,0,-2.5,0,0,-2.5,0,0,-2.5,0,0,0,-17.5
"Charlie Coyle","C/RW",2010,28,0,-2.5,0,0,-2.5,0,37,1.7,557.316666666667,70,2.4,1196.38333333333,82,3.8,1193.36666666667,82,4.9,1419.2,82,6.1,1369.56666666667,5735.83333333334,353,13.9
"Emerson Etem","RW",2010,29,0,-2.5,0,0,-2.5,0,38,0.9,435.55,29,1.4,370.766666666667,45,0.4,550.966666666667,39,1,552.233333333333,3,0,26.4166666666667,1935.93333333333,154,-1.3
"Brock Nelson","C",2010,30,0,-2.5,0,0,-2.5,0,0,-2.5,0,72,2.3,1026.88333333333,82,4.9,1302.41666666667,81,5.2,1280.06666666667,81,4.7,1267.5,4876.86666666667,316,9.6
"Tyler Pitlick","C",2010,31,0,-2.5,0,0,-2.5,0,0,-2.5,0,10,0,89.7166666666667,17,0,211.533333333333,0,-2.5,0,31,1.6,307.65,608.9,58,-8.4
"Jared Knight","C",2010,32,0,-2.5,0,0,-2.5,0,0,-2.5,0,0,-2.5,0,0,-2.5,0,0,-2.5,0,0,-2.5,0,0,0,-17.5
"John McFarland","LW",2010,33,0,-2.5,0,0,-2.5,0,0,-2.5,0,0,-2.5,0,0,-2.5,0,3,-0.1,29.7333333333333,0,-2.5,0,29.7333333333333,3,-15.1
"Dalton Smith","LW",2010,34,0,-2.5,0,0,-2.5,0,0,-2.5,0,0,-2.5,0,0,-2.5,0,0,-2.5,0,0,-2.5,0,0,0,-17.5
"Ludvig Rensfeldt","LW",2010,35,0,-2.5,0,0,-2.5,0,0,-2.5,0,0,-2.5,0,0,-2.5,0,0,-2.5,0,0,-2.5,0,0,0,-17.5
"Alex Petrovic","D",2010,36,0,-2.5,0,0,-2.5,0,6,-0.5,112.683333333333,7,0.4,85.65,33,0.5,536.566666666667,66,4.2,1119.06666666667,49,2.7,889.35,2743.31666666667,161,2.3
"Justin Faulk","D",2010,37,0,-2.5,0,66,3.8,1507.71666666667,38,2.8,912.3,76,5.4,1779.28333333333,82,9.1,2002.93333333333,64,6.4,1538.85,75,6.6,1735.55,9476.63333333333,401,31.6
"Jon Merrill","D",2010,38,0,-2.5,0,0,-2.5,0,0,-2.5,0,52,2.6,999.766666666667,66,2.4,1356.58333333333,47,0.7,794.133333333333,51,1.3,946.883333333333,4097.36666666666,216,-0.5
"Brett Bulmer","RW",2010,39,0,-2.5,0,9,0.2,99.2833333333333,0,-2.5,0,5,-0.2,53.45,0,-2.5,0,3,-0.1,20.15,0,-2.5,0,172.883333333333,17,-10.1
"Christian Thomas","RW",2010,40,0,-2.5,0,0,-2.5,0,1,0,12.7666666666667,2,-0.1,14.3666666666667,18,-0.1,163.716666666667,1,0,10.5833333333333,0,-2.5,0,201.433333333334,22,-7.7
"Patrik Nemeth","D",2010,41,0,-2.5,0,0,-2.5,0,0,-2.5,0,8,-0.2,110.133333333333,22,0.5,356.633333333333,38,1,593.733333333333,40,0.3,631.15,1691.65,108,-5.9
"Devante Smith-Pelly","RW",2010,42,0,-2.5,0,49,1,590.15,7,-0.3,62.9666666666667,19,1.1,240.216666666667,20,-0.1,265.916666666667,18,2,280.4,53,-0.3,715.833333333333,2155.48333333333,166,0.9
"Brad Ross","LW",2010,43,0,-2.5,0,0,-2.5,0,0,-2.5,0,0,-2.5,0,0,-2.5,0,0,-2.5,0,0,-2.5,0,0,0,-17.5
"Sebastian Wannstrom","RW",2010,44,0,-2.5,0,0,-2.5,0,0,-2.5,0,0,-2.5,0,0,-2.5,0,0,-2.5,0,0,-2.5,0,0,0,-17.5
"Ryan Spooner","C",2010,45,0,-2.5,0,0,-2.5,0,4,-0.1,36.4833333333333,23,0.7,294.633333333333,29,2.3,421.6,80,4.5,1211.28333333333,78,3.7,1099.4,3063.4,214,6.1
"Martin Marincin","D",2010,46,0,-2.5,0,0,-2.5,0,0,-2.5,0,44,1.4,843.166666666667,41,1.2,764.516666666667,65,1.8,1090,25,1.4,451.183333333333,3148.86666666667,175,-1.7
"Tyler Toffoli","C",2010,47,0,-2.5,0,0,-2.5,0,10,0.7,119.783333333333,62,4.3,802.15,76,7.4,1108.76666666667,82,9.1,1419.65,63,4.4,1044.9,4495.25,293,20.9
"Curtis Hamilton","LW",2010,48,0,-2.5,0,0,-2.5,0,0,-2.5,0,0,-2.5,0,1,0,8.01666666666667,0,-2.5,0,0,-2.5,0,8.01666666666667,1,-15
"Calvin Pickard","G",2010,49,0,-2.5,0,0,-2.5,0,0,-2.5,0,0,-2.5,0,0,-2.5,0,0,-2.5,0,0,-2.5,0,0,0,-17.5
"Connor Brickley","C",2010,50,0,-2.5,0,0,-2.5,0,0,-2.5,0,0,-2.5,0,0,-2.5,0,23,0.4,200.683333333333,0,-2.5,0,200.683333333333,23,-14.6
"Calle Jarnkrok","C",2010,51,0,-2.5,0,0,-2.5,0,0,-2.5,0,12,1.2,168.816666666667,74,1.2,950.85,81,3.1,1306.96666666667,81,2.9,1273.8,3700.43333333334,248,0.9
"Phil Lane","RW",2010,52,0,-2.5,0,0,-2.5,0,0,-2.5,0,0,-2.5,0,0,-2.5,0,0,-2.5,0,0,-2.5,0,0,0,-17.5
"Mark Alt","D",2010,53,0,-2.5,0,0,-2.5,0,0,-2.5,0,0,-2.5,0,1,-0.1,9.41666666666667,0,-2.5,0,0,-2.5,0,9.41666666666667,1,-15.1
"Justin Holl","D",2010,54,0,-2.5,0,0,-2.5,0,0,-2.5,0,0,-2.5,0,0,-2.5,0,0,-2.5,0,0,-2.5,0,0,0,-17.5
"Petr Straka","RW",2010,55,0,-2.5,0,0,-2.5,0,0,-2.5,0,0,-2.5,0,3,0.2,28.3666666666667,0,-2.5,0,0,-2.5,0,28.3666666666667,3,-14.8
"Johan Larsson","LW",2010,56,0,-2.5,0,0,-2.5,0,1,0,14.0333333333333,28,0,376.683333333333,39,1.6,566.133333333333,74,1.4,1096.65,36,0.7,606.683333333333,2660.18333333333,178,-1.3
"Oscar Lindberg","C",2010,57,0,-2.5,0,0,-2.5,0,0,-2.5,0,0,-2.5,0,1,0,8.3,68,3.6,828.016666666667,65,1.8,703.916666666667,1540.23333333333,134,-4.6
"Kent Simpson","G",2010,58,0,-2.5,0,0,-2.5,0,0,-2.5,0,0,-2.5,0,0,-2.5,0,0,-2.5,0,0,-2.5,0,0,0,-17.5
"Jason Zucker","LW",2010,59,0,-2.5,0,6,0,66.15,20,0.8,225.3,21,0.6,272.733333333333,51,3.7,768.033333333333,71,2.1,1106.16666666667,79,6.7,1207.58333333333,3645.96666666667,248,11.4
"Stephen Johns","D",2010,60,0,-2.5,0,0,-2.5,0,0,-2.5,0,0,-2.5,0,0,-2.5,0,14,0,249.616666666667,61,1.3,1113.58333333333,1363.2,75,-11.2
"Ryan Martindale","C",2010,61,0,-2.5,0,0,-2.5,0,0,-2.5,0,0,-2.5,0,0,-2.5,0,0,-2.5,0,0,-2.5,0,0,0,-17.5
"Greg McKegg","C",2010,62,0,-2.5,0,0,-2.5,0,0,-2.5,0,1,0,3.71666666666667,3,0,27.5666666666667,15,0.3,123.866666666667,15,0,139.016666666667,294.166666666667,34,-7.2
"Brock Beukeboom","D",2010,63,0,-2.5,0,0,-2.5,0,0,-2.5,0,0,-2.5,0,0,-2.5,0,0,-2.5,0,0,-2.5,0,0,0,-17.5
"Max Reinhart","C",2010,64,0,-2.5,0,0,-2.5,0,11,0.1,158.583333333333,8,0.1,85.6166666666667,4,-0.2,32.35,0,-2.5,0,0,-2.5,0,276.55,23,-10
"Kirill Kabanov","LW",2010,65,0,-2.5,0,0,-2.5,0,0,-2.5,0,0,-2.5,0,0,-2.5,0,0,-2.5,0,0,-2.5,0,0,0,-17.5
"Radko Gudas","D",2010,66,0,-2.5,0,0,-2.5,0,22,1.1,373.833333333333,73,3.8,1396.26666666667,31,0.6,527,76,3.2,1508.11666666667,67,5.5,1292.58333333333,5097.8,269,9.2
"Danny Biega","D",2010,67,0,-2.5,0,0,-2.5,0,0,-2.5,0,0,-2.5,0,10,0.1,161.416666666667,0,-2.5,0,0,-2.5,0,161.416666666667,10,-14.9
"Jerome Gauthier-Leduc","D",2010,68,0,-2.5,0,0,-2.5,0,0,-2.5,0,0,-2.5,0,0,-2.5,0,0,-2.5,0,0,-2.5,0,0,0,-17.5
"Joe Basaraba","RW",2010,69,0,-2.5,0,0,-2.5,0,0,-2.5,0,0,-2.5,0,0,-2.5,0,0,-2.5,0,0,-2.5,0,0,0,-17.5
"Jordan Weal","C",2010,70,0,-2.5,0,0,-2.5,0,0,-2.5,0,0,-2.5,0,0,-2.5,0,4,0,49.8833333333333,23,1.9,329.15,379.033333333333,27,-10.6
"Michael Bournival","LW",2010,71,0,-2.5,0,0,-2.5,0,0,-2.5,0,60,1.2,619.116666666667,29,0.7,228.75,0,-2.5,0,19,0.1,192.8,1040.66666666667,108,-8
"Adam Janosik","D",2010,72,0,-2.5,0,0,-2.5,0,0,-2.5,0,0,-2.5,0,0,-2.5,0,0,-2.5,0,0,-2.5,0,0,0,-17.5
"Joey Leach","D",2010,73,0,-2.5,0,0,-2.5,0,0,-2.5,0,0,-2.5,0,0,-2.5,0,0,-2.5,0,0,-2.5,0,0,0,-17.5
"Max Gardiner","C",2010,74,0,-2.5,0,0,-2.5,0,0,-2.5,0,0,-2.5,0,0,-2.5,0,0,-2.5,0,0,-2.5,0,0,0,-17.5
"Kevin Sundher","C",2010,75,0,-2.5,0,0,-2.5,0,0,-2.5,0,0,-2.5,0,0,-2.5,0,0,-2.5,0,0,-2.5,0,0,0,-17.5
"Jakub Culek","LW",2010,76,0,-2.5,0,0,-2.5,0,0,-2.5,0,0,-2.5,0,0,-2.5,0,0,-2.5,0,0,-2.5,0,0,0,-17.5
"Alexander Guptill","LW",2010,77,0,-2.5,0,0,-2.5,0,0,-2.5,0,0,-2.5,0,0,-2.5,0,0,-2.5,0,0,-2.5,0,0,0,-17.5
"Taylor Aronson","D",2010,78,0,-2.5,0,0,-2.5,0,0,-2.5,0,0,-2.5,0,0,-2.5,0,0,-2.5,0,0,-2.5,0,0,0,-17.5
"Sondre Olden","C",2010,79,0,-2.5,0,0,-2.5,0,0,-2.5,0,0,-2.5,0,0,-2.5,0,0,-2.5,0,0,-2.5,0,0,0,-17.5
"Bryan Rust","RW",2010,80,0,-2.5,0,0,-2.5,0,0,-2.5,0,0,-2.5,0,14,-0.1,168.366666666667,41,0.8,512.4,57,3.3,777.266666666667,1458.03333333333,112,-6
"Louis-Marc Aubry","C",2010,81,0,-2.5,0,0,-2.5,0,0,-2.5,0,0,-2.5,0,0,-2.5,0,0,-2.5,0,0,-2.5,0,0,0,-17.5
"Jason Clark","C/LW",2010,82,0,-2.5,0,0,-2.5,0,0,-2.5,0,0,-2.5,0,0,-2.5,0,0,-2.5,0,0,-2.5,0,0,0,-17.5
"Matt MacKenzie","D",2010,83,0,-2.5,0,0,-2.5,0,0,-2.5,0,0,-2.5,0,0,-2.5,0,0,-2.5,0,0,-2.5,0,0,0,-17.5
"Scott Wedgewood","G",2010,84,0,-2.5,0,0,-2.5,0,0,-2.5,0,0,-2.5,0,0,-2.5,0,0,-2.5,0,0,-2.5,0,0,0,-17.5
"Austin Levi","D",2010,85,0,-2.5,0,0,-2.5,0,0,-2.5,0,0,-2.5,0,0,-2.5,0,0,-2.5,0,0,-2.5,0,0,0,-17.5
"Stanislav Galiev","RW",2010,86,0,-2.5,0,0,-2.5,0,0,-2.5,0,0,-2.5,0,2,0.2,18.7666666666667,24,0,218.883333333333,0,-2.5,0,237.65,26,-12.3
"Julian Melchiori","D",2010,87,0,-2.5,0,0,-2.5,0,0,-2.5,0,1,-0.1,8.68333333333333,0,-2.5,0,11,0.2,149.55,18,0.3,330.616666666667,488.85,30,-9.6
"Max Gaede","RW",2010,88,0,-2.5,0,0,-2.5,0,0,-2.5,0,0,-2.5,0,0,-2.5,0,0,-2.5,0,0,-2.5,0,0,0,-17.5
"Michael Chaput","C",2010,89,0,-2.5,0,0,-2.5,0,0,-2.5,0,17,-0.1,151.2,33,-0.3,336.566666666667,8,0.3,71.9833333333333,68,-0.1,749.5,1309.25,126,-7.7
"Joakim Nordstrom","C",2010,90,0,-2.5,0,0,-2.5,0,0,-2.5,0,16,0,186.966666666667,38,-0.6,416.8,71,2.3,1109.43333333333,82,0,1042.93333333333,2756.13333333333,207,-5.8
"Jeremie Blain","D",2010,91,0,-2.5,0,0,-2.5,0,0,-2.5,0,0,-2.5,0,0,-2.5,0,0,-2.5,0,0,-2.5,0,0,0,-17.5
"Sam Brittain","G",2010,92,0,-2.5,0,0,-2.5,0,0,-2.5,0,0,-2.5,0,0,-2.5,0,0,-2.5,0,0,-2.5,0,0,0,-17.5
"Ben Gallacher","D",2010,93,0,-2.5,0,0,-2.5,0,0,-2.5,0,0,-2.5,0,0,-2.5,0,0,-2.5,0,0,-2.5,0,0,0,-17.5
"Brandon Archibald","D",2010,94,0,-2.5,0,0,-2.5,0,0,-2.5,0,0,-2.5,0,0,-2.5,0,0,-2.5,0,0,-2.5,0,0,0,-17.5
"Stephen Silas","D",2010,95,0,-2.5,0,0,-2.5,0,0,-2.5,0,0,-2.5,0,0,-2.5,0,0,-2.5,0,0,-2.5,0,0,0,-17.5
"Geoffrey Schemitsch","D",2010,96,0,-2.5,0,0,-2.5,0,0,-2.5,0,0,-2.5,0,0,-2.5,0,0,-2.5,0,0,-2.5,0,0,0,-17.5
"Craig Cunningham","LW",2010,97,0,-2.5,0,0,-2.5,0,0,-2.5,0,2,0,18.9666666666667,19,0.1,210.633333333333,10,-0.1,100.833333333333,0,-2.5,0,330.433333333333,31,-10
"Steven Shipley","C",2010,98,0,-2.5,0,0,-2.5,0,0,-2.5,0,0,-2.5,0,0,-2.5,0,0,-2.5,0,0,-2.5,0,0,0,-17.5
"Joonas Donskoi","RW",2010,99,0,-2.5,0,0,-2.5,0,0,-2.5,0,0,-2.5,0,0,-2.5,0,76,3.7,1075.65,61,1,842.466666666667,1918.11666666667,137,-7.8
"Andrew Yogan","C/LW",2010,100,0,-2.5,0,0,-2.5,0,0,-2.5,0,0,-2.5,0,0,-2.5,0,0,-2.5,0,0,-2.5,0,0,0,-17.5
"Ivan Telegin","LW",2010,101,0,-2.5,0,0,-2.5,0,0,-2.5,0,0,-2.5,0,0,-2.5,0,0,-2.5,0,0,-2.5,0,0,0,-17.5
"Mathieu Corbeil","G",2010,102,0,-2.5,0,0,-2.5,0,0,-2.5,0,0,-2.5,0,0,-2.5,0,0,-2.5,0,0,-2.5,0,0,0,-17.5
"John Ramage","D",2010,103,0,-2.5,0,0,-2.5,0,0,-2.5,0,0,-2.5,0,1,-0.1,18.1666666666667,1,-0.2,14.15,0,-2.5,0,32.3166666666667,2,-12.8
"Jani Hakanpaa","D",2010,104,0,-2.5,0,0,-2.5,0,0,-2.5,0,0,-2.5,0,0,-2.5,0,0,-2.5,0,0,-2.5,0,0,0,-17.5
"Justin Shugg","LW",2010,105,0,-2.5,0,0,-2.5,0,0,-2.5,0,0,-2.5,0,3,0,17.0833333333333,0,-2.5,0,0,-2.5,0,17.0833333333333,3,-15
"Marcus Sorensen","RW",2010,106,0,-2.5,0,0,-2.5,0,0,-2.5,0,0,-2.5,0,0,-2.5,0,0,-2.5,0,19,0.2,205.466666666667,205.466666666667,19,-14.8
"Sami Aittokallio","G",2010,107,0,-2.5,0,0,-2.5,0,0,-2.5,0,0,-2.5,0,0,-2.5,0,0,-2.5,0,0,-2.5,0,0,0,-17.5
"Bill Arnold","C",2010,108,0,-2.5,0,0,-2.5,0,0,-2.5,0,1,-0.1,13.5833333333333,0,-2.5,0,0,-2.5,0,0,-2.5,0,13.5833333333333,1,-15.1
"Alex Theriau","D",2010,109,0,-2.5,0,0,-2.5,0,0,-2.5,0,0,-2.5,0,0,-2.5,0,0,-2.5,0,0,-2.5,0,0,0,-17.5
"Tom Kuhnhackl","C",2010,110,0,-2.5,0,0,-2.5,0,0,-2.5,0,0,-2.5,0,0,-2.5,0,42,1.5,512.4,57,1.3,607.083333333333,1119.48333333333,99,-9.7
"Teemu Pulkkinen","LW",2010,111,0,-2.5,0,0,-2.5,0,0,-2.5,0,3,0,22.4,31,1.1,355.733333333333,36,1.4,416.416666666667,4,0.1,39.0333333333333,833.583333333333,74,-4.9
"Philipp Grubauer","G",2010,112,0,-2.5,0,0,-2.5,0,0,-2.5,0,0,-2.5,0,0,-2.5,0,0,-2.5,0,0,-2.5,0,0,0,-17.5
"Mark MacMillan","F",2010,113,0,-2.5,0,0,-2.5,0,0,-2.5,0,0,-2.5,0,0,-2.5,0,0,-2.5,0,0,-2.5,0,0,0,-17.5
"Joe Faust","D",2010,114,0,-2.5,0,0,-2.5,0,0,-2.5,0,0,-2.5,0,0,-2.5,0,0,-2.5,0,0,-2.5,0,0,0,-17.5
"Patrick McNally","D",2010,115,0,-2.5,0,0,-2.5,0,0,-2.5,0,0,-2.5,0,0,-2.5,0,0,-2.5,0,0,-2.5,0,0,0,-17.5
"Petter Granberg","D",2010,116,0,-2.5,0,0,-2.5,0,0,-2.5,0,1,0,11.7666666666667,7,0.2,80.1,27,0.7,370.433333333333,10,0.1,96.2666666666667,558.566666666666,45,-6.5
"Morgan Ellis","D",2010,117,0,-2.5,0,0,-2.5,0,0,-2.5,0,0,-2.5,0,0,-2.5,0,3,0,26.8666666666667,0,-2.5,0,26.8666666666667,3,-15
"Jimmy Mullin","RW",2010,118,0,-2.5,0,0,-2.5,0,0,-2.5,0,0,-2.5,0,0,-2.5,0,0,-2.5,0,0,-2.5,0,0,0,-17.5
"Tye McGinn","LW",2010,119,0,-2.5,0,0,-2.5,0,18,0.5,228.95,18,0.6,201.233333333333,18,0,173.983333333333,2,0,17.0833333333333,0,-2.5,0,621.249999999999,56,-6.4
"Rob Flick","C",2010,120,0,-2.5,0,0,-2.5,0,0,-2.5,0,0,-2.5,0,0,-2.5,0,0,-2.5,0,0,-2.5,0,0,0,-17.5
"Tyler Bunz","G",2010,121,0,-2.5,0,0,-2.5,0,0,-2.5,0,0,-2.5,0,0,-2.5,0,0,-2.5,0,0,-2.5,0,0,0,-17.5
"Chris Wagner","C",2010,122,0,-2.5,0,0,-2.5,0,0,-2.5,0,0,-2.5,0,9,-0.2,79.1,26,0.5,214.083333333333,43,0.9,402.366666666667,695.55,78,-8.8
"Zach Hyman","C",2010,123,0,-2.5,0,0,-2.5,0,0,-2.5,0,0,-2.5,0,0,-2.5,0,16,0.7,250.983333333333,82,1.8,1369.15,1620.13333333333,98,-10
"Austin Madaisky","D",2010,124,0,-2.5,0,0,-2.5,0,0,-2.5,0,0,-2.5,0,0,-2.5,0,0,-2.5,0,0,-2.5,0,0,0,-17.5
"Tony Dehart","D",2010,125,0,-2.5,0,0,-2.5,0,0,-2.5,0,0,-2.5,0,0,-2.5,0,0,-2.5,0,0,-2.5,0,0,0,-17.5
"Patrick Cehlin","RW",2010,126,0,-2.5,0,0,-2.5,0,0,-2.5,0,0,-2.5,0,0,-2.5,0,0,-2.5,0,0,-2.5,0,0,0,-17.5
"Cody Ferriero","C",2010,127,0,-2.5,0,0,-2.5,0,0,-2.5,0,0,-2.5,0,0,-2.5,0,0,-2.5,0,0,-2.5,0,0,0,-17.5
"Fredrik Pettersson-Wentzel","G",2010,128,0,-2.5,0,0,-2.5,0,0,-2.5,0,0,-2.5,0,0,-2.5,0,0,-2.5,0,0,-2.5,0,0,0,-17.5
"Freddie Hamilton","C",2010,129,0,-2.5,0,0,-2.5,0,0,-2.5,0,11,-0.4,113.55,17,0,127.933333333333,4,0.3,50.8,26,-0.1,254.3,546.583333333333,58,-7.7
"Jason Wilson","LW",2010,130,0,-2.5,0,0,-2.5,0,0,-2.5,0,0,-2.5,0,0,-2.5,0,0,-2.5,0,0,-2.5,0,0,0,-17.5
"John Klingberg","D",2010,131,0,-2.5,0,0,-2.5,0,0,-2.5,0,0,-2.5,0,65,6.7,1419.7,76,10.2,1724.3,80,8.1,1868.46666666667,5012.46666666667,221,15
"Tim Heed","D",2010,132,0,-2.5,0,0,-2.5,0,0,-2.5,0,0,-2.5,0,0,-2.5,0,0,-2.5,0,1,0,16.4833333333333,16.4833333333333,1,-15
"Micheal Ferland","LW",2010,133,0,-2.5,0,0,-2.5,0,0,-2.5,0,0,-2.5,0,26,0.3,273.616666666667,71,0.2,895.5,76,2.9,878.933333333333,2048.05,173,-6.6
"Cody Beach","RW",2010,134,0,-2.5,0,0,-2.5,0,0,-2.5,0,0,-2.5,0,0,-2.5,0,0,-2.5,0,0,-2.5,0,0,0,-17.5
"Justin Florek","LW",2010,135,0,-2.5,0,0,-2.5,0,0,-2.5,0,4,0.3,47.3833333333333,0,-2.5,0,0,-2.5,0,0,-2.5,0,47.3833333333333,4,-14.7
"Isaac MacLeod","D",2010,136,0,-2.5,0,0,-2.5,0,0,-2.5,0,0,-2.5,0,0,-2.5,0,0,-2.5,0,0,-2.5,0,0,0,-17.5
"Troy Rutkowski","D",2010,137,0,-2.5,0,0,-2.5,0,0,-2.5,0,0,-2.5,0,0,-2.5,0,0,-2.5,0,0,-2.5,0,0,0,-17.5
"Louis Domingue","G",2010,138,0,-2.5,0,0,-2.5,0,0,-2.5,0,0,-2.5,0,0,-2.5,0,0,-2.5,0,0,-2.5,0,0,0,-17.5
"Luke Walker","RW",2010,139,0,-2.5,0,0,-2.5,0,0,-2.5,0,0,-2.5,0,0,-2.5,0,0,-2.5,0,0,-2.5,0,0,0,-17.5
"Kenny Agostino","LW",2010,140,0,-2.5,0,0,-2.5,0,0,-2.5,0,8,0.1,88.7333333333333,0,-2.5,0,2,-0.1,27.1,7,0.3,89.4333333333333,205.266666666667,17,-9.7
"Petr Mrazek","G",2010,141,0,-2.5,0,0,-2.5,0,0,-2.5,0,0,-2.5,0,0,-2.5,0,0,-2.5,0,0,-2.5,0,0,0,-17.5
"Caleb Herbert","C",2010,142,0,-2.5,0,0,-2.5,0,0,-2.5,0,0,-2.5,0,0,-2.5,0,0,-2.5,0,0,-2.5,0,0,0,-17.5
"Gregg Sutch","RW",2010,143,0,-2.5,0,0,-2.5,0,0,-2.5,0,0,-2.5,0,0,-2.5,0,0,-2.5,0,0,-2.5,0,0,0,-17.5
"Sam Carrick","C",2010,144,0,-2.5,0,0,-2.5,0,0,-2.5,0,0,-2.5,0,16,0.2,103.75,3,-0.1,34.4,0,-2.5,0,138.15,19,-12.4
"Adam Polasek","D",2010,145,0,-2.5,0,0,-2.5,0,0,-2.5,0,0,-2.5,0,0,-2.5,0,0,-2.5,0,0,-2.5,0,0,0,-17.5
"Daniel Brodin","LW",2010,146,0,-2.5,0,0,-2.5,0,0,-2.5,0,0,-2.5,0,0,-2.5,0,0,-2.5,0,0,-2.5,0,0,0,-17.5
"Brendan Gallagher","RW",2010,147,0,-2.5,0,0,-2.5,0,44,4,609.966666666667,81,5,1293.11666666667,82,6.6,1360.2,53,5.6,878.533333333333,64,3,966.116666666667,5107.93333333334,324,19.2
"Kevin Gravel","D",2010,148,0,-2.5,0,0,-2.5,0,0,-2.5,0,0,-2.5,0,0,-2.5,0,5,0.1,58.3833333333333,49,2.3,693.366666666667,751.75,54,-10.1
"Michael Parks","RW",2010,149,0,-2.5,0,0,-2.5,0,0,-2.5,0,0,-2.5,0,0,-2.5,0,0,-2.5,0,0,-2.5,0,0,0,-17.5
"Yasin Cisse","RW",2010,150,0,-2.5,0,0,-2.5,0,0,-2.5,0,0,-2.5,0,0,-2.5,0,0,-2.5,0,0,-2.5,0,0,0,-17.5
"Mirko Hoefflin","C",2010,151,0,-2.5,0,0,-2.5,0,0,-2.5,0,0,-2.5,0,0,-2.5,0,0,-2.5,0,0,-2.5,0,0,0,-17.5
"Joe Rogalski","D",2010,152,0,-2.5,0,0,-2.5,0,0,-2.5,0,0,-2.5,0,0,-2.5,0,0,-2.5,0,0,-2.5,0,0,0,-17.5
"Corey Durocher","LW",2010,153,0,-2.5,0,0,-2.5,0,0,-2.5,0,0,-2.5,0,0,-2.5,0,0,-2.5,0,0,-2.5,0,0,0,-17.5
"Dalton Prout","D",2010,154,0,-2.5,0,5,0.1,58.9666666666667,28,2.8,518.8,49,1.1,843.033333333333,63,0.4,1160.16666666667,64,1.6,1035.05,14,0.2,209.15,3825.16666666667,223,3.7
"Kendall McFaull","D",2010,155,0,-2.5,0,0,-2.5,0,0,-2.5,0,0,-2.5,0,0,-2.5,0,0,-2.5,0,0,-2.5,0,0,0,-17.5
"Brendan O'Donnell","C",2010,156,0,-2.5,0,0,-2.5,0,0,-2.5,0,0,-2.5,0,0,-2.5,0,0,-2.5,0,0,-2.5,0,0,0,-17.5
"Jesper Fast","RW",2010,157,0,-2.5,0,0,-2.5,0,0,-2.5,0,11,-0.4,124.183333333333,58,1,684.65,79,2.7,1180.11666666667,68,1.5,938.166666666667,2927.11666666667,216,-2.7
"Maxim Kitsyn","LW",2010,158,0,-2.5,0,0,-2.5,0,0,-2.5,0,0,-2.5,0,0,-2.5,0,0,-2.5,0,0,-2.5,0,0,0,-17.5
"Johan Gustafsson","G",2010,159,0,-2.5,0,0,-2.5,0,0,-2.5,0,0,-2.5,0,0,-2.5,0,0,-2.5,0,0,-2.5,0,0,0,-17.5
"Tanner Lane","C",2010,160,0,-2.5,0,0,-2.5,0,0,-2.5,0,0,-2.5,0,0,-2.5,0,0,-2.5,0,0,-2.5,0,0,0,-17.5
"Andreas Dahlstrom","C",2010,161,0,-2.5,0,0,-2.5,0,0,-2.5,0,0,-2.5,0,0,-2.5,0,0,-2.5,0,0,-2.5,0,0,0,-17.5
"Brandon Davidson","D",2010,162,0,-2.5,0,0,-2.5,0,0,-2.5,0,0,-2.5,0,12,0,181.65,51,3.4,979.016666666667,10,0.1,166.283333333333,1326.95,73,-6.5
"Konrad Abeltshauser","D",2010,163,0,-2.5,0,0,-2.5,0,0,-2.5,0,0,-2.5,0,0,-2.5,0,0,-2.5,0,0,-2.5,0,0,0,-17.5
"Stephen Macaulay","LW",2010,164,0,-2.5,0,0,-2.5,0,0,-2.5,0,0,-2.5,0,0,-2.5,0,0,-2.5,0,0,-2.5,0,0,0,-17.5
"Zane Gothberg","G",2010,165,0,-2.5,0,0,-2.5,0,0,-2.5,0,0,-2.5,0,0,-2.5,0,0,-2.5,0,0,-2.5,0,0,0,-17.5
"Drew Czerwonka","LW",2010,166,0,-2.5,0,0,-2.5,0,0,-2.5,0,0,-2.5,0,0,-2.5,0,0,-2.5,0,0,-2.5,0,0,0,-17.5
"Tyler Stahl","D",2010,167,0,-2.5,0,0,-2.5,0,0,-2.5,0,0,-2.5,0,0,-2.5,0,0,-2.5,0,0,-2.5,0,0,0,-17.5
"Anthony Bitetto","D",2010,168,0,-2.5,0,0,-2.5,0,0,-2.5,0,0,-2.5,0,7,0,82.45,28,1.1,339.75,29,0.9,342.3,764.5,64,-8
"Sebastian Owuya","D",2010,169,0,-2.5,0,0,-2.5,0,0,-2.5,0,0,-2.5,0,0,-2.5,0,0,-2.5,0,0,-2.5,0,0,0,-17.5
"Reid McNeill","D",2010,170,0,-2.5,0,0,-2.5,0,0,-2.5,0,0,-2.5,0,0,-2.5,0,0,-2.5,0,0,-2.5,0,0,0,-17.5
"Brooks Macek","C",2010,171,0,-2.5,0,0,-2.5,0,0,-2.5,0,0,-2.5,0,0,-2.5,0,0,-2.5,0,0,-2.5,0,0,0,-17.5
"Alex Friesen","C",2010,172,0,-2.5,0,0,-2.5,0,0,-2.5,0,0,-2.5,0,0,-2.5,0,1,-0.1,11.7166666666667,0,-2.5,0,11.7166666666667,1,-15.1
"Cedrick Henley","LW",2010,173,0,-2.5,0,0,-2.5,0,0,-2.5,0,0,-2.5,0,0,-2.5,0,0,-2.5,0,0,-2.5,0,0,0,-17.5
"Maxime Clermont","G",2010,174,0,-2.5,0,0,-2.5,0,0,-2.5,0,0,-2.5,0,0,-2.5,0,0,-2.5,0,0,-2.5,0,0,0,-17.5
"Jonathan Iilahti","G",2010,175,0,-2.5,0,0,-2.5,0,0,-2.5,0,0,-2.5,0,0,-2.5,0,0,-2.5,0,0,-2.5,0,0,0,-17.5
"Samuel Carrier","D",2010,176,0,-2.5,0,0,-2.5,0,0,-2.5,0,0,-2.5,0,0,-2.5,0,0,-2.5,0,0,-2.5,0,0,0,-17.5
"Kevin Lind","D",2010,177,0,-2.5,0,0,-2.5,0,0,-2.5,0,0,-2.5,0,0,-2.5,0,0,-2.5,0,0,-2.5,0,0,0,-17.5
"Mark Stone","RW",2010,178,0,-2.5,0,0,-2.5,0,4,-0.1,40.0166666666667,19,1,275.033333333333,80,8.7,1361.7,75,6.7,1507.91666666667,71,6.8,1317.86666666667,4502.53333333334,249,18.1
"Nick Luukko","D",2010,179,0,-2.5,0,0,-2.5,0,0,-2.5,0,0,-2.5,0,0,-2.5,0,0,-2.5,0,0,-2.5,0,0,0,-17.5
"Nick Mattson","D",2010,180,0,-2.5,0,0,-2.5,0,0,-2.5,0,0,-2.5,0,0,-2.5,0,0,-2.5,0,0,-2.5,0,0,0,-17.5
"Kristians Pelss","LW",2010,181,0,-2.5,0,0,-2.5,0,0,-2.5,0,0,-2.5,0,0,-2.5,0,0,-2.5,0,0,-2.5,0,0,0,-17.5
"Josh Nicholls","RW",2010,182,0,-2.5,0,0,-2.5,0,0,-2.5,0,0,-2.5,0,0,-2.5,0,0,-2.5,0,0,-2.5,0,0,0,-17.5
"R.J. Boyd","D",2010,183,0,-2.5,0,0,-2.5,0,0,-2.5,0,0,-2.5,0,0,-2.5,0,0,-2.5,0,0,-2.5,0,0,0,-17.5
"Martin Ouellette","G",2010,184,0,-2.5,0,0,-2.5,0,0,-2.5,0,0,-2.5,0,0,-2.5,0,0,-2.5,0,0,-2.5,0,0,0,-17.5
"Cody Rosen","G",2010,185,0,-2.5,0,0,-2.5,0,0,-2.5,0,0,-2.5,0,0,-2.5,0,0,-2.5,0,0,-2.5,0,0,0,-17.5
"Teigan Zahn","D",2010,186,0,-2.5,0,0,-2.5,0,0,-2.5,0,0,-2.5,0,0,-2.5,0,0,-2.5,0,0,-2.5,0,0,0,-17.5
"Frederik Andersen","G",2010,187,0,-2.5,0,0,-2.5,0,0,-2.5,0,0,-2.5,0,0,-2.5,0,0,-2.5,0,0,-2.5,0,0,0,-17.5
"Lee Moffie","D",2010,188,0,-2.5,0,0,-2.5,0,0,-2.5,0,0,-2.5,0,0,-2.5,0,0,-2.5,0,0,-2.5,0,0,0,-17.5
"Dylen McKinlay","RW",2010,189,0,-2.5,0,0,-2.5,0,0,-2.5,0,0,-2.5,0,0,-2.5,0,0,-2.5,0,0,-2.5,0,0,0,-17.5
"Randy McNaught","RW",2010,190,0,-2.5,0,0,-2.5,0,0,-2.5,0,0,-2.5,0,0,-2.5,0,0,-2.5,0,0,-2.5,0,0,0,-17.5
"Mac Carruth","G",2010,191,0,-2.5,0,0,-2.5,0,0,-2.5,0,0,-2.5,0,0,-2.5,0,0,-2.5,0,0,-2.5,0,0,0,-17.5
"Brett Perlini","C",2010,192,0,-2.5,0,0,-2.5,0,0,-2.5,0,0,-2.5,0,0,-2.5,0,0,-2.5,0,0,-2.5,0,0,0,-17.5
"Patrick Holland","RW",2010,193,0,-2.5,0,0,-2.5,0,0,-2.5,0,5,-0.1,38.15,0,-2.5,0,0,-2.5,0,0,-2.5,0,38.15,5,-15.1
"David Elsner","LW",2010,194,0,-2.5,0,0,-2.5,0,0,-2.5,0,0,-2.5,0,0,-2.5,0,0,-2.5,0,0,-2.5,0,0,0,-17.5
"Maxim Chudinov","D",2010,195,0,-2.5,0,0,-2.5,0,0,-2.5,0,0,-2.5,0,0,-2.5,0,0,-2.5,0,0,-2.5,0,0,0,-17.5
"Bryce Aneloski","D",2010,196,0,-2.5,0,0,-2.5,0,0,-2.5,0,0,-2.5,0,0,-2.5,0,0,-2.5,0,0,-2.5,0,0,0,-17.5
"Luke Moffatt","C",2010,197,0,-2.5,0,0,-2.5,0,0,-2.5,0,0,-2.5,0,0,-2.5,0,0,-2.5,0,0,-2.5,0,0,0,-17.5
"Joonas Rask","C",2010,198,0,-2.5,0,0,-2.5,0,2,0,16.0166666666667,0,-2.5,0,0,-2.5,0,0,-2.5,0,0,-2.5,0,16.0166666666667,2,-15
"Peter Stoykewych","D",2010,199,0,-2.5,0,0,-2.5,0,0,-2.5,0,0,-2.5,0,0,-2.5,0,0,-2.5,0,0,-2.5,0,0,0,-17.5
"Chris Crane","RW",2010,200,0,-2.5,0,0,-2.5,0,0,-2.5,0,0,-2.5,0,0,-2.5,0,0,-2.5,0,0,-2.5,0,0,0,-17.5
"Ben Marshall","D",2010,201,0,-2.5,0,0,-2.5,0,0,-2.5,0,0,-2.5,0,0,-2.5,0,0,-2.5,0,0,-2.5,0,0,0,-17.5
"Kellen Jones","F",2010,202,0,-2.5,0,0,-2.5,0,0,-2.5,0,0,-2.5,0,0,-2.5,0,0,-2.5,0,0,-2.5,0,0,0,-17.5
"Christian Isackson","RW",2010,203,0,-2.5,0,0,-2.5,0,0,-2.5,0,0,-2.5,0,0,-2.5,0,0,-2.5,0,0,-2.5,0,0,0,-17.5
"Mauro Jorg","LW",2010,204,0,-2.5,0,0,-2.5,0,0,-2.5,0,0,-2.5,0,0,-2.5,0,0,-2.5,0,0,-2.5,0,0,0,-17.5
"Sawyer Hannay","D",2010,205,0,-2.5,0,0,-2.5,0,0,-2.5,0,0,-2.5,0,0,-2.5,0,0,-2.5,0,0,-2.5,0,0,0,-17.5
"Ricard Blidstrand","D",2010,206,0,-2.5,0,0,-2.5,0,0,-2.5,0,0,-2.5,0,0,-2.5,0,0,-2.5,0,0,-2.5,0,0,0,-17.5
"John Westin","LW",2010,207,0,-2.5,0,0,-2.5,0,0,-2.5,0,0,-2.5,0,0,-2.5,0,0,-2.5,0,0,-2.5,0,0,0,-17.5
"Riley Boychuk","LW",2010,208,0,-2.5,0,0,-2.5,0,0,-2.5,0,0,-2.5,0,0,-2.5,0,0,-2.5,0,0,-2.5,0,0,0,-17.5
"Brendan Ranford","LW",2010,209,0,-2.5,0,0,-2.5,0,0,-2.5,0,0,-2.5,0,1,0,9.31666666666667,0,-2.5,0,0,-2.5,0,9.31666666666667,1,-15
"Zach Trotman","D",2010,210,0,-2.5,0,0,-2.5,0,0,-2.5,0,2,0,30,27,0.9,443.016666666667,38,1.7,705.05,0,-2.5,0,1178.06666666667,67,-7.4
"Ryan Nugent-Hopkins","C",2011,1,62,6,1091.55,40,2,754.616666666667,80,5.4,1631.5,76,6.2,1568.71666666667,55,3.2,1048.43333333333,82,4,1450.75,62,5.9,1121.58333333333,8667.15,457,32.7
"Gabriel Landeskog","LW",2011,2,82,6.8,1526.18333333333,36,1.5,695.733333333333,81,8.1,1512.81666666667,82,6.6,1517.45,75,5.6,1419.43333333333,72,2.7,1352.26666666667,78,7.2,1571.16666666667,9595.05,506,38.5
"Jonathan Huberdeau","C",2011,3,0,-2.5,0,48,3.3,812.516666666667,69,2.2,1080.88333333333,79,6,1323.08333333333,76,7.3,1378.91666666667,31,3.1,555.5,82,7,1574.91666666667,6725.81666666667,385,26.4
"Adam Larsson","D",2011,4,65,3.4,1340.33333333333,37,1.9,669.75,26,1,462.4,64,5,1341.61666666667,82,6.7,1845.78333333333,79,5.5,1591.81666666667,63,3.5,1381.73333333333,8633.43333333333,416,27
"Ryan Strome","C",2011,5,0,-2.5,0,0,-2.5,0,37,1.8,562,81,6.3,1247.23333333333,71,1.8,1111.7,69,2.6,1007.93333333333,82,2.5,1248.05,5176.91666666666,340,10
"Mika Zibanejad","C",2011,6,9,-0.3,116.1,42,2.5,569.783333333333,69,3,988.716666666667,80,5.1,1314.98333333333,81,5.5,1438.51666666667,56,4.2,956.033333333333,72,4.7,1293.48333333333,6677.61666666666,409,24.7
"Mark Scheifele","C",2011,7,7,0.1,76.6166666666667,4,-0.1,46.1,63,3.8,1030.56666666667,82,5.2,1524.25,71,8.6,1316.96666666667,79,10.3,1624.11666666667,60,7,1240.7,6859.31666666668,366,34.9
"Sean Couturier","C",2011,8,77,3.1,1088.71666666667,46,0.6,730.9,82,3.2,1565.11666666667,82,3.3,1507.83333333333,63,4,1171.85,66,3.9,1217.41666666667,82,9,1770.51666666667,9052.35000000001,498,27.1
"Dougie Hamilton","D",2011,9,0,-2.5,0,42,3.3,719.383333333333,64,5.9,1222.58333333333,72,7.1,1535.5,82,5.7,1620.95,81,9.5,1594.41666666667,82,8.5,1765.53333333333,8458.36666666666,423,37.5
"Jonas Brodin","D",2011,10,0,-2.5,0,45,3.2,1044.58333333333,79,5,1888.2,71,5.8,1716.3,68,2.1,1388.6,68,4.1,1330.63333333333,73,5.8,1577.11666666667,8945.43333333333,404,23.5
"Duncan Siemens","D",2011,11,0,-2.5,0,0,-2.5,0,0,-2.5,0,1,0,14,0,-2.5,0,3,-0.1,36.9333333333333,16,0.1,197.1,248.033333333333,20,-10
"Ryan Murphy","D",2011,12,0,-2.5,0,4,-0.3,84.25,48,1.8,877.7,37,2.2,676.75,35,1.9,603.866666666667,27,-0.3,355.65,21,1.7,399.233333333333,2997.45,172,4.5
"Sven Baertschi","LW",2011,13,5,0.7,55.6833333333333,20,1,268.116666666667,26,0.7,366.9,3,0.4,36.1,69,2.8,928.616666666667,68,4.1,1079.55,53,3.3,827.1,3562.06666666667,244,13
"Jamie Oleksiak","D",2011,14,0,-2.5,0,16,0,237.333333333333,7,-0.2,124.533333333333,36,1.2,482.366666666667,19,-0.1,241.6,41,1.4,664.633333333333,47,3.5,817.9,2568.36666666667,166,3.3
"J.T. Miller","C",2011,15,0,-2.5,0,26,-0.2,351.616666666667,30,0.2,343.583333333333,58,2.6,736.583333333333,82,5.5,1232.85,82,6.8,1342.05,19,2,345.55,4352.23333333333,297,14.4
"Joel Armia","RW",2011,16,0,-2.5,0,0,-2.5,0,0,-2.5,0,1,0,14.7833333333333,43,0.8,522.933333333333,57,1.2,862.816666666667,79,2.5,995.516666666667,2396.05,180,-3
"Nathan Beaulieu","D",2011,17,0,-2.5,0,6,0.7,92.2166666666667,17,1,224.883333333333,64,2.6,1004.75,64,2.8,1117.25,74,5.6,1441.5,59,0.9,940.883333333333,4821.48333333333,284,11.1
"Mark McNeill","C",2011,18,0,-2.5,0,0,-2.5,0,0,-2.5,0,0,-2.5,0,1,0,12.7333333333333,1,-0.1,13.8166666666667,0,-2.5,0,26.55,2,-12.6
"Oscar Klefbom","D",2011,19,0,-2.5,0,0,-2.5,0,17,0.2,268.55,60,2.1,1319.93333333333,30,2.2,656.55,82,7.6,1834.35,66,2.8,1507.91666666667,5587.3,255,9.9
"Connor Murphy","D",2011,20,0,-2.5,0,0,-2.5,0,30,2,539.416666666667,73,0.6,1226.45,78,4.2,1599.15,77,2.5,1476.73333333333,76,2.7,1244.38333333333,6086.13333333333,334,7
"Stefan Noesen","RW",2011,21,0,-2.5,0,0,-2.5,0,0,-2.5,0,1,0,6.9,1,0,10.0333333333333,32,1.2,410.9,72,3.2,956.633333333333,1384.46666666667,106,-3.1
"Tyler Biggs","RW",2011,22,0,-2.5,0,0,-2.5,0,0,-2.5,0,0,-2.5,0,0,-2.5,0,0,-2.5,0,0,-2.5,0,0,0,-17.5
"Joseph Morrow","D",2011,23,0,-2.5,0,0,-2.5,0,0,-2.5,0,15,0.7,250.35,33,0.6,524.966666666667,17,0.1,263.933333333333,18,1.3,261.083333333333,1300.33333333333,83,-4.8
"Matt Puempel","LW",2011,24,0,-2.5,0,0,-2.5,0,0,-2.5,0,13,0.6,104.416666666667,26,-0.1,294.783333333333,27,0.9,274.35,0,-2.5,0,673.55,66,-8.6
"Stuart Percy","D",2011,25,0,-2.5,0,0,-2.5,0,0,-2.5,0,9,0.2,162.7,3,-0.1,39.4833333333333,0,-2.5,0,0,-2.5,0,202.183333333333,12,-12.4
"Phillip Danault","LW",2011,26,0,-2.5,0,0,-2.5,0,0,-2.5,0,2,0,19,21,0.4,265.2,82,3.9,1277.7,52,2.2,862.566666666667,2424.46666666667,157,-1
"Vladislav Namestnikov","C",2011,27,0,-2.5,0,0,-2.5,0,4,-0.1,37.8833333333333,43,1.9,515.8,80,4.5,1129.26666666667,74,2.2,1094.08333333333,19,0,298.65,3075.68333333333,220,3.5
"Zack Phillips","C",2011,28,0,-2.5,0,0,-2.5,0,0,-2.5,0,0,-2.5,0,0,-2.5,0,0,-2.5,0,0,-2.5,0,0,0,-17.5
"Nicklas Jensen","LW",2011,29,0,-2.5,0,2,-0.1,27.7,17,0.6,265.85,5,-0.1,47.7833333333333,0,-2.5,0,7,-0.2,64.5666666666667,0,-2.5,0,405.9,31,-7.3
"Rickard Rakell","RW",2011,30,0,-2.5,0,4,-0.2,35.8,18,-0.1,210.966666666667,71,3.2,892.616666666667,72,5.4,1157.18333333333,71,7.8,1234.41666666667,77,8.3,1495.08333333333,5026.06666666666,313,21.9
"David Musil","D",2011,31,0,-2.5,0,0,-2.5,0,0,-2.5,0,4,0.1,79.2166666666667,0,-2.5,0,0,-2.5,0,0,-2.5,0,79.2166666666667,4,-14.9
"Ty Rattie","RW",2011,32,0,-2.5,0,0,-2.5,0,2,-0.1,22.1,11,0.1,100.1,13,1,120.733333333333,5,0,67.3166666666667,14,1.1,216.6,526.85,45,-2.9
"Rocco Grimaldi","C",2011,33,0,-2.5,0,0,-2.5,0,0,-2.5,0,7,0.1,88.2666666666667,20,0.3,237.3,4,-0.1,44,6,0.3,57.85,427.416666666667,37,-6.9
"Scott Mayfield","D",2011,34,0,-2.5,0,0,-2.5,0,5,-0.2,86.8333333333333,0,-2.5,0,6,0,102.65,25,1.3,353.5,47,1.3,838.7,1381.68333333333,83,-5.1
"Tomas Jurco","RW",2011,35,0,-2.5,0,0,-2.5,0,36,1.8,484.75,63,1.4,725.133333333333,44,0.2,404.05,13,-0.2,147.866666666667,29,1.1,365.9,2127.7,185,-0.7
"Adam Clendening","D",2011,36,0,-2.5,0,0,-2.5,0,0,-2.5,0,17,0.5,296.7,20,1.4,310.9,31,1.9,490.1,5,0.2,79.6666666666667,1177.36666666667,73,-3.5
"Boone Jenner","C",2011,37,0,-2.5,0,0,-2.5,0,72,3.6,1013.71666666667,31,1.7,566.366666666667,82,6,1345.55,82,4.1,1317.03333333333,75,2.6,1234.6,5477.26666666667,342,13
"Magnus Hellberg","G",2011,38,0,-2.5,0,0,-2.5,0,0,-2.5,0,0,-2.5,0,0,-2.5,0,0,-2.5,0,0,-2.5,0,0,0,-17.5
"John Gibson","G",2011,39,0,-2.5,0,0,-2.5,0,0,-2.5,0,0,-2.5,0,0,-2.5,0,0,-2.5,0,0,-2.5,0,0,0,-17.5
"Alexander Khokhlachev","C",2011,40,0,-2.5,0,0,-2.5,0,1,0,15.2333333333333,3,-0.1,24.6,5,-0.2,51.2666666666667,0,-2.5,0,0,-2.5,0,91.1,9,-10.3
"Dmitrij Jaskin","RW",2011,41,0,-2.5,0,2,-0.1,14.9833333333333,18,-0.1,191.216666666667,54,2.5,727.266666666667,65,0.8,770.85,51,0.6,589.2,76,1.1,946.083333333333,3239.6,266,2.3
"Victor Rask","C",2011,42,0,-2.5,0,0,-2.5,0,0,-2.5,0,80,2.7,1306.93333333333,80,5.6,1358.65,82,4.2,1418.13333333333,71,2.9,1092.05,5175.76666666666,313,7.9
"Brandon Saad","LW",2011,43,2,-0.1,28.0333333333333,46,3.5,757.216666666667,78,5.7,1270.65,82,6.5,1414.76666666667,78,7.2,1343.03333333333,82,7.2,1396.43333333333,82,2.7,1435.33333333333,7645.46666666666,450,32.7
"Brett Ritchie","RW",2011,44,0,-2.5,0,0,-2.5,0,0,-2.5,0,31,0.8,433.566666666667,8,-0.2,92.8166666666667,78,3.1,1005.91666666667,71,1,769.583333333333,2301.88333333334,188,-2.8
"Markus Granlund","C",2011,45,0,-2.5,0,0,-2.5,0,7,0.5,84.5833333333333,48,1.6,641.733333333333,16,0.1,246.083333333333,69,3.2,1194.28333333333,53,0.4,861.566666666667,3028.25,193,0.8
"Joel Edmundson","D",2011,46,0,-2.5,0,0,-2.5,0,0,-2.5,0,0,-2.5,0,67,2.2,1000.26666666667,69,4.2,1226.03333333333,69,3.9,1431.08333333333,3657.38333333333,205,0.3
"Matthew Nieto","LW",2011,47,0,-2.5,0,0,-2.5,0,66,2,929.066666666667,72,1.8,1098.38333333333,67,1,881.683333333333,43,0.6,685.15,74,2.7,1103.26666666667,4697.55,322,3.1
"Xavier Ouellet","D",2011,48,0,-2.5,0,0,-2.5,0,4,0,58.2833333333333,21,1.2,344.2,5,0,81.2166666666667,66,3.2,1186.21666666667,45,1.2,623.6,2293.51666666667,141,0.6
"Christopher Gibson","G",2011,49,0,-2.5,0,0,-2.5,0,0,-2.5,0,0,-2.5,0,0,-2.5,0,0,-2.5,0,0,-2.5,0,0,0,-17.5
"Johan Sundstrom","C",2011,50,0,-2.5,0,0,-2.5,0,11,-0.1,95.3166666666667,0,-2.5,0,0,-2.5,0,0,-2.5,0,0,-2.5,0,95.3166666666667,11,-15.1
"Alexander Ruuttu","C",2011,51,0,-2.5,0,0,-2.5,0,0,-2.5,0,0,-2.5,0,0,-2.5,0,0,-2.5,0,0,-2.5,0,0,0,-17.5
"Miikka Salomaki","RW",2011,52,0,-2.5,0,0,-2.5,0,0,-2.5,0,1,0.3,10.8166666666667,61,0.4,732.05,5,-0.1,61.0666666666667,58,-0.4,596.216666666667,1400.15,125,-7.3
"William Karlsson","C",2011,53,0,-2.5,0,0,-2.5,0,0,-2.5,0,3,0.4,38.3166666666667,81,0.9,1172.06666666667,81,2,1084.38333333333,82,11.8,1534.78333333333,3829.55,247,7.6
"Scott Harrington","D",2011,54,0,-2.5,0,0,-2.5,0,0,-2.5,0,10,-0.7,158,15,0.3,196.416666666667,22,0.9,286.15,32,1.1,425.583333333333,1066.15,79,-5.9
"Ryan Sproul","D",2011,55,0,-2.5,0,0,-2.5,0,1,0,18.4166666666667,0,-2.5,0,0,-2.5,0,27,0.7,408.983333333333,16,0.4,261.933333333333,689.333333333333,44,-8.9
"Lucas Lessio","LW",2011,56,0,-2.5,0,0,-2.5,0,3,-0.1,34.5833333333333,26,-0.1,331.65,12,0.2,125.7,0,-2.5,0,0,-2.5,0,491.933333333333,41,-10
"Tyler Wotherspoon","D",2011,57,0,-2.5,0,0,-2.5,0,14,0.4,188.3,1,-0.2,20.3166666666667,11,0.2,155.866666666667,4,-0.1,43.6,0,-2.5,0,408.083333333334,30,-7.2
"Nikita Kucherov","LW",2011,58,0,-2.5,0,0,-2.5,0,52,1.9,681.983333333333,82,9.9,1225.98333333333,77,9.2,1402.35,74,12,1438.46666666667,80,11.6,1585.71666666667,6334.5,365,39.6
"Rasmus Bengtsson","D",2011,59,0,-2.5,0,0,-2.5,0,0,-2.5,0,0,-2.5,0,0,-2.5,0,0,-2.5,0,0,-2.5,0,0,0,-17.5
"Mario Lucia","LW",2011,60,0,-2.5,0,0,-2.5,0,0,-2.5,0,0,-2.5,0,0,-2.5,0,0,-2.5,0,0,-2.5,0,0,0,-17.5
"Shane Prince","C",2011,61,0,-2.5,0,0,-2.5,0,0,-2.5,0,2,0.1,20.95,20,0.6,249.966666666667,50,1,648.533333333333,14,-0.1,168.033333333333,1087.48333333333,86,-5.9
"Samu Perhonen","G",2011,62,0,-2.5,0,0,-2.5,0,0,-2.5,0,0,-2.5,0,0,-2.5,0,0,-2.5,0,0,-2.5,0,0,0,-17.5
"Andrey Pedan","D",2011,63,0,-2.5,0,0,-2.5,0,0,-2.5,0,0,-2.5,0,13,-0.1,142.383333333333,0,-2.5,0,0,-2.5,0,142.383333333333,13,-15.1
"Vincent Trocheck","C",2011,64,0,-2.5,0,0,-2.5,0,20,0.4,377.733333333333,50,2.5,700.266666666667,76,7.1,1350.53333333333,82,5.5,1707.88333333333,82,7.4,1751.86666666667,5888.28333333333,310,17.9
"Joseph Cramarossa","C",2011,65,0,-2.5,0,0,-2.5,0,0,-2.5,0,0,-2.5,0,0,-2.5,0,10,-0.2,105.85,0,-2.5,0,105.85,10,-15.2
"T.J. Tynan","C",2011,66,0,-2.5,0,0,-2.5,0,0,-2.5,0,0,-2.5,0,0,-2.5,0,3,-0.1,22.45,0,-2.5,0,22.45,3,-15.1
"Adam Lowry","LW",2011,67,0,-2.5,0,0,-2.5,0,0,-2.5,0,80,2,1100.25,74,0.5,1037.36666666667,82,2.4,1316.03333333333,45,2.1,670.216666666667,4123.86666666667,281,-0.5
"Nick Cousins","C",2011,68,0,-2.5,0,0,-2.5,0,0,-2.5,0,11,-0.1,96.9833333333333,36,1.5,386.316666666667,60,1.1,720.066666666667,71,1.6,913.25,2116.61666666667,178,-3.4
"Michael Paliotta","D",2011,70,0,-2.5,0,0,-2.5,0,0,-2.5,0,1,0.1,12.75,1,0,7.53333333333333,0,-2.5,0,0,-2.5,0,20.2833333333333,2,-12.4
"David Honzik","G",2011,71,0,-2.5,0,0,-2.5,0,0,-2.5,0,0,-2.5,0,0,-2.5,0,0,-2.5,0,0,-2.5,0,0,0,-17.5
"Steven Fogarty","C",2011,72,0,-2.5,0,0,-2.5,0,0,-2.5,0,0,-2.5,0,0,-2.5,0,0,-2.5,0,1,0,12.2666666666667,12.2666666666667,1,-15
"Keegan Lowe","D",2011,73,0,-2.5,0,0,-2.5,0,0,-2.5,0,2,-0.1,27.6833333333333,0,-2.5,0,0,-2.5,0,2,-0.1,27.8,55.4833333333333,4,-12.7
"Travis Ewanyk","LW",2011,74,0,-2.5,0,0,-2.5,0,0,-2.5,0,0,-2.5,0,0,-2.5,0,0,-2.5,0,0,-2.5,0,0,0,-17.5
"Blake Coleman","C",2011,75,0,-2.5,0,0,-2.5,0,0,-2.5,0,0,-2.5,0,0,-2.5,0,23,-0.4,295.466666666667,79,2.5,1137.25,1432.71666666667,102,-10.4
"Logan Shaw","RW",2011,76,0,-2.5,0,0,-2.5,0,0,-2.5,0,0,-2.5,0,53,-0.1,648.766666666667,55,0.7,534,30,0.1,372.583333333333,1555.35,138,-9.3
"Daniel Catenacci","C",2011,77,0,-2.5,0,0,-2.5,0,0,-2.5,0,0,-2.5,0,11,-0.2,96.1333333333333,0,-2.5,0,1,-0.1,11.05,107.183333333333,12,-12.8
"Brennan Serville","D",2011,78,0,-2.5,0,0,-2.5,0,0,-2.5,0,0,-2.5,0,0,-2.5,0,0,-2.5,0,0,-2.5,0,0,0,-17.5
"Klas Dahlbeck","D",2011,79,0,-2.5,0,0,-2.5,0,0,-2.5,0,19,0.2,364.6,71,1.5,1117.03333333333,43,0.6,597.2,33,0.8,540.033333333333,2618.86666666666,166,-4.4
"Andy Andreoff","LW",2011,80,0,-2.5,0,0,-2.5,0,0,-2.5,0,18,0.4,154.233333333333,60,1.2,527.583333333333,36,-0.4,381.466666666667,45,0.3,422.533333333333,1485.81666666667,159,-6
"Anthony Camara","LW",2011,81,0,-2.5,0,0,-2.5,0,0,-2.5,0,0,-2.5,0,0,-2.5,0,0,-2.5,0,0,-2.5,0,0,0,-17.5
"Nick Shore","C",2011,82,0,-2.5,0,0,-2.5,0,0,-2.5,0,34,0.3,376.95,68,-0.4,843.616666666667,70,1.3,895.2,9,0.2,136.25,2252.01666666667,181,-6.1
"Andy Welinski","D",2011,83,0,-2.5,0,0,-2.5,0,0,-2.5,0,0,-2.5,0,0,-2.5,0,0,-2.5,0,7,0.2,113.216666666667,113.216666666667,7,-14.8
"Harrison Ruopp","D",2011,84,0,-2.5,0,0,-2.5,0,0,-2.5,0,0,-2.5,0,0,-2.5,0,0,-2.5,0,0,-2.5,0,0,0,-17.5
"Alan Quine","C",2011,85,0,-2.5,0,0,-2.5,0,0,-2.5,0,0,-2.5,0,2,0.2,35.5166666666667,61,1.1,763.766666666667,21,-0.2,246.45,1045.73333333333,84,-8.9
"Josh Leivo","LW",2011,86,0,-2.5,0,0,-2.5,0,7,0.2,69.0166666666667,9,0.1,68.8833333333333,12,1,147.8,13,1.1,163.466666666667,16,0.2,169.083333333333,618.25,57,-2.4
"Jonathan Racine","D",2011,87,0,-2.5,0,0,-2.5,0,1,-0.1,15.5833333333333,0,-2.5,0,0,-2.5,0,0,-2.5,0,0,-2.5,0,15.5833333333333,1,-15.1
"Jordan Binnington","G",2011,88,0,-2.5,0,0,-2.5,0,0,-2.5,0,0,-2.5,0,0,-2.5,0,0,-2.5,0,0,-2.5,0,0,0,-17.5
"Justin Sefton","D",2011,89,0,-2.5,0,0,-2.5,0,0,-2.5,0,0,-2.5,0,0,-2.5,0,0,-2.5,0,0,-2.5,0,0,0,-17.5
"Alexandre Grenier","RW",2011,90,0,-2.5,0,0,-2.5,0,0,-2.5,0,0,-2.5,0,6,-0.3,68.85,3,-0.1,19.45,0,-2.5,0,88.3,9,-12.9
"Kyle Rau","C",2011,91,0,-2.5,0,0,-2.5,0,0,-2.5,0,0,-2.5,0,9,-0.2,113.316666666667,24,0.1,230.4,3,0,33.0833333333333,376.8,36,-10.1
"Dillon Simpson","D",2011,92,0,-2.5,0,0,-2.5,0,0,-2.5,0,0,-2.5,0,0,-2.5,0,3,0,32.65,0,-2.5,0,32.65,3,-15
"Joachim Nermark","C",2011,93,0,-2.5,0,0,-2.5,0,0,-2.5,0,0,-2.5,0,0,-2.5,0,0,-2.5,0,0,-2.5,0,0,0,-17.5
"Josh Shalla","LW",2011,94,0,-2.5,0,0,-2.5,0,0,-2.5,0,0,-2.5,0,0,-2.5,0,0,-2.5,0,0,-2.5,0,0,0,-17.5
"Robbie Russo","D",2011,95,0,-2.5,0,0,-2.5,0,0,-2.5,0,0,-2.5,0,0,-2.5,0,19,0.5,305.316666666667,0,-2.5,0,305.316666666667,19,-14.5
"Jean-Gabriel Pageau","C",2011,96,0,-2.5,0,9,0.6,103.466666666667,28,-0.3,286.95,50,2.2,709.366666666667,82,5.3,1369.65,82,3.4,1322.71666666667,78,1.7,1305.63333333333,5097.78333333333,329,10.4
"Josiah Didier","D",2011,97,0,-2.5,0,0,-2.5,0,0,-2.5,0,0,-2.5,0,0,-2.5,0,0,-2.5,0,0,-2.5,0,0,0,-17.5
"Mike Reilly","D",2011,98,0,-2.5,0,0,-2.5,0,0,-2.5,0,0,-2.5,0,29,0.9,350.4,17,0.4,210.483333333333,19,1.3,383.65,944.533333333333,65,-7.4
"Reid Boucher","RW",2011,99,0,-2.5,0,0,-2.5,0,23,0.7,261.166666666667,11,-0.1,122.533333333333,39,1.8,556.533333333333,27,0.6,328.75,20,0,227.516666666667,1496.5,120,-2
"Tom Nilsson","D",2011,100,0,-2.5,0,0,-2.5,0,0,-2.5,0,0,-2.5,0,0,-2.5,0,0,-2.5,0,0,-2.5,0,0,0,-17.5
"Joseph Labate","C",2011,101,0,-2.5,0,0,-2.5,0,0,-2.5,0,0,-2.5,0,0,-2.5,0,13,-0.2,87.9333333333333,0,-2.5,0,87.9333333333333,13,-15.2
"Yannick Veilleux","LW",2011,102,0,-2.5,0,0,-2.5,0,0,-2.5,0,0,-2.5,0,0,-2.5,0,0,-2.5,0,0,-2.5,0,0,0,-17.5
"Gregory Hofmann","C",2011,103,0,-2.5,0,0,-2.5,0,0,-2.5,0,0,-2.5,0,0,-2.5,0,0,-2.5,0,0,-2.5,0,0,0,-17.5
"John Gaudreau","LW",2011,104,0,-2.5,0,0,-2.5,0,1,0.2,15.1833333333333,80,7.8,1417.35,79,9.2,1574.51666666667,72,6.1,1331.36666666667,80,8.7,1553.9,5892.31666666667,312,27
"Emil Molin","RW",2011,105,0,-2.5,0,0,-2.5,0,0,-2.5,0,0,-2.5,0,0,-2.5,0,0,-2.5,0,0,-2.5,0,0,0,-17.5
"Michael St. Croix","C",2011,106,0,-2.5,0,0,-2.5,0,0,-2.5,0,0,-2.5,0,0,-2.5,0,0,-2.5,0,0,-2.5,0,0,0,-17.5
"Colin Jacobs","C",2011,107,0,-2.5,0,0,-2.5,0,0,-2.5,0,0,-2.5,0,0,-2.5,0,0,-2.5,0,0,-2.5,0,0,0,-17.5
"Olivier Archambault","LW",2011,108,0,-2.5,0,0,-2.5,0,0,-2.5,0,0,-2.5,0,0,-2.5,0,0,-2.5,0,0,-2.5,0,0,0,-17.5
"Maxim Shalunov","RW",2011,109,0,-2.5,0,0,-2.5,0,0,-2.5,0,0,-2.5,0,0,-2.5,0,0,-2.5,0,0,-2.5,0,0,0,-17.5
"Michael Mersch","LW",2011,110,0,-2.5,0,0,-2.5,0,0,-2.5,0,0,-2.5,0,17,0.2,176.466666666667,0,-2.5,0,0,-2.5,0,176.466666666667,17,-14.8
"Kale Kessy","LW",2011,111,0,-2.5,0,0,-2.5,0,0,-2.5,0,0,-2.5,0,0,-2.5,0,0,-2.5,0,0,-2.5,0,0,0,-17.5
"Garrett Noonan","D",2011,112,0,-2.5,0,0,-2.5,0,0,-2.5,0,0,-2.5,0,0,-2.5,0,0,-2.5,0,0,-2.5,0,0,0,-17.5
"Magnus Nygren","D",2011,113,0,-2.5,0,0,-2.5,0,0,-2.5,0,0,-2.5,0,0,-2.5,0,0,-2.5,0,0,-2.5,0,0,0,-17.5
"Tobias Rieder","C",2011,114,0,-2.5,0,0,-2.5,0,0,-2.5,0,72,1.3,1216.56666666667,82,2.5,1419.05,80,3,1385.05,20,0.6,256.766666666667,4277.43333333334,254,-0.1
"Marek Tvrdon","RW",2011,115,0,-2.5,0,0,-2.5,0,0,-2.5,0,0,-2.5,0,0,-2.5,0,0,-2.5,0,0,-2.5,0,0,0,-17.5
"Colin Suellentrop","D",2011,116,0,-2.5,0,0,-2.5,0,0,-2.5,0,0,-2.5,0,0,-2.5,0,0,-2.5,0,0,-2.5,0,0,0,-17.5
"Steffen Soberg","G",2011,117,0,-2.5,0,0,-2.5,0,0,-2.5,0,0,-2.5,0,0,-2.5,0,0,-2.5,0,0,-2.5,0,0,0,-17.5
"Marcel Noebels","LW",2011,118,0,-2.5,0,0,-2.5,0,0,-2.5,0,0,-2.5,0,0,-2.5,0,0,-2.5,0,0,-2.5,0,0,0,-17.5
"Zachary Yuen","D",2011,119,0,-2.5,0,0,-2.5,0,0,-2.5,0,0,-2.5,0,0,-2.5,0,0,-2.5,0,0,-2.5,0,0,0,-17.5
"Ludwig Blomstrand","LW",2011,120,0,-2.5,0,0,-2.5,0,0,-2.5,0,0,-2.5,0,0,-2.5,0,0,-2.5,0,0,-2.5,0,0,0,-17.5
"Brian Ferlin","RW",2011,121,0,-2.5,0,0,-2.5,0,0,-2.5,0,7,0,61.5666666666667,0,-2.5,0,0,-2.5,0,0,-2.5,0,61.5666666666667,7,-15
"Martin Gernat","D",2011,122,0,-2.5,0,0,-2.5,0,0,-2.5,0,0,-2.5,0,0,-2.5,0,0,-2.5,0,0,-2.5,0,0,0,-17.5
"Garrett Meurs","C",2011,123,0,-2.5,0,0,-2.5,0,0,-2.5,0,0,-2.5,0,0,-2.5,0,0,-2.5,0,0,-2.5,0,0,0,-17.5
"Yaroslav Kosov","C",2011,124,0,-2.5,0,0,-2.5,0,0,-2.5,0,0,-2.5,0,0,-2.5,0,0,-2.5,0,0,-2.5,0,0,0,-17.5
"John Persson","LW",2011,125,0,-2.5,0,0,-2.5,0,10,-0.2,120.366666666667,0,-2.5,0,0,-2.5,0,0,-2.5,0,0,-2.5,0,120.366666666667,10,-15.2
"Fredrik Claesson","D",2011,126,0,-2.5,0,0,-2.5,0,0,-2.5,0,0,-2.5,0,16,-0.2,308.633333333333,33,2.4,433.6,64,1.2,982.016666666667,1724.25,113,-6.6
"Brenden Kichton","D",2011,127,0,-2.5,0,0,-2.5,0,0,-2.5,0,0,-2.5,0,0,-2.5,0,0,-2.5,0,0,-2.5,0,0,0,-17.5
"Seth Ambroz","RW",2011,128,0,-2.5,0,0,-2.5,0,0,-2.5,0,0,-2.5,0,0,-2.5,0,0,-2.5,0,0,-2.5,0,0,0,-17.5
"Blake Pietila","LW",2011,129,0,-2.5,0,0,-2.5,0,0,-2.5,0,0,-2.5,0,7,0.2,84.2333333333333,10,-0.3,130.366666666667,2,0,18.9166666666667,233.516666666667,19,-10.1
"Tony Cameranesi","C",2011,130,0,-2.5,0,0,-2.5,0,0,-2.5,0,0,-2.5,0,0,-2.5,0,0,-2.5,0,0,-2.5,0,0,0,-17.5
"Nick Seeler","D",2011,131,0,-2.5,0,0,-2.5,0,0,-2.5,0,0,-2.5,0,0,-2.5,0,0,-2.5,0,22,1.4,319.766666666667,319.766666666667,22,-13.6
"Niklas Lundstrom","G",2011,132,0,-2.5,0,0,-2.5,0,0,-2.5,0,0,-2.5,0,0,-2.5,0,0,-2.5,0,0,-2.5,0,0,0,-17.5
"Sean Kuraly","C",2011,133,0,-2.5,0,0,-2.5,0,0,-2.5,0,0,-2.5,0,0,-2.5,0,8,0,73.6,75,0.3,918.666666666667,992.266666666667,83,-12.2
"Shane McColgan","RW",2011,134,0,-2.5,0,0,-2.5,0,0,-2.5,0,0,-2.5,0,0,-2.5,0,0,-2.5,0,0,-2.5,0,0,0,-17.5
"Troy Vance","D",2011,135,0,-2.5,0,0,-2.5,0,0,-2.5,0,0,-2.5,0,0,-2.5,0,0,-2.5,0,0,-2.5,0,0,0,-17.5
"Samuel Noreau","D",2011,136,0,-2.5,0,0,-2.5,0,0,-2.5,0,0,-2.5,0,0,-2.5,0,0,-2.5,0,0,-2.5,0,0,0,-17.5
"Alex Lepkowski","D",2011,137,0,-2.5,0,0,-2.5,0,0,-2.5,0,0,-2.5,0,0,-2.5,0,0,-2.5,0,0,-2.5,0,0,0,-17.5
"Darren Dietz","D",2011,138,0,-2.5,0,0,-2.5,0,0,-2.5,0,0,-2.5,0,13,0.8,188.983333333333,0,-2.5,0,0,-2.5,0,188.983333333333,13,-14.2
"Andrew Shaw","C",2011,139,37,2.7,562.683333333333,48,1.6,722.466666666667,80,4.6,1255.23333333333,79,2.4,1180.86666666667,78,3.9,1142.78333333333,68,3,1033.71666666667,51,1.6,806.283333333333,6704.03333333333,441,19.8
"Joel Lowry","LW",2011,140,0,-2.5,0,0,-2.5,0,0,-2.5,0,0,-2.5,0,0,-2.5,0,0,-2.5,0,0,-2.5,0,0,0,-17.5
"Darian Dziurzynski","LW",2011,141,0,-2.5,0,0,-2.5,0,0,-2.5,0,0,-2.5,0,0,-2.5,0,0,-2.5,0,0,-2.5,0,0,0,-17.5
"Simon Karlsson","D",2011,142,0,-2.5,0,0,-2.5,0,0,-2.5,0,0,-2.5,0,0,-2.5,0,0,-2.5,0,0,-2.5,0,0,0,-17.5
"Max Friberg","LW",2011,143,0,-2.5,0,0,-2.5,0,0,-2.5,0,1,0,8.78333333333333,5,-0.1,44.2,0,-2.5,0,0,-2.5,0,52.9833333333333,6,-12.6
"Dominik Uher","C",2011,144,0,-2.5,0,0,-2.5,0,0,-2.5,0,2,-0.1,12.9166666666667,0,-2.5,0,0,-2.5,0,0,-2.5,0,12.9166666666667,2,-15.1
"Philippe Hudon","C/RW",2011,145,0,-2.5,0,0,-2.5,0,0,-2.5,0,0,-2.5,0,0,-2.5,0,0,-2.5,0,0,-2.5,0,0,0,-17.5
"Mattias Backman","D",2011,146,0,-2.5,0,0,-2.5,0,0,-2.5,0,0,-2.5,0,0,-2.5,0,0,-2.5,0,0,-2.5,0,0,0,-17.5
"Patrick Koudys","D",2011,147,0,-2.5,0,0,-2.5,0,0,-2.5,0,0,-2.5,0,0,-2.5,0,0,-2.5,0,0,-2.5,0,0,0,-17.5
"Nikita Nesterov","D",2011,148,0,-2.5,0,0,-2.5,0,0,-2.5,0,27,1.7,433.466666666667,57,1.7,848.7,13,1.1,201.233333333333,0,-2.5,0,1483.4,97,-5.5
"Austen Brassard","RW",2011,149,0,-2.5,0,0,-2.5,0,0,-2.5,0,0,-2.5,0,0,-2.5,0,0,-2.5,0,0,-2.5,0,0,0,-17.5
"Frank Corrado","D",2011,150,0,-2.5,0,3,0,58.2166666666667,15,0.3,188.466666666667,10,-0.3,156.683333333333,39,0.4,563.7,2,-0.1,15.0833333333333,5,0,57.5,1039.65,74,-2.2
"Rob O'Gara","D",2011,151,0,-2.5,0,0,-2.5,0,0,-2.5,0,0,-2.5,0,0,-2.5,0,3,0.1,48.0333333333333,22,0.5,377.55,425.583333333333,25,-11.9
"David Broll","LW",2011,152,0,-2.5,0,0,-2.5,0,5,0.1,40.9166666666667,0,-2.5,0,0,-2.5,0,0,-2.5,0,0,-2.5,0,40.9166666666667,5,-14.9
"Gabriel Beaupre","D",2011,153,0,-2.5,0,0,-2.5,0,0,-2.5,0,0,-2.5,0,0,-2.5,0,0,-2.5,0,0,-2.5,0,0,0,-17.5
"Eddie Wittchow","D",2011,154,0,-2.5,0,0,-2.5,0,0,-2.5,0,0,-2.5,0,0,-2.5,0,0,-2.5,0,0,-2.5,0,0,0,-17.5
"Andrew Fritsch","RW",2011,155,0,-2.5,0,0,-2.5,0,0,-2.5,0,0,-2.5,0,0,-2.5,0,0,-2.5,0,0,-2.5,0,0,0,-17.5
"Darren Kramer","C",2011,156,0,-2.5,0,0,-2.5,0,0,-2.5,0,0,-2.5,0,0,-2.5,0,0,-2.5,0,0,-2.5,0,0,0,-17.5
"Jason Kasdorf","G",2011,157,0,-2.5,0,0,-2.5,0,0,-2.5,0,0,-2.5,0,0,-2.5,0,0,-2.5,0,0,-2.5,0,0,0,-17.5
"Lukas Sedlak","C",2011,158,0,-2.5,0,0,-2.5,0,0,-2.5,0,0,-2.5,0,0,-2.5,0,62,1.6,602.833333333333,53,0.3,498.216666666667,1101.05,115,-10.6
"Reece Scarlett","D",2011,159,0,-2.5,0,0,-2.5,0,0,-2.5,0,0,-2.5,0,0,-2.5,0,0,-2.5,0,0,-2.5,0,0,0,-17.5
"Josh Manson","D",2011,160,0,-2.5,0,0,-2.5,0,0,-2.5,0,28,0.7,516.15,71,5,1333.55,82,5.3,1527.31666666667,80,8.6,1628.28333333333,5005.3,261,12.1
"Steve Michalek","G",2011,161,0,-2.5,0,0,-2.5,0,0,-2.5,0,0,-2.5,0,0,-2.5,0,0,-2.5,0,0,-2.5,0,0,0,-17.5
"Ryan Tesink","C",2011,162,0,-2.5,0,0,-2.5,0,0,-2.5,0,0,-2.5,0,0,-2.5,0,0,-2.5,0,0,-2.5,0,0,0,-17.5
"Matt Mahalak","G",2011,163,0,-2.5,0,0,-2.5,0,0,-2.5,0,0,-2.5,0,0,-2.5,0,0,-2.5,0,0,-2.5,0,0,0,-17.5
"Laurent Brossoit","G",2011,164,0,-2.5,0,0,-2.5,0,0,-2.5,0,0,-2.5,0,0,-2.5,0,0,-2.5,0,0,-2.5,0,0,0,-17.5
"Matej Stransky","RW",2011,165,0,-2.5,0,0,-2.5,0,0,-2.5,0,0,-2.5,0,0,-2.5,0,0,-2.5,0,0,-2.5,0,0,0,-17.5
"Daniil Sobchenko","C",2011,166,0,-2.5,0,0,-2.5,0,0,-2.5,0,0,-2.5,0,0,-2.5,0,0,-2.5,0,0,-2.5,0,0,0,-17.5
"Nathan Lieuwen","G",2011,167,0,-2.5,0,0,-2.5,0,0,-2.5,0,0,-2.5,0,0,-2.5,0,0,-2.5,0,0,-2.5,0,0,0,-17.5
"Daniel Pribyl","C",2011,168,0,-2.5,0,0,-2.5,0,0,-2.5,0,0,-2.5,0,0,-2.5,0,0,-2.5,0,0,-2.5,0,0,0,-17.5
"Sam Jardine","D",2011,169,0,-2.5,0,0,-2.5,0,0,-2.5,0,0,-2.5,0,0,-2.5,0,0,-2.5,0,0,-2.5,0,0,0,-17.5
"Chase Balisy","C",2011,170,0,-2.5,0,0,-2.5,0,0,-2.5,0,0,-2.5,0,0,-2.5,0,0,-2.5,0,8,-0.2,78.5333333333333,78.5333333333333,8,-15.2
"Max McCormick","LW",2011,171,0,-2.5,0,0,-2.5,0,0,-2.5,0,0,-2.5,0,20,0.1,209.166666666667,7,-0.2,47.3166666666667,30,0.2,250.533333333333,507.016666666667,57,-9.9
"Peter Ceresnak","D",2011,172,0,-2.5,0,0,-2.5,0,0,-2.5,0,0,-2.5,0,0,-2.5,0,0,-2.5,0,0,-2.5,0,0,0,-17.5
"Dennis Robertson","D",2011,173,0,-2.5,0,0,-2.5,0,0,-2.5,0,0,-2.5,0,0,-2.5,0,0,-2.5,0,0,-2.5,0,0,0,-17.5
"Josh Archibald","W",2011,174,0,-2.5,0,0,-2.5,0,0,-2.5,0,0,-2.5,0,1,0,5.03333333333333,10,0.6,108.65,39,0.9,470.616666666667,584.3,50,-8.5
"Richard Nedomlel","D",2011,175,0,-2.5,0,0,-2.5,0,0,-2.5,0,0,-2.5,0,0,-2.5,0,0,-2.5,0,0,-2.5,0,0,0,-17.5
"Petr Placek","RW",2011,176,0,-2.5,0,0,-2.5,0,0,-2.5,0,0,-2.5,0,0,-2.5,0,0,-2.5,0,0,-2.5,0,0,0,-17.5
"Travis Boyd","C",2011,177,0,-2.5,0,0,-2.5,0,0,-2.5,0,0,-2.5,0,0,-2.5,0,0,-2.5,0,8,0.1,70.6,70.6,8,-14.9
"Adam Wilcox","G",2011,178,0,-2.5,0,0,-2.5,0,0,-2.5,0,0,-2.5,0,0,-2.5,0,0,-2.5,0,0,-2.5,0,0,0,-17.5
"Dylan Demelo","D",2011,179,0,-2.5,0,0,-2.5,0,0,-2.5,0,0,-2.5,0,45,1.2,612.816666666667,25,1.6,397.316666666667,63,3,894.966666666667,1905.1,133,-4.2
"Pathrik Westerholm","C",2011,180,0,-2.5,0,0,-2.5,0,0,-2.5,0,0,-2.5,0,0,-2.5,0,0,-2.5,0,0,-2.5,0,0,0,-17.5
"Lars Volden","G",2011,181,0,-2.5,0,0,-2.5,0,0,-2.5,0,0,-2.5,0,0,-2.5,0,0,-2.5,0,0,-2.5,0,0,0,-17.5
"Frans Tuohimaa","G",2011,182,0,-2.5,0,0,-2.5,0,0,-2.5,0,0,-2.5,0,0,-2.5,0,0,-2.5,0,0,-2.5,0,0,0,-17.5
"Dillon Donnelly","D",2011,183,0,-2.5,0,0,-2.5,0,0,-2.5,0,0,-2.5,0,0,-2.5,0,0,-2.5,0,0,-2.5,0,0,0,-17.5
"Iiro Pakarinen","RW",2011,184,0,-2.5,0,0,-2.5,0,0,-2.5,0,17,0,172.3,63,0.5,677.266666666667,14,0.5,124.933333333333,40,-0.2,407.733333333333,1382.23333333333,134,-6.7
"Mitchell Theoret","C",2011,185,0,-2.5,0,0,-2.5,0,0,-2.5,0,0,-2.5,0,0,-2.5,0,0,-2.5,0,0,-2.5,0,0,0,-17.5
"Jordan Fransoo","D",2011,186,0,-2.5,0,0,-2.5,0,0,-2.5,0,0,-2.5,0,0,-2.5,0,0,-2.5,0,0,-2.5,0,0,0,-17.5
"Aaron Harstad","D",2011,187,0,-2.5,0,0,-2.5,0,0,-2.5,0,0,-2.5,0,0,-2.5,0,0,-2.5,0,0,-2.5,0,0,0,-17.5
"Anton Forsberg","G",2011,188,0,-2.5,0,0,-2.5,0,0,-2.5,0,0,-2.5,0,0,-2.5,0,0,-2.5,0,0,-2.5,0,0,0,-17.5
"Patrick Daly","D",2011,189,0,-2.5,0,0,-2.5,0,0,-2.5,0,0,-2.5,0,0,-2.5,0,0,-2.5,0,0,-2.5,0,0,0,-17.5
"Garret Sparks","G",2011,190,0,-2.5,0,0,-2.5,0,0,-2.5,0,0,-2.5,0,0,-2.5,0,0,-2.5,0,0,-2.5,0,0,0,-17.5
"Tyler Graovac","C",2011,191,0,-2.5,0,0,-2.5,0,0,-2.5,0,3,0,27.6666666666667,2,-0.1,23.2166666666667,52,1.1,511.716666666667,5,-0.2,33.7,596.3,62,-6.7
"Teemu Eronen","D",2011,192,0,-2.5,0,0,-2.5,0,0,-2.5,0,0,-2.5,0,0,-2.5,0,0,-2.5,0,0,-2.5,0,0,0,-17.5
"Brody Sutter","C",2011,193,0,-2.5,0,0,-2.5,0,0,-2.5,0,4,-0.1,29.75,8,-0.3,71.7333333333333,0,-2.5,0,0,-2.5,0,101.483333333333,12,-12.9
"Colin Blackwell","C",2011,194,0,-2.5,0,0,-2.5,0,0,-2.5,0,0,-2.5,0,0,-2.5,0,0,-2.5,0,0,-2.5,0,0,0,-17.5
"Jyrki Jokipakka","D",2011,195,0,-2.5,0,0,-2.5,0,0,-2.5,0,51,1.3,842.05,18,1.1,322.283333333333,3,0,43.3833333333333,0,-2.5,0,1207.71666666667,72,-7.6
"Zac Larraza","LW",2011,196,0,-2.5,0,0,-2.5,0,0,-2.5,0,0,-2.5,0,0,-2.5,0,0,-2.5,0,0,-2.5,0,0,0,-17.5
"Brad Navin","C",2011,197,0,-2.5,0,0,-2.5,0,0,-2.5,0,0,-2.5,0,0,-2.5,0,0,-2.5,0,0,-2.5,0,0,0,-17.5
"Colin Sullivan","D",2011,198,0,-2.5,0,0,-2.5,0,0,-2.5,0,0,-2.5,0,0,-2.5,0,0,-2.5,0,0,-2.5,0,0,0,-17.5
"Alex Broadhurst","C",2011,199,0,-2.5,0,0,-2.5,0,0,-2.5,0,0,-2.5,0,0,-2.5,0,0,-2.5,0,2,0,20.0833333333333,20.0833333333333,2,-15
"Michael Schumacher","LW",2011,200,0,-2.5,0,0,-2.5,0,0,-2.5,0,0,-2.5,0,0,-2.5,0,0,-2.5,0,0,-2.5,0,0,0,-17.5
"Matthew Peca","C",2011,201,0,-2.5,0,0,-2.5,0,0,-2.5,0,0,-2.5,0,0,-2.5,0,10,0,114.45,10,0.7,136.7,251.15,20,-11.8
"Brent Andrews","LW",2011,202,0,-2.5,0,0,-2.5,0,0,-2.5,0,0,-2.5,0,0,-2.5,0,0,-2.5,0,0,-2.5,0,0,0,-17.5
"Max Everson","D",2011,203,0,-2.5,0,0,-2.5,0,0,-2.5,0,0,-2.5,0,0,-2.5,0,0,-2.5,0,0,-2.5,0,0,0,-17.5
"Ryan Dzingel","C",2011,204,0,-2.5,0,0,-2.5,0,0,-2.5,0,0,-2.5,0,30,0.9,323.933333333333,81,3.5,1165.43333333333,79,3.7,1303.11666666667,2792.48333333333,190,-1.9
"Alexei Marchenko","D",2011,205,0,-2.5,0,0,-2.5,0,1,0.2,13.35,13,0.6,200.6,66,2.3,1110.85,11,0.5,155.583333333333,0,-2.5,0,1480.38333333333,91,-3.9
"Derek Mathers","RW",2011,206,0,-2.5,0,0,-2.5,0,0,-2.5,0,0,-2.5,0,0,-2.5,0,0,-2.5,0,0,-2.5,0,0,0,-17.5
"Garrett Haar","D",2011,207,0,-2.5,0,0,-2.5,0,0,-2.5,0,0,-2.5,0,0,-2.5,0,0,-2.5,0,0,-2.5,0,0,0,-17.5
"Ondrej Palat","LW",2011,208,0,-2.5,0,14,0.5,164.266666666667,81,7.9,1460.8,75,7.8,1307.35,62,5.1,1110.98333333333,75,5.6,1434,56,3.4,951.783333333333,6429.18333333333,363,27.8
"Scott Wilson","C/LW",2011,209,0,-2.5,0,0,-2.5,0,0,-2.5,0,1,0,4.35,24,0.8,256.45,78,2,853.666666666667,49,0.5,684.116666666667,1798.58333333333,152,-4.2
"Henrik Tommernes","D",2011,210,0,-2.5,0,0,-2.5,0,0,-2.5,0,0,-2.5,0,0,-2.5,0,0,-2.5,0,0,-2.5,0,0,0,-17.5
"Johan Mattsson","G",2011,211,0,-2.5,0,0,-2.5,0,0,-2.5,0,0,-2.5,0,0,-2.5,0,0,-2.5,0,0,-2.5,0,0,0,-17.5
"Nail Yakupov","RW",2012,1,48,4,698.966666666667,63,1.1,901.783333333333,81,1.9,1250.88333333333,60,1.5,853.183333333333,40,0.5,425.883333333333,58,1.7,628.616666666667,0,-2.5,0,4759.31666666666,350,8.2
"Ryan Murray","D",2012,2,0,-2.5,0,66,4.5,1311.46666666667,12,0.7,226.9,82,3.8,1873.38333333333,60,2.4,1099.98333333333,44,2.3,811.2,56,5.7,1200.6,6523.53333333333,320,16.9
"Alex Galchenyuk","C",2012,3,48,3.5,591.4,65,3,935.683333333333,80,5.6,1314.3,82,7,1333.26666666667,61,4.9,971.716666666667,82,4.2,1331.2,72,4.1,1132.63333333333,7610.2,490,32.3
"Griffin Reinhart","D",2012,4,0,-2.5,0,0,-2.5,0,8,0.3,113.383333333333,29,0.2,524.166666666667,0,-2.5,0,0,-2.5,0,0,-2.5,0,637.55,37,-12
"Morgan Rielly","D",2012,5,0,-2.5,0,73,3.1,1286.53333333333,81,4.5,1647.35,82,5.6,1904.61666666667,76,2.9,1684.81666666667,76,6.8,1641.58333333333,82,11.7,1896.01666666667,10060.9166666667,470,32.1
"Hampus Lindholm","D",2012,6,0,-2.5,0,78,6.6,1515.66666666667,78,7.7,1697.3,80,7.3,1760.15,66,5.6,1481.66666666667,69,7.2,1569.05,76,5.5,1823.6,9847.43333333334,447,37.4
"Mathew Dumba","D",2012,7,0,-2.5,0,13,0.1,161.833333333333,58,4.7,870.6,81,5.6,1364.08333333333,76,6.9,1544.76666666667,82,9.3,1952.81666666667,32,4.2,748.033333333333,6642.13333333334,342,28.3
"Derrick Pouliot","D",2012,8,0,-2.5,0,0,-2.5,0,34,0.6,596.583333333333,22,1.3,339.966666666667,11,-0.3,163.733333333333,71,2.3,1267.46666666667,62,2.7,1063.81666666667,3431.56666666667,200,1.6
"Jacob Trouba","D",2012,9,0,-2.5,0,65,5.9,1458.36666666667,65,4.6,1515.56666666667,81,4.9,1787.38333333333,60,5.2,1497.8,55,4.3,1204.38333333333,82,7.5,1876,9339.5,408,29.9
"Slater Koekkoek","D",2012,10,0,-2.5,0,0,-2.5,0,3,0,49.75,9,0.1,92.8166666666667,29,0.5,376.733333333333,35,1.6,393.233333333333,22,1,361.783333333333,1274.31666666667,98,-1.8
"Filip Forsberg","C",2012,11,5,-0.2,77.3833333333333,13,0.1,148.266666666667,82,8.3,1421.13333333333,82,8.5,1562.31666666667,82,7.2,1518.48333333333,67,8.3,1170.76666666667,64,6.3,1191.45,7089.8,395,38.5
"Mikhail Grigorenko","C",2012,12,25,0.2,255.883333333333,18,0.2,205.733333333333,25,0,379.233333333333,74,2.2,981.733333333333,75,1.6,1056.68333333333,0,-2.5,0,0,-2.5,0,2879.26666666666,217,-0.8
"Radek Faksa","C",2012,13,0,-2.5,0,0,-2.5,0,0,-2.5,0,45,1.3,555.916666666667,80,2.4,1293.8,79,4.2,1206.43333333333,81,2.6,1330.81666666667,4386.96666666667,285,3
"Zemgus Girgensons","C",2012,14,0,-2.5,0,70,1.8,1072.11666666667,61,2.6,1163.85,71,1.3,1067.56666666667,75,0.8,986.966666666667,71,0.5,973.4,72,0.4,980.016666666667,6243.91666666667,420,4.9
"Cody Ceci","D",2012,15,0,-2.5,0,49,1.4,843.116666666667,81,3.6,1562.48333333333,75,5.2,1447.51666666667,79,3.2,1833.2,82,2.2,1913.83333333333,74,3.1,1669.51666666667,9269.66666666667,440,16.2
"Tom Wilson","RW",2012,16,0,-2.5,0,82,0.4,650.95,67,1,732.766666666667,82,1.7,1058.85,82,1.3,1059.86666666667,78,3.2,1247.13333333333,63,4.4,1142.98333333333,5892.55,454,9.5
"Tomas Hertl","C",2012,17,0,-2.5,0,37,3.9,567.15,82,2.7,1193.3,81,6.1,1293.81666666667,49,1.9,843.966666666667,79,4.6,1430.01666666667,77,8.3,1464.51666666667,6792.76666666668,405,25
"Teuvo Teravainen","LW",2012,18,0,-2.5,0,3,-0.1,42.2833333333333,34,0.9,434.666666666667,78,3.3,1196.9,81,4.1,1315.45,82,7.1,1384.75,82,8.7,1469.21666666667,5843.26666666667,360,21.5
"Andrey Vasilevskiy","G",2012,19,0,-2.5,0,0,-2.5,0,0,-2.5,0,0,-2.5,0,0,-2.5,0,0,-2.5,0,0,-2.5,0,0,0,-17.5
"Scott Laughton","C",2012,20,5,-0.1,57.5833333333333,0,-2.5,0,31,0.2,394.3,71,1.8,740.8,2,0,20.4833333333333,81,1,900.716666666667,82,1.9,1217.8,3331.68333333333,272,2.3
"Mark Jankowski","C",2012,21,0,-2.5,0,0,-2.5,0,0,-2.5,0,0,-2.5,0,1,0,10.3,72,2.5,961.633333333333,79,2.9,1003.91666666667,1975.85,152,-4.6
"Olli Maatta","D",2012,22,0,-2.5,0,78,6.6,1442.9,20,1.6,414.166666666667,67,5.9,1337.33333333333,55,2.3,993.516666666667,82,4.9,1537.98333333333,60,2.7,1115.4,6841.29999999999,362,21.5
"Michael Matheson","D",2012,23,0,-2.5,0,0,-2.5,0,0,-2.5,0,3,0.1,52.6,81,4.4,1705.28333333333,81,5.1,1728.31666666667,75,3.2,1673.85,5160.05,240,5.3
"Malcolm Subban","G",2012,24,0,-2.5,0,0,-2.5,0,0,-2.5,0,0,-2.5,0,0,-2.5,0,0,-2.5,0,0,-2.5,0,0,0,-17.5
"Jordan Schmaltz","D",2012,25,0,-2.5,0,0,-2.5,0,0,-2.5,0,0,-2.5,0,9,0.4,129.066666666667,13,0.3,142.633333333333,20,-0.1,229.716666666667,501.416666666667,42,-9.4
"Brendan Gaunce","C",2012,26,0,-2.5,0,0,-2.5,0,0,-2.5,0,20,-0.5,255.166666666667,57,-0.3,541,37,0.3,492.466666666667,3,0.5,22.8333333333333,1311.46666666667,117,-7.5
"Henrik Samuelsson","C/RW",2012,27,0,-2.5,0,0,-2.5,0,3,-0.1,39.8,0,-2.5,0,0,-2.5,0,0,-2.5,0,0,-2.5,0,39.8,3,-15.1
"Brady Skjei","D",2012,28,0,-2.5,0,0,-2.5,0,0,-2.5,0,7,0.1,124.133333333333,80,6.4,1397.01666666667,82,2.7,1724.05,78,4.5,1656.26666666667,4901.46666666667,247,6.2
"Stefan Matteau","LW",2012,29,17,0.2,156.183333333333,0,-2.5,0,7,0.1,83.1,12,-0.3,127.55,0,-2.5,0,8,0,65.6166666666667,0,-2.5,0,432.45,44,-7.5
"Tanner Pearson","LW",2012,30,0,-2.5,0,25,0.8,270.216666666667,42,2.8,558.266666666667,79,4.3,1142.38333333333,80,6,1305.6,82,4,1309.35,19,1.7,312.8,4898.61666666666,327,17.1
"Oscar Dansk","G",2012,31,0,-2.5,0,0,-2.5,0,0,-2.5,0,0,-2.5,0,0,-2.5,0,0,-2.5,0,0,-2.5,0,0,0,-17.5
"Mitchell Moroz","LW",2012,32,0,-2.5,0,0,-2.5,0,0,-2.5,0,0,-2.5,0,0,-2.5,0,0,-2.5,0,0,-2.5,0,0,0,-17.5
"Sebastian Collberg","RW",2012,33,0,-2.5,0,0,-2.5,0,0,-2.5,0,0,-2.5,0,0,-2.5,0,0,-2.5,0,0,-2.5,0,0,0,-17.5
"Ville Pokka","D",2012,34,0,-2.5,0,0,-2.5,0,0,-2.5,0,0,-2.5,0,0,-2.5,0,0,-2.5,0,0,-2.5,0,0,0,-17.5
"Matt Finn","D",2012,35,0,-2.5,0,0,-2.5,0,0,-2.5,0,0,-2.5,0,0,-2.5,0,0,-2.5,0,0,-2.5,0,0,0,-17.5
"Nicolas Kerdiles","LW",2012,36,0,-2.5,0,0,-2.5,0,0,-2.5,0,0,-2.5,0,1,0,11.1333333333333,2,0,7.5,0,-2.5,0,18.6333333333333,3,-12.5
"Pontus Aberg","LW",2012,37,0,-2.5,0,0,-2.5,0,0,-2.5,0,0,-2.5,0,15,-0.1,185.033333333333,16,0.7,234.233333333333,22,0.2,283.1,702.366666666666,53,-9.2
"Phillip Di Giuseppe","LW",2012,38,0,-2.5,0,0,-2.5,0,0,-2.5,0,41,1.9,584.916666666667,36,-0.3,442.65,49,1.1,514.6,3,-0.1,35.0666666666667,1577.23333333333,129,-4.9
"Lukas Sutter","C",2012,39,0,-2.5,0,0,-2.5,0,0,-2.5,0,0,-2.5,0,0,-2.5,0,0,-2.5,0,0,-2.5,0,0,0,-17.5
"Dylan Blujus","D",2012,40,0,-2.5,0,0,-2.5,0,0,-2.5,0,0,-2.5,0,0,-2.5,0,0,-2.5,0,0,-2.5,0,0,0,-17.5
"Mitchell Heard","C",2012,41,0,-2.5,0,0,-2.5,0,0,-2.5,0,0,-2.5,0,0,-2.5,0,0,-2.5,0,0,-2.5,0,0,0,-17.5
"Patrick Sieloff","D",2012,42,0,-2.5,0,0,-2.5,0,0,-2.5,0,1,0.3,17.9833333333333,0,-2.5,0,1,0.1,11.1833333333333,0,-2.5,0,29.1666666666666,2,-12.1
"Ludwig Bystrom","D",2012,43,0,-2.5,0,0,-2.5,0,0,-2.5,0,0,-2.5,0,0,-2.5,0,0,-2.5,0,0,-2.5,0,0,0,-17.5
"Jake McCabe","D",2012,44,0,-2.5,0,7,0,106.5,2,0,22.25,77,4.5,1472.05,76,4,1573.58333333333,53,2.2,1033.55,59,3,1117.75,5325.68333333333,274,11.2
"Anthony Stolarz","G",2012,45,0,-2.5,0,0,-2.5,0,0,-2.5,0,0,-2.5,0,0,-2.5,0,0,-2.5,0,0,-2.5,0,0,0,-17.5
"Raphael Bussieres","LW",2012,46,0,-2.5,0,0,-2.5,0,0,-2.5,0,0,-2.5,0,0,-2.5,0,0,-2.5,0,0,-2.5,0,0,0,-17.5
"Brock McGinn","LW",2012,47,0,-2.5,0,0,-2.5,0,0,-2.5,0,21,-0.1,234.866666666667,57,1.1,683.85,80,2.5,1159.73333333333,82,2.2,1173.38333333333,3251.83333333333,240,-1.8
"Dillon Fournier","D",2012,48,0,-2.5,0,0,-2.5,0,0,-2.5,0,0,-2.5,0,0,-2.5,0,0,-2.5,0,0,-2.5,0,0,0,-17.5
"Martin Frk","RW",2012,49,0,-2.5,0,0,-2.5,0,0,-2.5,0,0,-2.5,0,2,-0.2,16.6666666666667,68,2,699.533333333333,30,-0.1,275.566666666667,991.766666666667,100,-8.3
"Colton Sissons","C",2012,50,0,-2.5,0,17,0.3,180.5,0,-2.5,0,34,0.8,338.616666666667,58,1.4,645.133333333333,81,1.4,1303.63333333333,75,3.3,1203.31666666667,3671.2,265,2.2
"Dalton Thrower","D",2012,51,0,-2.5,0,0,-2.5,0,0,-2.5,0,0,-2.5,0,0,-2.5,0,0,-2.5,0,0,-2.5,0,0,0,-17.5
"Teddy Blueger","C",2012,52,0,-2.5,0,0,-2.5,0,0,-2.5,0,0,-2.5,0,0,-2.5,0,0,-2.5,0,28,1.3,309.6,309.6,28,-13.7
"Brian Hart","RW",2012,53,0,-2.5,0,0,-2.5,0,0,-2.5,0,0,-2.5,0,0,-2.5,0,0,-2.5,0,0,-2.5,0,0,0,-17.5
"Mike Winther","C",2012,54,0,-2.5,0,0,-2.5,0,0,-2.5,0,0,-2.5,0,0,-2.5,0,0,-2.5,0,0,-2.5,0,0,0,-17.5
"Chris Tierney","C",2012,55,0,-2.5,0,0,-2.5,0,43,2.3,526.65,79,0.7,1042.18333333333,80,1.9,1168.3,82,3.7,1311.98333333333,81,2.5,1379.48333333333,5428.59999999999,365,6.1
"Sam Kurker","RW",2012,56,0,-2.5,0,0,-2.5,0,0,-2.5,0,0,-2.5,0,0,-2.5,0,0,-2.5,0,0,-2.5,0,0,0,-17.5
"Alexandre Mallet","LW",2012,57,0,-2.5,0,0,-2.5,0,0,-2.5,0,0,-2.5,0,0,-2.5,0,0,-2.5,0,0,-2.5,0,0,0,-17.5
"Jordan Martinook","LW",2012,58,0,-2.5,0,0,-2.5,0,8,-0.1,93.5833333333333,81,1.3,1230.45,77,1.7,1207.3,81,-0.4,1134.83333333333,82,2.2,1187.83333333333,4853.99999999999,329,-0.299999999999999
"Cristoval Nieves","C",2012,59,0,-2.5,0,0,-2.5,0,0,-2.5,0,0,-2.5,0,1,-0.1,11.7333333333333,28,0.8,285.566666666667,43,0.6,415.183333333333,712.483333333333,72,-8.7
"Damon Severson","D",2012,60,0,-2.5,0,0,-2.5,0,51,2.9,1120.11666666667,72,4,1307.86666666667,80,3.4,1628.18333333333,76,4.4,1495.66666666667,82,5.4,1807.51666666667,7359.35000000001,361,15.1
"Devin Shore","C",2012,61,0,-2.5,0,0,-2.5,0,0,-2.5,0,3,0,36.35,82,2.8,1159.11666666667,82,1.4,1265.13333333333,34,0.5,525.483333333333,2986.08333333333,201,-2.8
"Joonas Korpisalo","G",2012,62,0,-2.5,0,0,-2.5,0,0,-2.5,0,0,-2.5,0,0,-2.5,0,0,-2.5,0,0,-2.5,0,0,0,-17.5
"Jujhar Khaira","LW",2012,63,0,-2.5,0,0,-2.5,0,0,-2.5,0,15,-0.1,155.316666666667,10,0.1,92.5666666666667,69,1.5,876.816666666667,60,0.4,754.016666666667,1878.71666666667,154,-5.6
"Tim Bozon","LW",2012,64,0,-2.5,0,0,-2.5,0,0,-2.5,0,0,-2.5,0,0,-2.5,0,0,-2.5,0,0,-2.5,0,0,0,-17.5
"Adam Pelech","D",2012,65,0,-2.5,0,0,-2.5,0,0,-2.5,0,9,0.3,158.216666666667,44,1.4,740.7,78,3.4,1503.38333333333,78,5.9,1453.1,3855.4,209,3.5
"Jimmy Vesey","LW",2012,66,0,-2.5,0,0,-2.5,0,0,-2.5,0,0,-2.5,0,80,2.2,1090.7,79,2.2,1132.16666666667,81,2.9,1300.65,3523.51666666667,240,-2.7
"Mackenzie MacEachern","LW",2012,67,0,-2.5,0,0,-2.5,0,0,-2.5,0,0,-2.5,0,0,-2.5,0,0,-2.5,0,29,0.4,232.933333333333,232.933333333333,29,-14.6
"John Draeger","D",2012,68,0,-2.5,0,0,-2.5,0,0,-2.5,0,0,-2.5,0,0,-2.5,0,0,-2.5,0,0,-2.5,0,0,0,-17.5
"Daniel Altshuller","G",2012,69,0,-2.5,0,0,-2.5,0,0,-2.5,0,0,-2.5,0,0,-2.5,0,0,-2.5,0,0,-2.5,0,0,0,-17.5
"Scott Kosmachuk","RW",2012,70,0,-2.5,0,0,-2.5,0,0,-2.5,0,8,0.2,92.2666666666667,0,-2.5,0,0,-2.5,0,0,-2.5,0,92.2666666666667,8,-14.8
"Tanner Richard","C",2012,71,0,-2.5,0,0,-2.5,0,0,-2.5,0,0,-2.5,0,3,-0.1,38.1166666666667,0,-2.5,0,0,-2.5,0,38.1166666666667,3,-15.1
"Troy Bourke","LW",2012,72,0,-2.5,0,0,-2.5,0,0,-2.5,0,0,-2.5,0,0,-2.5,0,0,-2.5,0,0,-2.5,0,0,0,-17.5
"Justin Kea","C",2012,73,0,-2.5,0,0,-2.5,0,0,-2.5,0,0,-2.5,0,0,-2.5,0,0,-2.5,0,0,-2.5,0,0,0,-17.5
"Esa Lindell","D",2012,74,0,-2.5,0,0,-2.5,0,0,-2.5,0,4,-0.2,56.1833333333333,73,4.2,1596.58333333333,80,6.7,1766.28333333333,82,8.6,1994.78333333333,5413.83333333332,239,11.8
"Jon Gillies","G",2012,75,0,-2.5,0,0,-2.5,0,0,-2.5,0,0,-2.5,0,0,-2.5,0,0,-2.5,0,0,-2.5,0,0,0,-17.5
"Chris Driedger","G",2012,76,0,-2.5,0,0,-2.5,0,0,-2.5,0,0,-2.5,0,0,-2.5,0,0,-2.5,0,0,-2.5,0,0,0,-17.5
"Chandler Stephenson","C/LW",2012,77,0,-2.5,0,0,-2.5,0,0,-2.5,0,9,-0.3,70.7166666666667,4,-0.1,35.5166666666667,67,1.6,795.216666666667,64,-0.4,775.45,1676.9,144,-6.7
"Shayne Gostisbehere","D",2012,78,0,-2.5,0,0,-2.5,0,2,-0.2,25.1166666666667,64,8.9,1285.78333333333,76,5.2,1489.16666666667,78,9.8,1673.51666666667,78,4.2,1533.41666666667,6007.00000000001,298,22.9
"Chris Calnan","RW",2012,79,0,-2.5,0,0,-2.5,0,0,-2.5,0,0,-2.5,0,0,-2.5,0,0,-2.5,0,0,-2.5,0,0,0,-17.5
"Jake Paterson","G",2012,80,0,-2.5,0,0,-2.5,0,0,-2.5,0,0,-2.5,0,0,-2.5,0,0,-2.5,0,0,-2.5,0,0,0,-17.5
"Oskar Sundqvist","C",2012,81,0,-2.5,0,0,-2.5,0,0,-2.5,0,18,0.2,185.6,10,-0.4,91.7333333333333,42,-0.3,440.016666666667,74,2.9,1022.58333333333,1739.93333333333,144,-5.1
"Jarrod Maidens","C/LW",2012,82,0,-2.5,0,0,-2.5,0,0,-2.5,0,0,-2.5,0,0,-2.5,0,0,-2.5,0,0,-2.5,0,0,0,-17.5
"Matt Murray","G",2012,83,0,-2.5,0,0,-2.5,0,0,-2.5,0,0,-2.5,0,0,-2.5,0,0,-2.5,0,0,-2.5,0,0,0,-17.5
"Steven Hodges","C",2012,84,0,-2.5,0,0,-2.5,0,0,-2.5,0,0,-2.5,0,0,-2.5,0,0,-2.5,0,0,-2.5,0,0,0,-17.5
"Matthew Grzelcyk","D",2012,85,0,-2.5,0,0,-2.5,0,0,-2.5,0,0,-2.5,0,2,0,24.9666666666667,61,4.4,1021.18333333333,66,4,1262.65,2308.8,129,-1.6
"Colton Parayko","D",2012,86,0,-2.5,0,0,-2.5,0,0,-2.5,0,79,8.8,1531.56666666667,81,6.7,1716.96666666667,82,5.6,1854.38333333333,80,7.2,1822.68333333333,6925.6,322,20.8
"Frederik Andersen","G",2012,87,0,-2.5,0,0,-2.5,0,0,-2.5,0,0,-2.5,0,0,-2.5,0,0,-2.5,0,0,-2.5,0,0,0,-17.5
"James Melindy","D",2012,88,0,-2.5,0,0,-2.5,0,0,-2.5,0,0,-2.5,0,0,-2.5,0,0,-2.5,0,0,-2.5,0,0,0,-17.5
"Brendan Leipsic","LW",2012,89,0,-2.5,0,0,-2.5,0,0,-2.5,0,6,0.3,85.4333333333333,0,-2.5,0,14,0.8,236.95,45,1.3,636.533333333333,958.916666666666,65,-7.6
"Ben Johnson","C/LW",2012,90,0,-2.5,0,0,-2.5,0,0,-2.5,0,0,-2.5,0,0,-2.5,0,0,-2.5,0,0,-2.5,0,0,0,-17.5
"Daniil Zharkov","LW",2012,91,0,-2.5,0,0,-2.5,0,0,-2.5,0,0,-2.5,0,0,-2.5,0,0,-2.5,0,0,-2.5,0,0,0,-17.5
"Matia Marcantuoni","C/RW",2012,92,0,-2.5,0,0,-2.5,0,0,-2.5,0,0,-2.5,0,0,-2.5,0,0,-2.5,0,0,-2.5,0,0,0,-17.5
"Erik Gustafsson","D",2012,93,0,-2.5,0,0,-2.5,0,0,-2.5,0,41,3.1,633.433333333333,0,-2.5,0,35,2.9,649.433333333333,79,7.7,1784.18333333333,3067.05,155,3.7
"Brady Vail","C",2012,94,0,-2.5,0,0,-2.5,0,0,-2.5,0,0,-2.5,0,0,-2.5,0,0,-2.5,0,0,-2.5,0,0,0,-17.5
"Josh Anderson","RW",2012,95,0,-2.5,0,0,-2.5,0,6,-0.1,80.7,12,0.3,128.383333333333,78,4,937.55,63,3.1,1136.38333333333,82,6.2,1395.93333333333,3678.94999999999,241,8.5
"Ben Thomson","LW",2012,96,0,-2.5,0,0,-2.5,0,0,-2.5,0,0,-2.5,0,3,-0.2,32.6666666666667,0,-2.5,0,0,-2.5,0,32.6666666666667,3,-15.2
"Kevin Roy","C",2012,97,0,-2.5,0,0,-2.5,0,0,-2.5,0,0,-2.5,0,0,-2.5,0,25,0.9,341.216666666667,3,-0.1,39.1333333333333,380.35,28,-11.7
"Adam Gilmour","C",2012,98,0,-2.5,0,0,-2.5,0,0,-2.5,0,0,-2.5,0,0,-2.5,0,0,-2.5,0,0,-2.5,0,0,0,-17.5
"Erik Karlsson","C/LW",2012,99,0,-2.5,0,0,-2.5,0,0,-2.5,0,0,-2.5,0,0,-2.5,0,0,-2.5,0,0,-2.5,0,0,0,-17.5
"Thomas Di Pauli","C",2012,100,0,-2.5,0,0,-2.5,0,0,-2.5,0,0,-2.5,0,0,-2.5,0,0,-2.5,0,0,-2.5,0,0,0,-17.5
"Cedric Paquette","C",2012,101,0,-2.5,0,2,0.1,29.0833333333333,64,2,871.083333333333,56,0.7,713.4,58,0.2,668.366666666667,56,0.1,571.6,80,1.4,960.266666666667,3813.8,316,2
"Rhett Holland","D",2012,102,0,-2.5,0,0,-2.5,0,0,-2.5,0,0,-2.5,0,0,-2.5,0,0,-2.5,0,0,-2.5,0,0,0,-17.5
"Loic Leduc","D",2012,103,0,-2.5,0,0,-2.5,0,0,-2.5,0,0,-2.5,0,0,-2.5,0,0,-2.5,0,0,-2.5,0,0,0,-17.5
"Gemel Smith","C",2012,104,0,-2.5,0,0,-2.5,0,0,-2.5,0,0,-2.5,0,17,0.5,230.95,46,1.3,433.85,3,-0.2,29.9833333333333,694.783333333333,66,-8.4
"Brett Kulak","D",2012,105,0,-2.5,0,0,-2.5,0,1,0,19.5166666666667,8,-0.1,98.7666666666667,21,0.4,299.083333333333,71,1.9,921.983333333333,57,3.9,1017.05,2356.4,158,1.1
"Timothy Boyle","D",2012,106,0,-2.5,0,0,-2.5,0,0,-2.5,0,0,-2.5,0,0,-2.5,0,0,-2.5,0,0,-2.5,0,0,0,-17.5
"Austin Wuthrich","RW",2012,107,0,-2.5,0,0,-2.5,0,0,-2.5,0,0,-2.5,0,0,-2.5,0,0,-2.5,0,0,-2.5,0,0,0,-17.5
"Andrew O'Brien","D",2012,108,0,-2.5,0,0,-2.5,0,0,-2.5,0,0,-2.5,0,0,-2.5,0,0,-2.5,0,0,-2.5,0,0,0,-17.5
"Christophe Lalancette","RW",2012,109,0,-2.5,0,0,-2.5,0,0,-2.5,0,0,-2.5,0,0,-2.5,0,0,-2.5,0,0,-2.5,0,0,0,-17.5
"Andreas Athanasiou","C/LW",2012,110,0,-2.5,0,0,-2.5,0,0,-2.5,0,37,2.1,333.65,64,3.6,861.716666666667,71,2.7,1087.3,76,5.9,1290.06666666667,3572.73333333334,248,6.8
"Fredric Larsson","D",2012,111,0,-2.5,0,0,-2.5,0,0,-2.5,0,0,-2.5,0,0,-2.5,0,0,-2.5,0,0,-2.5,0,0,0,-17.5
"Zach Stepan","C",2012,112,0,-2.5,0,0,-2.5,0,0,-2.5,0,0,-2.5,0,0,-2.5,0,0,-2.5,0,0,-2.5,0,0,0,-17.5
"Sean Maguire","G",2012,113,0,-2.5,0,0,-2.5,0,0,-2.5,0,0,-2.5,0,0,-2.5,0,0,-2.5,0,0,-2.5,0,0,0,-17.5
"Alexander Delnov","LW",2012,114,0,-2.5,0,0,-2.5,0,0,-2.5,0,0,-2.5,0,0,-2.5,0,0,-2.5,0,0,-2.5,0,0,0,-17.5
"Trevor Carrick","D",2012,115,0,-2.5,0,0,-2.5,0,0,-2.5,0,2,0,33.3166666666667,0,-2.5,0,1,0,7.53333333333333,1,-0.1,11.4833333333333,52.3333333333333,4,-10.1
"Nicholas Walters","D",2012,116,0,-2.5,0,0,-2.5,0,0,-2.5,0,0,-2.5,0,0,-2.5,0,0,-2.5,0,0,-2.5,0,0,0,-17.5
"Taylor Leier","LW",2012,117,0,-2.5,0,0,-2.5,0,0,-2.5,0,6,-0.1,46.3333333333333,10,0.1,90.6,39,-0.4,409.033333333333,0,-2.5,0,545.966666666666,55,-10.4
"Mikko Vainonen","D",2012,118,0,-2.5,0,0,-2.5,0,0,-2.5,0,0,-2.5,0,0,-2.5,0,0,-2.5,0,0,-2.5,0,0,0,-17.5
"Calle Andersson","D",2012,119,0,-2.5,0,0,-2.5,0,0,-2.5,0,0,-2.5,0,0,-2.5,0,0,-2.5,0,0,-2.5,0,0,0,-17.5
"Jaccob Slavin","D",2012,120,0,-2.5,0,0,-2.5,0,0,-2.5,0,63,4.5,1322.18333333333,82,8.6,1921.93333333333,82,6.2,1852.2,82,6,1889.1,6985.41666666666,309,17.8
"Nikolai Prokhorkin","LW",2012,121,0,-2.5,0,0,-2.5,0,0,-2.5,0,0,-2.5,0,0,-2.5,0,0,-2.5,0,0,-2.5,0,0,0,-17.5
"Charles Hudon","LW",2012,122,0,-2.5,0,0,-2.5,0,0,-2.5,0,3,0.3,32.0833333333333,3,0.2,35.7833333333333,72,2.2,1010.08333333333,32,-0.2,373.533333333333,1451.48333333333,110,-5
"Joey Laleggia","D",2012,123,0,-2.5,0,0,-2.5,0,0,-2.5,0,0,-2.5,0,0,-2.5,0,0,-2.5,0,0,-2.5,0,0,0,-17.5
"Ryan Culkin","D",2012,124,0,-2.5,0,0,-2.5,0,0,-2.5,0,0,-2.5,0,0,-2.5,0,0,-2.5,0,0,-2.5,0,0,0,-17.5
"Doyle Somerby","D",2012,125,0,-2.5,0,0,-2.5,0,0,-2.5,0,0,-2.5,0,0,-2.5,0,0,-2.5,0,0,-2.5,0,0,0,-17.5
"Dominic Toninato","C",2012,126,0,-2.5,0,0,-2.5,0,0,-2.5,0,0,-2.5,0,0,-2.5,0,37,-0.3,292.216666666667,2,0.2,13.4,305.616666666667,39,-12.6
"Brian Cooper","D",2012,127,0,-2.5,0,0,-2.5,0,0,-2.5,0,0,-2.5,0,0,-2.5,0,0,-2.5,0,0,-2.5,0,0,0,-17.5
"Daniel Gunnarsson","D",2012,128,0,-2.5,0,0,-2.5,0,0,-2.5,0,0,-2.5,0,0,-2.5,0,0,-2.5,0,0,-2.5,0,0,0,-17.5
"Brendan Woods","LW",2012,129,0,-2.5,0,0,-2.5,0,2,-0.1,12.0666666666667,5,-0.1,43.5333333333333,0,-2.5,0,0,-2.5,0,0,-2.5,0,55.6,7,-12.7
"Connor Hellebuyck","G",2012,130,0,-2.5,0,0,-2.5,0,0,-2.5,0,0,-2.5,0,0,-2.5,0,0,-2.5,0,0,-2.5,0,0,0,-17.5
"Seth Griffith","C",2012,131,0,-2.5,0,0,-2.5,0,30,1,403.3,4,-0.1,39.8666666666667,21,0.4,277.216666666667,21,0,221.883333333333,0,-2.5,0,942.266666666667,76,-6.2
"Michael Clarke","C",2012,132,0,-2.5,0,0,-2.5,0,0,-2.5,0,0,-2.5,0,0,-2.5,0,0,-2.5,0,0,-2.5,0,0,0,-17.5
"Logan Nelson","C",2012,133,0,-2.5,0,0,-2.5,0,0,-2.5,0,0,-2.5,0,0,-2.5,0,0,-2.5,0,0,-2.5,0,0,0,-17.5
"Branden Troock","RW",2012,134,0,-2.5,0,0,-2.5,0,0,-2.5,0,0,-2.5,0,0,-2.5,0,0,-2.5,0,0,-2.5,0,0,0,-17.5
"Graham Black","C",2012,135,0,-2.5,0,0,-2.5,0,0,-2.5,0,0,-2.5,0,0,-2.5,0,0,-2.5,0,0,-2.5,0,0,0,-17.5
"Robert Baillargeon","C",2012,136,0,-2.5,0,0,-2.5,0,0,-2.5,0,0,-2.5,0,0,-2.5,0,0,-2.5,0,0,-2.5,0,0,0,-17.5
"Connor Carrick","D",2012,137,0,-2.5,0,34,0.5,543.066666666667,0,-2.5,0,16,0.7,264.783333333333,67,2.3,1094.51666666667,47,2.5,711.333333333333,20,0.9,391.75,3005.45,184,1.9
"Daniel O'Regan","C",2012,138,0,-2.5,0,0,-2.5,0,0,-2.5,0,0,-2.5,0,3,0.1,34.65,2,0,19.7833333333333,1,0,11.9333333333333,66.3666666666666,6,-9.9
"Garret Ross","LW",2012,139,0,-2.5,0,0,-2.5,0,0,-2.5,0,0,-2.5,0,0,-2.5,0,0,-2.5,0,0,-2.5,0,0,0,-17.5
"Michael McKee","D",2012,140,0,-2.5,0,0,-2.5,0,0,-2.5,0,0,-2.5,0,0,-2.5,0,0,-2.5,0,0,-2.5,0,0,0,-17.5
"Reece Willcox","D",2012,141,0,-2.5,0,0,-2.5,0,0,-2.5,0,0,-2.5,0,0,-2.5,0,0,-2.5,0,0,-2.5,0,0,0,-17.5
"Thomas Spelling","RW",2012,142,0,-2.5,0,0,-2.5,0,0,-2.5,0,0,-2.5,0,0,-2.5,0,0,-2.5,0,0,-2.5,0,0,0,-17.5
"Clark Seymour","D",2012,143,0,-2.5,0,0,-2.5,0,0,-2.5,0,0,-2.5,0,0,-2.5,0,0,-2.5,0,0,-2.5,0,0,0,-17.5
"Henri Kiviaho","G",2012,144,0,-2.5,0,0,-2.5,0,0,-2.5,0,0,-2.5,0,0,-2.5,0,0,-2.5,0,0,-2.5,0,0,0,-17.5
"Cody Payne","RW",2012,145,0,-2.5,0,0,-2.5,0,0,-2.5,0,0,-2.5,0,0,-2.5,0,0,-2.5,0,0,-2.5,0,0,0,-17.5
"Francois Tremblay","G",2012,146,0,-2.5,0,0,-2.5,0,0,-2.5,0,0,-2.5,0,0,-2.5,0,0,-2.5,0,0,-2.5,0,0,0,-17.5
"Ben Hutton","D",2012,147,0,-2.5,0,0,-2.5,0,0,-2.5,0,75,3,1490.5,71,2.9,1455.28333333333,61,1.1,1123.28333333333,69,2.7,1542.55,5611.61666666666,276,2.2
"Niklas Tikkinen","D",2012,148,0,-2.5,0,0,-2.5,0,0,-2.5,0,0,-2.5,0,0,-2.5,0,0,-2.5,0,0,-2.5,0,0,0,-17.5
"Travis Brown","D",2012,149,0,-2.5,0,0,-2.5,0,0,-2.5,0,0,-2.5,0,0,-2.5,0,0,-2.5,0,0,-2.5,0,0,0,-17.5
"Alexander Kerfoot","C",2012,150,0,-2.5,0,0,-2.5,0,0,-2.5,0,0,-2.5,0,0,-2.5,0,79,4.5,1061.9,78,3.4,1160.83333333333,2222.73333333333,157,-4.6
"Colin Miller","D",2012,151,0,-2.5,0,0,-2.5,0,0,-2.5,0,42,2.5,663.383333333333,61,3.3,964.766666666667,82,6.1,1586.18333333333,65,4.5,1276.98333333333,4491.31666666666,250,8.9
"Daniel Zaar","RW",2012,152,0,-2.5,0,0,-2.5,0,0,-2.5,0,0,-2.5,0,0,-2.5,0,0,-2.5,0,0,-2.5,0,0,0,-17.5
"John McCarron","RW",2012,153,0,-2.5,0,0,-2.5,0,0,-2.5,0,0,-2.5,0,0,-2.5,0,0,-2.5,0,0,-2.5,0,0,0,-17.5
"Erik Nystrom","LW",2012,154,0,-2.5,0,0,-2.5,0,0,-2.5,0,0,-2.5,0,0,-2.5,0,0,-2.5,0,0,-2.5,0,0,0,-17.5
"Jesse Graham","D",2012,155,0,-2.5,0,0,-2.5,0,0,-2.5,0,0,-2.5,0,0,-2.5,0,0,-2.5,0,0,-2.5,0,0,0,-17.5
"Connor Brown","RW",2012,156,0,-2.5,0,0,-2.5,0,0,-2.5,0,7,0.5,104.8,82,4,1328.88333333333,82,2.1,1231.1,82,2,1130.95,3795.73333333333,253,1.1
"Ryan Rupert","C",2012,157,0,-2.5,0,0,-2.5,0,0,-2.5,0,0,-2.5,0,0,-2.5,0,0,-2.5,0,0,-2.5,0,0,0,-17.5
"Christoph Bertschy","C",2012,158,0,-2.5,0,0,-2.5,0,0,-2.5,0,3,0,20.8333333333333,5,0,40.6666666666667,1,0,5.38333333333333,0,-2.5,0,66.8833333333333,9,-10
"Collin Olson","G",2012,159,0,-2.5,0,0,-2.5,0,0,-2.5,0,0,-2.5,0,0,-2.5,0,0,-2.5,0,0,-2.5,0,0,0,-17.5
"Ryan Olsen","C",2012,160,0,-2.5,0,0,-2.5,0,0,-2.5,0,0,-2.5,0,0,-2.5,0,0,-2.5,0,0,-2.5,0,0,0,-17.5
"Jake Dotchin","D",2012,161,0,-2.5,0,0,-2.5,0,0,-2.5,0,0,-2.5,0,35,2.7,645.016666666667,48,2.9,791.266666666667,20,0.1,236.183333333333,1672.46666666667,103,-4.3
"Joseph Blandisi","C/RW",2012,162,0,-2.5,0,0,-2.5,0,0,-2.5,0,41,1.1,639.7,27,0.4,360.716666666667,3,0,35.0333333333333,6,-0.1,35.05,1070.5,77,-6.1
"Linus Ullmark","G",2012,163,0,-2.5,0,0,-2.5,0,0,-2.5,0,0,-2.5,0,0,-2.5,0,0,-2.5,0,0,-2.5,0,0,0,-17.5
"Simon Fernholm","D",2012,164,0,-2.5,0,0,-2.5,0,0,-2.5,0,0,-2.5,0,0,-2.5,0,0,-2.5,0,0,-2.5,0,0,0,-17.5
"Coda Gordon","LW",2012,165,0,-2.5,0,0,-2.5,0,0,-2.5,0,0,-2.5,0,0,-2.5,0,0,-2.5,0,0,-2.5,0,0,0,-17.5
"Francois Brassard","G",2012,166,0,-2.5,0,0,-2.5,0,0,-2.5,0,0,-2.5,0,0,-2.5,0,0,-2.5,0,0,-2.5,0,0,0,-17.5
"Riley Barber","RW",2012,167,0,-2.5,0,0,-2.5,0,0,-2.5,0,0,-2.5,0,3,0,25.7333333333333,0,-2.5,0,0,-2.5,0,25.7333333333333,3,-15
"Clifford Watson","D",2012,168,0,-2.5,0,0,-2.5,0,0,-2.5,0,0,-2.5,0,0,-2.5,0,0,-2.5,0,0,-2.5,0,0,0,-17.5
"Vincent Hinostroza","C",2012,169,0,-2.5,0,0,-2.5,0,0,-2.5,0,7,-0.1,60.8333333333333,49,1.1,586.933333333333,50,2.4,690.983333333333,72,4.2,1099.26666666667,2438.01666666667,178,0.100000000000001
"James De Haas","D",2012,170,0,-2.5,0,0,-2.5,0,0,-2.5,0,0,-2.5,0,0,-2.5,0,0,-2.5,0,0,-2.5,0,0,0,-17.5
"Tomas Hyka","RW",2012,171,0,-2.5,0,0,-2.5,0,0,-2.5,0,0,-2.5,0,0,-2.5,0,10,0.3,120.533333333333,17,0.1,200.016666666667,320.55,27,-12.1
"Max Gortz","RW",2012,172,0,-2.5,0,0,-2.5,0,0,-2.5,0,0,-2.5,0,0,-2.5,0,0,-2.5,0,0,-2.5,0,0,0,-17.5
"Anton Zlobin","RW",2012,173,0,-2.5,0,0,-2.5,0,0,-2.5,0,0,-2.5,0,0,-2.5,0,0,-2.5,0,0,-2.5,0,0,0,-17.5
"Francis Beauvillier","C/LW",2012,174,0,-2.5,0,0,-2.5,0,0,-2.5,0,0,-2.5,0,0,-2.5,0,0,-2.5,0,0,-2.5,0,0,0,-17.5
"Matthew Benning","D",2012,175,0,-2.5,0,0,-2.5,0,0,-2.5,0,0,-2.5,0,62,3.5,1029.85,73,4.1,1261.6,70,4,1046.16666666667,3337.61666666667,205,1.6
"Petteri Lindbohm","D",2012,176,0,-2.5,0,0,-2.5,0,23,0.8,358.133333333333,10,-0.2,137.883333333333,7,-0.2,90.8833333333333,0,-2.5,0,0,-2.5,0,586.899999999999,40,-9.6
"Wesley Myron","LW",2012,177,0,-2.5,0,0,-2.5,0,0,-2.5,0,0,-2.5,0,0,-2.5,0,0,-2.5,0,0,-2.5,0,0,0,-17.5
"Hunter Fejes","LW",2012,178,0,-2.5,0,0,-2.5,0,0,-2.5,0,0,-2.5,0,0,-2.5,0,0,-2.5,0,0,-2.5,0,0,0,-17.5
"Marek Mazanec","G",2012,179,0,-2.5,0,0,-2.5,0,0,-2.5,0,0,-2.5,0,0,-2.5,0,0,-2.5,0,0,-2.5,0,0,0,-17.5
"Artur Gavrus","C/LW",2012,180,0,-2.5,0,0,-2.5,0,0,-2.5,0,0,-2.5,0,0,-2.5,0,0,-2.5,0,0,-2.5,0,0,0,-17.5
"Paul Ladue","D",2012,181,0,-2.5,0,0,-2.5,0,0,-2.5,0,0,-2.5,0,22,1,338.916666666667,12,1.3,167.65,33,1.3,436.3,942.866666666667,67,-6.4
"Gianluca Curcuruto","D",2012,182,0,-2.5,0,0,-2.5,0,0,-2.5,0,0,-2.5,0,0,-2.5,0,0,-2.5,0,0,-2.5,0,0,0,-17.5
"Dmitry Sinitsyn","D",2012,183,0,-2.5,0,0,-2.5,0,0,-2.5,0,0,-2.5,0,0,-2.5,0,0,-2.5,0,0,-2.5,0,0,0,-17.5
"Marek Langhamer","G",2012,184,0,-2.5,0,0,-2.5,0,0,-2.5,0,0,-2.5,0,0,-2.5,0,0,-2.5,0,0,-2.5,0,0,0,-17.5
"Jake Bischoff","D",2012,185,0,-2.5,0,0,-2.5,0,0,-2.5,0,0,-2.5,0,0,-2.5,0,0,-2.5,0,0,-2.5,0,0,0,-17.5
"Matthew Deblouw","C",2012,186,0,-2.5,0,0,-2.5,0,0,-2.5,0,0,-2.5,0,0,-2.5,0,0,-2.5,0,0,-2.5,0,0,0,-17.5
"Kenton Helgesen","D",2012,187,0,-2.5,0,0,-2.5,0,0,-2.5,0,0,-2.5,0,0,-2.5,0,0,-2.5,0,0,-2.5,0,0,0,-17.5
"Louis Nanne","LW",2012,188,0,-2.5,0,0,-2.5,0,0,-2.5,0,0,-2.5,0,0,-2.5,0,0,-2.5,0,0,-2.5,0,0,0,-17.5
"Brendan Collier","LW",2012,189,0,-2.5,0,0,-2.5,0,0,-2.5,0,0,-2.5,0,0,-2.5,0,0,-2.5,0,0,-2.5,0,0,0,-17.5
"Jamie Phillips","G",2012,190,0,-2.5,0,0,-2.5,0,0,-2.5,0,0,-2.5,0,0,-2.5,0,0,-2.5,0,0,-2.5,0,0,0,-17.5
"Brandon Whitney","G",2012,191,0,-2.5,0,0,-2.5,0,0,-2.5,0,0,-2.5,0,0,-2.5,0,0,-2.5,0,0,-2.5,0,0,0,-17.5
"Colin Smith","C",2012,192,0,-2.5,0,0,-2.5,0,1,0,6.1,0,-2.5,0,0,-2.5,0,0,-2.5,0,0,-2.5,0,6.1,1,-15
"Brady Austin","D",2012,193,0,-2.5,0,0,-2.5,0,0,-2.5,0,0,-2.5,0,5,0.1,80.45,0,-2.5,0,0,-2.5,0,80.45,5,-14.9
"Jonatan Nielsen","D",2012,194,0,-2.5,0,0,-2.5,0,0,-2.5,0,0,-2.5,0,0,-2.5,0,0,-2.5,0,0,-2.5,0,0,0,-17.5
"Christian Djoos","D",2012,195,0,-2.5,0,0,-2.5,0,0,-2.5,0,0,-2.5,0,0,-2.5,0,63,3.3,884.166666666667,45,2,610.716666666667,1494.88333333333,108,-7.2
"Mikael Wikstrand","D",2012,196,0,-2.5,0,0,-2.5,0,0,-2.5,0,0,-2.5,0,0,-2.5,0,0,-2.5,0,0,-2.5,0,0,0,-17.5
"Jaynen Rissling","D",2012,197,0,-2.5,0,0,-2.5,0,0,-2.5,0,0,-2.5,0,0,-2.5,0,0,-2.5,0,0,-2.5,0,0,0,-17.5
"Joakim Ryan","D",2012,198,0,-2.5,0,0,-2.5,0,0,-2.5,0,0,-2.5,0,0,-2.5,0,62,3.7,1038.58333333333,44,0.9,562.066666666667,1600.65,106,-7.9
"Matt Tomkins","G",2012,199,0,-2.5,0,0,-2.5,0,0,-2.5,0,0,-2.5,0,0,-2.5,0,0,-2.5,0,0,-2.5,0,0,0,-17.5
"Rasmus Bodin","LW",2012,200,0,-2.5,0,0,-2.5,0,0,-2.5,0,0,-2.5,0,0,-2.5,0,0,-2.5,0,0,-2.5,0,0,0,-17.5
"Valeri Vasiliev","D",2012,201,0,-2.5,0,0,-2.5,0,0,-2.5,0,0,-2.5,0,0,-2.5,0,0,-2.5,0,0,-2.5,0,0,0,-17.5
"Nikita Gusev","LW",2012,202,0,-2.5,0,0,-2.5,0,0,-2.5,0,0,-2.5,0,0,-2.5,0,0,-2.5,0,0,-2.5,0,0,0,-17.5
"Sergey Kostenko","G",2012,203,0,-2.5,0,0,-2.5,0,0,-2.5,0,0,-2.5,0,0,-2.5,0,0,-2.5,0,0,-2.5,0,0,0,-17.5
"Judd Peterson","C/RW",2012,204,0,-2.5,0,0,-2.5,0,0,-2.5,0,0,-2.5,0,0,-2.5,0,0,-2.5,0,0,-2.5,0,0,0,-17.5
"Colton Hargrove","LW",2012,205,0,-2.5,0,0,-2.5,0,0,-2.5,0,0,-2.5,0,0,-2.5,0,0,-2.5,0,0,-2.5,0,0,0,-17.5
"Tyrel Seaman","C",2012,206,0,-2.5,0,0,-2.5,0,0,-2.5,0,0,-2.5,0,0,-2.5,0,0,-2.5,0,0,-2.5,0,0,0,-17.5
"Matthew Beattie","LW",2012,207,0,-2.5,0,0,-2.5,0,0,-2.5,0,0,-2.5,0,0,-2.5,0,0,-2.5,0,0,-2.5,0,0,0,-17.5
"Justin Hache","D",2012,208,0,-2.5,0,0,-2.5,0,0,-2.5,0,0,-2.5,0,0,-2.5,0,0,-2.5,0,0,-2.5,0,0,0,-17.5
"Viktor Loov","D",2012,209,0,-2.5,0,0,-2.5,0,0,-2.5,0,4,0.6,41.8333333333333,0,-2.5,0,0,-2.5,0,0,-2.5,0,41.8333333333333,4,-14.4
"Jaycob Megna","D",2012,210,0,-2.5,0,0,-2.5,0,0,-2.5,0,0,-2.5,0,1,0.1,15.3333333333333,14,0,219.983333333333,28,1,406.9,642.216666666666,43,-8.9
"Nick Ebert","D",2012,211,0,-2.5,0,0,-2.5,0,0,-2.5,0,0,-2.5,0,0,-2.5,0,0,-2.5,0,0,-2.5,0,0,0,-17.5
"Nathan MacKinnon","C",2013,1,82,7.7,1422.21666666667,64,3.7,1091.06666666667,72,5.7,1358.35,82,4.8,1635.4,74,12.2,1472.98333333333,82,11.8,1811.5,81.0601719197708,12.6876790830946,1720.29656160458,10511.8132282713,537.060171919771,58.5876790830946
"Aleksander Barkov","C",2013,2,54,1.9,923.216666666667,71,3.6,1242.41666666667,66,8.4,1282.38333333333,61,6.9,1183.5,79,8,1743.53333333333,82,10,1833.01666666667,77.5358166189112,6.93123209169055,1551.89111747851,9759.95778414518,490.535816618911,45.7312320916905
"Jonathan Drouin","LW",2013,3,0,-2.5,0,70,2.4,926.55,21,1.2,303.3,73,5.5,1292.58333333333,77,3.1,1355.15,81,4.4,1371.43333333333,31.7191977077364,1.64469914040115,498.030563514804,5747.04723018146,353.719197707736,15.7446991404011
"Seth Jones","D",2013,4,77,3,1510.76666666667,82,5.4,1630.4,41,2.5,1002.5,75,7.8,1755.25,78,9.9,1918.95,75,7.5,1936.7,65.7879656160459,7.63610315186247,1663.12368672397,11417.6903533906,493.787965616046,43.7361031518625
"Elias Lindholm","C",2013,5,58,1.5,842.5,81,3.6,1330.3,82,2.6,1485.13333333333,72,4.1,1309.05,81,3.6,1449.31666666667,81,8.4,1623.11666666667,82.2349570200573,7.16618911174785,1621.79083094556,9661.20749761223,537.234957020057,30.9661891117478
"Sean Monahan","C",2013,6,75,3.6,1198.35,81,7.9,1589.33333333333,81,6.9,1552.16666666667,82,6.9,1441.3,74,7.7,1382.46666666667,78,8.9,1486.26666666667,82.2349570200573,5.40401146131805,1488.58978032474,10138.4731136581,553.234957020057,47.304011461318
"Darnell Nurse","D",2013,7,0,-2.5,0,2,-0.1,33.9833333333333,69,1.9,1395.91666666667,44,2.4,748.783333333333,82,5.8,1824.48333333333,82,6.6,1953.26666666667,83.4097421203439,6.46131805157593,1956.33046800382,7912.76380133716,362.409742120344,20.5613180515759
"Rasmus Ristolainen","D",2013,8,34,0.5,649.966666666667,78,2.6,1607.86666666667,82,6.7,2073.01666666667,79,7.6,2090.96666666667,73,5.7,1934.45,78,4.3,1922.03333333333,81.0601719197708,6.34383954154728,1848.11318051576,12126.4131805158,505.060171919771,33.7438395415473
"Bo Horvat","C",2013,9,0,-2.5,0,68,2.5,833.933333333333,82,2.9,1404.85,81,5.7,1460.6,64,4.9,1238.38333333333,82,6.2,1708.51666666667,81.0601719197708,5.40401146131805,1599.46991404011,8245.75324737344,458.060171919771,25.104011461318
"Valeri Nichushkin","RW",2013,10,79,4.1,1182.58333333333,8,-0.3,110.183333333333,79,2.3,1100.6,0,-2.5,0,0,-2.5,0,57,-0.1,679.266666666667,76.3610315186246,3.99426934097421,1074.61509073543,4147.24842406876,299.361031518625,4.99426934097421
"Samuel Morin","D",2013,11,0,-2.5,0,0,-2.5,0,0,-2.5,0,1,0,17.7833333333333,2,0.1,31.6166666666667,5,-0.2,61.85,1.17478510028653,-0.117478510028653,14.7239732569245,125.973973256924,9.17478510028653,-7.71747851002865
"Max Domi","C/LW",2013,12,0,-2.5,0,0,-2.5,0,81,5.8,1326.31666666667,59,3.2,1001.86666666667,82,3.3,1369.9,82,8.2,1425.31666666667,83.4097421203439,4.93409742120344,1426.09121298949,6549.4912129895,387.409742120344,20.4340974212034
"Josh Morrissey","D",2013,13,0,-2.5,0,0,-2.5,0,1,0,15.9,82,3.7,1598.26666666667,81,5.6,1656.71666666667,59,5.2,1321.9,76.3610315186246,5.75644699140401,1738.76026743075,6331.54360076409,299.361031518625,15.256446991404
"Alexander Wennberg","C",2013,14,0,-2.5,0,68,-0.1,1062.46666666667,69,3.5,1094.38333333333,80,5.9,1470.2,66,3.3,1196.66666666667,75,0.8,1130.8,66.9627507163324,1.40974212034384,1117.12273161414,7071.63939828081,424.962750716332,12.3097421203438
"Ryan Pulock","D",2013,15,0,-2.5,0,0,-2.5,0,15,1,235.933333333333,1,0.1,3.95,68,4.5,1251.6,82,8.3,1833.81666666667,79.8853868194843,7.98853868194842,1790.05921680993,5115.35921680993,245.885386819484,16.8885386819484
"Nikita Zadorov","D",2013,16,7,0.1,120.2,60,2.6,1062.45,22,0.1,372.516666666667,56,0.8,1066,77,4.4,1498.81666666667,70,4.4,1204.26666666667,75.1862464183381,3.17191977077364,1336.25931232092,6660.50931232093,367.186246418338,15.5719197707736
"Curtis Lazar","C/RW",2013,17,0,-2.5,0,67,0.8,864.083333333333,76,0.9,1053.26666666667,4,0.4,47.1,65,0.1,640.716666666667,1,0,4.8,44.6418338108883,0.822349570200573,528.24212034384,3138.20878701051,257.641833810888,0.522349570200573
"Mirco Mueller","D",2013,18,0,-2.5,0,39,0.4,661.483333333333,11,-0.2,116.633333333333,4,0.5,38.3666666666667,28,1,466.916666666667,53,2.2,957.816666666667,58.7392550143267,1.17478510028653,1036.29751671442,3277.51418338109,193.739255014327,2.57478510028653
"Kerby Rychel","LW",2013,19,0,-2.5,0,5,0.4,53.4666666666667,32,0.9,304.45,0,-2.5,0,4,0.2,44.1166666666667,2,-0.1,18.35,0,-2.93696275071633,0,420.383333333333,43,-6.53696275071633
"Anthony Mantha","RW",2013,20,0,-2.5,0,0,-2.5,0,10,0.1,117,60,4.9,954.1,80,5.2,1383.5,67,5,1194.41666666667,50.5157593123209,4.81661891117479,954.414995224451,4603.43166189112,267.515759312321,15.0166189111748
"Frederik Gauthier","C",2013,21,0,-2.5,0,0,-2.5,0,7,-0.3,96.9166666666667,21,0.3,203.55,9,-0.1,78.6833333333333,70,0.7,585.566666666667,71.6618911174785,0.822349570200573,672.760267430755,1637.47693409742,178.661891117478,-3.57765042979943
"Emile Poirier","LW",2013,22,0,-2.5,0,6,0.1,47.9,2,-0.1,27.7833333333333,0,-2.5,0,0,-2.5,0,0,-2.5,0,0,-2.93696275071633,0,75.6833333333333,8,-12.9369627507163
"Andre Burakovsky","LW",2013,23,0,-2.5,0,53,2.8,684.8,79,4.6,1028.93333333333,64,4.1,848.85,56,2.6,774.95,76,2.2,845.533333333333,68.1375358166189,6.34383954154728,1035.72970391595,5218.79637058261,396.137535816619,20.1438395415473
"Hunter Shinkaruk","C/LW",2013,24,0,-2.5,0,0,-2.5,0,7,0.2,110.133333333333,7,-0.1,74.0833333333333,0,-2.5,0,0,-2.5,0,0,-2.93696275071633,0,184.216666666666,14,-12.8369627507163
"Michael McCarron","RW",2013,25,0,-2.5,0,0,-2.5,0,20,-0.5,233.633333333333,31,0,306.55,18,-0.2,157.716666666667,0,-2.5,0,0,-2.93696275071633,0,697.9,69,-11.1369627507163
"Shea Theodore","D",2013,26,0,-2.5,0,0,-2.5,0,19,2.3,363.066666666667,34,1.4,588.65,61,4.9,1241.48333333333,79,6.2,1588.16666666667,83.4097421203439,9.51575931232092,1855.14231136581,5636.50897803248,276.409742120344,19.3157593123209
"Marko Daňo","C",2013,27,0,-2.5,0,35,2.9,464,21,0.6,290.65,38,0.9,406.016666666667,23,0.1,165.3,8,-0.1,55.0666666666667,3.5243553008596,-0.117478510028653,25.2774594078319,1406.31079274117,128.52435530086,1.78252148997135
"Morgan Klimchuk","LW",2013,28,0,-2.5,0,0,-2.5,0,0,-2.5,0,0,-2.5,0,1,0,7.41666666666667,0,-2.5,0,0,-2.93696275071633,0,7.41666666666667,1,-15.4369627507163
"Jason Dickinson","C",2013,29,0,-2.5,0,0,-2.5,0,1,0.2,11.9166666666667,10,0.1,117.9,27,-0.2,230.416666666667,67,1.9,896.016666666667,76.3610315186246,2.23209169054441,1143.51623686724,2399.76623686724,181.361031518625,-0.76790830945559
"Ryan Hartman","RW",2013,30,0,-2.5,0,5,-0.1,41.4333333333333,3,0,27.7166666666667,76,4.2,970.3,21,0.3,289.033333333333,19,0.2,228.833333333333,81.0601719197708,1.87965616045845,993.437440305635,2550.7541069723,205.060171919771,3.97965616045845
"Ian McCoshen","D",2013,31,0,-2.5,0,0,-2.5,0,0,-2.5,0,3,0.2,39.7666666666667,38,0.4,572.883333333333,19,0.4,253.066666666667,0,-2.93696275071633,0,865.716666666667,60,-9.43696275071633
"Chris Bigras","D",2013,32,0,-2.5,0,0,-2.5,0,31,0.7,413.6,0,-2.5,0,15,0.1,207.9,0,-2.5,0,0,-2.93696275071633,0,621.5,46,-12.1369627507163
"Adam Erne","LW",2013,33,0,-2.5,0,0,-2.5,0,0,-2.5,0,26,-0.2,306.983333333333,23,0.2,232.733333333333,65,1.7,685.633333333333,65.7879656160459,-1.17478510028653,777.335721107927,2002.68572110793,179.787965616046,-6.97478510028653
"Jacob de La Rose","LW",2013,34,0,-2.5,0,33,0.2,455.35,22,-0.6,273.566666666667,9,-0.3,98.1666666666667,55,0.6,651.5,60,-0.4,686.4,39.9426934097421,0,400.190544412607,2565.17387774594,218.942693409742,-3
"J.T. Compher","LW",2013,35,0,-2.5,0,0,-2.5,0,0,-2.5,0,21,0.4,313.516666666667,69,0.9,1103.98333333333,66,2.6,1153.4,78.7106017191977,3.05444126074499,1318.32425978988,3889.22425978988,234.710601719198,-0.545558739255009
"Zachary Fucale","G",2013,36,0,-2.5,0,0,-2.5,0,0,-2.5,0,0,-2.5,0,0,-2.5,0,0,-2.5,0,0,-2.93696275071633,0,0,0,-17.9369627507163
"Valentin Zykov","LW",2013,37,0,-2.5,0,0,-2.5,0,0,-2.5,0,2,0.2,12.5,10,1,137.066666666667,10,0.1,116.2,17.621776504298,0.117478510028653,215.18147086915,480.948137535817,39.621776504298,-6.08252148997135
"Connor Hurley","C",2013,38,0,-2.5,0,0,-2.5,0,0,-2.5,0,0,-2.5,0,0,-2.5,0,0,-2.5,0,0,-2.93696275071633,0,0,0,-17.9369627507163
"Laurent Dauphin","C",2013,39,0,-2.5,0,0,-2.5,0,8,0.1,90.5166666666667,24,0,261.833333333333,2,-0.1,14.45,1,-0.1,12.3166666666667,0,-2.93696275071633,0,379.116666666666,35,-8.03696275071633
"Remi Elie","LW",2013,40,0,-2.5,0,0,-2.5,0,0,-2.5,0,18,0.6,281.25,72,1.1,738.283333333333,16,-0.3,165.6,0,-2.93696275071633,0,1185.13333333333,106,-9.03696275071633
"Robert Hagg","D",2013,41,0,-2.5,0,0,-2.5,0,0,-2.5,0,1,0,21.3166666666667,70,2.5,1269.71666666667,82,3.3,1389.51666666667,57.5644699140401,3.87679083094556,897.809933142311,3578.35993314232,210.56446991404,2.17679083094556
"Steven Santini","D",2013,42,0,-2.5,0,0,-2.5,0,1,0.2,14.5833333333333,38,1.3,611.166666666667,36,2,729.866666666667,39,0.9,649.6,2.34957020057307,0.117478510028653,22.4383954154728,2027.65506208214,116.349570200573,-0.482521489971347
"Nic Petan","C",2013,43,0,-2.5,0,0,-2.5,0,26,0.5,305.433333333333,54,-0.1,588.6,15,0.2,126.2,5,0,43.5333333333333,18.7965616045845,-0.234957020057307,208.994269340974,1272.76093600764,118.796561604584,-4.63495702005731
"Tristan Jarry","G",2013,44,0,-2.5,0,0,-2.5,0,0,-2.5,0,0,-2.5,0,0,-2.5,0,0,-2.5,0,0,-2.93696275071633,0,0,0,-17.9369627507163
"Nick Sorensen","RW",2013,45,0,-2.5,0,0,-2.5,0,0,-2.5,0,5,0,54.45,0,-2.5,0,0,-2.5,0,0,-2.93696275071633,0,54.45,5,-15.4369627507163
"Gustav Olofsson","D",2013,46,0,-2.5,0,0,-2.5,0,2,0,18.3833333333333,13,0.3,175.266666666667,41,1.2,523.733333333333,0,-2.5,0,3.5243553008596,-0.35243553008596,28.5668576886342,745.950191021967,59.5243553008596,-6.35243553008596
"Thomas Vannelli","D",2013,47,0,-2.5,0,0,-2.5,0,0,-2.5,0,0,-2.5,0,0,-2.5,0,0,-2.5,0,0,-2.93696275071633,0,0,0,-17.9369627507163
"Zach Nastasiuk","RW",2013,48,0,-2.5,0,0,-2.5,0,0,-2.5,0,0,-2.5,0,0,-2.5,0,0,-2.5,0,0,-2.93696275071633,0,0,0,-17.9369627507163
"Gabryel Boudreau","LW",2013,49,0,-2.5,0,0,-2.5,0,0,-2.5,0,0,-2.5,0,0,-2.5,0,0,-2.5,0,0,-2.93696275071633,0,0,0,-17.9369627507163
"Dillon Heatherington","D",2013,50,0,-2.5,0,0,-2.5,0,0,-2.5,0,0,-2.5,0,6,0.4,65.1,5,0.5,50.9333333333333,0,-2.93696275071633,0,116.033333333333,11,-12.0369627507163
"Carl Dahlstrom","D",2013,51,0,-2.5,0,0,-2.5,0,0,-2.5,0,0,-2.5,0,11,0.4,192.65,38,1.5,706.966666666667,17.621776504298,0,260.175740210124,1159.79240687679,66.621776504298,-8.1
"Justin Bailey","RW",2013,52,0,-2.5,0,0,-2.5,0,8,-0.2,92.8166666666667,32,0.1,340.233333333333,12,0.5,135.333333333333,11,0,63.0833333333333,2.34957020057307,0,12.5114613180516,643.978127984718,65.3495702005731,-4.6
"Madison Bowey","D",2013,53,0,-2.5,0,0,-2.5,0,0,-2.5,0,0,-2.5,0,51,1.5,699.383333333333,17,0.5,309.266666666667,62.2636103151862,2.70200573065903,1115.00811843362,2123.65811843362,130.263610315186,-5.29799426934097
"Philippe Desrosiers","G",2013,54,0,-2.5,0,0,-2.5,0,0,-2.5,0,0,-2.5,0,0,-2.5,0,0,-2.5,0,0,-2.93696275071633,0,0,0,-17.9369627507163
"Artturi Lehkonen","LW",2013,55,0,-2.5,0,0,-2.5,0,0,-2.5,0,73,3.4,1011.7,66,1.4,1088.13333333333,82,2.3,1275.71666666667,82.2349570200573,2.81948424068768,1268.70916905444,4644.25916905444,303.234957020057,2.41948424068768
"Marc-Olivier Roy","C",2013,56,0,-2.5,0,0,-2.5,0,0,-2.5,0,0,-2.5,0,0,-2.5,0,0,-2.5,0,0,-2.93696275071633,0,0,0,-17.9369627507163
"William Carrier","LW",2013,57,0,-2.5,0,0,-2.5,0,0,-2.5,0,41,0.8,369.033333333333,37,-0.3,327.116666666667,54,0.7,537,83.4097421203439,1.64469914040115,823.446036294174,2056.59603629417,215.409742120344,-4.65530085959885
"Tyler Bertuzzi","LW",2013,58,0,-2.5,0,0,-2.5,0,0,-2.5,0,7,-0.1,63.75,48,1.8,691.2,73,5.2,1205.68333333333,83.4097421203439,5.05157593123209,1611.00238777459,3571.63572110792,211.409742120344,4.45157593123209
"Eric Comrie","G",2013,59,0,-2.5,0,0,-2.5,0,0,-2.5,0,0,-2.5,0,0,-2.5,0,0,-2.5,0,0,-2.93696275071633,0,0,0,-17.9369627507163
"Linus Arnesson","D",2013,60,0,-2.5,0,0,-2.5,0,0,-2.5,0,0,-2.5,0,0,-2.5,0,0,-2.5,0,0,-2.93696275071633,0,0,0,-17.9369627507163
"Zachary Sanford","LW",2013,61,0,-2.5,0,0,-2.5,0,0,-2.5,0,13,0.6,159.033333333333,0,-2.5,0,60,2,754.733333333333,68.1375358166189,4.58166189111748,935.735912129895,1849.50257879656,141.137535816619,-2.81833810888252
"Pavel Laplante","C",2013,62,0,-2.5,0,0,-2.5,0,0,-2.5,0,0,-2.5,0,0,-2.5,0,0,-2.5,0,0,-2.93696275071633,0,0,0,-17.9369627507163
"Spencer Martin","G",2013,63,0,-2.5,0,0,-2.5,0,0,-2.5,0,0,-2.5,0,0,-2.5,0,0,-2.5,0,0,-2.93696275071633,0,0,0,-17.9369627507163
"Jonathan Diaby","D",2013,64,0,-2.5,0,0,-2.5,0,0,-2.5,0,0,-2.5,0,0,-2.5,0,0,-2.5,0,0,-2.93696275071633,0,0,0,-17.9369627507163
"Adam Tambellini","C",2013,65,0,-2.5,0,0,-2.5,0,0,-2.5,0,0,-2.5,0,0,-2.5,0,0,-2.5,0,0,-2.93696275071633,0,0,0,-17.9369627507163
"Brett Pesce","D",2013,66,0,-2.5,0,0,-2.5,0,69,3.6,1295,82,6.5,1738.75,65,3.4,1358.76666666667,73,7.9,1495.85,71.6618911174785,4.58166189111748,1568.10315186246,7456.46981852913,360.661891117478,20.9816618911175
"Keegan Kanzig","D",2013,67,0,-2.5,0,0,-2.5,0,0,-2.5,0,0,-2.5,0,0,-2.5,0,0,-2.5,0,0,-2.93696275071633,0,0,0,-17.9369627507163
"Niklas Hansson","D",2013,68,0,-2.5,0,0,-2.5,0,0,-2.5,0,0,-2.5,0,0,-2.5,0,0,-2.5,0,0,-2.93696275071633,0,0,0,-17.9369627507163
"Nicholas Baptiste","RW",2013,69,0,-2.5,0,0,-2.5,0,0,-2.5,0,14,0.6,129.35,33,0.4,328.9,0,-2.5,0,0,-2.93696275071633,0,458.25,47,-11.9369627507163
"Eamon McAdam","G",2013,70,0,-2.5,0,0,-2.5,0,0,-2.5,0,0,-2.5,0,0,-2.5,0,0,-2.5,0,0,-2.93696275071633,0,0,0,-17.9369627507163
"Connor Crisp","LW",2013,71,0,-2.5,0,0,-2.5,0,0,-2.5,0,0,-2.5,0,0,-2.5,0,0,-2.5,0,0,-2.93696275071633,0,0,0,-17.9369627507163
"Tyrell Goulbourne","LW",2013,72,0,-2.5,0,0,-2.5,0,0,-2.5,0,0,-2.5,0,9,-0.2,50.25,2,0,14.8166666666667,0,-2.93696275071633,0,65.0666666666667,11,-13.1369627507163
"Ryan Kujawinski","C",2013,73,0,-2.5,0,0,-2.5,0,0,-2.5,0,0,-2.5,0,0,-2.5,0,0,-2.5,0,0,-2.93696275071633,0,0,0,-17.9369627507163
"John Hayden","C",2013,74,0,-2.5,0,0,-2.5,0,0,-2.5,0,12,0.4,140.216666666667,47,0.8,508.766666666667,54,-0.6,494.7,50.5157593123209,0,490.786055396371,1634.4693887297,163.515759312321,-6.9
"Pavel Buchnevich","LW",2013,75,0,-2.5,0,0,-2.5,0,0,-2.5,0,41,2.3,543.6,74,4,1111.05,64,4,971.183333333333,79.8853868194843,4.81661891117479,1352.43218720153,3978.26552053486,258.885386819484,7.61661891117479
"Taylor Cammarata","C/LW",2013,76,0,-2.5,0,0,-2.5,0,0,-2.5,0,0,-2.5,0,0,-2.5,0,0,-2.5,0,0,-2.93696275071633,0,0,0,-17.9369627507163
"Jake Guentzel","C",2013,77,0,-2.5,0,0,-2.5,0,0,-2.5,0,40,4.4,635.433333333333,82,4.4,1351.86666666667,82,9.4,1586.75,45.8166189111748,6.46131805157593,945.114613180516,4519.16461318052,249.816618911175,17.1613180515759
"Marcus Hogberg","G",2013,78,0,-2.5,0,0,-2.5,0,0,-2.5,0,0,-2.5,0,0,-2.5,0,0,-2.5,0,0,-2.93696275071633,0,0,0,-17.9369627507163
"Mattias Janmark","C",2013,79,0,-2.5,0,0,-2.5,0,73,3.6,1034.55,0,-2.5,0,81,2.9,1371.01666666667,81,1.3,1232.53333333333,72.836676217765,1.52722063037249,1064.86437440306,4702.96437440306,307.836676217765,1.82722063037249
"Anthony Duclair","LW",2013,80,0,-2.5,0,18,0.7,218.816666666667,81,5.8,1164.13333333333,58,0.7,771.366666666667,23,0.5,299.883333333333,21,1.7,287.483333333333,77.5358166189112,5.2865329512894,1260.79894937918,4002.48228271251,278.535816618911,12.1865329512894
"Kurtis Gabriel","RW",2013,81,0,-2.5,0,0,-2.5,0,3,0,13.4833333333333,13,0,75.65,0,-2.5,0,22,0.4,162.2,0,-2.93696275071633,0,251.333333333333,38,-10.0369627507163
"Carter Verhaeghe","C",2013,82,0,-2.5,0,0,-2.5,0,0,-2.5,0,0,-2.5,0,0,-2.5,0,0,-2.5,0,61.0888252148997,1.05730659025788,571.885386819484,571.885386819484,61.0888252148997,-13.9426934097421
"Bogdan Yakimov","C",2013,83,0,-2.5,0,1,-0.1,11.3166666666667,0,-2.5,0,0,-2.5,0,0,-2.5,0,0,-2.5,0,0,-2.93696275071633,0,11.3166666666667,1,-15.5369627507163
"Jimmy Lodge","C",2013,84,0,-2.5,0,0,-2.5,0,0,-2.5,0,0,-2.5,0,0,-2.5,0,0,-2.5,0,0,-2.93696275071633,0,0,0,-17.9369627507163
"Cole Cassels","C",2013,85,0,-2.5,0,0,-2.5,0,0,-2.5,0,0,-2.5,0,0,-2.5,0,0,-2.5,0,0,-2.93696275071633,0,0,0,-17.9369627507163
"Sven Andrighetto","RW",2013,86,0,-2.5,0,12,0.4,112.966666666667,44,1.7,621.183333333333,19,1.9,332.466666666667,50,1.4,724.316666666667,64,1.6,708.383333333333,0,-2.93696275071633,0,2499.31666666667,189,1.56303724928367
"Keaton Thompson","D",2013,87,0,-2.5,0,0,-2.5,0,0,-2.5,0,0,-2.5,0,0,-2.5,0,0,-2.5,0,0,-2.93696275071633,0,0,0,-17.9369627507163
"Anton Slepyshev","LW",2013,88,0,-2.5,0,0,-2.5,0,11,-0.2,95.6,41,1,455.7,50,0.7,590.516666666667,0,-2.5,0,0,-2.93696275071633,0,1141.81666666667,102,-8.93696275071633
"Oliver Bjorkstrand","RW",2013,89,0,-2.5,0,0,-2.5,0,12,1.3,191.716666666667,26,1.7,366.333333333333,82,3.4,1171.96666666667,77,4.8,950.05,57.5644699140401,5.75644699140401,1032.79274116523,3712.8594078319,254.56446991404,11.956446991404
"Peter Cehlarik","LW",2013,90,0,-2.5,0,0,-2.5,0,0,-2.5,0,11,0,153.05,6,0.2,83.6,20,0.7,251.866666666667,3.5243553008596,0,39.7077363896848,528.224403056352,40.5243553008596,-6.6
"J.C. Lipon","RW",2013,91,0,-2.5,0,0,-2.5,0,9,0,62.7,0,-2.5,0,0,-2.5,0,0,-2.5,0,0,-2.93696275071633,0,62.7,9,-15.4369627507163
"Evan Cowley","G",2013,92,0,-2.5,0,0,-2.5,0,0,-2.5,0,0,-2.5,0,0,-2.5,0,0,-2.5,0,0,-2.93696275071633,0,0,0,-17.9369627507163
"Mason Geertsen","D",2013,93,0,-2.5,0,0,-2.5,0,0,-2.5,0,0,-2.5,0,0,-2.5,0,0,-2.5,0,0,-2.93696275071633,0,0,0,-17.9369627507163
"Jackson Houck","RW",2013,94,0,-2.5,0,0,-2.5,0,0,-2.5,0,0,-2.5,0,0,-2.5,0,0,-2.5,0,0,-2.93696275071633,0,0,0,-17.9369627507163
"Felix Girard","C",2013,95,0,-2.5,0,0,-2.5,0,0,-2.5,0,0,-2.5,0,0,-2.5,0,0,-2.5,0,0,-2.93696275071633,0,0,0,-17.9369627507163
"Kyle Platzer","C",2013,96,0,-2.5,0,0,-2.5,0,0,-2.5,0,0,-2.5,0,0,-2.5,0,0,-2.5,0,0,-2.93696275071633,0,0,0,-17.9369627507163
"Michael Downing","D",2013,97,0,-2.5,0,0,-2.5,0,0,-2.5,0,0,-2.5,0,0,-2.5,0,0,-2.5,0,0,-2.93696275071633,0,0,0,-17.9369627507163
"Matt Buckles","C",2013,98,0,-2.5,0,0,-2.5,0,0,-2.5,0,0,-2.5,0,0,-2.5,0,0,-2.5,0,0,-2.93696275071633,0,0,0,-17.9369627507163
"Juuse Saros","G",2013,99,0,-2.5,0,0,-2.5,0,0,-2.5,0,0,-2.5,0,0,-2.5,0,0,-2.5,0,0,-2.93696275071633,0,0,0,-17.9369627507163
"Miles Wood","LW",2013,100,0,-2.5,0,0,-2.5,0,1,0,13.1,60,0.9,771.15,76,3.6,946.883333333333,63,1.9,862.733333333333,79.8853868194843,1.64469914040115,1057.14995224451,3651.01661891118,279.885386819484,3.04469914040115
"Nicholas Paul","LW",2013,101,0,-2.5,0,0,-2.5,0,24,0.1,292.65,1,-0.1,16.4833333333333,11,-0.1,86.8666666666667,20,-0.4,169.483333333333,65.7879656160459,1.87965616045845,950.107449856734,1515.59078319007,121.787965616046,-3.62034383954155
"Tobias Lindberg","RW",2013,102,0,-2.5,0,0,-2.5,0,6,0.1,95.0333333333333,0,-2.5,0,0,-2.5,0,0,-2.5,0,0,-2.93696275071633,0,95.0333333333333,6,-15.3369627507163
"Justin Auger","RW",2013,103,0,-2.5,0,0,-2.5,0,0,-2.5,0,0,-2.5,0,2,-0.1,15.9833333333333,0,-2.5,0,0,-2.93696275071633,0,15.9833333333333,2,-15.5369627507163
"Andrew Copp","C",2013,104,0,-2.5,0,1,0.2,13.2666666666667,77,1.5,616.25,64,1.7,789.966666666667,82,2.4,1126.15,69,2.9,839.066666666667,74.0114613180516,1.87965616045845,1309.72874880611,4694.42874880611,367.011461318052,8.07965616045845
"Nick Moutrey","C/LW",2013,105,0,-2.5,0,0,-2.5,0,0,-2.5,0,0,-2.5,0,0,-2.5,0,0,-2.5,0,0,-2.93696275071633,0,0,0,-17.9369627507163
"Stephon Williams","G",2013,106,0,-2.5,0,0,-2.5,0,0,-2.5,0,0,-2.5,0,0,-2.5,0,0,-2.5,0,0,-2.93696275071633,0,0,0,-17.9369627507163
"Dylan Labbe","D",2013,107,0,-2.5,0,0,-2.5,0,0,-2.5,0,0,-2.5,0,0,-2.5,0,0,-2.5,0,0,-2.93696275071633,0,0,0,-17.9369627507163
"Ben Harpur","D",2013,108,0,-2.5,0,0,-2.5,0,5,0.2,68.3,6,0,106.816666666667,41,-0.9,610.333333333333,51,0.4,898.65,0,-2.93696275071633,0,1684.1,103,-8.23696275071633
"David Pope","LW",2013,109,0,-2.5,0,0,-2.5,0,0,-2.5,0,0,-2.5,0,0,-2.5,0,0,-2.5,0,0,-2.93696275071633,0,0,0,-17.9369627507163
"Ryan Graves","D",2013,110,0,-2.5,0,0,-2.5,0,0,-2.5,0,0,-2.5,0,0,-2.5,0,26,1.3,288.7,81.0601719197708,8.45845272206304,1535.50286532951,1824.20286532951,107.060171919771,-2.74154727793696
"Robin Norell","D",2013,111,0,-2.5,0,0,-2.5,0,0,-2.5,0,0,-2.5,0,0,-2.5,0,0,-2.5,0,0,-2.93696275071633,0,0,0,-17.9369627507163
"Zach Pochiro","LW",2013,112,0,-2.5,0,0,-2.5,0,0,-2.5,0,0,-2.5,0,0,-2.5,0,0,-2.5,0,0,-2.93696275071633,0,0,0,-17.9369627507163
"Aidan Muir","W",2013,113,0,-2.5,0,0,-2.5,0,0,-2.5,0,0,-2.5,0,0,-2.5,0,0,-2.5,0,0,-2.93696275071633,0,0,0,-17.9369627507163
"Jan Kostalek","D",2013,114,0,-2.5,0,0,-2.5,0,0,-2.5,0,0,-2.5,0,0,-2.5,0,0,-2.5,0,0,-2.93696275071633,0,0,0,-17.9369627507163
"Jordan Subban","D",2013,115,0,-2.5,0,0,-2.5,0,0,-2.5,0,0,-2.5,0,0,-2.5,0,0,-2.5,0,0,-2.93696275071633,0,0,0,-17.9369627507163
"Martin Reway","LW",2013,116,0,-2.5,0,0,-2.5,0,0,-2.5,0,0,-2.5,0,0,-2.5,0,0,-2.5,0,0,-2.93696275071633,0,0,0,-17.9369627507163
"Fredrik Bergvik","G",2013,117,0,-2.5,0,0,-2.5,0,0,-2.5,0,0,-2.5,0,0,-2.5,0,0,-2.5,0,0,-2.93696275071633,0,0,0,-17.9369627507163
"Hudson Fasching","RW",2013,118,0,-2.5,0,0,-2.5,0,7,0.3,80.65,10,-0.1,104.083333333333,5,-0.1,48.5,0,-2.5,0,0,-2.93696275071633,0,233.233333333333,22,-10.3369627507163
"Ryan Segalla","D",2013,119,0,-2.5,0,0,-2.5,0,0,-2.5,0,0,-2.5,0,0,-2.5,0,0,-2.5,0,0,-2.93696275071633,0,0,0,-17.9369627507163
"Ryan Fitzgerald","C",2013,120,0,-2.5,0,0,-2.5,0,0,-2.5,0,0,-2.5,0,0,-2.5,0,0,-2.5,0,0,-2.93696275071633,0,0,0,-17.9369627507163
"Tyler Motte","C",2013,121,0,-2.5,0,0,-2.5,0,0,-2.5,0,33,0.6,375.766666666667,15,0.1,208.316666666667,74,0.7,945.333333333333,39.9426934097421,0,523.914995224451,2053.33166189112,161.942693409742,-6.1
"Christopher Clapperton","LW",2013,122,0,-2.5,0,0,-2.5,0,0,-2.5,0,0,-2.5,0,0,-2.5,0,0,-2.5,0,0,-2.93696275071633,0,0,0,-17.9369627507163
"Will Butcher","D",2013,123,0,-2.5,0,0,-2.5,0,0,-2.5,0,0,-2.5,0,81,6.6,1301.2,78,4.1,1503.41666666667,65.7879656160459,3.64183381088825,1178.74021012416,3983.35687679083,224.787965616046,4.34183381088825
"Kristers Gudlevskis","G",2013,124,0,-2.5,0,0,-2.5,0,0,-2.5,0,0,-2.5,0,0,-2.5,0,0,-2.5,0,0,-2.93696275071633,0,0,0,-17.9369627507163
"Saku Maenalanen","RW",2013,125,0,-2.5,0,0,-2.5,0,0,-2.5,0,0,-2.5,0,0,-2.5,0,34,0.7,320.65,0,-2.93696275071633,0,320.65,34,-14.7369627507163
"Brent Pedersen","LW",2013,126,0,-2.5,0,0,-2.5,0,0,-2.5,0,0,-2.5,0,0,-2.5,0,0,-2.5,0,0,-2.93696275071633,0,0,0,-17.9369627507163
"Tucker Poolman","D",2013,127,0,-2.5,0,0,-2.5,0,0,-2.5,0,0,-2.5,0,24,0.7,301.516666666667,0,-2.5,0,66.9627507163324,3.28939828080229,1168.38252148997,1469.89918815664,90.9627507163324,-8.51060171919771
"Evan Campbell","LW",2013,128,0,-2.5,0,0,-2.5,0,0,-2.5,0,0,-2.5,0,0,-2.5,0,0,-2.5,0,0,-2.93696275071633,0,0,0,-17.9369627507163
"Calvin Petersen","G",2013,129,0,-2.5,0,0,-2.5,0,0,-2.5,0,0,-2.5,0,0,-2.5,0,0,-2.5,0,0,-2.93696275071633,0,0,0,-17.9369627507163
"Gustav Possler","RW",2013,130,0,-2.5,0,0,-2.5,0,0,-2.5,0,0,-2.5,0,0,-2.5,0,0,-2.5,0,0,-2.93696275071633,0,0,0,-17.9369627507163
"Cole Ully","LW",2013,131,0,-2.5,0,0,-2.5,0,0,-2.5,0,0,-2.5,0,0,-2.5,0,0,-2.5,0,0,-2.93696275071633,0,0,0,-17.9369627507163
"Terrance Amorosa","D",2013,132,0,-2.5,0,0,-2.5,0,0,-2.5,0,0,-2.5,0,0,-2.5,0,0,-2.5,0,0,-2.93696275071633,0,0,0,-17.9369627507163
"Connor Clifton","D",2013,133,0,-2.5,0,0,-2.5,0,0,-2.5,0,0,-2.5,0,0,-2.5,0,19,0.8,336.4,36.4183381088825,1.29226361031519,525.207258834766,861.607258834766,55.4183381088825,-10.4077363896848
"Luke Johnson","C",2013,134,0,-2.5,0,0,-2.5,0,0,-2.5,0,0,-2.5,0,0,-2.5,0,15,-0.5,162.183333333333,3.5243553008596,-0.234957020057307,40.823782234957,203.00711556829,18.5243553008596,-13.2349570200573
"Eric Roy","D",2013,135,0,-2.5,0,0,-2.5,0,0,-2.5,0,0,-2.5,0,0,-2.5,0,0,-2.5,0,0,-2.93696275071633,0,0,0,-17.9369627507163
"Victor CrusRydberg","C",2013,136,0,-2.5,0,0,-2.5,0,0,-2.5,0,0,-2.5,0,0,-2.5,0,0,-2.5,0,0,-2.93696275071633,0,0,0,-17.9369627507163
"Carson Soucy","D",2013,137,0,-2.5,0,0,-2.5,0,0,-2.5,0,0,-2.5,0,3,-0.1,44.5333333333333,0,-2.5,0,64.6131805157593,4.69914040114613,1009.82569245463,1054.35902578796,67.6131805157593,-7.90085959885387
"Vincent Dunn","C",2013,138,0,-2.5,0,0,-2.5,0,0,-2.5,0,0,-2.5,0,0,-2.5,0,0,-2.5,0,0,-2.93696275071633,0,0,0,-17.9369627507163
"Mitchell Wheaton","D",2013,139,0,-2.5,0,0,-2.5,0,0,-2.5,0,0,-2.5,0,0,-2.5,0,0,-2.5,0,0,-2.93696275071633,0,0,0,-17.9369627507163
"Teemu Kivihalme","D",2013,140,0,-2.5,0,0,-2.5,0,0,-2.5,0,0,-2.5,0,0,-2.5,0,0,-2.5,0,0,-2.93696275071633,0,0,0,-17.9369627507163
"Michael Brodzinski","D",2013,141,0,-2.5,0,0,-2.5,0,0,-2.5,0,0,-2.5,0,0,-2.5,0,0,-2.5,0,0,-2.93696275071633,0,0,0,-17.9369627507163
"Fabrice Herzog","RW",2013,142,0,-2.5,0,0,-2.5,0,0,-2.5,0,0,-2.5,0,0,-2.5,0,0,-2.5,0,0,-2.93696275071633,0,0,0,-17.9369627507163
"Anthony Florentino","D",2013,143,0,-2.5,0,0,-2.5,0,0,-2.5,0,0,-2.5,0,0,-2.5,0,0,-2.5,0,0,-2.93696275071633,0,0,0,-17.9369627507163
"Blake Heinrich","D",2013,144,0,-2.5,0,0,-2.5,0,0,-2.5,0,0,-2.5,0,0,-2.5,0,0,-2.5,0,0,-2.93696275071633,0,0,0,-17.9369627507163
"Anton Cederholm","D",2013,145,0,-2.5,0,0,-2.5,0,0,-2.5,0,0,-2.5,0,0,-2.5,0,0,-2.5,0,0,-2.93696275071633,0,0,0,-17.9369627507163
"Patrik Bartosak","G",2013,146,0,-2.5,0,0,-2.5,0,0,-2.5,0,0,-2.5,0,0,-2.5,0,0,-2.5,0,0,-2.93696275071633,0,0,0,-17.9369627507163
"Grant Besse","RW",2013,147,0,-2.5,0,0,-2.5,0,0,-2.5,0,0,-2.5,0,0,-2.5,0,0,-2.5,0,0,-2.93696275071633,0,0,0,-17.9369627507163
"Jonny Brodzinski","C",2013,148,0,-2.5,0,0,-2.5,0,0,-2.5,0,6,0.2,73.7166666666667,35,0.7,332.683333333333,13,0.3,129,3.5243553008596,0.117478510028653,26.080229226361,561.480229226361,57.5243553008596,-6.18252148997135
"Matej Paulovic","LW",2013,149,0,-2.5,0,0,-2.5,0,0,-2.5,0,0,-2.5,0,0,-2.5,0,0,-2.5,0,0,-2.93696275071633,0,0,0,-17.9369627507163
"Wiley Sherman","D",2013,150,0,-2.5,0,0,-2.5,0,0,-2.5,0,0,-2.5,0,0,-2.5,0,0,-2.5,0,0,-2.93696275071633,0,0,0,-17.9369627507163
"Gage Ausmus","D",2013,151,0,-2.5,0,0,-2.5,0,0,-2.5,0,0,-2.5,0,0,-2.5,0,0,-2.5,0,0,-2.93696275071633,0,0,0,-17.9369627507163
"Joshua Brown","D",2013,152,0,-2.5,0,0,-2.5,0,0,-2.5,0,0,-2.5,0,0,-2.5,0,37,0.5,492.116666666667,65.7879656160459,1.7621776504298,882.733524355301,1374.85019102197,102.787965616046,-10.2378223495702
"Ben Storm","D",2013,153,0,-2.5,0,0,-2.5,0,0,-2.5,0,0,-2.5,0,0,-2.5,0,0,-2.5,0,0,-2.93696275071633,0,0,0,-17.9369627507163
"Henri Ikonen","LW",2013,154,0,-2.5,0,0,-2.5,0,0,-2.5,0,0,-2.5,0,0,-2.5,0,0,-2.5,0,0,-2.93696275071633,0,0,0,-17.9369627507163
"Emil Pettersson","C",2013,155,0,-2.5,0,0,-2.5,0,0,-2.5,0,0,-2.5,0,0,-2.5,0,0,-2.5,0,0,-2.93696275071633,0,0,0,-17.9369627507163
"Tyler Ganly","D",2013,156,0,-2.5,0,0,-2.5,0,0,-2.5,0,0,-2.5,0,0,-2.5,0,0,-2.5,0,0,-2.93696275071633,0,0,0,-17.9369627507163
"Tim Harrison","RW",2013,157,0,-2.5,0,0,-2.5,0,0,-2.5,0,0,-2.5,0,0,-2.5,0,0,-2.5,0,0,-2.93696275071633,0,0,0,-17.9369627507163
"Ben Betker","D",2013,158,0,-2.5,0,0,-2.5,0,0,-2.5,0,0,-2.5,0,0,-2.5,0,0,-2.5,0,0,-2.93696275071633,0,0,0,-17.9369627507163
"Sean Malone","C",2013,159,0,-2.5,0,0,-2.5,0,0,-2.5,0,1,0,12.2,0,-2.5,0,0,-2.5,0,0,-2.93696275071633,0,12.2,1,-15.4369627507163
"Myles Bell","RW",2013,160,0,-2.5,0,0,-2.5,0,0,-2.5,0,0,-2.5,0,0,-2.5,0,0,-2.5,0,0,-2.93696275071633,0,0,0,-17.9369627507163
"Chris Leblanc","RW",2013,161,0,-2.5,0,0,-2.5,0,0,-2.5,0,0,-2.5,0,0,-2.5,0,0,-2.5,0,0,-2.93696275071633,0,0,0,-17.9369627507163
"Merrick Madsen","G",2013,162,0,-2.5,0,0,-2.5,0,0,-2.5,0,0,-2.5,0,0,-2.5,0,0,-2.5,0,0,-2.93696275071633,0,0,0,-17.9369627507163
"Brendan Burke","G",2013,163,0,-2.5,0,0,-2.5,0,0,-2.5,0,0,-2.5,0,0,-2.5,0,0,-2.5,0,0,-2.93696275071633,0,0,0,-17.9369627507163
"Dane Birks","D",2013,164,0,-2.5,0,0,-2.5,0,0,-2.5,0,0,-2.5,0,0,-2.5,0,0,-2.5,0,0,-2.93696275071633,0,0,0,-17.9369627507163
"Markus Soberg","RW",2013,165,0,-2.5,0,0,-2.5,0,0,-2.5,0,0,-2.5,0,0,-2.5,0,0,-2.5,0,0,-2.93696275071633,0,0,0,-17.9369627507163
"Alan Quine","C",2013,166,0,-2.5,0,0,-2.5,0,2,0.2,35.5166666666667,61,1.1,763.766666666667,21,-0.2,246.45,13,0.6,123.466666666667,10.5730659025788,0,103.674785100287,1272.87478510029,107.573065902579,-3.3
"Avery Peterson","C",2013,167,0,-2.5,0,0,-2.5,0,0,-2.5,0,0,-2.5,0,0,-2.5,0,0,-2.5,0,0,-2.93696275071633,0,0,0,-17.9369627507163
"Quentin Shore","C",2013,168,0,-2.5,0,0,-2.5,0,0,-2.5,0,0,-2.5,0,0,-2.5,0,0,-2.5,0,0,-2.93696275071633,0,0,0,-17.9369627507163
"Marc McNulty","D",2013,169,0,-2.5,0,0,-2.5,0,0,-2.5,0,0,-2.5,0,0,-2.5,0,0,-2.5,0,0,-2.93696275071633,0,0,0,-17.9369627507163
"Mackenzie Skapski","G",2013,170,0,-2.5,0,0,-2.5,0,0,-2.5,0,0,-2.5,0,0,-2.5,0,0,-2.5,0,0,-2.93696275071633,0,0,0,-17.9369627507163
"Tommy Veilleux","LW",2013,171,0,-2.5,0,0,-2.5,0,0,-2.5,0,0,-2.5,0,0,-2.5,0,0,-2.5,0,0,-2.93696275071633,0,0,0,-17.9369627507163
"Antoine Bibeau","G",2013,172,0,-2.5,0,0,-2.5,0,0,-2.5,0,0,-2.5,0,0,-2.5,0,0,-2.5,0,0,-2.93696275071633,0,0,0,-17.9369627507163
"Santeri Saari","D",2013,173,0,-2.5,0,0,-2.5,0,0,-2.5,0,0,-2.5,0,0,-2.5,0,0,-2.5,0,0,-2.93696275071633,0,0,0,-17.9369627507163
"Brian Pinho","C",2013,174,0,-2.5,0,0,-2.5,0,0,-2.5,0,0,-2.5,0,0,-2.5,0,0,-2.5,0,0,-2.93696275071633,0,0,0,-17.9369627507163
"Mike Williamson","D",2013,175,0,-2.5,0,0,-2.5,0,0,-2.5,0,0,-2.5,0,0,-2.5,0,0,-2.5,0,0,-2.93696275071633,0,0,0,-17.9369627507163
"Jeremy Gregoire","C",2013,176,0,-2.5,0,0,-2.5,0,0,-2.5,0,0,-2.5,0,0,-2.5,0,0,-2.5,0,0,-2.93696275071633,0,0,0,-17.9369627507163
"Miro Aaltonen","C",2013,177,0,-2.5,0,0,-2.5,0,0,-2.5,0,0,-2.5,0,0,-2.5,0,0,-2.5,0,0,-2.93696275071633,0,0,0,-17.9369627507163
"Zachary Leslie","D",2013,178,0,-2.5,0,0,-2.5,0,0,-2.5,0,0,-2.5,0,0,-2.5,0,0,-2.5,0,0,-2.93696275071633,0,0,0,-17.9369627507163
"Blaine Byron","C",2013,179,0,-2.5,0,0,-2.5,0,0,-2.5,0,0,-2.5,0,0,-2.5,0,0,-2.5,0,0,-2.93696275071633,0,0,0,-17.9369627507163
"Anton Blidh","LW",2013,180,0,-2.5,0,0,-2.5,0,0,-2.5,0,19,0,166.766666666667,1,0,10.3833333333333,1,0,13.7666666666667,8.22349570200573,-0.234957020057307,94.707258834766,285.623925501433,29.2234957020057,-7.73495702005731
"Anthony Louis","C",2013,181,0,-2.5,0,0,-2.5,0,0,-2.5,0,0,-2.5,0,0,-2.5,0,0,-2.5,0,0,-2.93696275071633,0,0,0,-17.9369627507163
"Aleksi Makela","D",2013,182,0,-2.5,0,0,-2.5,0,0,-2.5,0,0,-2.5,0,0,-2.5,0,0,-2.5,0,0,-2.93696275071633,0,0,0,-17.9369627507163
"Wilhelm Westlund","D",2013,183,0,-2.5,0,0,-2.5,0,0,-2.5,0,0,-2.5,0,0,-2.5,0,0,-2.5,0,0,-2.93696275071633,0,0,0,-17.9369627507163
"Saku Salminen","C",2013,184,0,-2.5,0,0,-2.5,0,0,-2.5,0,0,-2.5,0,0,-2.5,0,0,-2.5,0,0,-2.93696275071633,0,0,0,-17.9369627507163
"Wade Murphy","RW",2013,185,0,-2.5,0,0,-2.5,0,0,-2.5,0,0,-2.5,0,0,-2.5,0,0,-2.5,0,0,-2.93696275071633,0,0,0,-17.9369627507163
"Joel Vermin","RW",2013,186,0,-2.5,0,0,-2.5,0,6,0.1,54.8333333333333,18,0.1,196.683333333333,0,-2.5,0,0,-2.5,0,0,-2.93696275071633,0,251.516666666666,24,-12.7369627507163
"Rushan Rafikov","D",2013,187,0,-2.5,0,0,-2.5,0,0,-2.5,0,0,-2.5,0,0,-2.5,0,0,-2.5,0,0,-2.93696275071633,0,0,0,-17.9369627507163
"Gregory Chase","C/RW",2013,188,0,-2.5,0,0,-2.5,0,0,-2.5,0,0,-2.5,0,0,-2.5,0,0,-2.5,0,0,-2.93696275071633,0,0,0,-17.9369627507163
"Eric Locke","C",2013,189,0,-2.5,0,0,-2.5,0,0,-2.5,0,0,-2.5,0,0,-2.5,0,0,-2.5,0,0,-2.93696275071633,0,0,0,-17.9369627507163
"Brenden Kichton","D",2013,190,0,-2.5,0,0,-2.5,0,0,-2.5,0,0,-2.5,0,0,-2.5,0,0,-2.5,0,0,-2.93696275071633,0,0,0,-17.9369627507163
"Dominik Kubalik","LW",2013,191,0,-2.5,0,0,-2.5,0,0,-2.5,0,0,-2.5,0,0,-2.5,0,0,-2.5,0,79.8853868194843,7.16618911174785,1148.31327602674,1148.31327602674,79.8853868194843,-7.83381088825215
"David Drake","D",2013,192,0,-2.5,0,0,-2.5,0,0,-2.5,0,0,-2.5,0,0,-2.5,0,0,-2.5,0,0,-2.93696275071633,0,0,0,-17.9369627507163
"Jedd Soleway","C",2013,193,0,-2.5,0,0,-2.5,0,0,-2.5,0,0,-2.5,0,0,-2.5,0,0,-2.5,0,0,-2.93696275071633,0,0,0,-17.9369627507163
"Marcus Karlstrom","D",2013,194,0,-2.5,0,0,-2.5,0,0,-2.5,0,0,-2.5,0,0,-2.5,0,0,-2.5,0,0,-2.93696275071633,0,0,0,-17.9369627507163
"Peter Quenneville","C/RW",2013,195,0,-2.5,0,0,-2.5,0,0,-2.5,0,0,-2.5,0,0,-2.5,0,0,-2.5,0,0,-2.93696275071633,0,0,0,-17.9369627507163
"Kyle Burroughs","D",2013,196,0,-2.5,0,0,-2.5,0,0,-2.5,0,0,-2.5,0,0,-2.5,0,0,-2.5,0,0,-2.93696275071633,0,0,0,-17.9369627507163
"Nolan De Jong","D",2013,197,0,-2.5,0,0,-2.5,0,0,-2.5,0,0,-2.5,0,0,-2.5,0,0,-2.5,0,0,-2.93696275071633,0,0,0,-17.9369627507163
"John Gilmour","D",2013,198,0,-2.5,0,0,-2.5,0,0,-2.5,0,0,-2.5,0,28,0.4,480.933333333333,5,-0.2,80.3833333333333,4.69914040114613,-0.117478510028653,80.0811843361987,641.397851002865,37.6991404011461,-9.91747851002865
"Hampus Melen","RW",2013,199,0,-2.5,0,0,-2.5,0,0,-2.5,0,0,-2.5,0,0,-2.5,0,0,-2.5,0,0,-2.93696275071633,0,0,0,-17.9369627507163
"Alexandre Belanger","G",2013,200,0,-2.5,0,0,-2.5,0,0,-2.5,0,0,-2.5,0,0,-2.5,0,0,-2.5,0,0,-2.93696275071633,0,0,0,-17.9369627507163
"Jacob Jackson","C",2013,201,0,-2.5,0,0,-2.5,0,0,-2.5,0,0,-2.5,0,0,-2.5,0,0,-2.5,0,0,-2.93696275071633,0,0,0,-17.9369627507163
"Andreas Johnson","LW",2013,202,0,-2.5,0,0,-2.5,0,0,-2.5,0,0,-2.5,0,9,0.3,105.3,73,4.9,997.8,50.5157593123209,1.87965616045845,795.858166189112,1898.95816618911,132.515759312321,-2.92034383954155
"Janne Juvonen","G",2013,203,0,-2.5,0,0,-2.5,0,0,-2.5,0,0,-2.5,0,0,-2.5,0,0,-2.5,0,0,-2.93696275071633,0,0,0,-17.9369627507163
"Tyler Lewington","D",2013,204,0,-2.5,0,0,-2.5,0,0,-2.5,0,0,-2.5,0,0,-2.5,0,2,0.5,27.5833333333333,7.0487106017192,-0.117478510028653,71.6031518624642,99.1864851957975,9.0487106017192,-12.1174785100287
"Miles Liberati","D",2013,205,0,-2.5,0,0,-2.5,0,0,-2.5,0,0,-2.5,0,0,-2.5,0,0,-2.5,0,0,-2.93696275071633,0,0,0,-17.9369627507163
"MacKenzie Weegar","D",2013,206,0,-2.5,0,0,-2.5,0,0,-2.5,0,3,0.1,52.3333333333333,60,2.1,874.333333333333,64,2.7,1085.85,52.865329512894,3.99426934097421,1063.47421203438,3075.99087870105,179.865329512894,1.39426934097421
"Emil Galimov","LW",2013,207,0,-2.5,0,0,-2.5,0,0,-2.5,0,0,-2.5,0,0,-2.5,0,0,-2.5,0,0,-2.93696275071633,0,0,0,-17.9369627507163
"Anthony Brodeur","G",2013,208,0,-2.5,0,0,-2.5,0,0,-2.5,0,0,-2.5,0,0,-2.5,0,0,-2.5,0,0,-2.93696275071633,0,0,0,-17.9369627507163
"Troy Josephs","C",2013,209,0,-2.5,0,0,-2.5,0,0,-2.5,0,0,-2.5,0,0,-2.5,0,0,-2.5,0,0,-2.93696275071633,0,0,0,-17.9369627507163
"Mitchell Dempsey","LW",2013,210,0,-2.5,0,0,-2.5,0,0,-2.5,0,0,-2.5,0,0,-2.5,0,0,-2.5,0,0,-2.93696275071633,0,0,0,-17.9369627507163
"Robin Press","D",2013,211,0,-2.5,0,0,-2.5,0,0,-2.5,0,0,-2.5,0,0,-2.5,0,0,-2.5,0,0,-2.93696275071633,0,0,0,-17.9369627507163
"Aaron Ekblad","D",2014,1,81,8.5,1766.61666666667,78,8.2,1690.81666666667,68,3.4,1459.28333333333,82,7.8,1917.9,82,6.8,1938.81666666667,78.7106017191977,7.2836676217765,1808.48376313276,51.25,6.44285714285714,1285.91130952381,11867.8284059899,520.960601719198,48.4265247646336
"Sam Reinhart","C",2014,2,9,-0.1,93.2666666666667,79,5.2,1330.05,79,4.6,1360.15,82,5,1402.31666666667,82,6,1554.53333333333,81.0601719197708,5.2865329512894,1672.14995224451,79.0714285714286,6.29642857142857,1544.96785714286,8957.43447605404,491.131600491199,32.282961522718
"Leon Draisaitl","C",2014,3,37,-0.2,469.733333333333,72,5.8,1300.11666666667,82,9.6,1548.48333333333,78,6.9,1506.98333333333,82,12.6,1852.45,83.4097421203439,15.0372492836676,1886,82,15.9607142857143,1819.44821428571,10383.2148809524,516.409742120344,65.6979635693819
"Samuel Bennett","C",2014,4,1,0,16,77,3.4,1166.25,81,1.6,1213.98333333333,82,1.3,1180.83333333333,71,1.9,943.583333333333,61.0888252148997,1.17478510028653,764.295606494747,14.6428571428571,3.36785714285714,264.425595238095,5549.37120173284,387.731682357757,12.7426422431437
"Michael Dal Colle","LW",2014,5,0,-2.5,0,0,-2.5,0,0,-2.5,0,4,-0.1,53.4166666666667,28,0.6,339.033333333333,62.2636103151862,0.117478510028653,734.612702960841,38.0714285714286,0.146428571428571,453.245238095238,1580.30794105608,132.335038886615,-6.73609291854278
"Jake Virtanen","RW",2014,6,0,-2.5,0,55,1,636.016666666667,10,0,101.45,75,1.3,898.983333333333,70,2.4,1037.33333333333,81.0601719197708,4.34670487106017,1060.69388729704,55.6428571428571,0.292857142857143,681.771428571429,4416.2486492018,346.703029062628,6.83956201391731
"Haydn Fleury","D",2014,7,0,-2.5,0,0,-2.5,0,0,-2.5,0,67,2,1125.26666666667,20,0.7,250.666666666667,52.865329512894,2.58452722063037,722.414517669532,17.5714285714286,0.585714285714286,362.89880952381,2461.24666052668,157.436758084323,-1.62975849365534
"William Nylander","C/RW",2014,8,0,-2.5,0,22,1.6,359.433333333333,81,6.8,1297,82,6.7,1368.45,54,1.6,837.85,79.8853868194843,7.87106017191977,1454.59933142311,74.6785714285714,6.88214285714286,1239.7130952381,6557.04575999454,393.563958248056,28.9532030290626
"Nikolaj Ehlers","LW",2014,9,0,-2.5,0,72,4.1,1159.26666666667,82,7.2,1433.86666666667,82,7.3,1318.6,62,4.2,977.2,83.4097421203439,7.98853868194842,1378.21872015282,68.8214285714286,9.07857142857143,1164.44880952381,7431.60086300997,450.231170691773,37.3671101105198
"Nicholas Ritchie","LW",2014,10,0,-2.5,0,33,0,388.15,77,3.2,999.866666666667,76,2.2,1001.83333333333,60,3,900.083333333333,8.22349570200573,0.117478510028653,105.339063992359,82,3.80714285714286,1260.2619047619,4655.53430208759,336.223495702006,9.82462136717151
"Kevin Fiala","LW",2014,11,1,-0.1,11.4166666666667,5,0.1,65.7666666666667,54,1.8,729.666666666667,80,6,1211.81666666667,19,0.1,335.05,75.1862464183381,7.0487106017192,1157.92693409742,73.2142857142857,6.73571428571428,1237.29702380952,4748.94062457361,307.400532132624,21.6844248874335
"Brendan Perlini","LW",2014,12,0,-2.5,0,0,-2.5,0,57,2.3,845.783333333333,74,3.2,1073.86666666667,46,1.3,487.716666666667,45.8166189111748,-0.822349570200573,493.429321872015,0,-3.66071428571429,0,2900.79598853868,222.816618911175,-2.68306385591486
"Jakub Vrana","L/RW",2014,13,0,-2.5,0,0,-2.5,0,21,0.6,233.283333333333,73,2.6,912.4,82,5.6,1151.3,81.0601719197708,7.16618911174785,1206.36723973257,16.1071428571429,2.48928571428571,278.189880952381,3781.54045401828,273.167314776914,13.4554748260336
"Julius Honka","D",2014,14,0,-2.5,0,0,-2.5,0,16,0.5,269.9,42,1,546.383333333333,29,0.9,397.683333333333,0,-2.93696275071633,0,0,-3.66071428571429,0,1213.96666666667,87,-9.19767703643062
"Dylan Larkin","C",2014,15,0,-2.5,0,80,6,1323.53333333333,80,2.3,1292.23333333333,82,5.2,1627.16666666667,76,7.5,1660,83.4097421203439,5.2865329512894,1772.37870105062,64.4285714285714,2.05,1314.48928571429,8989.80132009824,465.838313548915,25.8365329512894
"Sonny Milano","LW",2014,16,0,-2.5,0,3,0.1,40.1333333333333,4,-0.2,46.7333333333333,55,2.3,640.733333333333,8,0.1,66.5666666666667,10.5730659025788,0.469914040114613,163.804202483286,8.78571428571428,-0.146428571428571,129.442857142857,1087.41372629281,89.3587801882931,0.123485468686042
"Travis Sanheim","D",2014,17,0,-2.5,0,0,-2.5,0,0,-2.5,0,49,1.3,763.583333333333,82,5.3,1603.8,81.0601719197708,5.5214899713467,1633.6953199618,80.5357142857143,1.46428571428571,1762.63392857143,5763.71258186656,292.595886205485,6.08577568563241
"Alex Tuch","RW",2014,18,0,-2.5,0,0,-2.5,0,6,-0.3,64.2166666666667,78,3.4,1189.7,74,5.9,1237.78333333333,49.3409742120344,1.29226361031519,721.396370582617,80.5357142857143,6.15,1355.12321428571,4568.21958486832,287.876688497749,11.4422636103152
"Anthony Deangelo","D",2014,19,0,-2.5,0,0,-2.5,0,39,1.7,666.666666666667,32,0,529.9,61,4.9,1178.98333333333,79.8853868194843,9.86819484240688,1540.76981852913,8.78571428571428,-0.439285714285714,162.316071428571,4078.6358899577,220.671101105199,11.0289091281212
"Nick Schmaltz","C",2014,20,0,-2.5,0,0,-2.5,0,61,2.7,808.933333333333,78,5.2,1422.03333333333,17,1.3,306.366666666667,82.2349570200573,5.05157593123209,1277.52005730659,76.1428571428571,4.39285714285714,1298.79702380952,5113.65041444944,314.377814162914,13.6444330740892
"Robert Fabbri","C",2014,21,0,-2.5,0,72,4.6,958.683333333333,51,2.5,796.066666666667,0,-2.5,0,32,0,404.916666666667,61.0888252148997,2.70200573065903,1054.68290353391,43.9285714285714,3.36785714285714,758.622023809524,3972.9715940101,260.017396643471,8.16986287351617
"Kasperi Kapanen","RW",2014,22,0,-2.5,0,9,-0.3,133.016666666667,8,0,85.5666666666667,38,0.9,427.333333333333,78,4.4,1295.68333333333,81.0601719197708,3.40687679083095,1279.94794651385,58.5714285714286,5.27142857142857,909.711904761905,4131.25985127575,272.631600491199,11.1783053622595
"Conner Bleackley","C",2014,23,0,-2.5,0,0,-2.5,0,0,-2.5,0,0,-2.5,0,0,-2.5,0,0,-2.93696275071633,0,0,-3.66071428571429,0,0,0,-19.0976770364306
"Jared McCann","C",2014,24,0,-2.5,0,69,1.5,864.016666666667,29,0.3,337.416666666667,68,2.6,901.35,32,2.3,485.75,77.5358166189112,4.11174785100287,1181.93170964661,62.9642857142857,6.15,888.675,4659.14004297994,338.500102333197,14.4617478510029
"David Pastrnak","RW",2014,25,46,3.6,642.766666666667,51,3.5,711.2,75,10.3,1348.68333333333,82,9.7,1473.2,66,10.2,1237.75,82.2349570200573,15.5071633237822,1559.2335243553,70.2857142857143,8.78571428571428,1308.31488095238,8281.14840530768,472.520671305772,61.5928776094965
"Nikita Scherbak","RW",2014,26,0,-2.5,0,0,-2.5,0,3,0.2,34.1333333333333,26,0.3,347.816666666667,8,-0.1,81.4166666666667,0,-2.93696275071633,0,0,-3.66071428571429,0,463.366666666667,37,-11.1976770364306
"Nikolay Goldobin","RW",2014,27,0,-2.5,0,9,0.2,100.666666666667,12,0.5,139.533333333333,38,1,468.666666666667,63,1.7,944.35,1.17478510028653,0,10.1227316141356,0,-3.66071428571429,0,1663.3393982808,123.174785100287,-2.76071428571429
"Joshua Ho-Sang","C/RW",2014,28,0,-2.5,0,0,-2.5,0,21,1,345.583333333333,22,0.6,314.15,10,0.1,145.233333333333,0,-2.93696275071633,0,0,-3.66071428571429,0,804.966666666666,53,-9.89767703643062
"Adrian Kempe","LW",2014,29,0,-2.5,0,0,-2.5,0,25,0.4,305.766666666667,81,4.2,1079.81666666667,81,2,1174.51666666667,81.0601719197708,2.81948424068768,1297.9417382999,82,3.66071428571429,1388.46011904762,5246.50185734753,350.060171919771,8.08019852640197
"John Quenneville","C",2014,30,0,-2.5,0,0,-2.5,0,12,0.4,164.383333333333,2,-0.2,26.5833333333333,19,-0.1,214.983333333333,10.5730659025788,-0.234957020057307,116.812798471824,0,-3.66071428571429,0,522.762798471823,43.5730659025788,-8.7956713057716
"Brendan Lemieux","LW",2014,31,0,-2.5,0,0,-2.5,0,0,-2.5,0,9,0.2,71.4666666666667,19,0.4,243.733333333333,69.3123209169054,0.469914040114613,892.073065902579,26.3571428571429,0.439285714285714,262.86369047619,1470.13675637877,123.669463774048,-5.99080024559967
"Jayce Hawryluk","C",2014,32,0,-2.5,0,0,-2.5,0,0,-2.5,0,0,-2.5,0,42,1,396.1,12.9226361031519,0.939828080229226,168.092168099331,43.9285714285714,0,423.495833333333,987.688001432664,98.8512075317233,-8.06017191977077
"Ivan Barbashev","C/LW",2014,33,0,-2.5,0,0,-2.5,0,30,1.5,353.733333333333,53,1,646.466666666667,80,2.5,921.133333333333,81.0601719197708,2.81948424068768,1090.49426934097,55.6428571428571,1.46428571428571,743.002976190476,3754.83057886478,299.703029062628,4.28376995497339
"Mason McDonald","G",2014,34,0,-2.5,0,0,-2.5,0,0,-2.5,0,0,-2.5,0,0,-2.5,0,0,-2.93696275071633,0,0,-3.66071428571429,0,0,0,-19.0976770364306
"Dominik Masin","D",2014,35,0,-2.5,0,0,-2.5,0,0,-2.5,0,0,-2.5,0,0,-2.5,0,0,-2.93696275071633,0,0,-3.66071428571429,0,0,0,-19.0976770364306
"Thatcher Demko","G",2014,36,0,-2.5,0,0,-2.5,0,0,-2.5,0,0,-2.5,0,0,-2.5,0,0,-2.93696275071633,0,0,-3.66071428571429,0,0,0,-19.0976770364306
"Alex Nedeljkovic","G",2014,37,0,-2.5,0,0,-2.5,0,0,-2.5,0,0,-2.5,0,0,-2.5,0,0,-2.93696275071633,0,0,-3.66071428571429,0,0,0,-19.0976770364306
"Marcus Pettersson","D",2014,38,0,-2.5,0,0,-2.5,0,0,-2.5,0,22,1.2,299.383333333333,57,3.5,1022.75,81.0601719197708,5.05157593123209,1572.64565425024,68.8214285714286,2.78214285714286,1134.52857142857,4029.30755901214,228.881600491199,5.03371878837495
"Vitek Vanecek","G",2014,39,0,-2.5,0,0,-2.5,0,0,-2.5,0,0,-2.5,0,0,-2.5,0,0,-2.93696275071633,0,0,-3.66071428571429,0,0,0,-19.0976770364306
"Andreas Englund","D",2014,40,0,-2.5,0,0,-2.5,0,5,-0.2,53.15,1,0.1,11.35,3,-0.1,40,28.1948424068768,-0.117478510028653,307.5,0,-3.66071428571429,0,412,37.1948424068768,-8.97819279574294
"Joshua Jacobs","D",2014,41,0,-2.5,0,0,-2.5,0,0,-2.5,0,0,-2.5,0,1,-0.1,14.9,2.34957020057307,0.117478510028653,38.9832855778414,0,-3.66071428571429,0,53.8832855778414,3.34957020057307,-13.6432357756856
"Vladislav Kamenev","LW",2014,42,0,-2.5,0,0,-2.5,0,2,-0.1,20.1166666666667,3,-0.1,26.4666666666667,23,0.3,207.9,44.6418338108883,0.234957020057307,400.719197707736,0,-3.66071428571429,0,655.202531041069,72.6418338108883,-8.32575726565698
"Ryan MacInnis","C",2014,43,0,-2.5,0,0,-2.5,0,0,-2.5,0,0,-2.5,0,0,-2.5,0,11.7478510028653,0,109.861986628462,23.4285714285714,-0.585714285714286,233.675595238095,343.537581866557,35.1764224314367,-13.0857142857143
"Eric Cornel","C",2014,44,0,-2.5,0,0,-2.5,0,0,-2.5,0,0,-2.5,0,0,-2.5,0,0,-2.93696275071633,0,0,-3.66071428571429,0,0,0,-19.0976770364306
"Brett Pollock","LW",2014,45,0,-2.5,0,0,-2.5,0,0,-2.5,0,0,-2.5,0,0,-2.5,0,0,-2.93696275071633,0,0,-3.66071428571429,0,0,0,-19.0976770364306
"Julius Bergman","D",2014,46,0,-2.5,0,0,-2.5,0,0,-2.5,0,0,-2.5,0,0,-2.5,0,0,-2.93696275071633,0,0,-3.66071428571429,0,0,0,-19.0976770364306
"Ryan Collins","D",2014,47,0,-2.5,0,0,-2.5,0,0,-2.5,0,0,-2.5,0,0,-2.5,0,0,-2.93696275071633,0,0,-3.66071428571429,0,0,0,-19.0976770364306
"Nicolas Aube-Kubel","RW",2014,48,0,-2.5,0,0,-2.5,0,0,-2.5,0,0,-2.5,0,9,0,50.3,42.2922636103152,1.87965616045845,477.47182425979,73.2142857142857,0.585714285714286,818.047619047619,1345.81944330741,124.506549324601,-7.53462955382726
"Vaclav Karabacek","RW",2014,49,0,-2.5,0,0,-2.5,0,0,-2.5,0,0,-2.5,0,0,-2.5,0,0,-2.93696275071633,0,0,-3.66071428571429,0,0,0,-19.0976770364306
"Roland McKeown","D",2014,50,0,-2.5,0,0,-2.5,0,0,-2.5,0,10,0.7,134.1,0,-2.5,0,0,-2.93696275071633,0,0,-3.66071428571429,0,134.1,10,-15.8976770364306
"Jack Dougherty","D",2014,51,0,-2.5,0,0,-2.5,0,0,-2.5,0,0,-2.5,0,0,-2.5,0,0,-2.93696275071633,0,0,-3.66071428571429,0,0,0,-19.0976770364306
"Maxim Letunov","C",2014,52,0,-2.5,0,0,-2.5,0,0,-2.5,0,0,-2.5,0,0,-2.5,0,3.5243553008596,0.234957020057307,31.9933142311366,0,-3.66071428571429,0,31.9933142311366,3.5243553008596,-15.925757265657
"Noah Rod","RW",2014,53,0,-2.5,0,0,-2.5,0,0,-2.5,0,0,-2.5,0,0,-2.5,0,0,-2.93696275071633,0,0,-3.66071428571429,0,0,0,-19.0976770364306
"Hunter Smith","RW",2014,54,0,-2.5,0,0,-2.5,0,0,-2.5,0,0,-2.5,0,0,-2.5,0,0,-2.93696275071633,0,0,-3.66071428571429,0,0,0,-19.0976770364306
"Brandon Montour","D",2014,55,0,-2.5,0,0,-2.5,0,27,2.3,469.283333333333,80,6.9,1637.58333333333,20,1.6,435.4,63.4383954154728,5.16905444126075,1236.95081184336,17.5714285714286,2.05,357.066071428571,4136.28354993859,208.009823986901,13.0190544412607
"Ryan Donato","C",2014,56,0,-2.5,0,0,-2.5,0,0,-2.5,0,12,1.2,176.35,22,1.4,341.933333333333,72.836676217765,3.28939828080229,774.614135625597,73.2142857142857,1.90357142857143,923.256547619048,2216.15401657798,180.050961932051,0.29296970937372
"Johnathan McLeod","D",2014,57,0,-2.5,0,0,-2.5,0,0,-2.5,0,0,-2.5,0,0,-2.5,0,0,-2.93696275071633,0,0,-3.66071428571429,0,0,0,-19.0976770364306
"Christian Dvorak","LW",2014,58,0,-2.5,0,0,-2.5,0,78,3.6,1218.1,78,2.8,1281.81666666667,20,0.5,287.7,82.2349570200573,5.05157593123209,1373.01050620821,82,4.53928571428571,1509.36130952381,5669.98848239869,340.234957020057,11.4908616455178
"Brandon Halverson","G",2014,59,0,-2.5,0,0,-2.5,0,0,-2.5,0,0,-2.5,0,0,-2.5,0,0,-2.93696275071633,0,0,-3.66071428571429,0,0,0,-19.0976770364306
"Alex Lintuniemi","D",2014,60,0,-2.5,0,0,-2.5,0,0,-2.5,0,0,-2.5,0,0,-2.5,0,0,-2.93696275071633,0,0,-3.66071428571429,0,0,0,-19.0976770364306
"Jonas Johansson","G",2014,61,0,-2.5,0,0,-2.5,0,0,-2.5,0,0,-2.5,0,0,-2.5,0,0,-2.93696275071633,0,0,-3.66071428571429,0,0,0,-19.0976770364306
"Justin Kirkland","LW",2014,62,0,-2.5,0,0,-2.5,0,0,-2.5,0,0,-2.5,0,0,-2.5,0,0,-2.93696275071633,0,0,-3.66071428571429,0,0,0,-19.0976770364306
"Dominic Turgeon","C",2014,63,0,-2.5,0,0,-2.5,0,0,-2.5,0,5,-0.2,46.1666666666667,4,-0.2,50.35,0,-2.93696275071633,0,0,-3.66071428571429,0,96.5166666666667,9,-14.4976770364306
"Brandon Hickey","D",2014,64,0,-2.5,0,0,-2.5,0,0,-2.5,0,0,-2.5,0,0,-2.5,0,0,-2.93696275071633,0,0,-3.66071428571429,0,0,0,-19.0976770364306
"Juho Lammikko","RW",2014,65,0,-2.5,0,0,-2.5,0,0,-2.5,0,0,-2.5,0,40,-0.4,437.266666666667,0,-2.93696275071633,0,64.4285714285714,-0.439285714285714,697.829761904762,1135.09642857143,104.428571428571,-13.776248465002
"Nikita Tryamkin","D",2014,66,0,-2.5,0,13,0.4,227.75,66,2.2,1104.85,0,-2.5,0,0,-2.5,0,0,-2.93696275071633,0,0,-3.66071428571429,0,1332.6,79,-11.4976770364306
"Warren Foegele","LW",2014,67,0,-2.5,0,0,-2.5,0,0,-2.5,0,2,0.6,23.85,77,0.4,962.016666666667,79.8853868194843,3.64183381088825,1095.19340974212,77.6071428571428,2.92857142857143,1098.45833333333,3179.51840974212,236.492529676627,0.0704052394596801
"Rinat Valiev","D",2014,68,0,-2.5,0,10,0.1,122.5,0,-2.5,0,2,0,23.6166666666667,0,-2.5,0,0,-2.93696275071633,0,0,-3.66071428571429,0,146.116666666667,12,-13.9976770364306
"Jack Glover","D",2014,69,0,-2.5,0,0,-2.5,0,0,-2.5,0,0,-2.5,0,0,-2.5,0,0,-2.93696275071633,0,0,-3.66071428571429,0,0,0,-19.0976770364306
"Miles Gendron","D",2014,70,0,-2.5,0,0,-2.5,0,0,-2.5,0,0,-2.5,0,0,-2.5,0,0,-2.93696275071633,0,0,-3.66071428571429,0,0,0,-19.0976770364306
"Connor Chatham","RW",2014,71,0,-2.5,0,0,-2.5,0,0,-2.5,0,0,-2.5,0,0,-2.5,0,0,-2.93696275071633,0,0,-3.66071428571429,0,0,0,-19.0976770364306
"Alex Schoenborn","RW",2014,72,0,-2.5,0,0,-2.5,0,0,-2.5,0,0,-2.5,0,0,-2.5,0,0,-2.93696275071633,0,0,-3.66071428571429,0,0,0,-19.0976770364306
"Brett Lernout","D",2014,73,0,-2.5,0,1,0,6.5,2,0,37.9833333333333,18,0,301.05,0,-2.5,0,0,-2.93696275071633,0,0,-3.66071428571429,0,345.533333333333,21,-11.5976770364306
"Brycen Martin","D",2014,74,0,-2.5,0,0,-2.5,0,0,-2.5,0,0,-2.5,0,0,-2.5,0,0,-2.93696275071633,0,0,-3.66071428571429,0,0,0,-19.0976770364306
"Alexander Peters","D",2014,75,0,-2.5,0,0,-2.5,0,0,-2.5,0,0,-2.5,0,0,-2.5,0,0,-2.93696275071633,0,0,-3.66071428571429,0,0,0,-19.0976770364306
"Elvis Merzlikins","G",2014,76,0,-2.5,0,0,-2.5,0,0,-2.5,0,0,-2.5,0,0,-2.5,0,0,-2.93696275071633,0,0,-3.66071428571429,0,0,0,-19.0976770364306
"Blake Siebenaler","D",2014,77,0,-2.5,0,0,-2.5,0,0,-2.5,0,0,-2.5,0,0,-2.5,0,0,-2.93696275071633,0,0,-3.66071428571429,0,0,0,-19.0976770364306
"Ilya Sorokin","G",2014,78,0,-2.5,0,0,-2.5,0,0,-2.5,0,0,-2.5,0,0,-2.5,0,0,-2.93696275071633,0,0,-3.66071428571429,0,0,0,-19.0976770364306
"Brayden Point","C",2014,79,0,-2.5,0,0,-2.5,0,68,4.7,1164.96666666667,82,7.5,1608.81666666667,79,11.4,1494.6,77.5358166189112,9.0458452722063,1465.56399235912,82,8.49285714285714,1511.75297619048,7245.70030188294,388.535816618911,36.1387024150634
"Louis Belpedio","D",2014,80,0,-2.5,0,0,-2.5,0,0,-2.5,0,1,0.3,15.7833333333333,2,0,26.2666666666667,0,-2.93696275071633,0,1.46428571428571,-0.146428571428571,20.4511904761905,62.5011904761905,4.46428571428571,-10.2833913221449
"Dylan Sadowy","LW",2014,81,0,-2.5,0,0,-2.5,0,0,-2.5,0,0,-2.5,0,0,-2.5,0,0,-2.93696275071633,0,0,-3.66071428571429,0,0,0,-19.0976770364306
"Jake Walman","D",2014,82,0,-2.5,0,0,-2.5,0,0,-2.5,0,0,-2.5,0,0,-2.5,0,1.17478510028653,0.117478510028653,13.0009551098376,35.1428571428571,0,508.253571428571,521.254526538409,36.3176422431436,-12.3825214899713
"Matheson Iacopelli","RW",2014,83,0,-2.5,0,0,-2.5,0,0,-2.5,0,0,-2.5,0,0,-2.5,0,0,-2.93696275071633,0,0,-3.66071428571429,0,0,0,-19.0976770364306
"Kyle Wood","D",2014,84,0,-2.5,0,0,-2.5,0,0,-2.5,0,0,-2.5,0,0,-2.5,0,0,-2.93696275071633,0,0,-3.66071428571429,0,0,0,-19.0976770364306
"Keegan Iverson","C/RW",2014,85,0,-2.5,0,0,-2.5,0,0,-2.5,0,0,-2.5,0,0,-2.5,0,0,-2.93696275071633,0,0,-3.66071428571429,0,0,0,-19.0976770364306
"Mark Friedman","D",2014,86,0,-2.5,0,0,-2.5,0,0,-2.5,0,0,-2.5,0,1,-0.1,12.55,7.0487106017192,0.234957020057307,95.7841451766953,7.32142857142857,1.17142857142857,81.0482142857143,189.38235946241,15.3701391731478,-8.69361440851412
"Anton Karlsson","RW",2014,87,0,-2.5,0,0,-2.5,0,0,-2.5,0,0,-2.5,0,0,-2.5,0,0,-2.93696275071633,0,0,-3.66071428571429,0,0,0,-19.0976770364306
"Beau Starrett","C/LW",2014,88,0,-2.5,0,0,-2.5,0,0,-2.5,0,0,-2.5,0,0,-2.5,0,0,-2.93696275071633,0,0,-3.66071428571429,0,0,0,-19.0976770364306
"Nathan Walker","LW",2014,89,0,-2.5,0,0,-2.5,0,0,-2.5,0,2,-0.1,20.6666666666667,3,0.1,24.4333333333333,5.87392550143267,0.117478510028653,65.3767908309456,11.7142857142857,-0.146428571428571,158.118452380952,268.595243211898,22.5882112157184,-7.52895006139992
"Michael Amadio","C",2014,90,0,-2.5,0,0,-2.5,0,0,-2.5,0,37,0.6,344.516666666667,43,1.3,438.866666666667,79.8853868194843,0.587392550143267,1040.1547277937,7.32142857142857,0.146428571428571,95.1053571428571,1918.64341826989,167.206815390913,-4.86617887842816
"William Lagesson","D",2014,91,0,-2.5,0,0,-2.5,0,0,-2.5,0,0,-2.5,0,0,-2.5,0,9.39828080229226,-0.234957020057307,111.506685768863,27.8214285714286,0.732142857142857,393.673214285714,505.179900054577,37.2197093737209,-12.0028141629144
"Joe Wegwerth","RW",2014,92,0,-2.5,0,0,-2.5,0,0,-2.5,0,0,-2.5,0,0,-2.5,0,0,-2.93696275071633,0,0,-3.66071428571429,0,0,0,-19.0976770364306
"Nicholas Magyar","RW",2014,93,0,-2.5,0,0,-2.5,0,0,-2.5,0,0,-2.5,0,0,-2.5,0,0,-2.93696275071633,0,0,-3.66071428571429,0,0,0,-19.0976770364306
"Ville Husso","G",2014,94,0,-2.5,0,0,-2.5,0,0,-2.5,0,0,-2.5,0,0,-2.5,0,0,-2.93696275071633,0,0,-3.66071428571429,0,0,0,-19.0976770364306
"Linus Soderstrom","G",2014,95,0,-2.5,0,0,-2.5,0,0,-2.5,0,0,-2.5,0,0,-2.5,0,0,-2.93696275071633,0,0,-3.66071428571429,0,0,0,-19.0976770364306
"Josh Wesley","D",2014,96,0,-2.5,0,0,-2.5,0,0,-2.5,0,0,-2.5,0,0,-2.5,0,0,-2.93696275071633,0,0,-3.66071428571429,0,0,0,-19.0976770364306
"Lucas Wallmark","C",2014,97,0,-2.5,0,0,-2.5,0,8,0.1,86.9333333333333,11,-0.1,104.433333333333,81,1.7,1198.15,8.22349570200573,0.117478510028653,102.460840496657,5.85714285714286,-0.292857142857143,61.6220238095238,1553.59953097285,114.080638559149,-3.47537863282849
"Frederik Olofsson","LW",2014,98,0,-2.5,0,0,-2.5,0,0,-2.5,0,0,-2.5,0,0,-2.5,0,0,-2.93696275071633,0,0,-3.66071428571429,0,0,0,-19.0976770364306
"Chase De Leo","C",2014,99,0,-2.5,0,2,0,18.8333333333333,0,-2.5,0,0,-2.5,0,1,0,12.5333333333333,1.17478510028653,0,17.6021967526266,1.46428571428571,-0.146428571428571,19.6702380952381,68.6391015145313,5.63907081457224,-7.64642857142857
"Shane Eiserman","C/LW",2014,100,0,-2.5,0,0,-2.5,0,0,-2.5,0,0,-2.5,0,0,-2.5,0,0,-2.93696275071633,0,0,-3.66071428571429,0,0,0,-19.0976770364306
"Nelson Nogier","D",2014,101,0,-2.5,0,0,-2.5,0,10,-0.1,117.133333333333,0,-2.5,0,1,0,10.1,0,-2.93696275071633,0,0,-3.66071428571429,0,127.233333333333,11,-14.1976770364306
"Alexis Vanier","D",2014,102,0,-2.5,0,0,-2.5,0,0,-2.5,0,0,-2.5,0,0,-2.5,0,0,-2.93696275071633,0,0,-3.66071428571429,0,0,0,-19.0976770364306
"John Piccinich","RW",2014,103,0,-2.5,0,0,-2.5,0,0,-2.5,0,0,-2.5,0,0,-2.5,0,0,-2.93696275071633,0,0,-3.66071428571429,0,0,0,-19.0976770364306
"Ryan Mantha","D",2014,104,0,-2.5,0,0,-2.5,0,0,-2.5,0,0,-2.5,0,0,-2.5,0,0,-2.93696275071633,0,0,-3.66071428571429,0,0,0,-19.0976770364306
"Michael Prapavessis","D",2014,105,0,-2.5,0,0,-2.5,0,0,-2.5,0,0,-2.5,0,0,-2.5,0,0,-2.93696275071633,0,0,-3.66071428571429,0,0,0,-19.0976770364306
"Christoffer Ehn","C",2014,106,0,-2.5,0,0,-2.5,0,0,-2.5,0,0,-2.5,0,60,-0.1,636.85,63.4383954154728,-1.05730659025788,660.405444126074,0,-3.66071428571429,0,1297.25544412607,123.438395415473,-14.8180208759722
"Julien Pelletier","LW",2014,107,0,-2.5,0,0,-2.5,0,0,-2.5,0,0,-2.5,0,0,-2.5,0,0,-2.93696275071633,0,0,-3.66071428571429,0,0,0,-19.0976770364306
"Devon Toews","D",2014,108,0,-2.5,0,0,-2.5,0,0,-2.5,0,0,-2.5,0,48,3.8,858.983333333333,79.8853868194843,5.87392550143267,1638.629417383,77.6071428571428,10.5428571428571,1922.46071428571,4420.07346500204,205.492529676627,10.2167826442898
"Kaapo Kahkonen","G",2014,109,0,-2.5,0,0,-2.5,0,0,-2.5,0,0,-2.5,0,0,-2.5,0,0,-2.93696275071633,0,0,-3.66071428571429,0,0,0,-19.0976770364306
"Austin Poganski","RW",2014,110,0,-2.5,0,0,-2.5,0,0,-2.5,0,0,-2.5,0,0,-2.5,0,1.17478510028653,0,6.93123209169055,7.32142857142857,-0.146428571428571,55.3744047619048,62.3056368535953,8.4962136717151,-12.6464285714286
"Zachary Nagelvoort","G",2014,111,0,-2.5,0,0,-2.5,0,0,-2.5,0,0,-2.5,0,0,-2.5,0,0,-2.93696275071633,0,0,-3.66071428571429,0,0,0,-19.0976770364306
"Viktor Arvidsson","LW",2014,112,6,-0.1,61.5333333333333,56,1.2,694.466666666667,80,8.7,1372.38333333333,78,7.6,1384.36666666667,58,7,1110.45,66.9627507163324,3.05444126074499,1084.93361986628,73.2142857142857,3.95357142857143,1215.69880952381,6923.83242939009,418.177036430618,31.4080126893164
"Sam Lafferty","C/LW",2014,113,0,-2.5,0,0,-2.5,0,0,-2.5,0,0,-2.5,0,0,-2.5,0,58.7392550143267,1.52722063037249,565.110792741165,49.7857142857143,-0.439285714285714,486.704166666667,1051.81495940783,108.524969300041,-11.4120650839132
"Alexis Pepin","LW",2014,114,0,-2.5,0,0,-2.5,0,0,-2.5,0,0,-2.5,0,0,-2.5,0,0,-2.93696275071633,0,0,-3.66071428571429,0,0,0,-19.0976770364306
"Brent Moran","G",2014,115,0,-2.5,0,0,-2.5,0,0,-2.5,0,0,-2.5,0,0,-2.5,0,0,-2.93696275071633,0,0,-3.66071428571429,0,0,0,-19.0976770364306
"Danton Heinen","C/LW",2014,116,0,-2.5,0,0,-2.5,0,8,-0.3,105.866666666667,77,4.9,1156.7,77,3.3,1075.73333333333,10.5730659025788,0.35243553008596,172.869627507163,62.9642857142857,1.31785714285714,929.62619047619,3440.79581798335,235.537351616864,4.5702926729431
"Michael Bunting","LW",2014,117,0,-2.5,0,0,-2.5,0,0,-2.5,0,0,-2.5,0,5,0.1,47.7833333333333,0,-2.93696275071633,0,30.75,2.63571428571429,513.280952380952,561.064285714285,35.75,-10.201248465002
"Igor Shesterkin","G",2014,118,0,-2.5,0,0,-2.5,0,0,-2.5,0,0,-2.5,0,0,-2.5,0,0,-2.93696275071633,0,0,-3.66071428571429,0,0,0,-19.0976770364306
"Ben Thomas","D",2014,119,0,-2.5,0,0,-2.5,0,0,-2.5,0,0,-2.5,0,0,-2.5,0,0,-2.93696275071633,0,7.32142857142857,0.146428571428571,104.232738095238,104.232738095238,7.32142857142857,-15.2905341792878
"Steven Johnson","D",2014,120,0,-2.5,0,0,-2.5,0,0,-2.5,0,0,-2.5,0,0,-2.5,0,0,-2.93696275071633,0,0,-3.66071428571429,0,0,0,-19.0976770364306
"Maxwell Willman","C",2014,121,0,-2.5,0,0,-2.5,0,0,-2.5,0,0,-2.5,0,0,-2.5,0,0,-2.93696275071633,0,0,-3.66071428571429,0,0,0,-19.0976770364306
"Richard Nejezchleb","LW",2014,122,0,-2.5,0,0,-2.5,0,0,-2.5,0,0,-2.5,0,0,-2.5,0,0,-2.93696275071633,0,0,-3.66071428571429,0,0,0,-19.0976770364306
"Matthew Berkovitz","D",2014,123,0,-2.5,0,0,-2.5,0,0,-2.5,0,0,-2.5,0,0,-2.5,0,0,-2.93696275071633,0,0,-3.66071428571429,0,0,0,-19.0976770364306
"Jaedon Descheneau","RW",2014,124,0,-2.5,0,0,-2.5,0,0,-2.5,0,0,-2.5,0,0,-2.5,0,0,-2.93696275071633,0,0,-3.66071428571429,0,0,0,-19.0976770364306
"Nikolas Koberstein","D",2014,125,0,-2.5,0,0,-2.5,0,0,-2.5,0,0,-2.5,0,0,-2.5,0,0,-2.93696275071633,0,0,-3.66071428571429,0,0,0,-19.0976770364306
"Gustav Forsling","D",2014,126,0,-2.5,0,0,-2.5,0,38,1.3,563.116666666667,41,2.3,785.4,43,0.7,734.583333333333,0,-2.93696275071633,0,62.9642857142857,6.00357142857143,1255.69821428571,3338.79821428571,184.964285714286,2.3666086778551
"Clark Bishop","C",2014,127,0,-2.5,0,0,-2.5,0,0,-2.5,0,0,-2.5,0,20,0,189.133333333333,5.87392550143267,0,44.9355300859599,19.0357142857143,0.292857142857143,180.302380952381,414.371244371674,44.909639787147,-9.70714285714286
"Dakota Joshua","C",2014,128,0,-2.5,0,0,-2.5,0,0,-2.5,0,0,-2.5,0,0,-2.5,0,0,-2.93696275071633,0,17.5714285714286,-0.146428571428571,157.581547619048,157.581547619048,17.5714285714286,-15.5833913221449
"Clinston Franklin","LW",2014,129,0,-2.5,0,0,-2.5,0,0,-2.5,0,0,-2.5,0,0,-2.5,0,1.17478510028653,0,7.5577841451767,0,-3.66071428571429,0,7.5577841451767,1.17478510028653,-16.1607142857143
"Liam Coughlin","C/LW",2014,130,0,-2.5,0,0,-2.5,0,0,-2.5,0,0,-2.5,0,0,-2.5,0,0,-2.93696275071633,0,0,-3.66071428571429,0,0,0,-19.0976770364306
"Ryan Rehill","D",2014,131,0,-2.5,0,0,-2.5,0,0,-2.5,0,0,-2.5,0,0,-2.5,0,0,-2.93696275071633,0,0,-3.66071428571429,0,0,0,-19.0976770364306
"Joonas Lyytinen","D",2014,132,0,-2.5,0,0,-2.5,0,0,-2.5,0,0,-2.5,0,0,-2.5,0,0,-2.93696275071633,0,0,-3.66071428571429,0,0,0,-19.0976770364306
"Dysin Mayo","D",2014,133,0,-2.5,0,0,-2.5,0,0,-2.5,0,0,-2.5,0,0,-2.5,0,0,-2.93696275071633,0,0,-3.66071428571429,0,0,0,-19.0976770364306
"Shane Gersich","C/LW",2014,134,0,-2.5,0,0,-2.5,0,0,-2.5,0,3,0,27.05,0,-2.5,0,0,-2.93696275071633,0,0,-3.66071428571429,0,27.05,3,-16.5976770364306
"Miro Karjalainen","D",2014,135,0,-2.5,0,0,-2.5,0,0,-2.5,0,0,-2.5,0,0,-2.5,0,0,-2.93696275071633,0,0,-3.66071428571429,0,0,0,-19.0976770364306
"Chase Perry","G",2014,136,0,-2.5,0,0,-2.5,0,0,-2.5,0,0,-2.5,0,0,-2.5,0,0,-2.93696275071633,0,0,-3.66071428571429,0,0,0,-19.0976770364306
"Tyler Bird","RW",2014,137,0,-2.5,0,0,-2.5,0,0,-2.5,0,0,-2.5,0,0,-2.5,0,0,-2.93696275071633,0,0,-3.66071428571429,0,0,0,-19.0976770364306
"Oskar Lindblom","LW",2014,138,0,-2.5,0,0,-2.5,0,0,-2.5,0,23,0.4,335.466666666667,81,2.7,1113.25,35.243553008596,2.58452722063037,620.580229226361,73.2142857142857,1.025,965.08630952381,3034.38320541684,212.457838722882,-0.79047277936963
"Tanner Faith","D",2014,139,0,-2.5,0,0,-2.5,0,0,-2.5,0,0,-2.5,0,0,-2.5,0,0,-2.93696275071633,0,0,-3.66071428571429,0,0,0,-19.0976770364306
"Daniel Walcott","D",2014,140,0,-2.5,0,0,-2.5,0,0,-2.5,0,0,-2.5,0,0,-2.5,0,0,-2.93696275071633,0,1.46428571428571,-0.146428571428571,14.7160714285714,14.7160714285714,1.46428571428571,-15.5833913221449
"Luc Snuggerud","D",2014,141,0,-2.5,0,0,-2.5,0,0,-2.5,0,0,-2.5,0,0,-2.5,0,0,-2.93696275071633,0,0,-3.66071428571429,0,0,0,-19.0976770364306
"Tyler Nanne","D",2014,142,0,-2.5,0,0,-2.5,0,0,-2.5,0,0,-2.5,0,0,-2.5,0,0,-2.93696275071633,0,0,-3.66071428571429,0,0,0,-19.0976770364306
"Miguel Fidler","LW",2014,143,0,-2.5,0,0,-2.5,0,0,-2.5,0,0,-2.5,0,0,-2.5,0,0,-2.93696275071633,0,0,-3.66071428571429,0,0,0,-19.0976770364306
"Anton Lindholm","D",2014,144,0,-2.5,0,0,-2.5,0,12,-0.4,177.016666666667,48,1.3,632.116666666667,2,-0.1,14.35,4.69914040114613,0.234957020057307,55.3519579751671,0,-3.66071428571429,0,878.835291308501,66.6991404011461,-7.62575726565698
"Anthony Angello","C",2014,145,0,-2.5,0,0,-2.5,0,0,-2.5,0,0,-2.5,0,0,-2.5,0,9.39828080229226,0.117478510028653,53.7464183381089,27.8214285714286,0.732142857142857,222.107738095238,275.854156433347,37.2197093737209,-11.6503786328285
"Anders Bjork","LW",2014,146,0,-2.5,0,0,-2.5,0,0,-2.5,0,30,1.1,370.416666666667,20,0,235.983333333333,68.1375358166189,2.11461318051576,881.069245463228,21.9642857142857,0.585714285714286,374.125,1861.59424546323,140.101821530905,-3.69967253376995
"Daniel Audette","C",2014,147,0,-2.5,0,0,-2.5,0,0,-2.5,0,0,-2.5,0,0,-2.5,0,0,-2.93696275071633,0,0,-3.66071428571429,0,0,0,-19.0976770364306
"Andreas Soderberg","D",2014,148,0,-2.5,0,0,-2.5,0,0,-2.5,0,0,-2.5,0,0,-2.5,0,0,-2.93696275071633,0,0,-3.66071428571429,0,0,0,-19.0976770364306
"Rourke Chartier","C",2014,149,0,-2.5,0,0,-2.5,0,0,-2.5,0,0,-2.5,0,13,-0.2,122.233333333333,0,-2.93696275071633,0,0,-3.66071428571429,0,122.233333333333,13,-16.7976770364306
"Alec Dillon","G",2014,150,0,-2.5,0,0,-2.5,0,0,-2.5,0,0,-2.5,0,0,-2.5,0,0,-2.93696275071633,0,0,-3.66071428571429,0,0,0,-19.0976770364306
"Christopher Brown","C",2014,151,0,-2.5,0,0,-2.5,0,0,-2.5,0,0,-2.5,0,0,-2.5,0,0,-2.93696275071633,0,0,-3.66071428571429,0,0,0,-19.0976770364306
"Joey Dudek","C",2014,152,0,-2.5,0,0,-2.5,0,0,-2.5,0,0,-2.5,0,0,-2.5,0,0,-2.93696275071633,0,0,-3.66071428571429,0,0,0,-19.0976770364306
"Tyler Vesel","C",2014,153,0,-2.5,0,0,-2.5,0,0,-2.5,0,0,-2.5,0,0,-2.5,0,0,-2.93696275071633,0,0,-3.66071428571429,0,0,0,-19.0976770364306
"Aaron Haydon","D",2014,154,0,-2.5,0,0,-2.5,0,0,-2.5,0,0,-2.5,0,0,-2.5,0,0,-2.93696275071633,0,0,-3.66071428571429,0,0,0,-19.0976770364306
"Kyle Schempp","C",2014,155,0,-2.5,0,0,-2.5,0,0,-2.5,0,0,-2.5,0,0,-2.5,0,0,-2.93696275071633,0,0,-3.66071428571429,0,0,0,-19.0976770364306
"Kyle Pettit","C",2014,156,0,-2.5,0,0,-2.5,0,0,-2.5,0,0,-2.5,0,0,-2.5,0,0,-2.93696275071633,0,0,-3.66071428571429,0,0,0,-19.0976770364306
"Jake Marchment","C",2014,157,0,-2.5,0,0,-2.5,0,0,-2.5,0,0,-2.5,0,0,-2.5,0,0,-2.93696275071633,0,0,-3.66071428571429,0,0,0,-19.0976770364306
"Nolan Vesey","LW",2014,158,0,-2.5,0,0,-2.5,0,0,-2.5,0,0,-2.5,0,0,-2.5,0,0,-2.93696275071633,0,0,-3.66071428571429,0,0,0,-19.0976770364306
"Steven Spinner","RW",2014,159,0,-2.5,0,0,-2.5,0,0,-2.5,0,0,-2.5,0,0,-2.5,0,0,-2.93696275071633,0,0,-3.66071428571429,0,0,0,-19.0976770364306
"Pontus Sjalin","D",2014,160,0,-2.5,0,0,-2.5,0,0,-2.5,0,0,-2.5,0,0,-2.5,0,0,-2.93696275071633,0,0,-3.66071428571429,0,0,0,-19.0976770364306
"Brandon Baddock","LW",2014,161,0,-2.5,0,0,-2.5,0,0,-2.5,0,0,-2.5,0,0,-2.5,0,0,-2.93696275071633,0,0,-3.66071428571429,0,0,0,-19.0976770364306
"Aaron Irving","D",2014,162,0,-2.5,0,0,-2.5,0,0,-2.5,0,0,-2.5,0,0,-2.5,0,0,-2.93696275071633,0,0,-3.66071428571429,0,0,0,-19.0976770364306
"David Westlund","D",2014,163,0,-2.5,0,0,-2.5,0,0,-2.5,0,0,-2.5,0,0,-2.5,0,0,-2.93696275071633,0,0,-3.66071428571429,0,0,0,-19.0976770364306
"Pavel Kraskovsky","C",2014,164,0,-2.5,0,0,-2.5,0,0,-2.5,0,0,-2.5,0,0,-2.5,0,0,-2.93696275071633,0,0,-3.66071428571429,0,0,0,-19.0976770364306
"John Nyberg","LW",2014,165,0,-2.5,0,0,-2.5,0,0,-2.5,0,0,-2.5,0,0,-2.5,0,0,-2.93696275071633,0,0,-3.66071428571429,0,0,0,-19.0976770364306
"Julius Vahatalo","LW",2014,166,0,-2.5,0,0,-2.5,0,0,-2.5,0,0,-2.5,0,0,-2.5,0,0,-2.93696275071633,0,0,-3.66071428571429,0,0,0,-19.0976770364306
"Chase Lang","C",2014,167,0,-2.5,0,0,-2.5,0,0,-2.5,0,0,-2.5,0,0,-2.5,0,0,-2.93696275071633,0,0,-3.66071428571429,0,0,0,-19.0976770364306
"Radel Fazleev","C",2014,168,0,-2.5,0,0,-2.5,0,0,-2.5,0,0,-2.5,0,0,-2.5,0,0,-2.93696275071633,0,0,-3.66071428571429,0,0,0,-19.0976770364306
"Reid Duke","C",2014,169,0,-2.5,0,0,-2.5,0,0,-2.5,0,0,-2.5,0,0,-2.5,0,0,-2.93696275071633,0,0,-3.66071428571429,0,0,0,-19.0976770364306
"Cristiano Digiacinto","LW",2014,170,0,-2.5,0,0,-2.5,0,0,-2.5,0,0,-2.5,0,0,-2.5,0,0,-2.93696275071633,0,0,-3.66071428571429,0,0,0,-19.0976770364306
"Kevin Labanc","RW",2014,171,0,-2.5,0,0,-2.5,0,55,2.3,752.316666666667,77,3.2,1105.05,82,5.1,1149.61666666667,82.2349570200573,2.23209169054441,1321.51575931232,80.5357142857143,3.51428571428571,1322.61607142857,5651.11516407423,376.770671305772,11.3463774048301
"Chandler Yakimowicz","RW",2014,172,0,-2.5,0,0,-2.5,0,0,-2.5,0,0,-2.5,0,0,-2.5,0,0,-2.93696275071633,0,0,-3.66071428571429,0,0,0,-19.0976770364306
"Jaden Lindo","RW",2014,173,0,-2.5,0,0,-2.5,0,0,-2.5,0,0,-2.5,0,0,-2.5,0,0,-2.93696275071633,0,0,-3.66071428571429,0,0,0,-19.0976770364306
"Maximilian Pajpach","G",2014,174,0,-2.5,0,0,-2.5,0,0,-2.5,0,0,-2.5,0,0,-2.5,0,0,-2.93696275071633,0,0,-3.66071428571429,0,0,0,-19.0976770364306
"Adam Ollas-Mattsson","D",2014,175,0,-2.5,0,0,-2.5,0,0,-2.5,0,0,-2.5,0,0,-2.5,0,0,-2.93696275071633,0,0,-3.66071428571429,0,0,0,-19.0976770364306
"Samuel Blais","LW",2014,176,0,-2.5,0,0,-2.5,0,0,-2.5,0,11,0.3,118.5,32,0.1,315.3,46.9914040114613,1.17478510028653,591.034383954155,52.7142857142857,2.34285714285714,635.96369047619,1660.79807443034,142.705689725747,-3.58235775685633
"Hayden Hawkey","G",2014,177,0,-2.5,0,0,-2.5,0,0,-2.5,0,0,-2.5,0,0,-2.5,0,0,-2.93696275071633,0,0,-3.66071428571429,0,0,0,-19.0976770364306
"Dylan Sikura","C",2014,178,0,-2.5,0,0,-2.5,0,0,-2.5,0,5,0.3,67,33,0.1,372.316666666667,10.5730659025788,0.35243553008596,104.653772683859,8.78571428571428,0.439285714285714,90.0047619047619,633.975201255288,57.3587801882931,-6.30827875562833
"Ivan Nalimov","G",2014,179,0,-2.5,0,0,-2.5,0,0,-2.5,0,0,-2.5,0,0,-2.5,0,0,-2.93696275071633,0,0,-3.66071428571429,0,0,0,-19.0976770364306
"Matthew Mistele","LW",2014,180,0,-2.5,0,0,-2.5,0,0,-2.5,0,0,-2.5,0,0,-2.5,0,0,-2.93696275071633,0,0,-3.66071428571429,0,0,0,-19.0976770364306
"Victor Olofsson","RW",2014,181,0,-2.5,0,0,-2.5,0,0,-2.5,0,0,-2.5,0,6,0.5,108.1,63.4383954154728,5.5214899713467,1166.22874880611,82,3.66071428571429,1426.18988095238,2700.51862975849,151.438395415473,-0.31779574293901
"Hugo Fagerblom","G",2014,182,0,-2.5,0,0,-2.5,0,0,-2.5,0,0,-2.5,0,0,-2.5,0,0,-2.93696275071633,0,0,-3.66071428571429,0,0,0,-19.0976770364306
"Keven Bouchard","G",2014,183,0,-2.5,0,0,-2.5,0,0,-2.5,0,0,-2.5,0,0,-2.5,0,0,-2.93696275071633,0,0,-3.66071428571429,0,0,0,-19.0976770364306
"Austin Carroll","RW",2014,184,0,-2.5,0,0,-2.5,0,0,-2.5,0,0,-2.5,0,0,-2.5,0,0,-2.93696275071633,0,0,-3.66071428571429,0,0,0,-19.0976770364306
"Cameron Darcy","C",2014,185,0,-2.5,0,0,-2.5,0,0,-2.5,0,0,-2.5,0,0,-2.5,0,0,-2.93696275071633,0,0,-3.66071428571429,0,0,0,-19.0976770364306
"Mackenze Stewart","D",2014,186,0,-2.5,0,0,-2.5,0,0,-2.5,0,0,-2.5,0,0,-2.5,0,0,-2.93696275071633,0,0,-3.66071428571429,0,0,0,-19.0976770364306
"Kyle Jenkins","D",2014,187,0,-2.5,0,0,-2.5,0,0,-2.5,0,0,-2.5,0,0,-2.5,0,0,-2.93696275071633,0,0,-3.66071428571429,0,0,0,-19.0976770364306
"Pierre Engvall","LW",2014,188,0,-2.5,0,0,-2.5,0,0,-2.5,0,0,-2.5,0,0,-2.5,0,56.3896848137536,1.64469914040115,672.936485195798,61.5,1.46428571428571,733.655952380952,1406.59243757675,117.889684813754,-9.39101514531314
"Kelly Summers","D",2014,189,0,-2.5,0,0,-2.5,0,0,-2.5,0,0,-2.5,0,0,-2.5,0,0,-2.93696275071633,0,0,-3.66071428571429,0,0,0,-19.0976770364306
"Francis Perron","LW",2014,190,0,-2.5,0,0,-2.5,0,0,-2.5,0,0,-2.5,0,0,-2.5,0,0,-2.93696275071633,0,0,-3.66071428571429,0,0,0,-19.0976770364306
"Jared Fiegl","LW",2014,191,0,-2.5,0,0,-2.5,0,0,-2.5,0,0,-2.5,0,0,-2.5,0,0,-2.93696275071633,0,0,-3.66071428571429,0,0,0,-19.0976770364306
"Matt Ustaski","C/LW",2014,192,0,-2.5,0,0,-2.5,0,0,-2.5,0,0,-2.5,0,0,-2.5,0,0,-2.93696275071633,0,0,-3.66071428571429,0,0,0,-19.0976770364306
"Edgars Kulda","LW",2014,193,0,-2.5,0,0,-2.5,0,0,-2.5,0,0,-2.5,0,0,-2.5,0,0,-2.93696275071633,0,0,-3.66071428571429,0,0,0,-19.0976770364306
"Kevin Elgestal","RW",2014,194,0,-2.5,0,0,-2.5,0,0,-2.5,0,0,-2.5,0,0,-2.5,0,0,-2.93696275071633,0,0,-3.66071428571429,0,0,0,-19.0976770364306
"Patrick Sanvido","D",2014,195,0,-2.5,0,0,-2.5,0,0,-2.5,0,0,-2.5,0,0,-2.5,0,0,-2.93696275071633,0,0,-3.66071428571429,0,0,0,-19.0976770364306
"Axel Holmstrom","C",2014,196,0,-2.5,0,0,-2.5,0,0,-2.5,0,0,-2.5,0,0,-2.5,0,0,-2.93696275071633,0,0,-3.66071428571429,0,0,0,-19.0976770364306
"Olivier Leblanc","D",2014,197,0,-2.5,0,0,-2.5,0,0,-2.5,0,0,-2.5,0,0,-2.5,0,0,-2.93696275071633,0,0,-3.66071428571429,0,0,0,-19.0976770364306
"Jesper Pettersson","D",2014,198,0,-2.5,0,0,-2.5,0,0,-2.5,0,0,-2.5,0,0,-2.5,0,0,-2.93696275071633,0,0,-3.66071428571429,0,0,0,-19.0976770364306
"Pavel Jenys","C",2014,199,0,-2.5,0,0,-2.5,0,0,-2.5,0,0,-2.5,0,0,-2.5,0,0,-2.93696275071633,0,0,-3.66071428571429,0,0,0,-19.0976770364306
"Lukas Sutter","C",2014,200,0,-2.5,0,0,-2.5,0,0,-2.5,0,0,-2.5,0,0,-2.5,0,0,-2.93696275071633,0,0,-3.66071428571429,0,0,0,-19.0976770364306
"Alexander Kadeykin","C",2014,201,0,-2.5,0,0,-2.5,0,0,-2.5,0,0,-2.5,0,0,-2.5,0,0,-2.93696275071633,0,0,-3.66071428571429,0,0,0,-19.0976770364306
"Dwyer Tschantz","RW",2014,202,0,-2.5,0,0,-2.5,0,0,-2.5,0,0,-2.5,0,0,-2.5,0,0,-2.93696275071633,0,0,-3.66071428571429,0,0,0,-19.0976770364306
"Jeff Taylor","D",2014,203,0,-2.5,0,0,-2.5,0,0,-2.5,0,0,-2.5,0,0,-2.5,0,0,-2.93696275071633,0,0,-3.66071428571429,0,0,0,-19.0976770364306
"Julien Nantel","C/LW",2014,204,0,-2.5,0,0,-2.5,0,0,-2.5,0,0,-2.5,0,0,-2.5,0,0,-2.93696275071633,0,0,-3.66071428571429,0,0,0,-19.0976770364306
"Ondrej Kase","RW",2014,205,0,-2.5,0,0,-2.5,0,53,1.2,624.55,66,5.1,918.883333333333,30,2.5,469.733333333333,7.0487106017192,0,102.421680993314,4.39285714285714,0,37.3636904761905,2152.95203813617,160.441567744576,3.8
"Emil Johansson","D",2014,206,0,-2.5,0,0,-2.5,0,0,-2.5,0,0,-2.5,0,0,-2.5,0,0,-2.93696275071633,0,0,-3.66071428571429,0,0,0,-19.0976770364306
"Jake Evans","C/RW",2014,207,0,-2.5,0,0,-2.5,0,0,-2.5,0,0,-2.5,0,0,-2.5,0,15.2722063037249,0.35243553008596,158.106494746896,68.8214285714286,1.17142857142857,814.508928571429,972.615423318325,84.0936348751535,-10.9761358984855
"Jack Ramsey","RW",2014,208,0,-2.5,0,0,-2.5,0,0,-2.5,0,0,-2.5,0,0,-2.5,0,0,-2.93696275071633,0,0,-3.66071428571429,0,0,0,-19.0976770364306
"Spencer Watson","RW",2014,209,0,-2.5,0,0,-2.5,0,0,-2.5,0,0,-2.5,0,0,-2.5,0,0,-2.93696275071633,0,0,-3.66071428571429,0,0,0,-19.0976770364306
"Jacob Middleton","D",2014,210,0,-2.5,0,0,-2.5,0,0,-2.5,0,0,-2.5,0,3,0,29.8,11.7478510028653,0.234957020057307,126.485195797517,1.46428571428571,-0.146428571428571,12.7880952380952,169.073291035612,16.212136717151,-9.91147155137126
"Connor McDavid","C",2015,1,45,5.8,849.7,82,12.8,1732.78333333333,82,13.1,1767.23333333333,78,13,1781.3,75.1862464183381,12.8051575931232,1643.99426934097,82,19.0357142857143,1816.59285714286,80,14,1765.3,11356.9037931505,524.186246418338,90.5408718788375
"Jack Eichel","C",2015,2,81,6.3,1548.85,61,6.6,1215.13333333333,67,6.5,1349.6,77,8.2,1573.98333333333,79.8853868194843,11.1604584527221,1765.54536771729,30.75,1.75714285714286,630.301785714286,34,2.8,659.316666666667,8742.7304867649,430.635386819484,43.317601309865
"Dylan Strome","C",2015,3,0,-2.5,0,7,-0.3,95.7833333333333,21,1.1,271.883333333333,58,4.9,989.4,68.1375358166189,4.11174785100287,1086.10840496657,58.5714285714286,1.61071428571429,908.638095238095,69,4.7,1203.4,4555.21316687133,281.708964388047,13.6224621367172
"Mitchell Marner","C",2015,4,0,-2.5,0,77,6.6,1294.38333333333,82,7,1343.81666666667,82,9.8,1625.43333333333,69.3123209169054,7.2836676217765,1493.95463228271,80.5357142857143,10.6892857142857,1806.17202380952,72,10.7,1503.56666666667,9067.32665609223,462.84803520262,49.5729533360622
"Noah Hanifin","D",2015,5,79,3.8,1414.41666666667,81,3.8,1451.53333333333,79,4.5,1489.95,80,5.7,1661.86666666667,82.2349570200573,4.11174785100287,1741.03151862464,68.8214285714286,4.1,1377.25833333333,81,8.7,1725.51666666667,10861.5731852913,551.056385591486,34.7117478510029
"Pavel Zacha","C",2015,6,1,0.4,16.85,70,1.5,1001.55,69,1.8,991.616666666667,61,2.3,980.85,76.3610315186246,2.34957020057307,1242.19818529131,73.2142857142857,4.97857142857143,1255.99107142857,70,2.2,1179.21666666667,6668.27259005322,420.57531723291,15.5281416291445
"Ivan Provorov","D",2015,7,0,-2.5,0,82,5.7,1802.2,82,8.6,1980.53333333333,82,3.7,2059.18333333333,81.0601719197708,8.34097421203438,2013.75787965616,82,6.88214285714286,2049.87797619048,79,4.4,1966.35,11871.9025225133,488.060171919771,35.1231170691772
"Zach Werenski","D",2015,8,0,-2.5,0,78,9.1,1631.06666666667,77,7.5,1738.35,82,6.5,1877.76666666667,74.0114613180516,10.6905444126074,1775.19818529131,51.25,4.53928571428571,1248.40119047619,68,5.7,1744.8,10015.5827091008,430.261461318052,41.5298301268931
"Timo Meier","RW",2015,9,0,-2.5,0,34,0.4,424.1,81,4,1204.28333333333,78,7.4,1323.86666666667,82.2349570200573,5.40401146131805,1421.25501432665,79.0714285714286,4.24642857142857,1269.9505952381,77,8.7,1475.01666666667,7118.47227623142,431.306385591486,27.6504400327466
"Mikko Rantanen","RW",2015,10,9,-0.4,80.6166666666667,75,3.5,1354.36666666667,81,9.3,1535.98333333333,74,9.8,1542.3,49.3409742120344,5.40401146131805,934.99188156638,76.1428571428571,13.325,1516.60952380952,75,10.5,1573.86666666667,8538.73473870924,439.483831354891,51.4290114613181
"Lawson Crouse","LW",2015,11,0,-2.5,0,72,-0.3,855.966666666667,11,-0.2,120.333333333333,81,2.6,1048.75,77.5358166189112,3.28939828080229,1053.05778414518,74.6785714285714,0.439285714285714,1067.68392857143,65,3,1132.98333333333,5278.77504604994,381.214388047483,6.328683995088
"Denis Gurianov","RW",2015,12,0,-2.5,0,1,-0.1,13.1,0,-2.5,0,21,0.1,228.316666666667,75.1862464183381,4.69914040114613,976.344317096466,80.5357142857143,4.39285714285714,1276.56428571429,73,2.6,1035.51666666667,3529.84193614409,250.721960704052,6.69199754400327
"Jakub Zboril","D",2015,13,0,-2.5,0,0,-2.5,0,0,-2.5,0,2,0,21.8666666666667,0,-2.93696275071633,0,61.5,2.63571428571429,1048.74583333333,10,0.5,157.25,1227.8625,73.5,-7.30124846500204
"Jake Debrusk","LW",2015,14,0,-2.5,0,0,-2.5,0,70,4.9,1005.98333333333,68,5.2,1099,76.3610315186246,4.46418338108883,1225.65329512894,60.0357142857143,1.61071428571429,894.166071428571,77,4.9,1157.8,5382.60269989084,351.396745804339,16.0748976668031
"Zachary Senyshyn","RW",2015,15,0,-2.5,0,0,-2.5,0,0,-2.5,0,2,0.2,23.1833333333333,4.69914040114613,0.234957020057307,39.6098376313276,11.7142857142857,-0.292857142857143,118.43630952381,2,-0.1,13.05,194.279480488471,20.4134261154318,-7.45790012279983
"Mathew Barzal","C",2015,16,0,-2.5,0,2,-0.1,19.5,82,8.2,1456.78333333333,82,5.6,1469.68333333333,79.8853868194843,7.0487106017192,1601.13419293219,80.5357142857143,8.2,1508.92202380952,73,4.9,1315.43333333333,7371.4562167417,399.421101105199,31.3487106017192
"Kyle Connor","LW",2015,17,0,-2.5,0,20,0,244.416666666667,76,7,1284.93333333333,82,7,1578.71666666667,83.4097421203439,10.2206303724928,1758.90783190067,82,8.63928571428571,1536.54821428571,79,10.6,1720.23333333333,8123.75604618638,422.409742120344,40.9599160867785
"Thomas Chabot","D",2015,18,0,-2.5,0,1,-0.2,7.15,63,3.6,1103.18333333333,70,7.5,1700.21666666667,83.4097421203439,5.40401146131805,2168.96657115568,71.75,5.56428571428571,1885.87797619048,59,6.1,1545.33333333333,8410.72788067949,348.159742120344,25.4682971756038
"Evgeny Svechnikov","LW",2015,19,0,-2.5,0,2,0,26.2833333333333,14,0.3,123.483333333333,0,-2.5,0,4.69914040114613,-0.117478510028653,39.1203438395415,30.75,1.025,363.41130952381,72,1.1,774.366666666667,1326.66498669668,123.449140401146,-2.69247851002865
"Joel Eriksson Ek","C",2015,20,0,-2.5,0,15,0.8,159.183333333333,75,0.6,958.383333333333,58,0.8,783.45,72.836676217765,2.70200573065903,1144.78892072588,82,5.85714285714286,1398.75892857143,77,4.8,1430.51666666667,5875.08118263065,379.836676217765,13.0591485878019
"Colin White","C",2015,21,0,-2.5,0,2,0,27.4166666666667,21,0.4,280.233333333333,71,2.6,1150.1,71.6618911174785,1.17478510028653,1125.5811843362,65.8928571428571,2.34285714285714,968.039285714286,24,0.3,368.1,3919.47047005049,255.554748260336,4.31764224314367
"Ilya Samsonov","G",2015,22,0,-2.5,0,0,-2.5,0,0,-2.5,0,0,-2.5,0,0,-2.93696275071633,0,0,-3.66071428571429,0,0,-2.5,0,0,0,-19.0976770364306
"Brock Boeser","RW",2015,23,0,-2.5,0,9,0.8,145.916666666667,62,6.8,1084.53333333333,69,6.3,1322.3,66.9627507163324,5.16905444126075,1243.62750716332,82,8.63928571428571,1584.21071428571,71,4.4,1320.53333333333,6701.12155478236,359.962750716332,29.6083401555465
"Travis Konecny","C",2015,24,0,-2.5,0,70,2.7,986.333333333333,81,5.7,1207.48333333333,82,4.9,1251.33333333333,77.5358166189112,7.87106017191977,1302.89541547278,73.2142857142857,4.24642857142857,1163.81428571429,79,3.8,1391.45,7303.30970118706,462.750102333197,26.7174887433483
"Jack Roslovic","C",2015,25,0,-2.5,0,1,-0.1,8.4,31,1.5,381.983333333333,77,1.9,750.233333333333,83.4097421203439,2.93696275071633,1242.72683858644,70.2857142857143,4.39285714285714,1187.9994047619,81,4.5,1156.78333333333,4728.12624334834,343.695456406058,12.6298198935735
"Noah Juulsen","D",2015,26,0,-2.5,0,0,-2.5,0,23,1,446.733333333333,21,1.2,359.416666666667,0,-2.93696275071633,0,5.85714285714286,-0.292857142857143,70.0904761904762,8,0,117.4,993.640476190476,57.8571428571429,-6.02981989357347
"Jacob Larsson","D",2015,27,0,-2.5,0,4,0,65.7166666666667,0,-2.5,0,49,1.3,838.616666666667,70.487106017192,1.99713467048711,1137.85768863419,67.3571428571428,1.75714285714286,1171.40416666667,6,0,91.6333333333333,3305.22852196753,196.844248874335,0.0542775276299698
"Anthony Beauvillier","LW",2015,28,0,-2.5,0,66,2.2,859.383333333333,71,3.9,1031.4,81,2.8,1186.01666666667,79.8853868194843,4.11174785100287,1378.82569245463,68.8214285714286,5.85714285714286,1128.74464285714,75,2.4,1262.5,6846.87033531177,441.706815390913,18.7688907081457
"Gabriel Carlsson","D",2015,29,0,-2.5,0,2,0,34.25,14,0.3,158.616666666667,1,-0.1,9.35,7.0487106017192,0,76.6743075453677,20.5,0.439285714285714,303.082738095238,38,1.8,466.15,1048.12371230727,82.5487106017192,-0.0607142857142862
"Nicholas Merkley","RW",2015,30,0,-2.5,0,0,-2.5,0,1,0,13.5,0,-2.5,0,4.69914040114613,0.234957020057307,53.3939828080229,39.5357142857143,0.732142857142857,454.929166666667,9,0.2,111.7,633.52314947469,54.2348546868604,-6.33290012279984
"Jeremy Roy","D",2015,31,0,-2.5,0,0,-2.5,0,0,-2.5,0,0,-2.5,0,0,-2.93696275071633,0,0,-3.66071428571429,0,0,-2.5,0,0,0,-19.0976770364306
"Christian Fischer","RW",2015,32,0,-2.5,0,7,0.5,86.2833333333333,79,2.7,1098.48333333333,71,1.3,935.033333333333,65.7879656160459,0.822349570200573,725.038204393505,76.1428571428571,0.146428571428571,970.772619047619,53,-0.2,694.95,4510.56082344112,351.930822758903,2.76877814162914
"Mitchell Stephens","C",2015,33,0,-2.5,0,0,-2.5,0,0,-2.5,0,0,-2.5,0,44.6418338108883,-0.234957020057307,481.466093600764,10.25,-0.292857142857143,97.0577380952381,27,-0.2,301.816666666667,880.340498362669,81.8918338108883,-10.7278141629144
"Travis Dermott","D",2015,34,0,-2.5,0,0,-2.5,0,37,3.1,591.783333333333,64,2.1,1107.63333333333,65.7879656160459,3.40687679083095,1138.69961795606,74.6785714285714,1.46428571428571,987.563095238095,17,0.9,287.2,4112.87937986082,258.466537044617,5.97116250511666
"Sebastian Aho","RW",2015,35,0,-2.5,0,82,5.9,1376.51666666667,78,7.6,1397.61666666667,82,9.8,1652.36666666667,79.8853868194843,10.1031518624642,1551.67574021012,82,10.5428571428571,1596.58392857143,79,9.5,1497.35,9072.10966878156,482.885386819484,50.9460090053213
"Gabriel Gagne","RW",2015,36,0,-2.5,0,0,-2.5,0,0,-2.5,0,0,-2.5,0,0,-2.93696275071633,0,0,-3.66071428571429,0,0,-2.5,0,0,0,-19.0976770364306
"Brandon Carlo","D",2015,37,0,-2.5,0,82,5.2,1706.9,76,2.7,1462.01666666667,72,4.3,1506.43333333333,78.7106017191977,5.5214899713467,1611.78557784145,39.5357142857143,2.05,739.683928571429,79,3.9,1556.71666666667,8583.53617307955,427.246316004912,21.1714899713467
"Paul Bittner","LW",2015,38,0,-2.5,0,0,-2.5,0,0,-2.5,0,0,-2.5,0,0,-2.93696275071633,0,0,-3.66071428571429,0,0,-2.5,0,0,0,-19.0976770364306
"A.J. Greer","LW",2015,39,0,-2.5,0,5,-0.1,68.2833333333333,17,0.2,125.683333333333,15,0.1,94.0166666666667,0,-2.93696275071633,0,1.46428571428571,0,12.5196428571429,9,0.2,70.7,371.202976190476,47.4642857142857,-5.03696275071633
"Nicolas Meloche","D",2015,40,0,-2.5,0,0,-2.5,0,0,-2.5,0,0,-2.5,0,0,-2.93696275071633,0,10.25,0.292857142857143,98.302380952381,50,1,843.783333333333,942.085714285714,60.25,-11.6441056078592
"Ryan Gropp","LW",2015,41,0,-2.5,0,0,-2.5,0,0,-2.5,0,0,-2.5,0,0,-2.93696275071633,0,0,-3.66071428571429,0,0,-2.5,0,0,0,-19.0976770364306
"Mackenzie Blackwood","G",2015,42,0,-2.5,0,0,-2.5,0,0,-2.5,0,0,-2.5,0,0,-2.93696275071633,0,0,-3.66071428571429,0,0,-2.5,0,0,0,-19.0976770364306
"Erik Cernak","D",2015,43,0,-2.5,0,0,-2.5,0,0,-2.5,0,58,4.3,1116.55,78.7106017191977,3.75931232091691,1491.58548233047,67.3571428571428,5.71071428571429,1332.62202380952,55,2.6,1053.41666666667,4994.17417280666,259.06774457634,8.8700266066312
"Matthew Spencer","D",2015,44,0,-2.5,0,0,-2.5,0,0,-2.5,0,0,-2.5,0,0,-2.93696275071633,0,0,-3.66071428571429,0,0,-2.5,0,0,0,-19.0976770364306
"Jakob Forsbacka Karlsson","C",2015,45,0,-2.5,0,1,0,8.41666666666667,0,-2.5,0,28,0.7,330.216666666667,0,-2.93696275071633,0,0,-3.66071428571429,0,0,-2.5,0,338.633333333334,29,-13.3976770364306
"Daniel Sprong","RW",2015,46,18,0.1,157.05,0,-2.5,0,8,0.4,111.833333333333,47,2.1,616.133333333333,9.39828080229226,0.117478510028653,132.515759312321,61.5,4.24642857142857,717.622023809524,16,0.6,219.083333333333,1954.23778312184,159.898280802292,5.06390708145722
"Jansen Harkins","C",2015,47,0,-2.5,0,0,-2.5,0,0,-2.5,0,0,-2.5,0,34.0687679083095,0.35243553008596,361.853390639924,38.0714285714286,-0.146428571428571,319.677976190476,77,0.4,729.7,1411.2313668304,149.140196479738,-9.39399304134261
"Filip Chlapik","C",2015,48,0,-2.5,0,0,-2.5,0,20,0,201.45,5,0,69.3166666666667,36.4183381088825,0.234957020057307,319.384909264565,1.46428571428571,0,10.5184523809524,0,-2.5,0,600.670028312184,62.8826238231682,-7.26504297994269
"Roope Hintz","LW",2015,49,0,-2.5,0,0,-2.5,0,0,-2.5,0,58,1.6,815.266666666667,70.487106017192,4.93409742120344,1039.6064947469,60.0357142857143,7.76071428571429,1094.57797619048,80,8.9,1442.88333333333,4392.33447093738,268.522820302906,15.6948117069177
"Jordan Greenway","LW",2015,50,0,-2.5,0,0,-2.5,0,6,0,68.65,81,1.7,1103.91666666667,78.7106017191977,2.34957020057307,1114.65568290353,82,3.66071428571429,1295.16071428571,62,2.6,902.866666666667,4485.24973052258,309.710601719198,5.31028448628736
"Brendan Guhle","D",2015,51,0,-2.5,0,3,0.1,49.05,18,0.5,325.9,6,0,96.7666666666667,35.243553008596,1.87965616045845,601.489971346705,0,-3.66071428571429,0,6,0.1,88,1161.20663801337,68.243553008596,-3.58105812525584
"Jeremy Lauzon","D",2015,52,0,-2.5,0,0,-2.5,0,0,-2.5,0,16,0.4,248.616666666667,22.3209169054441,1.05730659025788,344.251193887297,60.0357142857143,3.66071428571429,1123.30238095238,13,0.6,222.366666666667,1938.53690817301,111.356631191158,-1.78197912402783
"Rasmus Andersson","D",2015,53,0,-2.5,0,1,-0.1,18.55,10,0.1,154.383333333333,79,3.8,1267.11666666667,82.2349570200573,4.46418338108883,1639.41260744986,82,4.68571428571429,1740.37678571429,82,8.6,1859.31666666667,6679.15605983082,336.234957020057,19.0498976668031
"Graham Knott","LW",2015,54,0,-2.5,0,0,-2.5,0,0,-2.5,0,0,-2.5,0,0,-2.93696275071633,0,0,-3.66071428571429,0,0,-2.5,0,0,0,-19.0976770364306
"Yakov Trenin","C",2015,55,0,-2.5,0,0,-2.5,0,0,-2.5,0,0,-2.5,0,24.6704871060172,0.587392550143267,240.16523400191,65.8928571428571,1.46428571428571,761.867857142857,80,2.2,1173.4,2175.43309114477,170.563344248874,-5.74832173557102
"Vince Dunn","D",2015,56,0,-2.5,0,0,-2.5,0,75,4.4,1292.31666666667,78,7.2,1367.53333333333,83.4097421203439,6.22636103151862,1357.07258834766,62.9642857142857,3.95357142857143,1212.01369047619,73,4.1,1509.31666666667,6738.25294549052,372.37402783463,20.8799324600901
"Jonas Siegenthaler","D",2015,57,0,-2.5,0,0,-2.5,0,0,-2.5,0,26,1,367.983333333333,75.1862464183381,2.70200573065903,1182.59742120344,11.7142857142857,-0.585714285714286,205.854166666667,70,2.4,1439.08333333333,3195.51825453677,182.900532132624,-1.98370855505526
"Kevin Stenlund","C",2015,58,0,-2.5,0,0,-2.5,0,0,-2.5,0,4,-0.1,43.85,37.5931232091691,1.29226361031519,525.618433619866,46.8571428571429,1.17142857142857,587.080952380952,3,0,22.5833333333333,1179.13271933415,91.450266066312,-5.13630781825624
"Julius Nattinen","C",2015,59,0,-2.5,0,0,-2.5,0,0,-2.5,0,0,-2.5,0,0,-2.93696275071633,0,0,-3.66071428571429,0,0,-2.5,0,0,0,-19.0976770364306
"Oliver Kylington","D",2015,60,1,0,17.3666666666667,0,-2.5,0,0,-2.5,0,38,1.5,472.033333333333,56.3896848137536,1.40974212034384,772.910697230182,11.7142857142857,0.146428571428571,153.2375,73,7.2,1325.91666666667,2741.46486389685,180.103970528039,5.25617069177241
"Jeremy Bracco","RW",2015,61,0,-2.5,0,0,-2.5,0,0,-2.5,0,0,-2.5,0,0,-2.93696275071633,0,0,-3.66071428571429,0,0,-2.5,0,0,0,-19.0976770364306
"Robin Kovacs","RW",2015,62,0,-2.5,0,0,-2.5,0,0,-2.5,0,0,-2.5,0,0,-2.93696275071633,0,0,-3.66071428571429,0,0,-2.5,0,0,0,-19.0976770364306
"Kyle Capobianco","D",2015,63,0,-2.5,0,0,-2.5,0,1,-0.1,13.55,2,-0.1,32.15,10.5730659025788,0.35243553008596,156.089780324737,2.92857142857143,-0.146428571428571,42.3422619047619,45,1,720.166666666667,964.298708896166,61.5016373311502,-3.99399304134261
"Dennis Yan","LW",2015,64,0,-2.5,0,0,-2.5,0,0,-2.5,0,0,-2.5,0,0,-2.93696275071633,0,0,-3.66071428571429,0,0,-2.5,0,0,0,-19.0976770364306
"Andrew Nielsen","D",2015,65,0,-2.5,0,0,-2.5,0,0,-2.5,0,0,-2.5,0,0,-2.93696275071633,0,0,-3.66071428571429,0,0,-2.5,0,0,0,-19.0976770364306
"Guillaume Brisebois","D",2015,66,0,-2.5,0,0,-2.5,0,0,-2.5,0,8,-0.2,88.0666666666667,0,-2.93696275071633,0,1.46428571428571,0,16.8636904761905,1,-0.1,4.21666666666667,109.147023809524,10.4642857142857,-10.7369627507163
"Blake Speers","C",2015,67,0,-2.5,0,3,0,28.45,0,-2.5,0,0,-2.5,0,0,-2.93696275071633,0,0,-3.66071428571429,0,2,-0.1,18.3166666666667,46.7666666666667,5,-14.1976770364306
"Martins Dzierkals","LW",2015,68,0,-2.5,0,0,-2.5,0,0,-2.5,0,0,-2.5,0,0,-2.93696275071633,0,0,-3.66071428571429,0,0,-2.5,0,0,0,-19.0976770364306
"Keegan Kolesar","RW",2015,69,0,-2.5,0,0,-2.5,0,0,-2.5,0,0,-2.5,0,1.17478510028653,0,14.214899713467,64.4285714285714,1.025,615.04880952381,77,1.1,974.083333333333,1603.34704257061,142.603356528858,-7.875
"Felix Sandstrom","G",2015,70,0,-2.5,0,0,-2.5,0,0,-2.5,0,0,-2.5,0,0,-2.93696275071633,0,0,-3.66071428571429,0,0,-2.5,0,0,0,-19.0976770364306
"Jean-Christophe Beaudin","C",2015,71,0,-2.5,0,0,-2.5,0,0,-2.5,0,0,-2.5,0,25.8452722063037,-0.469914040114613,222.993791786055,0,-3.66071428571429,0,0,-2.5,0,222.993791786055,25.8452722063037,-16.6306283258289
"Anthony Cirelli","C",2015,72,0,-2.5,0,0,-2.5,0,18,1.6,238.166666666667,82,4.4,1217.45,79.8853868194843,5.5214899713467,1474.7664756447,73.2142857142857,2.63571428571429,1299.33392857143,76,3.9,1391.73333333333,5621.45040421613,329.09967253377,13.057204257061
"Vili Saarijarvi","D",2015,73,0,-2.5,0,0,-2.5,0,0,-2.5,0,0,-2.5,0,0,-2.93696275071633,0,0,-3.66071428571429,0,0,-2.5,0,0,0,-19.0976770364306
"Alexander Dergachyov","C",2015,74,0,-2.5,0,0,-2.5,0,0,-2.5,0,0,-2.5,0,0,-2.93696275071633,0,0,-3.66071428571429,0,0,-2.5,0,0,0,-19.0976770364306
"Daniel Vladar","G",2015,75,0,-2.5,0,0,-2.5,0,0,-2.5,0,0,-2.5,0,0,-2.93696275071633,0,0,-3.66071428571429,0,0,-2.5,0,0,0,-19.0976770364306
"Adin Hill","G",2015,76,0,-2.5,0,0,-2.5,0,0,-2.5,0,0,-2.5,0,0,-2.93696275071633,0,0,-3.66071428571429,0,0,-2.5,0,0,0,-19.0976770364306
"Sam Montembeault","G",2015,77,0,-2.5,0,0,-2.5,0,0,-2.5,0,0,-2.5,0,0,-2.93696275071633,0,0,-3.66071428571429,0,0,-2.5,0,0,0,-19.0976770364306
"Erik Foley","LW",2015,78,0,-2.5,0,0,-2.5,0,0,-2.5,0,0,-2.5,0,0,-2.93696275071633,0,0,-3.66071428571429,0,0,-2.5,0,0,0,-19.0976770364306
"Sergey Zborovskiy","D",2015,79,0,-2.5,0,0,-2.5,0,0,-2.5,0,0,-2.5,0,0,-2.93696275071633,0,0,-3.66071428571429,0,0,-2.5,0,0,0,-19.0976770364306
"Brent Gates","C",2015,80,0,-2.5,0,0,-2.5,0,0,-2.5,0,0,-2.5,0,0,-2.93696275071633,0,0,-3.66071428571429,0,0,-2.5,0,0,0,-19.0976770364306
"Brendan Warren","LW",2015,81,0,-2.5,0,0,-2.5,0,0,-2.5,0,0,-2.5,0,0,-2.93696275071633,0,0,-3.66071428571429,0,0,-2.5,0,0,0,-19.0976770364306
"Mitchell Vande Sompel","D",2015,82,0,-2.5,0,0,-2.5,0,0,-2.5,0,0,-2.5,0,0,-2.93696275071633,0,0,-3.66071428571429,0,0,-2.5,0,0,0,-19.0976770364306
"Jens Looke","RW",2015,83,0,-2.5,0,0,-2.5,0,0,-2.5,0,0,-2.5,0,0,-2.93696275071633,0,0,-3.66071428571429,0,0,-2.5,0,0,0,-19.0976770364306
"Deven Sideroff","RW",2015,84,0,-2.5,0,0,-2.5,0,0,-2.5,0,0,-2.5,0,0,-2.93696275071633,0,0,-3.66071428571429,0,0,-2.5,0,0,0,-19.0976770364306
"Thomas Novak","C",2015,85,0,-2.5,0,0,-2.5,0,0,-2.5,0,0,-2.5,0,0,-2.93696275071633,0,0,-3.66071428571429,0,27,0.1,318.433333333333,318.433333333333,27,-16.4976770364306
"Mike Robinson","G",2015,86,0,-2.5,0,0,-2.5,0,0,-2.5,0,0,-2.5,0,0,-2.93696275071633,0,0,-3.66071428571429,0,0,-2.5,0,0,0,-19.0976770364306
"Lukas Vejdemo","C",2015,87,0,-2.5,0,0,-2.5,0,0,-2.5,0,0,-2.5,0,8.22349570200573,0.117478510028653,65.9641833810888,0,-3.66071428571429,0,6,0,63.8166666666667,129.780850047756,14.2234957020057,-13.5432357756856
"Thomas Schemitsch","D",2015,88,0,-2.5,0,0,-2.5,0,0,-2.5,0,0,-2.5,0,0,-2.93696275071633,0,0,-3.66071428571429,0,0,-2.5,0,0,0,-19.0976770364306
"Aleksi Saarela","C",2015,89,0,-2.5,0,0,-2.5,0,0,-2.5,0,0,-2.5,0,10.5730659025788,0.587392550143267,129.500477554919,0,-3.66071428571429,0,0,-2.5,0,129.500477554919,10.5730659025788,-15.573321735571
"Matej Tomek","G",2015,90,0,-2.5,0,0,-2.5,0,0,-2.5,0,0,-2.5,0,0,-2.93696275071633,0,0,-3.66071428571429,0,0,-2.5,0,0,0,-19.0976770364306
"Dennis Gilbert","D",2015,91,0,-2.5,0,0,-2.5,0,0,-2.5,0,1,0,12.7666666666667,24.6704871060172,0,387.46370582617,4.39285714285714,0,29.5053571428571,0,-2.5,0,429.735729635694,30.0633442488743,-10
"William Borgen","D",2015,92,0,-2.5,0,0,-2.5,0,0,-2.5,0,4,-0.3,66.2,0,-2.93696275071633,0,14.6428571428571,-0.146428571428571,238.141666666667,36,1.6,550.2,854.541666666667,54.6428571428571,-9.2833913221449
"Callum Booth","G",2015,93,0,-2.5,0,0,-2.5,0,0,-2.5,0,0,-2.5,0,0,-2.93696275071633,0,0,-3.66071428571429,0,0,-2.5,0,0,0,-19.0976770364306
"Adam Musil","C",2015,94,0,-2.5,0,0,-2.5,0,0,-2.5,0,0,-2.5,0,0,-2.93696275071633,0,0,-3.66071428571429,0,0,-2.5,0,0,0,-19.0976770364306
"Jesper Lindgren","D",2015,95,0,-2.5,0,0,-2.5,0,0,-2.5,0,0,-2.5,0,0,-2.93696275071633,0,0,-3.66071428571429,0,0,-2.5,0,0,0,-19.0976770364306
"Nicolas Roy","C",2015,96,0,-2.5,0,0,-2.5,0,1,-0.1,10.7666666666667,6,-0.1,41.7,32.8939828080229,1.29226361031519,375.950811843362,73.2142857142857,2.05,953.054761904762,78,3.5,1267.65,2649.12224041479,191.108268522309,1.64226361031519
"Colton White","D",2015,97,0,-2.5,0,0,-2.5,0,0,-2.5,0,3,-0.1,42.6833333333333,7.0487106017192,-0.117478510028653,98.5840496657116,2.92857142857143,-0.146428571428571,41.7809523809524,27,0.9,357.833333333333,540.88166871333,39.9772820302906,-6.96390708145722
"Samuel Dove-McFalls","LW",2015,98,0,-2.5,0,0,-2.5,0,0,-2.5,0,0,-2.5,0,0,-2.93696275071633,0,0,-3.66071428571429,0,0,-2.5,0,0,0,-19.0976770364306
"Austin Wagner","LW",2015,99,0,-2.5,0,0,-2.5,0,0,-2.5,0,62,2.7,553.6,76.3610315186246,0.469914040114613,896.693887297039,64.4285714285714,0.146428571428571,676.54880952381,0,-2.5,0,2126.84269682085,202.789602947196,-6.68365738845682
"Anthony Richard","C",2015,100,0,-2.5,0,0,-2.5,0,0,-2.5,0,1,-0.1,7.36666666666667,1.17478510028653,0,4.89493791786055,0,-3.66071428571429,0,0,-2.5,0,12.2616045845272,2.17478510028653,-13.7607142857143
"Andrei Mironov","D",2015,101,0,-2.5,0,0,-2.5,0,10,0.7,110.466666666667,0,-2.5,0,0,-2.93696275071633,0,0,-3.66071428571429,0,0,-2.5,0,110.466666666667,10,-15.8976770364306
"Denis Malgin","C",2015,102,0,-2.5,0,47,0.8,528.2,51,2.3,706.5,50,0.9,644.466666666667,9.39828080229226,-0.35243553008596,97.2134670487106,0,-3.66071428571429,0,0,-2.5,0,1976.38013371538,157.398280802292,-5.01314981580025
"Chris Martenet","D",2015,103,0,-2.5,0,0,-2.5,0,0,-2.5,0,0,-2.5,0,0,-2.93696275071633,0,0,-3.66071428571429,0,0,-2.5,0,0,0,-19.0976770364306
"Mikhail Vorobyev","C",2015,104,0,-2.5,0,0,-2.5,0,0,-2.5,0,15,0.1,140,23.4957020057307,-0.117478510028653,245.060171919771,0,-3.66071428571429,0,0,-2.5,0,385.060171919771,38.4957020057307,-13.6781927957429
"Jesse Gabrielle","LW",2015,105,0,-2.5,0,0,-2.5,0,0,-2.5,0,0,-2.5,0,0,-2.93696275071633,0,0,-3.66071428571429,0,0,-2.5,0,0,0,-19.0976770364306
"Adam Helewka","LW",2015,106,0,-2.5,0,0,-2.5,0,0,-2.5,0,0,-2.5,0,0,-2.93696275071633,0,0,-3.66071428571429,0,0,-2.5,0,0,0,-19.0976770364306
"Christian Wolanin","D",2015,107,0,-2.5,0,0,-2.5,0,10,0.2,146.466666666667,30,2.3,519.766666666667,3.5243553008596,0.117478510028653,62.3223495702006,4.39285714285714,0.146428571428571,64.0869047619048,8,0.5,123.966666666667,916.609254332106,55.9172124437167,-1.73609291854278
"Michael Spacek","RW",2015,108,0,-2.5,0,0,-2.5,0,0,-2.5,0,0,-2.5,0,0,-2.93696275071633,0,0,-3.66071428571429,0,0,-2.5,0,0,0,-19.0976770364306
"Filip Ahl","LW",2015,109,0,-2.5,0,0,-2.5,0,0,-2.5,0,0,-2.5,0,0,-2.93696275071633,0,0,-3.66071428571429,0,0,-2.5,0,0,0,-19.0976770364306
"Joren Van Pottelberghe","G",2015,110,0,-2.5,0,0,-2.5,0,0,-2.5,0,0,-2.5,0,0,-2.93696275071633,0,0,-3.66071428571429,0,0,-2.5,0,0,0,-19.0976770364306
"Ales Stezka","G",2015,111,0,-2.5,0,0,-2.5,0,0,-2.5,0,0,-2.5,0,0,-2.93696275071633,0,0,-3.66071428571429,0,0,-2.5,0,0,0,-19.0976770364306
"Parker Wotherspoon","D",2015,112,0,-2.5,0,0,-2.5,0,0,-2.5,0,0,-2.5,0,0,-2.93696275071633,0,0,-3.66071428571429,0,0,-2.5,0,0,0,-19.0976770364306
"Brad Morrison","C",2015,113,0,-2.5,0,0,-2.5,0,0,-2.5,0,0,-2.5,0,0,-2.93696275071633,0,0,-3.66071428571429,0,0,-2.5,0,0,0,-19.0976770364306
"Dmitry Zhukenov","C",2015,114,0,-2.5,0,0,-2.5,0,0,-2.5,0,0,-2.5,0,0,-2.93696275071633,0,0,-3.66071428571429,0,0,-2.5,0,0,0,-19.0976770364306
"Alexandre Carrier","D",2015,115,0,-2.5,0,2,0.1,20.7833333333333,0,-2.5,0,0,-2.5,0,3.5243553008596,0.234957020057307,37.9847182425979,27.8214285714286,1.46428571428571,557.746428571429,77,6.4,1615.55,2232.06448014736,110.345783872288,0.699242734343017
"Glenn Gawdin","C",2015,116,0,-2.5,0,0,-2.5,0,0,-2.5,0,0,-2.5,0,0,-2.93696275071633,0,10.25,0,70.9690476190476,2,0,18.4833333333333,89.4523809523809,12.25,-12.9369627507163
"Caleb Jones","D",2015,117,0,-2.5,0,0,-2.5,0,0,-2.5,0,17,0.3,336.55,50.5157593123209,2.23209169054441,713.799426934097,48.3214285714286,0.439285714285714,657.513095238095,51,2.9,852.933333333333,2560.79585550553,166.83718788375,-1.62862259516988
"Jonne Tammela","RW",2015,118,0,-2.5,0,0,-2.5,0,0,-2.5,0,0,-2.5,0,0,-2.93696275071633,0,0,-3.66071428571429,0,0,-2.5,0,0,0,-19.0976770364306
"Daniel Bernhardt","RW",2015,119,0,-2.5,0,0,-2.5,0,0,-2.5,0,0,-2.5,0,0,-2.93696275071633,0,0,-3.66071428571429,0,0,-2.5,0,0,0,-19.0976770364306
"Mathieu Joseph","RW",2015,120,0,-2.5,0,0,-2.5,0,0,-2.5,0,70,2.5,795.1,43.4670487106017,0.234957020057307,500.810888252149,82,3.36785714285714,896.460119047619,11,1.6,185.15,2377.52100729977,206.467048710602,0.202814162914447
"Ryan Shea","D",2015,121,0,-2.5,0,0,-2.5,0,0,-2.5,0,0,-2.5,0,0,-2.93696275071633,0,0,-3.66071428571429,0,0,-2.5,0,0,0,-19.0976770364306
"Devante Stephens","D",2015,122,0,-2.5,0,0,-2.5,0,0,-2.5,0,0,-2.5,0,0,-2.93696275071633,0,0,-3.66071428571429,0,0,-2.5,0,0,0,-19.0976770364306
"Conor Garland","RW",2015,123,0,-2.5,0,0,-2.5,0,0,-2.5,0,47,2.5,601.133333333333,79.8853868194843,5.75644699140401,1130.61318051576,71.75,5.71071428571429,1285.81369047619,77,5.6,1263.33333333333,4280.89353765861,275.635386819484,12.0671612771183
"Ethan Bear","D",2015,124,0,-2.5,0,0,-2.5,0,18,-0.1,335.383333333333,0,-2.5,0,83.4097421203439,4.69914040114613,1832.31232091691,62.9642857142857,2.48928571428571,1130.94107142857,58,2.9,932.65,4231.28672567881,222.37402783463,2.48842611543184
"Dmytro Timashov","LW",2015,125,0,-2.5,0,0,-2.5,0,0,-2.5,0,0,-2.5,0,5.87392550143267,-0.117478510028653,69.9192932187202,1.46428571428571,-0.146428571428571,10.5672619047619,0,-2.5,0,80.4865551234821,7.33821121571838,-12.7639070814572
"Luke Stevens","LW",2015,126,0,-2.5,0,0,-2.5,0,0,-2.5,0,0,-2.5,0,0,-2.93696275071633,0,0,-3.66071428571429,0,0,-2.5,0,0,0,-19.0976770364306
"Niko Mikkola","D",2015,127,0,-2.5,0,0,-2.5,0,0,-2.5,0,0,-2.5,0,5.87392550143267,0.469914040114613,84.3691499522445,43.9285714285714,-0.146428571428571,637.745238095238,54,1.5,916.8,1638.91438804748,103.802496930004,-8.17651453131396
"David Kase","RW",2015,128,0,-2.5,0,0,-2.5,0,0,-2.5,0,0,-2.5,0,7.0487106017192,0.117478510028653,68.9207258834766,1.46428571428571,0,16.0583333333333,0,-2.5,0,84.9790592168099,8.51299631600491,-12.3825214899713
"Sam Ruopp","D",2015,129,0,-2.5,0,0,-2.5,0,0,-2.5,0,0,-2.5,0,0,-2.93696275071633,0,0,-3.66071428571429,0,0,-2.5,0,0,0,-19.0976770364306
"Karlis Cukste","D",2015,130,0,-2.5,0,0,-2.5,0,0,-2.5,0,0,-2.5,0,0,-2.93696275071633,0,0,-3.66071428571429,0,0,-2.5,0,0,0,-19.0976770364306
"Matthew Bradley","C",2015,131,0,-2.5,0,0,-2.5,0,0,-2.5,0,0,-2.5,0,0,-2.93696275071633,0,0,-3.66071428571429,0,0,-2.5,0,0,0,-19.0976770364306
"Karch Bachman","LW",2015,132,0,-2.5,0,0,-2.5,0,0,-2.5,0,0,-2.5,0,0,-2.93696275071633,0,0,-3.66071428571429,0,0,-2.5,0,0,0,-19.0976770364306
"Joseph Cecconi","D",2015,133,0,-2.5,0,0,-2.5,0,0,-2.5,0,0,-2.5,0,0,-2.93696275071633,0,0,-3.66071428571429,0,0,-2.5,0,0,0,-19.0976770364306
"Matt Schmalz","RW",2015,134,0,-2.5,0,0,-2.5,0,0,-2.5,0,0,-2.5,0,0,-2.93696275071633,0,0,-3.66071428571429,0,0,-2.5,0,0,0,-19.0976770364306
"Kirill Kaprizov","LW",2015,135,0,-2.5,0,0,-2.5,0,0,-2.5,0,0,-2.5,0,0,-2.93696275071633,0,80.5357142857143,9.81071428571429,1473.60833333333,81,12.8,1547.73333333333,3021.34166666666,161.535714285714,9.67375153499796
"Pavel Karnaukhov","LW",2015,136,0,-2.5,0,0,-2.5,0,0,-2.5,0,0,-2.5,0,0,-2.93696275071633,0,0,-3.66071428571429,0,0,-2.5,0,0,0,-19.0976770364306
"Dominik Simon","C",2015,137,3,0.1,18.2166666666667,2,0,26.0833333333333,33,1.1,376.933333333333,71,2.3,946.066666666667,75.1862464183381,1.29226361031519,1083.23018147087,16.1071428571429,-0.292857142857143,154.701785714286,17,0.1,210.166666666667,2815.39863385182,217.293389275481,4.59940646745805
"Spencer Smallman","RW",2015,138,0,-2.5,0,0,-2.5,0,0,-2.5,0,0,-2.5,0,0,-2.93696275071633,0,0,-3.66071428571429,0,0,-2.5,0,0,0,-19.0976770364306
"Christian Jaros","D",2015,139,0,-2.5,0,0,-2.5,0,2,0,15.9333333333333,61,0.8,876.4,15.2722063037249,0.35243553008596,160.593123209169,10.25,-0.146428571428571,114.653571428571,11,-0.2,121.116666666667,1288.69669463774,99.5222063037249,-4.19399304134261
"Chase Pearson","C",2015,140,0,-2.5,0,0,-2.5,0,0,-2.5,0,0,-2.5,0,0,-2.93696275071633,0,0,-3.66071428571429,0,3,0,20.2666666666667,20.2666666666667,3,-16.5976770364306
"Veeti Vainio","D",2015,141,0,-2.5,0,0,-2.5,0,0,-2.5,0,0,-2.5,0,0,-2.93696275071633,0,0,-3.66071428571429,0,0,-2.5,0,0,0,-19.0976770364306
"Rudolfs Balcers","LW",2015,142,0,-2.5,0,0,-2.5,0,0,-2.5,0,36,0.9,444.75,17.621776504298,0,213.908787010506,60.0357142857143,2.05,883.208333333333,61,2,917.25,2459.11712034384,174.657490790012,-2.55
"Connor Hobbs","D",2015,143,0,-2.5,0,0,-2.5,0,0,-2.5,0,0,-2.5,0,0,-2.93696275071633,0,0,-3.66071428571429,0,0,-2.5,0,0,0,-19.0976770364306
"Carl Neill","D",2015,144,0,-2.5,0,0,-2.5,0,0,-2.5,0,0,-2.5,0,0,-2.93696275071633,0,0,-3.66071428571429,0,0,-2.5,0,0,0,-19.0976770364306
"Karel Vejmelka","G",2015,145,0,-2.5,0,0,-2.5,0,0,-2.5,0,0,-2.5,0,0,-2.93696275071633,0,0,-3.66071428571429,0,0,-2.5,0,0,0,-19.0976770364306
"Luke Opilka","G",2015,146,0,-2.5,0,0,-2.5,0,0,-2.5,0,0,-2.5,0,0,-2.93696275071633,0,0,-3.66071428571429,0,0,-2.5,0,0,0,-19.0976770364306
"Ryan Pilon","D",2015,147,0,-2.5,0,0,-2.5,0,0,-2.5,0,0,-2.5,0,0,-2.93696275071633,0,0,-3.66071428571429,0,0,-2.5,0,0,0,-19.0976770364306
"Troy Terry","C RW",2015,148,0,-2.5,0,0,-2.5,0,2,0,20.4166666666667,32,1.4,446.266666666667,55.2148997134671,0.822349570200573,801.634192932187,70.2857142857143,2.63571428571429,1033.12678571429,75,7.7,1367.73333333333,3669.17764531314,234.500613999181,7.55806385591486
"Adam Gaudette","C",2015,149,0,-2.5,0,0,-2.5,0,5,0,63.9333333333333,56,0.5,613.15,69.3123209169054,3.5243553008596,858.337153772684,10.25,0.439285714285714,125.05,50,0.5,572.366666666667,2232.83715377268,190.562320916905,-0.0363589848546861
"Ryan Zuhlsdorf","D",2015,150,0,-2.5,0,0,-2.5,0,0,-2.5,0,0,-2.5,0,0,-2.93696275071633,0,0,-3.66071428571429,0,0,-2.5,0,0,0,-19.0976770364306
"Radovan Bondra","RW",2015,151,0,-2.5,0,0,-2.5,0,0,-2.5,0,0,-2.5,0,0,-2.93696275071633,0,0,-3.66071428571429,0,0,-2.5,0,0,0,-19.0976770364306
"Giorgio Estephan","C",2015,152,0,-2.5,0,0,-2.5,0,0,-2.5,0,0,-2.5,0,0,-2.93696275071633,0,0,-3.66071428571429,0,0,-2.5,0,0,0,-19.0976770364306
"Kristian Oldham","G",2015,153,0,-2.5,0,0,-2.5,0,0,-2.5,0,0,-2.5,0,0,-2.93696275071633,0,0,-3.66071428571429,0,0,-2.5,0,0,0,-19.0976770364306
"John Marino","D",2015,154,0,-2.5,0,0,-2.5,0,0,-2.5,0,0,-2.5,0,65.7879656160459,6.57879656160458,1331.71680993314,76.1428571428571,3.36785714285714,1578.71964285714,81,4,1671.58333333333,4582.01978612361,222.930822758903,3.94665370446172
"Stephen Desrocher","D",2015,155,0,-2.5,0,0,-2.5,0,0,-2.5,0,0,-2.5,0,0,-2.93696275071633,0,0,-3.66071428571429,0,0,-2.5,0,0,0,-19.0976770364306
"Jake Massie","D",2015,156,0,-2.5,0,0,-2.5,0,0,-2.5,0,0,-2.5,0,0,-2.93696275071633,0,0,-3.66071428571429,0,0,-2.5,0,0,0,-19.0976770364306
"Brett Seney","LW",2015,157,0,-2.5,0,0,-2.5,0,0,-2.5,0,51,0.6,526.733333333333,2.34957020057307,-0.117478510028653,23.3390639923591,0,-3.66071428571429,0,2,0,14.0333333333333,564.105730659025,55.3495702005731,-10.6781927957429
"Cooper Marody","C",2015,158,0,-2.5,0,0,-2.5,0,0,-2.5,0,6,-0.1,41.4666666666667,0,-2.93696275071633,0,0,-3.66071428571429,0,1,0.1,6.06666666666667,47.5333333333334,7,-14.0976770364306
"Vladislav Gavrikov","D",2015,159,0,-2.5,0,0,-2.5,0,0,-2.5,0,0,-2.5,0,81.0601719197708,5.05157593123209,1538.4594078319,80.5357142857143,2.48928571428571,1562.49047619048,80,4.6,1782.96666666667,4883.91655068905,241.595886205485,2.1408616455178
"Adam Parsells","D",2015,160,0,-2.5,0,0,-2.5,0,0,-2.5,0,0,-2.5,0,0,-2.93696275071633,0,0,-3.66071428571429,0,0,-2.5,0,0,0,-19.0976770364306
"Sergei Boikov","D",2015,161,0,-2.5,0,0,-2.5,0,0,-2.5,0,0,-2.5,0,0,-2.93696275071633,0,0,-3.66071428571429,0,0,-2.5,0,0,0,-19.0976770364306
"Christopher Wilkie","RW",2015,162,0,-2.5,0,0,-2.5,0,0,-2.5,0,0,-2.5,0,0,-2.93696275071633,0,0,-3.66071428571429,0,0,-2.5,0,0,0,-19.0976770364306
"Markus Ruusu","G",2015,163,0,-2.5,0,0,-2.5,0,0,-2.5,0,0,-2.5,0,0,-2.93696275071633,0,0,-3.66071428571429,0,0,-2.5,0,0,0,-19.0976770364306
"Roy Radke","RW",2015,164,0,-2.5,0,0,-2.5,0,0,-2.5,0,0,-2.5,0,0,-2.93696275071633,0,0,-3.66071428571429,0,0,-2.5,0,0,0,-19.0976770364306
"Cameron Hughes","C",2015,165,0,-2.5,0,0,-2.5,0,0,-2.5,0,0,-2.5,0,1.17478510028653,-0.117478510028653,11.6107927411652,1.46428571428571,-0.146428571428571,23.5505952380952,0,-2.5,0,35.1613879792604,2.63907081457224,-12.7639070814572
"Andrew Mangiapane","LW",2015,166,0,-2.5,0,0,-2.5,0,10,-0.3,89.3,44,1.6,463.933333333333,79.8853868194843,4.46418338108883,1094.50811843362,82,5.41785714285714,1366.78869047619,82,7.2,1289.61666666667,4304.14680890981,297.885386819484,13.382040523946
"Frederik Tiffels","LW",2015,167,0,-2.5,0,0,-2.5,0,0,-2.5,0,0,-2.5,0,0,-2.93696275071633,0,0,-3.66071428571429,0,0,-2.5,0,0,0,-19.0976770364306
"Mason Appleton","C",2015,168,0,-2.5,0,0,-2.5,0,0,-2.5,0,36,1.1,295.35,54.0401146131805,0.117478510028653,603.212989493792,82,4.24642857142857,1181.8005952381,19,0.2,311.283333333333,2391.64691806522,191.04011461318,-1.83609291854278
"David Cotton","C",2015,169,0,-2.5,0,0,-2.5,0,0,-2.5,0,0,-2.5,0,0,-2.93696275071633,0,0,-3.66071428571429,0,0,-2.5,0,0,0,-19.0976770364306
"Patrick Holway","D",2015,170,0,-2.5,0,0,-2.5,0,0,-2.5,0,0,-2.5,0,0,-2.93696275071633,0,0,-3.66071428571429,0,0,-2.5,0,0,0,-19.0976770364306
"Nicholas Boka","D",2015,171,0,-2.5,0,0,-2.5,0,0,-2.5,0,0,-2.5,0,0,-2.93696275071633,0,0,-3.66071428571429,0,0,-2.5,0,0,0,-19.0976770364306
"Andong Song","D",2015,172,0,-2.5,0,0,-2.5,0,0,-2.5,0,0,-2.5,0,0,-2.93696275071633,0,0,-3.66071428571429,0,0,-2.5,0,0,0,-19.0976770364306
"Colby Williams","D",2015,173,0,-2.5,0,0,-2.5,0,0,-2.5,0,0,-2.5,0,0,-2.93696275071633,0,0,-3.66071428571429,0,0,-2.5,0,0,0,-19.0976770364306
"Lukas Jasek","RW",2015,174,0,-2.5,0,0,-2.5,0,0,-2.5,0,0,-2.5,0,0,-2.93696275071633,0,0,-3.66071428571429,0,0,-2.5,0,0,0,-19.0976770364306
"Tyler Moy","C",2015,175,0,-2.5,0,0,-2.5,0,0,-2.5,0,0,-2.5,0,0,-2.93696275071633,0,0,-3.66071428571429,0,0,-2.5,0,0,0,-19.0976770364306
"Liam Dunda","LW",2015,176,0,-2.5,0,0,-2.5,0,0,-2.5,0,0,-2.5,0,0,-2.93696275071633,0,0,-3.66071428571429,0,0,-2.5,0,0,0,-19.0976770364306
"Simon Bourque","D",2015,177,0,-2.5,0,0,-2.5,0,0,-2.5,0,0,-2.5,0,0,-2.93696275071633,0,0,-3.66071428571429,0,0,-2.5,0,0,0,-19.0976770364306
"Steven Ruggiero","D",2015,178,0,-2.5,0,0,-2.5,0,0,-2.5,0,0,-2.5,0,0,-2.93696275071633,0,0,-3.66071428571429,0,0,-2.5,0,0,0,-19.0976770364306
"Garrett Metcalf","G",2015,179,0,-2.5,0,0,-2.5,0,0,-2.5,0,0,-2.5,0,0,-2.93696275071633,0,0,-3.66071428571429,0,0,-2.5,0,0,0,-19.0976770364306
"Bokondji Imama","LW",2015,180,0,-2.5,0,0,-2.5,0,0,-2.5,0,0,-2.5,0,0,-2.93696275071633,0,0,-3.66071428571429,0,4,0.1,18.0833333333333,18.0833333333333,4,-16.4976770364306
"Joni Tuulola","D",2015,181,0,-2.5,0,0,-2.5,0,0,-2.5,0,0,-2.5,0,0,-2.93696275071633,0,0,-3.66071428571429,0,0,-2.5,0,0,0,-19.0976770364306
"Ivan Chukarov","D",2015,182,0,-2.5,0,0,-2.5,0,0,-2.5,0,0,-2.5,0,0,-2.93696275071633,0,0,-3.66071428571429,0,0,-2.5,0,0,0,-19.0976770364306
"Erik Kallgren","G",2015,183,0,-2.5,0,0,-2.5,0,0,-2.5,0,0,-2.5,0,0,-2.93696275071633,0,0,-3.66071428571429,0,0,-2.5,0,0,0,-19.0976770364306
"Adam Huska","G",2015,184,0,-2.5,0,0,-2.5,0,0,-2.5,0,0,-2.5,0,0,-2.93696275071633,0,0,-3.66071428571429,0,0,-2.5,0,0,0,-19.0976770364306
"Nikita Korostelev","RW",2015,185,0,-2.5,0,0,-2.5,0,0,-2.5,0,0,-2.5,0,0,-2.93696275071633,0,0,-3.66071428571429,0,0,-2.5,0,0,0,-19.0976770364306
"Steven Lorentz","C; LW",2015,186,0,-2.5,0,0,-2.5,0,0,-2.5,0,0,-2.5,0,0,-2.93696275071633,0,65.8928571428571,0.439285714285714,687.848214285714,67,0.8,729.533333333333,1417.38154761905,132.892857142857,-11.6976770364306
"Chaz Reddekopp","D",2015,187,0,-2.5,0,0,-2.5,0,0,-2.5,0,0,-2.5,0,0,-2.93696275071633,0,0,-3.66071428571429,0,0,-2.5,0,0,0,-19.0976770364306
"Ivan Fedotov","G",2015,188,0,-2.5,0,0,-2.5,0,0,-2.5,0,0,-2.5,0,0,-2.93696275071633,0,0,-3.66071428571429,0,0,-2.5,0,0,0,-19.0976770364306
"Markus Nutivaara","D",2015,189,0,-2.5,0,66,2.2,872.033333333333,61,4.9,977.733333333333,80,4.2,1414.38333333333,43.4670487106017,2.58452722063037,692.046322827125,43.9285714285714,2.05,701.783333333333,1,0.1,7.01666666666667,4664.99632282712,295.395620139173,13.5345272206304
"Marcus Vela","C",2015,190,0,-2.5,0,0,-2.5,0,0,-2.5,0,0,-2.5,0,0,-2.93696275071633,0,0,-3.66071428571429,0,0,-2.5,0,0,0,-19.0976770364306
"Gustav Olhaver","C",2015,191,0,-2.5,0,0,-2.5,0,0,-2.5,0,0,-2.5,0,0,-2.93696275071633,0,0,-3.66071428571429,0,0,-2.5,0,0,0,-19.0976770364306
"Patrick Shea","C",2015,192,0,-2.5,0,0,-2.5,0,0,-2.5,0,0,-2.5,0,0,-2.93696275071633,0,0,-3.66071428571429,0,0,-2.5,0,0,0,-19.0976770364306
"John Kupsky","G",2015,193,0,-2.5,0,0,-2.5,0,0,-2.5,0,0,-2.5,0,0,-2.93696275071633,0,0,-3.66071428571429,0,0,-2.5,0,0,0,-19.0976770364306
"Matt Roy","D",2015,194,0,-2.5,0,0,-2.5,0,0,-2.5,0,25,1.3,428.266666666667,82.2349570200573,6.10888252148997,1489.60792741165,64.4285714285714,3.66071428571429,1240.51845238095,67,5.4,1405.9,4564.29304645927,238.663528448629,8.96959680720426
"Jack Becker","C",2015,195,0,-2.5,0,0,-2.5,0,0,-2.5,0,0,-2.5,0,0,-2.93696275071633,0,0,-3.66071428571429,0,0,-2.5,0,0,0,-19.0976770364306
"Riley Bruce","D",2015,196,0,-2.5,0,0,-2.5,0,0,-2.5,0,0,-2.5,0,0,-2.93696275071633,0,0,-3.66071428571429,0,0,-2.5,0,0,0,-19.0976770364306
"Nikita Pavlychev","C",2015,197,0,-2.5,0,0,-2.5,0,0,-2.5,0,0,-2.5,0,0,-2.93696275071633,0,0,-3.66071428571429,0,0,-2.5,0,0,0,-19.0976770364306
"Sami Niku","D",2015,198,0,-2.5,0,0,-2.5,0,1,0.2,15.2166666666667,30,0.7,417.533333333333,19.9713467048711,0.70487106017192,322.713467048711,8.78571428571428,-0.292857142857143,113.921428571429,13,1,198.683333333333,1068.06822895347,72.7570609905854,-2.68798608268522
"Joey Daccord","G",2015,199,0,-2.5,0,0,-2.5,0,0,-2.5,0,0,-2.5,0,0,-2.93696275071633,0,0,-3.66071428571429,0,0,-2.5,0,0,0,-19.0976770364306
"Adam Marsh","LW",2015,200,0,-2.5,0,0,-2.5,0,0,-2.5,0,0,-2.5,0,0,-2.93696275071633,0,0,-3.66071428571429,0,0,-2.5,0,0,0,-19.0976770364306
"Gustav Bouramman","D",2015,201,0,-2.5,0,0,-2.5,0,0,-2.5,0,0,-2.5,0,0,-2.93696275071633,0,0,-3.66071428571429,0,0,-2.5,0,0,0,-19.0976770364306
"Petter Hansson","D",2015,202,0,-2.5,0,0,-2.5,0,0,-2.5,0,0,-2.5,0,0,-2.93696275071633,0,0,-3.66071428571429,0,0,-2.5,0,0,0,-19.0976770364306
"Matteo Gennaro","C",2015,203,0,-2.5,0,0,-2.5,0,0,-2.5,0,0,-2.5,0,0,-2.93696275071633,0,0,-3.66071428571429,0,0,-2.5,0,0,0,-19.0976770364306
"Jack Sadek","D",2015,204,0,-2.5,0,0,-2.5,0,0,-2.5,0,0,-2.5,0,0,-2.93696275071633,0,0,-3.66071428571429,0,0,-2.5,0,0,0,-19.0976770364306
"Evan Smith","G",2015,205,0,-2.5,0,0,-2.5,0,0,-2.5,0,0,-2.5,0,0,-2.93696275071633,0,0,-3.66071428571429,0,0,-2.5,0,0,0,-19.0976770364306
"Ryan Bednard","G",2015,206,0,-2.5,0,0,-2.5,0,0,-2.5,0,0,-2.5,0,0,-2.93696275071633,0,0,-3.66071428571429,0,0,-2.5,0,0,0,-19.0976770364306
"Jeremiah Addison","LW",2015,207,0,-2.5,0,0,-2.5,0,0,-2.5,0,0,-2.5,0,0,-2.93696275071633,0,0,-3.66071428571429,0,0,-2.5,0,0,0,-19.0976770364306
"Miroslav Svoboda","G",2015,208,0,-2.5,0,0,-2.5,0,0,-2.5,0,0,-2.5,0,0,-2.93696275071633,0,0,-3.66071428571429,0,0,-2.5,0,0,0,-19.0976770364306
"Ziyat Paigin","D",2015,209,0,-2.5,0,0,-2.5,0,0,-2.5,0,0,-2.5,0,0,-2.93696275071633,0,0,-3.66071428571429,0,0,-2.5,0,0,0,-19.0976770364306
"Tate Olson","D",2015,210,0,-2.5,0,0,-2.5,0,0,-2.5,0,0,-2.5,0,0,-2.93696275071633,0,0,-3.66071428571429,0,0,-2.5,0,0,0,-19.0976770364306
"John Dahlstrom","RW",2015,211,0,-2.5,0,0,-2.5,0,0,-2.5,0,0,-2.5,0,0,-2.93696275071633,0,0,-3.66071428571429,0,0,-2.5,0,0,0,-19.0976770364306
"Auston Matthews","C",2016,1,82,9.7,1445.75,62,9,1123.95,68,8.3,1261.73333333333,82.2349570200573,12.6876790830946,1724.42788920726,76.1428571428571,13.9107142857143,1641.12261904762,73,13.8,1504.46666666667,74,10.6,1500.6,10202.0505082549,517.377814162914,77.9983933688089
"Patrik Laine","RW",2016,2,73,8.9,1307.61666666667,82,9.6,1351.41666666667,82,4.7,1413.11666666667,79.8853868194843,8.34097421203438,1550.57927411652,65.8928571428571,1.17142857142857,1151.44107142857,56,5.8,1054.45,55,5.2,1051.65,8880.2703455451,493.778243962341,43.712402783463
"Pierre-Luc Dubois","LW",2016,3,0,-2.5,0,82,5,1364.03333333333,82,7.2,1452.66666666667,82.2349570200573,5.87392550143267,1474.629417383,60.0357142857143,2.34285714285714,906.270833333333,81,5.8,1532.51666666667,73,6.6,1346.98333333333,8077.10025071633,460.270671305772,30.3167826442898
"Jesse Puljujarvi","RW",2016,4,28,0.7,315.116666666667,65,1.8,868.9,46,-0.1,549.85,0,-2.93696275071633,0,80.5357142857143,4.39285714285714,1218.35892857143,65,3.7,1055.03333333333,17,-0.2,207.266666666667,4214.52559523809,301.535714285714,7.35589439214081
"Olli Juolevi","D",2016,5,0,-2.5,0,0,-2.5,0,0,-2.5,0,0,-2.93696275071633,0,33.6785714285714,1.17142857142857,444.874404761905,8,0,105.016666666667,0,-2.5,0,549.891071428572,41.6785714285714,-11.7655341792878
"Matthew Tkachuk","LW",2016,6,76,5.4,1114.23333333333,68,5.6,1173.05,80,8.8,1407.91666666667,81.0601719197708,7.63610315186247,1484.04727793696,82,6.88214285714286,1488.8125,82,13.7,1467.75,79,12.3,1614.43333333333,9750.24311127029,548.060171919771,60.3182460090053
"Clayton Keller","C",2016,7,3,0,38,82,6.7,1483.1,82,3.6,1495.28333333333,82.2349570200573,5.16905444126075,1340.03820439351,82,5.125,1365.98333333333,67,6.7,1349.3,82,8.7,1701.51666666667,8773.22153772684,480.234957020057,35.9940544412608
"Alexander Nylander","LW",2016,8,4,0,49.3166666666667,3,0,38.5833333333333,12,0.2,146.316666666667,76.3610315186246,2.58452722063037,926.650907354346,0,-3.66071428571429,0,0,-2.5,0,9,0.1,110.766666666667,1271.63424068768,104.361031518625,-3.27618706508392
"Mikhail Sergachev","D",2016,9,4,0.1,48.5,79,6,1213.46666666667,75,5.1,1344.25,82.2349570200573,7.40114613180516,1674.91069723018,82,7.46785714285714,1801.55952380952,78,6.1,1752.56666666667,79,9.3,1881.06666666667,9716.32022103971,479.234957020057,41.4690032746623
"Tyson Jost","C",2016,10,6,-0.1,94.05,65,1.6,951.2,70,2.1,910.416666666667,78.7106017191977,2.34957020057307,1004.9111747851,79.0714285714286,2.34285714285714,1116.7130952381,21,0.2,269.833333333333,59,1,787.35,5134.4742700232,378.782030290626,9.49242734343021
"Logan Brown","C",2016,11,0,-2.5,0,4,0,32.5166666666667,2,-0.1,21.0333333333333,27.0200573065903,0.587392550143267,317.68147086915,1.46428571428571,0,14.1547619047619,39,0.6,397.4,30,0.1,312.1,1094.88623277391,103.484343020876,-1.31260744985673
"Michael McLeod","C",2016,12,0,-2.5,0,0,-2.5,0,21,-0.4,256.116666666667,14.0974212034384,0.234957020057307,144.204871060172,76.1428571428571,1.025,1051.77202380952,77,0.4,1026.1,80,1.4,980.133333333333,3458.32689486969,268.240278346295,-2.34004297994269
"Jake Bean","D",2016,13,0,-2.5,0,0,-2.5,0,2,0,16.9166666666667,0,-2.93696275071633,0,61.5,2.63571428571429,894.068452380952,67,3.6,1378.06666666667,14,0.8,219.85,2508.90178571429,144.5,-0.90124846500204
"Charles McAvoy","D",2016,14,0,-2.5,0,63,6.8,1395.28333333333,54,5.7,1197.33333333333,78.7106017191977,8.10601719197708,1823.18815663801,74.6785714285714,9.95714285714286,1791.96845238095,78,10.8,1921.73333333333,67,8.8,1494.33333333333,9623.83994235228,415.389173147769,47.6631600491199
"Luke Kunin","C",2016,15,0,-2.5,0,19,0.1,246.583333333333,49,0.9,778.383333333333,74.0114613180516,3.05444126074499,1144.63228271251,55.6428571428571,3.36785714285714,778.511904761905,82,1,1134.03333333333,31,0.7,478.383333333333,4560.52752080774,310.654318460909,6.62229840360213
"Jakob Chychrun","D",2016,16,68,3,1133.33333333333,50,3.3,1012.5,53,3.4,1073.5,74.0114613180516,7.0487106017192,1660.42168099331,82,10.8357142857143,1917.82380952381,47,2.4,1080.75,12,0.9,251.95,8130.27882385045,386.011461318052,30.8844248874335
"Dante Fabbro","D",2016,17,0,-2.5,0,0,-2.5,0,4,0.2,50.95,75.1862464183381,1.99713467048711,1430.43791786055,58.5714285714286,3.22142857142857,1131.30714285714,66,4.5,1257.45,79,2.7,1378.35,5248.49506071769,282.757674989767,7.61856324191568
"Logan Stanley","D",2016,18,0,-2.5,0,0,-2.5,0,0,-2.5,0,0,-2.93696275071633,0,54.1785714285714,2.92857142857143,716.377380952381,58,2.1,907.416666666667,19,0.7,260.566666666667,1884.36071428571,131.178571428571,-4.7083913221449
"Kieffer Bellows","LW",2016,19,0,-2.5,0,0,-2.5,0,0,-2.5,0,9.39828080229226,0.587392550143267,100.091690544413,20.5,0.585714285714286,225.914880952381,45,1.7,533.9,27,-0.1,264.066666666667,1123.97323816346,101.898280802292,-4.72689316414245
"Dennis Cholowski","D",2016,20,0,-2.5,0,0,-2.5,0,52,1.7,949.166666666667,42.2922636103152,0.117478510028653,812.912129894938,23.4285714285714,1.025,372.441071428571,4,0.4,78.8666666666667,2,0,25.55,2238.93653465684,123.720835038887,-1.75752148997135
"Julien Gauthier","RW",2016,21,0,-2.5,0,0,-2.5,0,0,-2.5,0,14.0974212034384,0,121.942693409742,43.9285714285714,0.439285714285714,423.593452380952,49,-0.1,505.05,17,0.5,158.283333333333,1208.86947912403,124.02599263201,-6.66071428571429
"German Rubtsov","C",2016,22,0,-2.5,0,0,-2.5,0,0,-2.5,0,4.69914040114613,-0.117478510028653,31.9737344794651,0,-3.66071428571429,0,0,-2.5,0,0,-2.5,0,31.9737344794651,4.69914040114613,-16.2781927957429
"Henrik Borgström","C",2016,23,0,-2.5,0,4,0.1,50.6333333333333,50,1.1,600.15,4.69914040114613,-0.234957020057307,58.1910219675263,0,-3.66071428571429,0,52,-0.2,546.983333333333,1,0,8.16666666666667,1264.12435530086,111.699140401146,-5.3956713057716
"Max Jones","LW",2016,24,0,-2.5,0,0,-2.5,0,30,0.1,394.9,69.3123209169054,0.587392550143267,989.227793696275,67.3571428571428,0.878571428571428,954.348214285714,2,-0.1,19.8,69,0.4,877.233333333333,3235.50934131532,237.669463774048,-3.1340360212853
"Riley Tufte","LW",2016,25,0,-2.5,0,0,-2.5,0,0,-2.5,0,0,-2.93696275071633,0,0,-3.66071428571429,0,10,0.1,71.9833333333333,3,-0.1,23.8666666666667,95.85,13,-14.0976770364306
"Tage Thompson","C",2016,26,0,-2.5,0,41,0,488.9,65,-0.1,788.433333333333,1.17478510028653,0,8.20391595033429,55.6428571428571,1.90357142857143,771.922619047619,78,7.7,1394.6,78,11.1,1450.03333333333,4902.09320166462,318.817642243144,18.1035714285714
"Brett Howden","C",2016,27,0,-2.5,0,0,-2.5,0,66,0.7,985.95,82.2349570200573,0.70487106017192,1080.78271251194,61.5,-0.292857142857143,772.410714285714,47,2.3,500.816666666667,54,0.8,705.183333333333,4045.14342679765,310.734957020057,-0.787986082685223
"Lucas Johansen","D",2016,28,0,-2.5,0,0,-2.5,0,0,-2.5,0,0,-2.93696275071633,0,0,-3.66071428571429,0,1,0.2,12.3,2,0,25.3166666666667,37.6166666666667,3,-13.8976770364306
"Trent Frederic","C",2016,29,0,-2.5,0,0,-2.5,0,15,-0.4,141,2.34957020057307,-0.117478510028653,15.095988538682,61.5,-0.146428571428571,692.192261904762,60,1.8,699.216666666667,79,4,941.5,2489.00491711011,217.849570200573,0.136092918542775
"Sam Steel","C",2016,30,0,-2.5,0,0,-2.5,0,22,1.3,329.233333333333,76.3610315186246,0.939828080229226,1187.3553008596,61.5,1.025,893.482738095238,68,0.7,837.216666666667,65,2.6,972.366666666667,4219.6547056215,292.861031518625,1.56482808022923
"Yegor Korshkov","RW",2016,31,0,-2.5,0,0,-2.5,0,0,-2.5,0,1.17478510028653,0.234957020057307,11.9044890162369,0,-3.66071428571429,0,0,-2.5,0,0,-2.5,0,11.9044890162369,1.17478510028653,-15.925757265657
"Tyler Benson","LW",2016,32,0,-2.5,0,0,-2.5,0,0,-2.5,0,8.22349570200573,0,85.3481375358166,0,-3.66071428571429,0,29,-0.3,247.8,2,0,12.5666666666667,345.714804202483,39.2234957020057,-11.4607142857143
"Rasmus Asplund","C",2016,33,0,-2.5,0,0,-2.5,0,0,-2.5,0,34.0687679083095,-0.35243553008596,369.097898758357,41,2.05,527.045238095238,80,1.6,1142.21666666667,19,-0.5,198.2,2236.55980352027,174.06876790831,-4.70243553008596
"Andrew Peeke","D",2016,34,0,-2.5,0,0,-2.5,0,0,-2.5,0,25.8452722063037,1.05730659025788,358.113658070678,16.1071428571429,0.292857142857143,276.28630952381,82,1.7,1761.08333333333,80,1,1699.75,4095.23330092782,203.952415063447,-3.44983626688498
"Jordan Kyrou","C",2016,35,0,-2.5,0,0,-2.5,0,16,0.1,154.55,32.8939828080229,1.05730659025788,358.348615090736,80.5357142857143,5.27142857142857,1161.64226190476,74,7.8,1226.6,79,6.7,1422.28333333333,4323.42421032883,282.429697093737,15.9287351616865
"Pascal Laberge","C",2016,36,0,-2.5,0,0,-2.5,0,0,-2.5,0,0,-2.93696275071633,0,0,-3.66071428571429,0,0,-2.5,0,0,-2.5,0,0,0,-19.0976770364306
"Libor Hajek","D",2016,37,0,-2.5,0,0,-2.5,0,5,0.3,82.65,32.8939828080229,0.469914040114613,525.794651384909,64.4285714285714,1.90357142857143,983.902380952381,17,-0.3,223.183333333333,16,0.5,212.15,2027.68036567062,135.322554236594,-2.12651453131396
"Adam Mascherin","LW",2016,38,0,-2.5,0,0,-2.5,0,0,-2.5,0,0,-2.93696275071633,0,0,-3.66071428571429,0,0,-2.5,0,0,-2.5,0,0,0,-19.0976770364306
"Alexander Debrincat","RW",2016,39,0,-2.5,0,82,6.5,1213.76666666667,82,8.8,1451.4,82.2349570200573,4.58166189111748,1438.60267430755,76.1428571428571,10.9821428571429,1563.95476190476,82,8.4,1710.21666666667,82,5.6,1558.51666666667,8936.45743621232,486.377814162914,42.3638047482604
"Cameron Morrison","LW",2016,40,0,-2.5,0,0,-2.5,0,0,-2.5,0,0,-2.93696275071633,0,0,-3.66071428571429,0,0,-2.5,0,0,-2.5,0,0,0,-19.0976770364306
"Nathan Bastian","RW",2016,41,0,-2.5,0,0,-2.5,0,7,0.5,88.7666666666667,0,-2.93696275071633,0,60.0357142857143,0.585714285714286,757.694642857143,60,1,746.333333333333,43,1.3,534.733333333333,2127.52797619048,170.035714285714,-4.55124846500204
"Jonathan Dahlen","C",2016,42,0,-2.5,0,0,-2.5,0,0,-2.5,0,0,-2.93696275071633,0,0,-3.66071428571429,0,61,1.3,841.316666666667,0,-2.5,0,841.316666666667,61,-15.2976770364306
"Janne Kuokkanen","C/LW",2016,43,0,-2.5,0,4,-0.2,44.25,7,-0.2,76.4333333333333,1.17478510028653,0,14.1757402101242,73.2142857142857,2.48928571428571,1081.69226190476,57,0.6,769.016666666667,0,-2.5,0,1985.56800211488,142.389070814572,-2.31071428571429
"Boris Katchouk","LW",2016,44,0,-2.5,0,0,-2.5,0,0,-2.5,0,0,-2.93696275071633,0,0,-3.66071428571429,0,21,-0.5,212.283333333333,58,0.8,701.2,913.483333333333,79,-13.7976770364306
"Chad Krys","D",2016,45,0,-2.5,0,0,-2.5,0,0,-2.5,0,0,-2.93696275071633,0,0,-3.66071428571429,0,0,-2.5,0,0,-2.5,0,0,0,-19.0976770364306
"Givani Smith","RW",2016,46,0,-2.5,0,0,-2.5,0,0,-2.5,0,24.6704871060172,0.234957020057307,238.872970391595,23.4285714285714,0.146428571428571,248.074404761905,46,0.2,389.716666666667,34,0.1,232.266666666667,1108.93070848683,128.099058534589,-6.81861440851412
"Samuel Girard","D",2016,47,0,-2.5,0,68,2.8,1203.76666666667,82,4.9,1631.18333333333,82.2349570200573,5.40401146131805,1752.68147086915,70.2857142857143,8.34642857142857,1632.36130952381,67,3.5,1450.23333333333,76,4.8,1633.61666666667,9303.84278039296,445.520671305772,27.2504400327466
"Carter Hart","G",2016,48,0,-2.5,0,0,-2.5,0,0,-2.5,0,0,-2.93696275071633,0,0,-3.66071428571429,0,0,-2.5,0,0,-2.5,0,0,0,-19.0976770364306
"Ryan Lindgren","D",2016,49,0,-2.5,0,0,-2.5,0,5,-0.4,72.9333333333333,70.487106017192,3.75931232091691,1167.73638968481,74.6785714285714,5.85714285714286,1493.18095238095,78,5.1,1567.85,63,5.1,1186.91666666667,5488.61734206576,291.165677445763,14.4164551780598
"Artur Kayumov","W",2016,50,0,-2.5,0,0,-2.5,0,0,-2.5,0,0,-2.93696275071633,0,0,-3.66071428571429,0,0,-2.5,0,0,-2.5,0,0,0,-19.0976770364306
"Kale Clague","D",2016,51,0,-2.5,0,0,-2.5,0,0,-2.5,0,4.69914040114613,-0.117478510028653,68.4116523400191,26.3571428571429,0.878571428571428,453.489285714286,25,0.4,406.4,33,0.4,498.433333333333,1426.73427138764,89.056283258289,-5.93890708145722
"Wade Allison","RW",2016,52,0,-2.5,0,0,-2.5,0,0,-2.5,0,0,-2.93696275071633,0,20.5,1.17142857142857,265.108928571429,1,0,8.26666666666667,60,1,773.683333333333,1047.05892857143,81.5,-8.26553417928776
"Filip Hronek","D",2016,53,0,-2.5,0,0,-2.5,0,46,2.9,918.2,76.3610315186246,4.22922636103152,1824.71537726839,82,4.68571428571429,1917.65297619048,78,3.7,1718.1,4,0.1,97.1166666666667,6475.78502012554,286.361031518625,10.6149406467458
"Tyler Parsons","G",2016,54,0,-2.5,0,0,-2.5,0,0,-2.5,0,0,-2.93696275071633,0,0,-3.66071428571429,0,0,-2.5,0,0,-2.5,0,0,0,-19.0976770364306
"Filip Gustavsson","G",2016,55,0,-2.5,0,0,-2.5,0,0,-2.5,0,0,-2.93696275071633,0,0,-3.66071428571429,0,0,-2.5,0,0,-2.5,0,0,0,-19.0976770364306
"Dillon Dube","C",2016,56,0,-2.5,0,0,-2.5,0,25,0.2,251.683333333333,52.865329512894,1.64469914040115,670.351957975167,74.6785714285714,3.22142857142857,1018.43511904762,79,3.1,1014.28333333333,82,3.8,1243.2,4197.95374368945,313.543900941465,6.96612771182972
"Carl Grundstrom","RW",2016,57,0,-2.5,0,0,-2.5,0,15,0.6,224.533333333333,15.2722063037249,0.234957020057307,194.936007640879,68.8214285714286,0.878571428571428,858.535119047619,54,1.6,588.05,57,1.8,612.866666666667,2478.9211266885,210.093634875153,0.113528448628734
"Taylor Raddysh","RW",2016,58,0,-2.5,0,0,-2.5,0,0,-2.5,0,0,-2.93696275071633,0,0,-3.66071428571429,0,21,0.9,326.966666666667,78,2.8,1292.3,1619.26666666667,99,-10.3976770364306
"Evan Fitzpatrick","G",2016,59,0,-2.5,0,0,-2.5,0,0,-2.5,0,0,-2.93696275071633,0,0,-3.66071428571429,0,0,-2.5,0,0,-2.5,0,0,0,-19.0976770364306
"Dylan Gambrell","C",2016,60,0,-2.5,0,3,-0.1,31.6666666666667,8,-0.1,69.0333333333333,58.7392550143267,0.587392550143267,701.992836676218,71.75,-0.292857142857143,1150.05,63,0,764.583333333333,60,0.2,683.333333333333,3400.65950334288,264.489255014327,-2.20546459271388
"Kasper Bjorkqvist","RW",2016,61,0,-2.5,0,0,-2.5,0,0,-2.5,0,0,-2.93696275071633,0,0,-3.66071428571429,0,6,0.1,50.2166666666667,0,-2.5,0,50.2166666666667,6,-16.4976770364306
"Joseph Woll","G",2016,62,0,-2.5,0,0,-2.5,0,0,-2.5,0,0,-2.93696275071633,0,0,-3.66071428571429,0,0,-2.5,0,0,-2.5,0,0,0,-19.0976770364306
"Markus Niemelainen","D",2016,63,0,-2.5,0,0,-2.5,0,0,-2.5,0,0,-2.93696275071633,0,0,-3.66071428571429,0,20,-0.1,263.883333333333,23,0.3,230.95,494.833333333333,43,-13.8976770364306
"William Lockwood","RW",2016,64,0,-2.5,0,0,-2.5,0,0,-2.5,0,0,-2.93696275071633,0,2.92857142857143,-0.146428571428571,41.5613095238095,13,-0.3,147.416666666667,13,-0.4,133.6,322.577976190477,28.9285714285714,-11.2833913221449
"Vitaly Abramov","RW",2016,65,0,-2.5,0,0,-2.5,0,1,-0.1,13.8666666666667,2.34957020057307,0.234957020057307,13.5883476599809,2.92857142857143,0,28.4559523809524,0,-2.5,0,0,-2.5,0,55.9109667076,6.2781416291445,-9.86504297994269
"Adam Fox","D",2016,66,0,-2.5,0,0,-2.5,0,0,-2.5,0,82.2349570200573,8.69340974212034,1554.59312320917,80.5357142857143,11.4214285714286,1989.74464285714,78,11.8,1864.75,82,11.9,1998.96666666667,7408.05443273298,322.770671305772,36.3148383135489
"Matt Filipe","LW",2016,67,0,-2.5,0,0,-2.5,0,0,-2.5,0,0,-2.93696275071633,0,0,-3.66071428571429,0,0,-2.5,0,0,-2.5,0,0,0,-19.0976770364306
"Cam Dineen","D",2016,68,0,-2.5,0,0,-2.5,0,0,-2.5,0,0,-2.93696275071633,0,0,-3.66071428571429,0,34,0.1,531.716666666667,0,-2.5,0,531.716666666667,34,-16.4976770364306
"Cliff Pu","RW",2016,69,0,-2.5,0,0,-2.5,0,0,-2.5,0,0,-2.93696275071633,0,0,-3.66071428571429,0,0,-2.5,0,0,-2.5,0,0,0,-19.0976770364306
"William Bitten","C",2016,70,0,-2.5,0,0,-2.5,0,0,-2.5,0,0,-2.93696275071633,0,0,-3.66071428571429,0,0,-2.5,0,4,0.1,26.5833333333333,26.5833333333333,4,-16.4976770364306
"Josh Anderson","D",2016,71,0,-2.5,0,0,-2.5,0,0,-2.5,0,0,-2.93696275071633,0,0,-3.66071428571429,0,0,-2.5,0,0,-2.5,0,0,0,-19.0976770364306
"James Greenway","D",2016,72,0,-2.5,0,0,-2.5,0,0,-2.5,0,0,-2.93696275071633,0,0,-3.66071428571429,0,0,-2.5,0,0,-2.5,0,0,0,-19.0976770364306
"Joseph Anderson","RW",2016,73,0,-2.5,0,0,-2.5,0,34,0.2,438.65,21.1461318051576,0.822349570200573,279.481375358166,1.46428571428571,0,14.0571428571429,5,-0.1,43.8666666666667,24,0.2,310.416666666667,1086.47185154864,85.6104175194433,-3.87765042979943
"Hudson Elynuik","C",2016,74,0,-2.5,0,0,-2.5,0,0,-2.5,0,0,-2.93696275071633,0,0,-3.66071428571429,0,0,-2.5,0,0,-2.5,0,0,0,-19.0976770364306
"Jack LaFontaine","G",2016,75,0,-2.5,0,0,-2.5,0,0,-2.5,0,0,-2.93696275071633,0,0,-3.66071428571429,0,0,-2.5,0,0,-2.5,0,0,0,-19.0976770364306
"Rem Pitlick","C",2016,76,0,-2.5,0,0,-2.5,0,1,0,9.71666666666667,0,-2.93696275071633,0,14.6428571428571,0.146428571428571,165.513095238095,46,1.8,794.9,46,0.5,594.433333333333,1564.56309523809,107.642857142857,-5.49053417928776
"Connor Hall","D",2016,77,0,-2.5,0,0,-2.5,0,0,-2.5,0,0,-2.93696275071633,0,0,-3.66071428571429,0,0,-2.5,0,0,-2.5,0,0,0,-19.0976770364306
"Frederic Allard","D",2016,78,0,-2.5,0,0,-2.5,0,0,-2.5,0,0,-2.93696275071633,0,1.46428571428571,-0.146428571428571,24.8684523809524,0,-2.5,0,3,0.2,41.5333333333333,66.4017857142857,4.46428571428571,-12.8833913221449
"Luke Green","D",2016,79,0,-2.5,0,0,-2.5,0,0,-2.5,0,0,-2.93696275071633,0,0,-3.66071428571429,0,0,-2.5,0,0,-2.5,0,0,0,-19.0976770364306
"Brandon Gignac","C",2016,80,0,-2.5,0,0,-2.5,0,1,-0.1,9.06666666666667,0,-2.93696275071633,0,0,-3.66071428571429,0,0,-2.5,0,0,-2.5,0,9.06666666666667,1,-16.6976770364306
"Sean Day","D",2016,81,0,-2.5,0,0,-2.5,0,0,-2.5,0,0,-2.93696275071633,0,0,-3.66071428571429,0,2,-0.1,21.4166666666667,0,-2.5,0,21.4166666666667,2,-16.6976770364306
"Carsen Twarynski","LW",2016,82,0,-2.5,0,0,-2.5,0,0,-2.5,0,17.621776504298,-0.234957020057307,188.141833810888,10.25,-0.292857142857143,90.7613095238095,0,-2.5,0,0,-2.5,0,278.903143334697,27.871776504298,-13.0278141629144
"Wouter Peeters","G",2016,83,0,-2.5,0,0,-2.5,0,0,-2.5,0,0,-2.93696275071633,0,0,-3.66071428571429,0,0,-2.5,0,0,-2.5,0,0,0,-19.0976770364306
"Matthew Cairns","D",2016,84,0,-2.5,0,0,-2.5,0,0,-2.5,0,0,-2.93696275071633,0,0,-3.66071428571429,0,0,-2.5,0,0,-2.5,0,0,0,-19.0976770364306
"Joshua Mahura","D",2016,85,0,-2.5,0,0,-2.5,0,17,0.9,243.166666666667,12.9226361031519,0.587392550143267,209.699140401146,19.0357142857143,1.17142857142857,302.619047619048,38,0.6,534.3,82,3.6,1151.26666666667,2441.05152135353,168.958350388866,1.85882112157184
"Casey Fitzgerald","D",2016,86,0,-2.5,0,0,-2.5,0,0,-2.5,0,0,-2.93696275071633,0,0,-3.66071428571429,0,36,-0.1,607.5,4,-0.1,21.5166666666667,629.016666666667,40,-14.2976770364306
"Garrett Pilon","C",2016,87,0,-2.5,0,0,-2.5,0,0,-2.5,0,0,-2.93696275071633,0,1.46428571428571,0,15.6190476190476,2,0.2,18.8166666666667,0,-2.5,0,34.4357142857143,3.46428571428571,-12.7369627507163
"Connor Ingram","G",2016,88,0,-2.5,0,0,-2.5,0,0,-2.5,0,0,-2.93696275071633,0,0,-3.66071428571429,0,0,-2.5,0,0,-2.5,0,0,0,-19.0976770364306
"Linus Nassen","D",2016,89,0,-2.5,0,0,-2.5,0,0,-2.5,0,0,-2.93696275071633,0,0,-3.66071428571429,0,0,-2.5,0,0,-2.5,0,0,0,-19.0976770364306
"Fredrik Karlstrom","C",2016,90,0,-2.5,0,0,-2.5,0,0,-2.5,0,0,-2.93696275071633,0,0,-3.66071428571429,0,3,0.1,18.6,5,0,47.7833333333333,66.3833333333333,8,-13.9976770364306
"Filip Berglund","D",2016,91,0,-2.5,0,0,-2.5,0,0,-2.5,0,0,-2.93696275071633,0,0,-3.66071428571429,0,0,-2.5,0,0,-2.5,0,0,0,-19.0976770364306
"Adam Brooks","C",2016,92,0,-2.5,0,0,-2.5,0,0,-2.5,0,8.22349570200573,0.234957020057307,64.5740210124164,16.1071428571429,1.17142857142857,171.980357142857,14,-0.2,104.433333333333,0,-2.5,0,340.987711488606,38.3306385591486,-8.79361440851412
"Jack Kopacka","LW",2016,93,0,-2.5,0,0,-2.5,0,0,-2.5,0,0,-2.93696275071633,0,0,-3.66071428571429,0,0,-2.5,0,0,-2.5,0,0,0,-19.0976770364306
"Jonathan Ang","C",2016,94,0,-2.5,0,0,-2.5,0,0,-2.5,0,0,-2.93696275071633,0,0,-3.66071428571429,0,0,-2.5,0,0,-2.5,0,0,0,-19.0976770364306
"Anatoli Golyshev","LW",2016,95,0,-2.5,0,0,-2.5,0,0,-2.5,0,0,-2.93696275071633,0,0,-3.66071428571429,0,0,-2.5,0,0,-2.5,0,0,0,-19.0976770364306
"Linus Lindstrom","C",2016,96,0,-2.5,0,0,-2.5,0,0,-2.5,0,0,-2.93696275071633,0,0,-3.66071428571429,0,0,-2.5,0,0,-2.5,0,0,0,-19.0976770364306
"Jacob Cederholm","D",2016,97,0,-2.5,0,0,-2.5,0,0,-2.5,0,0,-2.93696275071633,0,0,-3.66071428571429,0,0,-2.5,0,0,-2.5,0,0,0,-19.0976770364306
"Tarmo Reunanen","D",2016,98,0,-2.5,0,0,-2.5,0,0,-2.5,0,0,-2.93696275071633,0,5.85714285714286,0.292857142857143,77.7535714285714,0,-2.5,0,0,-2.5,0,77.7535714285714,5.85714285714286,-15.1441056078592
"Brett Murray","LW",2016,99,0,-2.5,0,0,-2.5,0,0,-2.5,0,0,-2.93696275071633,0,2.92857142857143,0,31.1160714285714,19,0.3,246.733333333333,0,-2.5,0,277.849404761904,21.9285714285714,-12.6369627507163
"Victor Mete","D",2016,100,0,-2.5,0,49,2,763.733333333333,71,3.5,1261.88333333333,59.9140401146132,3.05444126074499,958.154727793696,20.5,1.31785714285714,357.798214285714,37,0,541.1,11,0.5,143.8,4026.46960874607,248.414040114613,7.87229840360213
"Keaton Middleton","D",2016,101,0,-2.5,0,0,-2.5,0,0,-2.5,0,0,-2.93696275071633,0,4.39285714285714,-0.146428571428571,40.8779761904762,0,-2.5,0,0,-2.5,0,40.8779761904762,4.39285714285714,-15.5833913221449
"Mikhail Maltsev","LW",2016,102,0,-2.5,0,0,-2.5,0,0,-2.5,0,0,-2.93696275071633,0,48.3214285714286,1.025,553.133928571429,18,-0.5,145.283333333333,5,-0.1,32.9833333333333,731.400595238095,71.3214285714286,-10.0119627507163
"Todd Burgess","RW",2016,103,0,-2.5,0,0,-2.5,0,0,-2.5,0,0,-2.93696275071633,0,0,-3.66071428571429,0,0,-2.5,0,0,-2.5,0,0,0,-19.0976770364306
"Max Zimmer","LW",2016,104,0,-2.5,0,0,-2.5,0,0,-2.5,0,0,-2.93696275071633,0,0,-3.66071428571429,0,0,-2.5,0,0,-2.5,0,0,0,-19.0976770364306
"Evan Cormier","G",2016,105,0,-2.5,0,0,-2.5,0,0,-2.5,0,0,-2.93696275071633,0,0,-3.66071428571429,0,0,-2.5,0,0,-2.5,0,0,0,-19.0976770364306
"Brandon Duhaime","RW",2016,106,0,-2.5,0,0,-2.5,0,0,-2.5,0,0,-2.93696275071633,0,0,-3.66071428571429,0,80,0.4,817.45,51,1.2,548.6,1366.05,131,-12.4976770364306
"Alfons Malmstrom","D",2016,107,0,-2.5,0,0,-2.5,0,0,-2.5,0,0,-2.93696275071633,0,0,-3.66071428571429,0,0,-2.5,0,0,-2.5,0,0,0,-19.0976770364306
"Hardy Haman Aktell","D",2016,108,0,-2.5,0,0,-2.5,0,0,-2.5,0,0,-2.93696275071633,0,0,-3.66071428571429,0,0,-2.5,0,0,-2.5,0,0,0,-19.0976770364306
"Connor Bunnaman","C",2016,109,0,-2.5,0,0,-2.5,0,0,-2.5,0,24.6704871060172,0.234957020057307,228.985195797517,26.3571428571429,-0.732142857142857,304.766666666667,15,-0.5,150.15,0,-2.5,0,683.901862464184,66.0276299631601,-10.9971858370855
"Lucas Carlsson","D",2016,110,0,-2.5,0,0,-2.5,0,0,-2.5,0,7.0487106017192,0.469914040114613,99.6609360076409,17.5714285714286,0.439285714285714,229.502380952381,40,1.3,508.45,2,-0.1,20.1833333333333,857.796650293355,66.6201391731478,-5.39080024559967
"Noah Gregor","C",2016,111,0,-2.5,0,0,-2.5,0,0,-2.5,0,32.8939828080229,0.234957020057307,330.878223495702,43.9285714285714,0,515.038095238095,63,1,940.95,57,1.1,739.516666666667,2526.38298540046,196.822554236594,-5.16504297994269
"Jacob Moverare","D",2016,112,0,-2.5,0,0,-2.5,0,0,-2.5,0,0,-2.93696275071633,0,0,-3.66071428571429,0,19,0.7,310.483333333333,2,0,29.9333333333333,340.416666666666,21,-13.3976770364306
"Nathan Noel","C",2016,113,0,-2.5,0,0,-2.5,0,0,-2.5,0,0,-2.93696275071633,0,0,-3.66071428571429,0,0,-2.5,0,0,-2.5,0,0,0,-19.0976770364306
"Riley Stillman","D",2016,114,0,-2.5,0,0,-2.5,0,1,0,11.3666666666667,39.9426934097421,0.70487106017192,763.649474689589,19.0357142857143,1.025,346.840476190476,52,1.8,783.25,18,0.5,216.816666666667,2121.9232842134,129.978407695456,-0.97012893982808
"Alex Dostie","C",2016,115,0,-2.5,0,0,-2.5,0,0,-2.5,0,0,-2.93696275071633,0,0,-3.66071428571429,0,0,-2.5,0,0,-2.5,0,0,0,-19.0976770364306
"Rhett Gardner","C/LW",2016,116,0,-2.5,0,0,-2.5,0,0,-2.5,0,9.39828080229226,-0.117478510028653,95.2554918815664,41,-0.732142857142857,408.486904761905,4,-0.1,32.4166666666667,0,-2.5,0,536.159063310138,54.3982808022923,-10.9496213671715
"Damien Riat","LW",2016,117,0,-2.5,0,0,-2.5,0,0,-2.5,0,0,-2.93696275071633,0,0,-3.66071428571429,0,0,-2.5,0,0,-2.5,0,0,0,-19.0976770364306
"Ross Colton","C",2016,118,0,-2.5,0,0,-2.5,0,0,-2.5,0,0,-2.93696275071633,0,43.9285714285714,2.63571428571429,464.080952380952,79,4.2,1010.61666666667,81,2.6,1000.45,2475.14761904762,203.928571428571,-1.00124846500204
"Tanner Kaspick","C",2016,119,0,-2.5,0,0,-2.5,0,0,-2.5,0,0,-2.93696275071633,0,0,-3.66071428571429,0,0,-2.5,0,0,-2.5,0,0,0,-19.0976770364306
"Otto Koivula","LW",2016,120,0,-2.5,0,0,-2.5,0,0,-2.5,0,14.0974212034384,-0.234957020057307,111.526265520535,0,-3.66071428571429,0,8,0,85.95,8,0.1,54.8833333333333,252.359598853868,30.0974212034384,-11.2956713057716
"Ryan Jones","D",2016,121,0,-2.5,0,0,-2.5,0,0,-2.5,0,0,-2.93696275071633,0,0,-3.66071428571429,0,0,-2.5,0,0,-2.5,0,0,0,-19.0976770364306
"Vladimir Bobylev","RW",2016,122,0,-2.5,0,0,-2.5,0,0,-2.5,0,0,-2.93696275071633,0,0,-3.66071428571429,0,0,-2.5,0,0,-2.5,0,0,0,-19.0976770364306
"Dylan Wells","G",2016,123,0,-2.5,0,0,-2.5,0,0,-2.5,0,0,-2.93696275071633,0,0,-3.66071428571429,0,0,-2.5,0,0,-2.5,0,0,0,-19.0976770364306
"Casey Staum","D",2016,124,0,-2.5,0,0,-2.5,0,0,-2.5,0,0,-2.93696275071633,0,0,-3.66071428571429,0,0,-2.5,0,0,-2.5,0,0,0,-19.0976770364306
"Nolan Stevens","C",2016,125,0,-2.5,0,0,-2.5,0,0,-2.5,0,0,-2.93696275071633,0,0,-3.66071428571429,0,0,-2.5,0,0,-2.5,0,0,0,-19.0976770364306
"Mitchell Mattson","C",2016,126,0,-2.5,0,0,-2.5,0,0,-2.5,0,0,-2.93696275071633,0,0,-3.66071428571429,0,0,-2.5,0,0,-2.5,0,0,0,-19.0976770364306
"Jordan Stallard","C",2016,127,0,-2.5,0,0,-2.5,0,0,-2.5,0,0,-2.93696275071633,0,0,-3.66071428571429,0,0,-2.5,0,0,-2.5,0,0,0,-19.0976770364306
"Colton Point","G",2016,128,0,-2.5,0,0,-2.5,0,0,-2.5,0,0,-2.93696275071633,0,0,-3.66071428571429,0,0,-2.5,0,0,-2.5,0,0,0,-19.0976770364306
"Philip Nyberg","D",2016,129,0,-2.5,0,0,-2.5,0,0,-2.5,0,0,-2.93696275071633,0,0,-3.66071428571429,0,0,-2.5,0,0,-2.5,0,0,0,-19.0976770364306
"Vojtech Budik","D",2016,130,0,-2.5,0,0,-2.5,0,0,-2.5,0,0,-2.93696275071633,0,0,-3.66071428571429,0,0,-2.5,0,0,-2.5,0,0,0,-19.0976770364306
"Adam Werner","G",2016,131,0,-2.5,0,0,-2.5,0,0,-2.5,0,0,-2.93696275071633,0,0,-3.66071428571429,0,0,-2.5,0,0,-2.5,0,0,0,-19.0976770364306
"Yegor Rykov","D",2016,132,0,-2.5,0,0,-2.5,0,0,-2.5,0,0,-2.93696275071633,0,0,-3.66071428571429,0,0,-2.5,0,0,-2.5,0,0,0,-19.0976770364306
"Maxime Lajoie","D",2016,133,0,-2.5,0,0,-2.5,0,56,1.2,1058.71666666667,7.0487106017192,0,55.0974212034384,0,-3.66071428571429,0,5,0.2,62.7,3,0,23.5666666666667,1200.08075453678,71.0487106017192,-7.26071428571429
"Jeremy Helvig","G",2016,134,0,-2.5,0,0,-2.5,0,0,-2.5,0,0,-2.93696275071633,0,0,-3.66071428571429,0,0,-2.5,0,0,-2.5,0,0,0,-19.0976770364306
"Joona Koppanen","LW",2016,135,0,-2.5,0,0,-2.5,0,0,-2.5,0,0,-2.93696275071633,0,0,-3.66071428571429,0,0,-2.5,0,5,0,54.1333333333333,54.1333333333333,5,-16.5976770364306
"Cameron Clarke","D",2016,136,0,-2.5,0,0,-2.5,0,0,-2.5,0,0,-2.93696275071633,0,0,-3.66071428571429,0,0,-2.5,0,0,-2.5,0,0,0,-19.0976770364306
"Jordan Sambrook","D",2016,137,0,-2.5,0,0,-2.5,0,0,-2.5,0,0,-2.93696275071633,0,0,-3.66071428571429,0,0,-2.5,0,0,-2.5,0,0,0,-19.0976770364306
"Patrick Harper","C",2016,138,0,-2.5,0,0,-2.5,0,0,-2.5,0,0,-2.93696275071633,0,0,-3.66071428571429,0,0,-2.5,0,0,-2.5,0,0,0,-19.0976770364306
"Linus Hogberg","D",2016,139,0,-2.5,0,0,-2.5,0,0,-2.5,0,0,-2.93696275071633,0,0,-3.66071428571429,0,5,0.3,85.3166666666667,0,-2.5,0,85.3166666666667,5,-16.2976770364306
"Cole Candella","D",2016,140,0,-2.5,0,0,-2.5,0,0,-2.5,0,0,-2.93696275071633,0,0,-3.66071428571429,0,0,-2.5,0,0,-2.5,0,0,0,-19.0976770364306
"Timothy Gettinger","LW",2016,141,0,-2.5,0,0,-2.5,0,4,0,30.0833333333333,2.34957020057307,0.117478510028653,19.6972301814709,2.92857142857143,-0.146428571428571,34.3130952380952,8,-0.1,75.7,0,-2.5,0,159.793658752899,17.2781416291445,-7.62895006139992
"Michael Eyssimont","C",2016,142,0,-2.5,0,0,-2.5,0,0,-2.5,0,0,-2.93696275071633,0,0,-3.66071428571429,0,1,0,5.81666666666667,15,-0.1,171.233333333333,177.05,16,-14.1976770364306
"Mathias From","W",2016,143,0,-2.5,0,0,-2.5,0,0,-2.5,0,0,-2.93696275071633,0,0,-3.66071428571429,0,0,-2.5,0,0,-2.5,0,0,0,-19.0976770364306
"Conner Bleackley","C",2016,144,0,-2.5,0,0,-2.5,0,0,-2.5,0,0,-2.93696275071633,0,0,-3.66071428571429,0,0,-2.5,0,0,-2.5,0,0,0,-19.0976770364306
"Beck Malenstyn","LW",2016,145,0,-2.5,0,0,-2.5,0,0,-2.5,0,3.5243553008596,-0.117478510028653,32.6786055396371,0,-3.66071428571429,0,12,0.1,108.533333333333,9,0.2,89.2166666666667,230.428605539637,24.5243553008596,-10.9781927957429
"Nicholas Caamano","RW",2016,146,0,-2.5,0,0,-2.5,0,0,-2.5,0,14.0974212034384,0.234957020057307,140.484718242598,35.1428571428571,-0.732142857142857,328.341666666667,0,-2.5,0,0,-2.5,0,468.826384909265,49.2402783462955,-12.9971858370855
"Axel Jonsson-Fjallby","LW",2016,147,0,-2.5,0,0,-2.5,0,0,-2.5,0,0,-2.93696275071633,0,0,-3.66071428571429,0,23,0.2,257.183333333333,50,1.1,522.8,779.983333333333,73,-12.7976770364306
"Christopher Paquette","C",2016,148,0,-2.5,0,0,-2.5,0,0,-2.5,0,0,-2.93696275071633,0,0,-3.66071428571429,0,0,-2.5,0,0,-2.5,0,0,0,-19.0976770364306
"Graham McPhee","LW",2016,149,0,-2.5,0,0,-2.5,0,0,-2.5,0,0,-2.93696275071633,0,0,-3.66071428571429,0,0,-2.5,0,0,-2.5,0,0,0,-19.0976770364306
"Manuel Wiederer","C",2016,150,0,-2.5,0,0,-2.5,0,0,-2.5,0,0,-2.93696275071633,0,0,-3.66071428571429,0,0,-2.5,0,0,-2.5,0,0,0,-19.0976770364306
"Niclas Almari","D",2016,151,0,-2.5,0,0,-2.5,0,0,-2.5,0,0,-2.93696275071633,0,0,-3.66071428571429,0,0,-2.5,0,0,-2.5,0,0,0,-19.0976770364306
"Jonathan Walker","D",2016,152,0,-2.5,0,0,-2.5,0,0,-2.5,0,0,-2.93696275071633,0,0,-3.66071428571429,0,0,-2.5,0,0,-2.5,0,0,0,-19.0976770364306
"Aapeli Rasanen","C",2016,153,0,-2.5,0,0,-2.5,0,0,-2.5,0,0,-2.93696275071633,0,0,-3.66071428571429,0,0,-2.5,0,0,-2.5,0,0,0,-19.0976770364306
"Jakob Stukel","LW",2016,154,0,-2.5,0,0,-2.5,0,0,-2.5,0,0,-2.93696275071633,0,0,-3.66071428571429,0,0,-2.5,0,0,-2.5,0,0,0,-19.0976770364306
"Peter Thome","G",2016,155,0,-2.5,0,0,-2.5,0,0,-2.5,0,0,-2.93696275071633,0,0,-3.66071428571429,0,0,-2.5,0,0,-2.5,0,0,0,-19.0976770364306
"Eetu Tuulola","RW",2016,156,0,-2.5,0,0,-2.5,0,0,-2.5,0,0,-2.93696275071633,0,0,-3.66071428571429,0,0,-2.5,0,0,-2.5,0,0,0,-19.0976770364306
"Mikhail Berdin","G",2016,157,0,-2.5,0,0,-2.5,0,0,-2.5,0,0,-2.93696275071633,0,0,-3.66071428571429,0,0,-2.5,0,0,-2.5,0,0,0,-19.0976770364306
"Patrick Kudla","D",2016,158,0,-2.5,0,0,-2.5,0,0,-2.5,0,0,-2.93696275071633,0,0,-3.66071428571429,0,0,-2.5,0,0,-2.5,0,0,0,-19.0976770364306
"Brandon Hagel","LW",2016,159,0,-2.5,0,0,-2.5,0,0,-2.5,0,1.17478510028653,0,13.8624641833811,76.1428571428571,2.92857142857143,1065.14583333333,22,0.4,298.933333333333,81,7.2,1510.4,2888.34163085004,180.317642243144,3.02857142857143
"Michael Pezzetta","C",2016,160,0,-2.5,0,0,-2.5,0,0,-2.5,0,0,-2.93696275071633,0,0,-3.66071428571429,0,51,0.7,399.633333333333,63,1,587.316666666667,986.95,114,-12.3976770364306
"Nathan Clurman","D",2016,161,0,-2.5,0,0,-2.5,0,0,-2.5,0,0,-2.93696275071633,0,0,-3.66071428571429,0,0,-2.5,0,0,-2.5,0,0,0,-19.0976770364306
"Jesper Bratt","W",2016,162,0,-2.5,0,74,2.6,1128.6,51,2.8,773.55,70.487106017192,3.99426934097421,985.605539637058,67.3571428571428,3.95357142857143,1082.83928571429,76,7.4,1324.68333333333,82,8.1,1424.13333333333,6719.41149201801,420.844248874335,26.3478407695456
"Markus Nurmi","RW",2016,163,0,-2.5,0,0,-2.5,0,0,-2.5,0,0,-2.93696275071633,0,0,-3.66071428571429,0,0,-2.5,0,0,-2.5,0,0,0,-19.0976770364306
"Noah Carroll","D",2016,164,0,-2.5,0,0,-2.5,0,0,-2.5,0,0,-2.93696275071633,0,0,-3.66071428571429,0,0,-2.5,0,0,-2.5,0,0,0,-19.0976770364306
"Oskar Steen","C",2016,165,0,-2.5,0,0,-2.5,0,0,-2.5,0,0,-2.93696275071633,0,4.39285714285714,-0.146428571428571,58.8886904761905,20,0.4,221.466666666667,3,0.1,27.4666666666667,307.822023809524,27.3928571428571,-10.0833913221449
"Matthew Phillips","C",2016,166,0,-2.5,0,0,-2.5,0,0,-2.5,0,0,-2.93696275071633,0,1.46428571428571,0,20.9636904761905,0,-2.5,0,2,0,18.0666666666667,39.0303571428572,3.46428571428571,-12.9369627507163
"Filip Larsson","G",2016,167,0,-2.5,0,0,-2.5,0,0,-2.5,0,0,-2.93696275071633,0,0,-3.66071428571429,0,0,-2.5,0,0,-2.5,0,0,0,-19.0976770364306
"Konstantin Volkov","G",2016,168,0,-2.5,0,0,-2.5,0,0,-2.5,0,0,-2.93696275071633,0,0,-3.66071428571429,0,0,-2.5,0,0,-2.5,0,0,0,-19.0976770364306
"Tanner Laczynski","C",2016,169,0,-2.5,0,0,-2.5,0,0,-2.5,0,0,-2.93696275071633,0,7.32142857142857,-0.146428571428571,73.0434523809524,1,-0.1,9.45,32,-0.1,304.75,387.243452380952,40.3214285714286,-10.7833913221449
"Collin Adams","LW",2016,170,0,-2.5,0,0,-2.5,0,0,-2.5,0,0,-2.93696275071633,0,0,-3.66071428571429,0,0,-2.5,0,0,-2.5,0,0,0,-19.0976770364306
"Gabriel Fontaine","C",2016,171,0,-2.5,0,0,-2.5,0,0,-2.5,0,0,-2.93696275071633,0,0,-3.66071428571429,0,0,-2.5,0,0,-2.5,0,0,0,-19.0976770364306
"Anthony Salinitri","C",2016,172,0,-2.5,0,0,-2.5,0,0,-2.5,0,0,-2.93696275071633,0,0,-3.66071428571429,0,0,-2.5,0,0,-2.5,0,0,0,-19.0976770364306
"Blake Hillman","D",2016,173,0,-2.5,0,4,0.2,72.1166666666667,0,-2.5,0,0,-2.93696275071633,0,0,-3.66071428571429,0,0,-2.5,0,0,-2.5,0,72.1166666666667,4,-16.3976770364306
"Tyler Wall","G",2016,174,0,-2.5,0,0,-2.5,0,0,-2.5,0,0,-2.93696275071633,0,0,-3.66071428571429,0,0,-2.5,0,0,-2.5,0,0,0,-19.0976770364306
"Maxim Mamin","C/RW",2016,175,0,-2.5,0,26,0.3,273.533333333333,7,-0.2,51.4333333333333,0,-2.93696275071633,0,0,-3.66071428571429,0,40,1.3,476.116666666667,0,-2.5,0,801.083333333333,73,-10.1976770364306
"Jakob Stenqvist","D",2016,176,0,-2.5,0,0,-2.5,0,0,-2.5,0,0,-2.93696275071633,0,0,-3.66071428571429,0,0,-2.5,0,0,-2.5,0,0,0,-19.0976770364306
"Chase Priskie","D",2016,177,0,-2.5,0,0,-2.5,0,0,-2.5,0,0,-2.93696275071633,0,0,-3.66071428571429,0,4,0.1,56.0166666666667,0,-2.5,0,56.0166666666667,4,-16.4976770364306
"Oleg Sosunov","D",2016,178,0,-2.5,0,0,-2.5,0,0,-2.5,0,0,-2.93696275071633,0,0,-3.66071428571429,0,0,-2.5,0,0,-2.5,0,0,0,-19.0976770364306
"Nicolas Mattinen","D",2016,179,0,-2.5,0,0,-2.5,0,0,-2.5,0,0,-2.93696275071633,0,0,-3.66071428571429,0,0,-2.5,0,0,-2.5,0,0,0,-19.0976770364306
"Mark Shoemaker","D",2016,180,0,-2.5,0,0,-2.5,0,0,-2.5,0,0,-2.93696275071633,0,0,-3.66071428571429,0,0,-2.5,0,0,-2.5,0,0,0,-19.0976770364306
"Joseph Masonius","D",2016,181,0,-2.5,0,0,-2.5,0,0,-2.5,0,0,-2.93696275071633,0,0,-3.66071428571429,0,0,-2.5,0,0,-2.5,0,0,0,-19.0976770364306
"Nikolai Chebykin","LW",2016,182,0,-2.5,0,0,-2.5,0,0,-2.5,0,0,-2.93696275071633,0,0,-3.66071428571429,0,0,-2.5,0,0,-2.5,0,0,0,-19.0976770364306
"Vincent Desharnais","D",2016,183,0,-2.5,0,0,-2.5,0,0,-2.5,0,0,-2.93696275071633,0,0,-3.66071428571429,0,0,-2.5,0,36,1.7,487.65,487.65,36,-14.8976770364306
"Rodrigo Abols","C",2016,184,0,-2.5,0,0,-2.5,0,0,-2.5,0,0,-2.93696275071633,0,0,-3.66071428571429,0,0,-2.5,0,0,-2.5,0,0,0,-19.0976770364306
"Calvin Thurkauf","C",2016,185,0,-2.5,0,0,-2.5,0,0,-2.5,0,3.5243553008596,0,29.0955109837631,0,-3.66071428571429,0,0,-2.5,0,0,-2.5,0,29.0955109837631,3.5243553008596,-16.1607142857143
"Stepan Falkovsky","D",2016,186,0,-2.5,0,0,-2.5,0,0,-2.5,0,0,-2.93696275071633,0,0,-3.66071428571429,0,0,-2.5,0,0,-2.5,0,0,0,-19.0976770364306
"Arvid Henrikson","D",2016,187,0,-2.5,0,0,-2.5,0,0,-2.5,0,0,-2.93696275071633,0,0,-3.66071428571429,0,0,-2.5,0,0,-2.5,0,0,0,-19.0976770364306
"Dean Stewart","D",2016,188,0,-2.5,0,0,-2.5,0,0,-2.5,0,0,-2.93696275071633,0,0,-3.66071428571429,0,0,-2.5,0,0,-2.5,0,0,0,-19.0976770364306
"Austin Osmanski","D",2016,189,0,-2.5,0,0,-2.5,0,0,-2.5,0,0,-2.93696275071633,0,0,-3.66071428571429,0,0,-2.5,0,0,-2.5,0,0,0,-19.0976770364306
"Vasily Glotov","C",2016,190,0,-2.5,0,0,-2.5,0,0,-2.5,0,0,-2.93696275071633,0,0,-3.66071428571429,0,0,-2.5,0,0,-2.5,0,0,0,-19.0976770364306
"Travis Barron","LW",2016,191,0,-2.5,0,0,-2.5,0,0,-2.5,0,0,-2.93696275071633,0,0,-3.66071428571429,0,0,-2.5,0,0,-2.5,0,0,0,-19.0976770364306
"Jeremy Davies","D",2016,192,0,-2.5,0,0,-2.5,0,0,-2.5,0,0,-2.93696275071633,0,23.4285714285714,0.878571428571428,352.380357142857,6,-0.1,73.5166666666667,1,0,8.55,434.447023809524,30.4285714285714,-9.6583913221449
"Nick Pastujov","LW",2016,193,0,-2.5,0,0,-2.5,0,0,-2.5,0,0,-2.93696275071633,0,0,-3.66071428571429,0,0,-2.5,0,0,-2.5,0,0,0,-19.0976770364306
"Brett McKenzie","C",2016,194,0,-2.5,0,0,-2.5,0,0,-2.5,0,0,-2.93696275071633,0,0,-3.66071428571429,0,0,-2.5,0,0,-2.5,0,0,0,-19.0976770364306
"Benjamin Finkelstein","D",2016,195,0,-2.5,0,0,-2.5,0,0,-2.5,0,0,-2.93696275071633,0,0,-3.66071428571429,0,0,-2.5,0,0,-2.5,0,0,0,-19.0976770364306
"Dmitry Sokolov","RW",2016,196,0,-2.5,0,0,-2.5,0,0,-2.5,0,0,-2.93696275071633,0,0,-3.66071428571429,0,0,-2.5,0,0,-2.5,0,0,0,-19.0976770364306
"Mattias Elfstrom","LW",2016,197,0,-2.5,0,0,-2.5,0,0,-2.5,0,0,-2.93696275071633,0,0,-3.66071428571429,0,0,-2.5,0,0,-2.5,0,0,0,-19.0976770364306
"Adam Smith","D",2016,198,0,-2.5,0,0,-2.5,0,0,-2.5,0,0,-2.93696275071633,0,0,-3.66071428571429,0,0,-2.5,0,0,-2.5,0,0,0,-19.0976770364306
"David Bernhardt","D",2016,199,0,-2.5,0,0,-2.5,0,0,-2.5,0,0,-2.93696275071633,0,0,-3.66071428571429,0,0,-2.5,0,0,-2.5,0,0,0,-19.0976770364306
"David Quenneville","D",2016,200,0,-2.5,0,0,-2.5,0,0,-2.5,0,0,-2.93696275071633,0,0,-3.66071428571429,0,0,-2.5,0,0,-2.5,0,0,0,-19.0976770364306
"Ty Ronning","RW",2016,201,0,-2.5,0,0,-2.5,0,0,-2.5,0,0,-2.93696275071633,0,0,-3.66071428571429,0,0,-2.5,0,0,-2.5,0,0,0,-19.0976770364306
"Jacob Friend","D",2016,202,0,-2.5,0,0,-2.5,0,0,-2.5,0,0,-2.93696275071633,0,0,-3.66071428571429,0,0,-2.5,0,0,-2.5,0,0,0,-19.0976770364306
"Jake Ryczek","D",2016,203,0,-2.5,0,0,-2.5,0,0,-2.5,0,0,-2.93696275071633,0,0,-3.66071428571429,0,0,-2.5,0,0,-2.5,0,0,0,-19.0976770364306
"Brayden Chizen","D",2016,204,0,-2.5,0,0,-2.5,0,0,-2.5,0,0,-2.93696275071633,0,0,-3.66071428571429,0,0,-2.5,0,0,-2.5,0,0,0,-19.0976770364306
"Tyler Soy","C",2016,205,0,-2.5,0,0,-2.5,0,0,-2.5,0,0,-2.93696275071633,0,0,-3.66071428571429,0,0,-2.5,0,0,-2.5,0,0,0,-19.0976770364306
"Otto Somppi","C",2016,206,0,-2.5,0,0,-2.5,0,0,-2.5,0,0,-2.93696275071633,0,0,-3.66071428571429,0,0,-2.5,0,0,-2.5,0,0,0,-19.0976770364306
"Dmitriy Zaitsev","D",2016,207,0,-2.5,0,0,-2.5,0,0,-2.5,0,0,-2.93696275071633,0,0,-3.66071428571429,0,0,-2.5,0,0,-2.5,0,0,0,-19.0976770364306
"Ryan Lohin","C",2016,208,0,-2.5,0,0,-2.5,0,0,-2.5,0,0,-2.93696275071633,0,0,-3.66071428571429,0,0,-2.5,0,0,-2.5,0,0,0,-19.0976770364306
"Nikolaj Krag Christensen","C/LW",2016,209,0,-2.5,0,0,-2.5,0,0,-2.5,0,0,-2.93696275071633,0,0,-3.66071428571429,0,0,-2.5,0,0,-2.5,0,0,0,-19.0976770364306
"Joachim Blichfeld","W",2016,210,0,-2.5,0,0,-2.5,0,0,-2.5,0,3.5243553008596,-0.117478510028653,45.0138490926457,7.32142857142857,0.146428571428571,63.6232142857143,0,-2.5,0,0,-2.5,0,108.63706337836,10.8457838722882,-12.4710499386001
"Filip Helt","LW",2016,211,0,-2.5,0,0,-2.5,0,0,-2.5,0,0,-2.93696275071633,0,0,-3.66071428571429,0,0,-2.5,0,0,-2.5,0,0,0,-19.0976770364306
"Nico Hischier","C",2017,1,82,5.9,1337.36666666667,69,4.8,1249.16666666667,68.1375358166189,3.40687679083095,1230.62655205349,30.75,1.025,569.411904761905,70,5.6,1354.08333333333,81,9.2,1562.43333333333,71,7,1383.23333333333,8686.32179014873,471.887535816619,36.931876790831
"Nolan Patrick","C",2017,2,73,2.6,1001.91666666667,72,2.2,1085.95,0,-2.93696275071633,0,76.1428571428571,-1.61071428571429,1010.99166666667,25,0.4,287.666666666667,0,-2.5,0,0,-2.5,0,3386.52500000001,246.142857142857,-4.34767703643062
"Miro Heiskanen","D",2017,3,0,-2.5,0,82,6.5,1895.28333333333,79.8853868194843,9.16332378223496,1898.60936007641,80.5357142857143,6.58928571428571,2010.78154761905,70,6.6,1742.1,79,11.1,2013.8,71,7.7,1742.36666666667,11302.9409076955,462.421101105199,45.1526094965207
"Cale Makar","D",2017,4,0,-2.5,0,0,-2.5,0,66.9627507163324,9.0458452722063,1406.92263610315,64.4285714285714,10.6892857142857,1566.15119047619,77,15.3,1976.43333333333,60,10.5,1582.81666666667,77,12.3,1907.26666666667,8439.59049324601,345.391322144904,52.835130986492
"Elias Pettersson","C",2017,5,0,-2.5,0,71,7.8,1294.06666666667,79.8853868194843,9.0458452722063,1480.36628462273,38.0714285714286,3.80714285714286,706.932738095238,80,7.4,1487.6,80,10.9,1644.38333333333,82,9.6,1611.33333333333,8224.6823560513,430.956815390913,46.0529881293492
"Cody Glass","C",2017,6,0,-2.5,0,0,-2.5,0,45.8166189111748,0.70487106017192,612.121776504298,39.5357142857143,1.46428571428571,574.854166666667,8,-0.1,91.2666666666667,72,3.5,1063.23333333333,41,0.6,550.716666666667,2892.19260983763,206.352333196889,1.16915677445763
"Lias Andersson","C",2017,7,7,0.2,83.6166666666667,42,-0.4,450.116666666667,19.9713467048711,-0.587392550143267,190.60888252149,33.6785714285714,0.585714285714286,406.36369047619,20,-0.3,212.3,1,-0.1,8.61666666666667,0,-2.5,0,1351.62257299768,123.649918133442,-3.10167826442898
"Casey Mittelstadt","C",2017,8,6,0.6,84.1166666666667,77,1.4,1035.78333333333,36.4183381088825,0.587392550143267,464.70582617001,60.0357142857143,3.075,953.494047619047,40,1,644.816666666667,82,4.4,1289.71666666667,18,0.7,285.616666666667,4758.24987378906,319.454052394597,11.7623925501433
"Michael Rasmussen","C",2017,9,0,-2.5,0,62,1,748.716666666667,0,-2.93696275071633,0,58.5714285714286,0.732142857142857,866.783928571429,80,1.3,1161.45,56,2.5,844.966666666667,75,2.8,1139.31666666667,4761.23392857143,331.571428571429,2.89518010642653
"Owen Tippett","RW",2017,10,7,-0.2,77.8166666666667,0,-2.5,0,0,-2.93696275071633,0,65.8928571428571,2.19642857142857,756.523214285714,21,0.5,319.083333333333,77,4.7,1341.9,78,6,1293.71666666667,3789.03988095238,248.892857142857,7.75946582071224
"Gabriel Vilardi","C",2017,11,0,-2.5,0,0,-2.5,0,11.7478510028653,0.939828080229226,150.95988538682,79.0714285714286,2.92857142857143,1166.4255952381,25,0.5,337.85,63,4.8,983.016666666667,47,4.6,799.35,3437.60214729159,225.819279574294,8.76839950880066
"Martin Necas","C",2017,12,1,0,6.9,7,0.2,70.1666666666667,75.1862464183381,4.11174785100287,1065.15807067813,77.6071428571428,7.46785714285714,1341.94464285714,78,3.3,1262.66666666667,82,7.6,1509.8,77,5,1336.43333333333,6593.06938020194,397.793389275481,27.67960499386
"Nick Suzuki","C",2017,13,0,-2.5,0,0,-2.5,0,83.4097421203439,3.75931232091691,1333.69436485196,82,5.85714285714286,1490.8869047619,82,4.2,1681.83333333333,82,5.4,1729.83333333333,82,7.3,1743.65,7979.89793628052,411.409742120344,21.5164551780598
"Callan Foote","D",2017,14,0,-2.5,0,0,-2.5,0,0,-2.93696275071633,0,51.25,2.19642857142857,660.56369047619,56,2.1,735.05,24,1.2,386.916666666667,4,0.4,59.0666666666667,1841.59702380952,135.25,-2.04053417928776
"Erik Brannstrom","D",2017,15,0,-2.5,0,2,0,36.1166666666667,36.4183381088825,0.117478510028653,540.538204393505,43.9285714285714,3.22142857142857,718.57380952381,53,1.4,1047.56666666667,74,3.6,1192.4,76,3.7,1260.91666666667,4796.11201391732,285.346909537454,9.53890708145722
"Juuso Valimaki","D",2017,16,0,-2.5,0,24,0.4,371.6,0,-2.93696275071633,0,71.75,2.92857142857143,1107.21964285714,9,0.3,141.35,78,4,1417.66666666667,68,3.6,1298.38333333333,4336.21964285714,250.75,5.7916086778551
"Timothy Liljegren","D",2017,17,0,-2.5,0,0,-2.5,0,12.9226361031519,-0.234957020057307,133.024832855778,2.92857142857143,0.146428571428571,44.1970238095238,61,4.2,1000.41666666667,67,5.1,1199.86666666667,55,3.1,1081.48333333333,3458.98852333197,198.851207531723,7.31147155137126
"Urho Vaakanainen","D",2017,18,0,-2.5,0,2,-0.1,18.2,5.87392550143267,0.234957020057307,98.9952244508118,13.1785714285714,0.292857142857143,249.294642857143,14,0.2,270.916666666667,23,-0.6,378.533333333333,68,2.5,1188.36666666667,2204.30653397462,126.052496930004,0.0278141629144502
"Joshua Norris","C",2017,19,0,-2.5,0,0,-2.5,0,3.5243553008596,0,63.1446991404012,82,5.125,1350.4130952381,66,6.8,1226.21666666667,8,0.2,143.9,50,2.8,881.866666666667,3665.54112771184,209.52435530086,9.925
"Robert Thomas","C",2017,20,0,-2.5,0,70,2.7,915.083333333333,77.5358166189112,4.81661891117479,1129.20343839542,48.3214285714286,1.17142857142857,657.317857142857,72,7.3,1351.68333333333,73,5.2,1412.06666666667,82,8.6,1719.25,7184.60462887161,422.85724519034,27.2880474826034
"Filip Chytil","C",2017,21,9,0,122.483333333333,75,0.9,1033.95,70.487106017192,2.11461318051576,1046.08739255014,61.5,3.66071428571429,813.3375,67,1.5,882.733333333333,74,5.2,1086.6,10,0.3,159.3,5144.49155921681,366.987106017192,13.6753274662301
"Kailer Yamamoto","RW",2017,22,9,0,136.433333333333,17,-0.3,222.033333333333,31.7191977077364,4.34670487106017,551.444126074499,76.1428571428571,2.78214285714286,1245.57023809524,81,3.4,1366.55,58,1.9,961.533333333333,59,1,707.5,5191.06436416974,331.862054850593,13.128847728203
"Pierre-Olivier Joseph","D",2017,23,0,-2.5,0,0,-2.5,0,0,-2.93696275071633,0,23.4285714285714,1.17142857142857,393.331547619048,4,-0.1,72.9,75,4.1,1143.68333333333,52,1.6,784.4,2394.31488095238,154.428571428571,-1.16553417928776
"Kristian Vesalainen","W",2017,24,0,-2.5,0,5,0,34.2,0,-2.93696275071633,0,17.5714285714286,-0.146428571428571,152.602976190476,53,-0.6,459.533333333333,0,-2.5,0,0,-2.5,0,646.336309523809,75.5714285714286,-11.1833913221449
"Ryan Poehling","C",2017,25,0,-2.5,0,1,0.7,11.3666666666667,31.7191977077364,-0.35243553008596,328.019579751671,0,-3.66071428571429,0,57,0.6,695.133333333333,53,0.9,623.85,77,1.8,1154.66666666667,2813.03624641834,219.719197707736,-2.51314981580025
"Jake Oettinger","G",2017,26,0,-2.5,0,0,-2.5,0,0,-2.93696275071633,0,0,-3.66071428571429,0,0,-2.5,0,0,-2.5,0,0,-2.5,0,0,0,-19.0976770364306
"Morgan Frost","C",2017,27,0,-2.5,0,0,-2.5,0,23.4957020057307,0.35243553008596,321.499522445081,2.92857142857143,0,29.9690476190476,55,0.5,765.733333333333,81,3.8,1323.78333333333,71,3.9,1123.71666666667,3564.70190339746,233.424273434302,3.55243553008596
"Shane Bowers","C",2017,28,0,-2.5,0,0,-2.5,0,0,-2.93696275071633,0,0,-3.66071428571429,0,0,-2.5,0,1,0,1.76666666666667,8,-0.1,75.65,77.4166666666667,9,-14.1976770364306
"Henri Jokiharju","D",2017,29,0,-2.5,0,38,0.8,721.25,81.0601719197708,3.05444126074499,1395.60553963706,67.3571428571428,2.34285714285714,1238.05357142857,60,3.1,1312.76666666667,60,1.2,1261.46666666667,74,4.5,1404.51666666667,7333.65911106564,380.417314776914,12.4972984036021
"Eeli Tolvanen","RW",2017,30,3,-0.1,36.3333333333333,4,0.3,53.0833333333333,0,-2.93696275071633,0,58.5714285714286,3.22142857142857,867.272023809524,75,1.3,1007.08333333333,48,3.2,718.883333333333,81,3.3,1267.01666666667,3949.67202380952,269.571428571429,8.28446582071224
"Klim Kostin","C; LW",2017,31,0,-2.5,0,0,-2.5,0,4.69914040114613,0.234957020057307,40.1189111747851,2.92857142857143,0,40.4142857142857,40,0.5,360.6,57,2.4,573.383333333333,19,0.7,279.883333333333,1294.39986355574,123.627711829718,-1.16504297994269
"Conor Timmins","D",2017,32,0,-2.5,0,0,-2.5,0,2.34957020057307,0.234957020057307,24.4551098376313,45.3928571428571,2.19642857142857,615.219642857143,6,-0.3,106.483333333333,25,1.9,390.3,25,1.8,400.533333333333,1536.99141936144,103.74242734343,0.831385591485877
"Kole Lind","RW",2017,33,0,-2.5,0,0,-2.5,0,0,-2.93696275071633,0,10.25,-0.439285714285714,134.7875,23,0.5,272.116666666667,0,-2.5,0,1,0,5.98333333333333,412.8875,34.25,-10.376248465002
"Nicolas Hague","D",2017,34,0,-2.5,0,0,-2.5,0,44.6418338108883,1.99713467048711,718.263610315186,76.1428571428571,5.85714285714286,1217.91964285714,52,2.9,970.383333333333,81,3.6,1465.36666666667,73,2.1,1354.33333333333,5726.26658650566,326.784690953745,11.45427752763
"Isaac Ratcliffe","LW",2017,35,0,-2.5,0,0,-2.5,0,0,-2.93696275071633,0,0,-3.66071428571429,0,10,0.3,107.466666666667,0,-2.5,0,0,-2.5,0,107.466666666667,10,-16.2976770364306
"Jesper Boqvist","C",2017,36,0,-2.5,0,0,-2.5,0,41.1174785100287,-0.234957020057307,450.216809933142,41,0.585714285714286,457.345238095238,56,1.7,735.233333333333,70,1.8,812.4,47,1.5,524.05,2979.24538136171,255.117478510029,0.35075726565698
"Marcus Davidsson","C",2017,37,0,-2.5,0,0,-2.5,0,0,-2.93696275071633,0,0,-3.66071428571429,0,0,-2.5,0,0,-2.5,0,0,-2.5,0,0,0,-19.0976770364306
"Gustav Lindstrom","D",2017,38,0,-2.5,0,0,-2.5,0,18.7965616045845,0.117478510028653,310.867717287488,19.0357142857143,1.025,306.816666666667,63,1.5,1015.28333333333,36,0.3,510.1,32,1.9,494.466666666667,2637.53438395415,168.832275890299,-0.157521489971347
"Jason Robertson","LW",2017,39,0,-2.5,0,0,-2.5,0,3.5243553008596,0,43.4278892072588,74.6785714285714,8.2,1261.06726190476,74,10.1,1340.33333333333,82,13.9,1544.78333333333,82,8.5,1502.63333333333,5692.24515111201,316.202926729431,35.7
"Aleksi Heponiemi","C",2017,40,0,-2.5,0,0,-2.5,0,0,-2.93696275071633,0,13.1785714285714,0.146428571428571,161.266666666667,6,-0.3,84.1666666666667,10,0.2,85.8833333333333,0,-2.5,0,331.316666666667,29.1785714285714,-10.3905341792878
"Jaret Anderson-Dolan","C",2017,41,0,-2.5,0,5,-0.1,58.0166666666667,4.69914040114613,-0.117478510028653,48.2053486150907,49.7857142857143,1.31785714285714,672.595238095238,7,-0.3,96.5333333333333,46,0.6,488.4,1,-0.1,13.65,1377.40058671033,113.48485468686,-1.19962136717151
"Eetu Luostarinen","C",2017,42,0,-2.5,0,0,-2.5,0,9.39828080229226,-0.117478510028653,93.8065902578797,64.4285714285714,-0.585714285714286,846.381547619048,78,1.2,1048.05,82,4,1310.83333333333,82,1.8,1306.8,4605.87147121026,315.826852230864,1.29680720425706
"Dylan Samberg","D",2017,43,0,-2.5,0,0,-2.5,0,0,-2.93696275071633,0,0,-3.66071428571429,0,15,0.9,222.8,63,2.9,940.333333333333,78,3.9,1218.8,2381.93333333333,156,-3.89767703643062
"Filip Westerlund","D",2017,44,0,-2.5,0,0,-2.5,0,0,-2.93696275071633,0,0,-3.66071428571429,0,0,-2.5,0,0,-2.5,0,0,-2.5,0,0,0,-19.0976770364306
"Alexandre Texier","C",2017,45,0,-2.5,0,2,0.3,25.5333333333333,42.2922636103152,1.64469914040115,539.148042024833,71.75,0.292857142857143,1136.48095238095,36,2.1,525.866666666667,0,-2.5,0,78,1.9,1184.1,3411.12899440578,230.042263610315,1.23755628325829
"Robin Salo","D",2017,46,0,-2.5,0,0,-2.5,0,0,-2.93696275071633,0,0,-3.66071428571429,0,21,0.6,350.516666666667,11,0.8,122.933333333333,0,-2.5,0,473.45,32,-12.6976770364306
"Alex Formenton","LW",2017,47,1,0,4.9,9,-0.1,105.016666666667,0,-2.93696275071633,0,29.2857142857143,1.31785714285714,351.257738095238,79,2.7,1220.68333333333,0,-2.5,0,0,-2.5,0,1681.85773809523,118.285714285714,-4.01910560785919
"Alexander Volkov","RW",2017,48,0,-2.5,0,0,-2.5,0,10.5730659025788,-0.35243553008596,108.491404011461,26.3571428571429,1.31785714285714,365.97380952381,0,-2.5,0,0,-2.5,0,0,-2.5,0,474.465213535271,36.9302087597217,-11.5345783872288
"Mario Ferraro","D",2017,49,0,-2.5,0,0,-2.5,0,71.6618911174785,1.87965616045845,1138.52340019102,82,3.80714285714286,1838.89880952381,63,3.5,1449.2,72,0.9,1555.43333333333,78,2.3,1783.81666666667,7765.87220971483,366.661891117478,7.38679901760131
"Maxime Comtois","LW",2017,50,0,-2.5,0,10,0.8,145.9,34.0687679083095,1.05730659025788,476.062082139446,80.5357142857143,5.85714285714286,1246.08273809524,52,0.4,735.033333333333,64,0.5,883.866666666667,1,0.1,13.0666666666667,3500.01148690135,241.604482194024,6.21444944740074
"Zachary Lauzon","D",2017,51,0,-2.5,0,0,-2.5,0,0,-2.93696275071633,0,0,-3.66071428571429,0,0,-2.5,0,0,-2.5,0,0,-2.5,0,0,0,-19.0976770364306
"Luke Martin","D",2017,52,0,-2.5,0,0,-2.5,0,0,-2.93696275071633,0,0,-3.66071428571429,0,0,-2.5,0,0,-2.5,0,0,-2.5,0,0,0,-19.0976770364306
"Jack Studnicka","C",2017,53,0,-2.5,0,0,-2.5,0,2.34957020057307,0.117478510028653,28.4885386819484,29.2857142857143,-0.146428571428571,373.392857142857,15,-0.2,188.866666666667,47,-0.2,500.533333333333,17,-0.8,200.983333333333,1292.26472915814,110.635284486287,-6.22895006139992
"Ukko-Pekka Luukkonen","G",2017,54,0,-2.5,0,0,-2.5,0,0,-2.93696275071633,0,0,-3.66071428571429,0,0,-2.5,0,0,-2.5,0,0,-2.5,0,0,0,-19.0976770364306
"Jonah Gadjovich","LW",2017,55,0,-2.5,0,0,-2.5,0,0,-2.93696275071633,0,1.46428571428571,0,7.19940476190476,43,-0.4,376.5,35,0.4,314.7,39,0.1,289.816666666667,988.216071428572,118.464285714286,-7.83696275071633
"Josh Brook","D",2017,56,0,-2.5,0,0,-2.5,0,0,-2.93696275071633,0,0,-3.66071428571429,0,0,-2.5,0,0,-2.5,0,0,-2.5,0,0,0,-19.0976770364306
"Ian Mitchell","D",2017,57,0,-2.5,0,0,-2.5,0,0,-2.93696275071633,0,57.1071428571429,1.17142857142857,858.193452380952,8,0,95.45,35,1.1,554.366666666667,13,0.8,199,1707.01011904762,113.107142857143,-4.86553417928776
"Joni Ikonen","C",2017,58,0,-2.5,0,0,-2.5,0,0,-2.93696275071633,0,0,-3.66071428571429,0,0,-2.5,0,0,-2.5,0,0,-2.5,0,0,0,-19.0976770364306
"Eemeli Rasanen","D",2017,59,0,-2.5,0,0,-2.5,0,0,-2.93696275071633,0,0,-3.66071428571429,0,0,-2.5,0,0,-2.5,0,0,-2.5,0,0,0,-19.0976770364306
"Antoine Morand","C",2017,60,0,-2.5,0,0,-2.5,0,0,-2.93696275071633,0,0,-3.66071428571429,0,0,-2.5,0,0,-2.5,0,0,-2.5,0,0,0,-19.0976770364306
"Grant Mismash","LW",2017,61,0,-2.5,0,0,-2.5,0,0,-2.93696275071633,0,0,-3.66071428571429,0,0,-2.5,0,0,-2.5,0,0,-2.5,0,0,0,-19.0976770364306
"Jake Leschyshyn","C",2017,62,0,-2.5,0,0,-2.5,0,0,-2.93696275071633,0,0,-3.66071428571429,0,41,-0.1,463.35,13,-0.3,108.483333333333,1,0,6.46666666666667,578.3,55,-11.9976770364306
"Fabian Zetterlund","W",2017,63,0,-2.5,0,0,-2.5,0,0,-2.93696275071633,0,0,-3.66071428571429,0,14,0.9,186.8,22,-0.5,305.3,82,3.4,1546.2,2038.3,118,-7.79767703643062
"Michael Dipietro","G",2017,64,0,-2.5,0,0,-2.5,0,0,-2.93696275071633,0,0,-3.66071428571429,0,0,-2.5,0,0,-2.5,0,0,-2.5,0,0,0,-19.0976770364306
"Jonas Rondbjerg","RW",2017,65,0,-2.5,0,0,-2.5,0,0,-2.93696275071633,0,0,-3.66071428571429,0,30,0.3,300.366666666667,13,-0.3,132.216666666667,20,0.1,225.533333333333,658.116666666667,63,-11.4976770364306
"Maxwell Gildon","D",2017,66,0,-2.5,0,0,-2.5,0,0,-2.93696275071633,0,0,-3.66071428571429,0,0,-2.5,0,0,-2.5,0,0,-2.5,0,0,0,-19.0976770364306
"Morgan Geekie","C",2017,67,0,-2.5,0,0,-2.5,0,2.34957020057307,0.939828080229226,27.6857688634193,52.7142857142857,1.025,515.916666666667,73,0.9,920.4,69,2.7,721.4,76,3.7,1171.08333333333,3356.48576886342,273.063855914859,4.26482808022923
"Scott Walford","D",2017,68,0,-2.5,0,0,-2.5,0,0,-2.93696275071633,0,0,-3.66071428571429,0,0,-2.5,0,0,-2.5,0,0,-2.5,0,0,0,-19.0976770364306
"Mackenzie Entwistle","RW",2017,69,0,-2.5,0,0,-2.5,0,0,-2.93696275071633,0,7.32142857142857,0.439285714285714,71.8720238095238,55,0.2,563.45,66,-0.1,786.516666666667,67,-0.4,762.933333333333,2184.77202380952,195.321428571429,-7.79767703643062
"Andrel Altybarmakyan","RW",2017,70,0,-2.5,0,0,-2.5,0,0,-2.93696275071633,0,0,-3.66071428571429,0,0,-2.5,0,0,-2.5,0,0,-2.5,0,0,0,-19.0976770364306
"Kasper Kotkansalo","D",2017,71,0,-2.5,0,0,-2.5,0,0,-2.93696275071633,0,0,-3.66071428571429,0,0,-2.5,0,0,-2.5,0,0,-2.5,0,0,0,-19.0976770364306
"Matt Villalta","G",2017,72,0,-2.5,0,0,-2.5,0,0,-2.93696275071633,0,0,-3.66071428571429,0,0,-2.5,0,0,-2.5,0,0,-2.5,0,0,0,-19.0976770364306
"Stelio Mattheos","RW",2017,73,0,-2.5,0,0,-2.5,0,0,-2.93696275071633,0,0,-3.66071428571429,0,0,-2.5,0,0,-2.5,0,0,-2.5,0,0,0,-19.0976770364306
"Johnathan Kovacevic","D",2017,74,0,-2.5,0,0,-2.5,0,0,-2.93696275071633,0,0,-3.66071428571429,0,4,0.1,43.25,77,3,1341.3,62,3.3,1024.13333333333,2408.68333333333,143,-5.19767703643062
"Nate Schnarr","C",2017,75,0,-2.5,0,0,-2.5,0,0,-2.93696275071633,0,0,-3.66071428571429,0,0,-2.5,0,0,-2.5,0,0,-2.5,0,0,0,-19.0976770364306
"Alexei Lipanov","C",2017,76,0,-2.5,0,0,-2.5,0,0,-2.93696275071633,0,0,-3.66071428571429,0,0,-2.5,0,0,-2.5,0,0,-2.5,0,0,0,-19.0976770364306
"Benjamin Mirageas","D",2017,77,0,-2.5,0,0,-2.5,0,0,-2.93696275071633,0,0,-3.66071428571429,0,0,-2.5,0,0,-2.5,0,0,-2.5,0,0,0,-19.0976770364306
"Stuart Skinner","G",2017,78,0,-2.5,0,0,-2.5,0,0,-2.93696275071633,0,0,-3.66071428571429,0,0,-2.5,0,0,-2.5,0,0,-2.5,0,0,0,-19.0976770364306
"Lane Zablocki","RW",2017,79,0,-2.5,0,0,-2.5,0,0,-2.93696275071633,0,0,-3.66071428571429,0,0,-2.5,0,0,-2.5,0,0,-2.5,0,0,0,-19.0976770364306
"Kirill Ustimenko","G",2017,80,0,-2.5,0,0,-2.5,0,0,-2.93696275071633,0,0,-3.66071428571429,0,0,-2.5,0,0,-2.5,0,0,-2.5,0,0,0,-19.0976770364306
"Reilly Walsh","D",2017,81,0,-2.5,0,0,-2.5,0,0,-2.93696275071633,0,0,-3.66071428571429,0,1,0.1,14.3833333333333,0,-2.5,0,0,-2.5,0,14.3833333333333,1,-16.4976770364306
"Cameron Crotty","D",2017,82,0,-2.5,0,0,-2.5,0,0,-2.93696275071633,0,0,-3.66071428571429,0,0,-2.5,0,0,-2.5,0,1,-0.1,10.05,10.05,1,-16.6976770364306
"Zach Gallant","C",2017,83,0,-2.5,0,0,-2.5,0,0,-2.93696275071633,0,0,-3.66071428571429,0,0,-2.5,0,0,-2.5,0,0,-2.5,0,0,0,-19.0976770364306
"Dmitri Samorukov","D",2017,84,0,-2.5,0,0,-2.5,0,0,-2.93696275071633,0,0,-3.66071428571429,0,1,-0.1,2.46666666666667,2,-0.1,29.75,0,-2.5,0,32.2166666666667,3,-14.2976770364306
"Ivan Lodnia","RW",2017,85,0,-2.5,0,0,-2.5,0,0,-2.93696275071633,0,0,-3.66071428571429,0,0,-2.5,0,0,-2.5,0,0,-2.5,0,0,0,-19.0976770364306
"Daniil Tarasov","G",2017,86,0,-2.5,0,0,-2.5,0,0,-2.93696275071633,0,0,-3.66071428571429,0,0,-2.5,0,0,-2.5,0,0,-2.5,0,0,0,-19.0976770364306
"Cale Fleury","D",2017,87,0,-2.5,0,0,-2.5,0,48.1661891117479,0.469914040114613,691.263132760267,0,-3.66071428571429,0,9,-0.1,131.116666666667,12,0.2,159.7,1,0.1,13.5,995.579799426934,70.1661891117479,-7.99080024559968
"Keith Petruzzelli","G",2017,88,0,-2.5,0,0,-2.5,0,0,-2.93696275071633,0,0,-3.66071428571429,0,0,-2.5,0,0,-2.5,0,0,-2.5,0,0,0,-19.0976770364306
"Oskari Laaksonen","D",2017,89,0,-2.5,0,0,-2.5,0,0,-2.93696275071633,0,0,-3.66071428571429,0,0,-2.5,0,0,-2.5,0,0,-2.5,0,0,0,-19.0976770364306
"Evan Barratt","C",2017,90,0,-2.5,0,0,-2.5,0,0,-2.93696275071633,0,0,-3.66071428571429,0,0,-2.5,0,0,-2.5,0,0,-2.5,0,0,0,-19.0976770364306
"Jack Badini","C",2017,91,0,-2.5,0,0,-2.5,0,0,-2.93696275071633,0,0,-3.66071428571429,0,0,-2.5,0,0,-2.5,0,0,-2.5,0,0,0,-19.0976770364306
"David Farrance","D",2017,92,0,-2.5,0,0,-2.5,0,0,-2.93696275071633,0,2.92857142857143,0.439285714285714,53.0803571428571,0,-2.5,0,0,-2.5,0,0,-2.5,0,53.0803571428571,2.92857142857143,-14.9976770364306
"Clayton Phillips","D",2017,93,0,-2.5,0,0,-2.5,0,0,-2.93696275071633,0,0,-3.66071428571429,0,0,-2.5,0,0,-2.5,0,0,-2.5,0,0,0,-19.0976770364306
"Nick Henry","RW",2017,94,0,-2.5,0,0,-2.5,0,0,-2.93696275071633,0,0,-3.66071428571429,0,0,-2.5,0,0,-2.5,0,0,-2.5,0,0,0,-19.0976770364306
"Jack Rathbone","D",2017,95,0,-2.5,0,0,-2.5,0,0,-2.93696275071633,0,11.7142857142857,0.878571428571428,181.644642857143,9,-0.2,124.466666666667,11,0.3,156.583333333333,0,-2.5,0,462.694642857143,31.7142857142857,-9.4583913221449
"Maksim Zhukov","G",2017,96,0,-2.5,0,0,-2.5,0,0,-2.93696275071633,0,0,-3.66071428571429,0,0,-2.5,0,0,-2.5,0,0,-2.5,0,0,0,-19.0976770364306
"Mason Shaw","C",2017,97,0,-2.5,0,0,-2.5,0,0,-2.93696275071633,0,0,-3.66071428571429,0,3,-0.1,26.9666666666667,59,1.3,666.133333333333,20,0.1,163.7,856.8,82,-10.2976770364306
"Nikita Popugaev","LW",2017,98,0,-2.5,0,0,-2.5,0,0,-2.93696275071633,0,0,-3.66071428571429,0,0,-2.5,0,0,-2.5,0,0,-2.5,0,0,0,-19.0976770364306
"Jacob Bryson","D",2017,99,0,-2.5,0,0,-2.5,0,0,-2.93696275071633,0,55.6428571428571,3.075,1059.75238095238,73,2,1338.36666666667,59,-0.4,860.583333333333,36,1.7,528.366666666667,3787.06904761905,223.642857142857,-1.56196275071633
"Malte Setkov","D",2017,100,0,-2.5,0,0,-2.5,0,0,-2.93696275071633,0,0,-3.66071428571429,0,0,-2.5,0,0,-2.5,0,0,-2.5,0,0,0,-19.0976770364306
"Liam Hawel","C",2017,101,0,-2.5,0,0,-2.5,0,0,-2.93696275071633,0,0,-3.66071428571429,0,0,-2.5,0,0,-2.5,0,0,-2.5,0,0,0,-19.0976770364306
"Scott Reedy","C",2017,102,0,-2.5,0,0,-2.5,0,0,-2.93696275071633,0,0,-3.66071428571429,0,35,0.8,391.516666666667,0,-2.5,0,0,-2.5,0,391.516666666667,35,-15.7976770364306
"Michael Anderson","D",2017,103,0,-2.5,0,0,-2.5,0,7.0487106017192,0.822349570200573,127.894937917861,79.0714285714286,4.24642857142857,1674.43511904762,57,2.6,1146.63333333333,77,5.2,1667.81666666667,74,5.3,1526.71666666667,6143.49672363215,294.120139173148,13.1687781416291
"Eetu Makiniemi","G",2017,104,0,-2.5,0,0,-2.5,0,0,-2.93696275071633,0,0,-3.66071428571429,0,0,-2.5,0,0,-2.5,0,0,-2.5,0,0,0,-19.0976770364306
"Santeri Virtanen","C",2017,105,0,-2.5,0,0,-2.5,0,0,-2.93696275071633,0,0,-3.66071428571429,0,0,-2.5,0,0,-2.5,0,0,-2.5,0,0,0,-19.0976770364306
"Matthew Strome","LW",2017,106,0,-2.5,0,0,-2.5,0,0,-2.93696275071633,0,0,-3.66071428571429,0,0,-2.5,0,0,-2.5,0,0,-2.5,0,0,0,-19.0976770364306
"Maksim Sushko","RW",2017,107,0,-2.5,0,0,-2.5,0,0,-2.93696275071633,0,2.92857142857143,-0.146428571428571,27.9922619047619,0,-2.5,0,0,-2.5,0,0,-2.5,0,27.9922619047619,2.92857142857143,-15.5833913221449
"Noel Hoefenmayer","D",2017,108,0,-2.5,0,0,-2.5,0,0,-2.93696275071633,0,0,-3.66071428571429,0,0,-2.5,0,0,-2.5,0,0,-2.5,0,0,0,-19.0976770364306
"Adam Ruzicka","C",2017,109,0,-2.5,0,0,-2.5,0,0,-2.93696275071633,0,4.39285714285714,0.146428571428571,47.2232142857143,28,1.2,286.266666666667,44,1.6,509.333333333333,3,-0.1,24.8666666666667,867.689880952381,79.3928571428571,-5.09053417928776
"Ian Scott","G",2017,110,0,-2.5,0,0,-2.5,0,0,-2.93696275071633,0,0,-3.66071428571429,0,0,-2.5,0,0,-2.5,0,0,-2.5,0,0,0,-19.0976770364306
"Jeremy Swayman","G",2017,111,0,-2.5,0,0,-2.5,0,0,-2.93696275071633,0,0,-3.66071428571429,0,0,-2.5,0,0,-2.5,0,0,-2.5,0,0,0,-19.0976770364306
"Tim Soderlund","C/LW",2017,112,0,-2.5,0,0,-2.5,0,0,-2.93696275071633,0,0,-3.66071428571429,0,0,-2.5,0,0,-2.5,0,0,-2.5,0,0,0,-19.0976770364306
"Alexey Toropchenko","RW",2017,113,0,-2.5,0,0,-2.5,0,0,-2.93696275071633,0,0,-3.66071428571429,0,28,-0.5,300.216666666667,69,1.6,833.266666666667,82,1.8,1026.8,2160.28333333333,179,-8.69767703643062
"Petr Kvaca","G",2017,114,0,-2.5,0,0,-2.5,0,0,-2.93696275071633,0,0,-3.66071428571429,0,0,-2.5,0,0,-2.5,0,0,-2.5,0,0,0,-19.0976770364306
"Ostap Safin","RW",2017,115,0,-2.5,0,0,-2.5,0,0,-2.93696275071633,0,0,-3.66071428571429,0,0,-2.5,0,0,-2.5,0,0,-2.5,0,0,0,-19.0976770364306
"Bryce Misley","C",2017,116,0,-2.5,0,0,-2.5,0,0,-2.93696275071633,0,0,-3.66071428571429,0,0,-2.5,0,0,-2.5,0,0,-2.5,0,0,0,-19.0976770364306
"Emil Bemstrom","C",2017,117,0,-2.5,0,0,-2.5,0,65.7879656160459,1.99713467048711,807.136103151862,29.2857142857143,0.732142857142857,376.492261904762,41,0.8,431.35,55,1.4,665.966666666667,24,0.4,210.65,2491.59503172329,215.07367990176,0.329277527629967
"Markus Phillips","D",2017,118,0,-2.5,0,0,-2.5,0,0,-2.93696275071633,0,0,-3.66071428571429,0,0,-2.5,0,0,-2.5,0,0,-2.5,0,0,0,-19.0976770364306
"Roope Laavainen","D",2017,119,0,-2.5,0,0,-2.5,0,0,-2.93696275071633,0,0,-3.66071428571429,0,0,-2.5,0,0,-2.5,0,0,-2.5,0,0,0,-19.0976770364306
"Tobias Geisser","D",2017,120,0,-2.5,0,0,-2.5,0,0,-2.93696275071633,0,0,-3.66071428571429,0,0,-2.5,0,0,-2.5,0,0,-2.5,0,0,0,-19.0976770364306
"Drake Batherson","C",2017,121,0,-2.5,0,20,0.7,268.3,27.0200573065903,0.35243553008596,420.514326647564,82,4.68571428571429,1350.85238095238,46,4.9,870.716666666667,82,4.7,1525.7,82,6.3,1490.21666666667,5926.30004093328,339.02005730659,19.1381498158003
"Kyle Olson","RW",2017,122,0,-2.5,0,0,-2.5,0,0,-2.93696275071633,0,0,-3.66071428571429,0,0,-2.5,0,0,-2.5,0,0,-2.5,0,0,0,-19.0976770364306
"Brandon Crawley","D",2017,123,0,-2.5,0,0,-2.5,0,0,-2.93696275071633,0,0,-3.66071428571429,0,0,-2.5,0,0,-2.5,0,0,-2.5,0,0,0,-19.0976770364306
"Vladislav Kara","LW",2017,124,0,-2.5,0,0,-2.5,0,0,-2.93696275071633,0,0,-3.66071428571429,0,0,-2.5,0,0,-2.5,0,0,-2.5,0,0,0,-19.0976770364306
"Igor Shvyrev","C",2017,125,0,-2.5,0,0,-2.5,0,0,-2.93696275071633,0,0,-3.66071428571429,0,0,-2.5,0,0,-2.5,0,0,-2.5,0,0,0,-19.0976770364306
"Michael Karow","D",2017,126,0,-2.5,0,0,-2.5,0,0,-2.93696275071633,0,0,-3.66071428571429,0,0,-2.5,0,0,-2.5,0,0,-2.5,0,0,0,-19.0976770364306
"Lucas Elvenes","C RW",2017,127,0,-2.5,0,0,-2.5,0,0,-2.93696275071633,0,0,-3.66071428571429,0,0,-2.5,0,0,-2.5,0,0,-2.5,0,0,0,-19.0976770364306
"Tyler Steenbergen","C",2017,128,0,-2.5,0,0,-2.5,0,0,-2.93696275071633,0,0,-3.66071428571429,0,0,-2.5,0,0,-2.5,0,0,-2.5,0,0,0,-19.0976770364306
"Gilles Senn","G",2017,129,0,-2.5,0,0,-2.5,0,0,-2.93696275071633,0,0,-3.66071428571429,0,0,-2.5,0,0,-2.5,0,0,-2.5,0,0,0,-19.0976770364306
"David Noel","D",2017,130,0,-2.5,0,0,-2.5,0,0,-2.93696275071633,0,0,-3.66071428571429,0,0,-2.5,0,0,-2.5,0,0,-2.5,0,0,0,-19.0976770364306
"Cole Fraser","D",2017,131,0,-2.5,0,0,-2.5,0,0,-2.93696275071633,0,0,-3.66071428571429,0,0,-2.5,0,0,-2.5,0,0,-2.5,0,0,0,-19.0976770364306
"Jacob Peterson","C",2017,132,0,-2.5,0,0,-2.5,0,0,-2.93696275071633,0,0,-3.66071428571429,0,65,1.7,719.1,11,0.3,196.95,6,-0.2,79.5,995.55,82,-9.79767703643062
"Tyler Inamoto","D",2017,133,0,-2.5,0,0,-2.5,0,0,-2.93696275071633,0,0,-3.66071428571429,0,0,-2.5,0,0,-2.5,0,0,-2.5,0,0,0,-19.0976770364306
"Cole Hults","D",2017,134,0,-2.5,0,0,-2.5,0,0,-2.93696275071633,0,0,-3.66071428571429,0,0,-2.5,0,0,-2.5,0,0,-2.5,0,0,0,-19.0976770364306
"Kristoffer Gunnarsson","D",2017,135,0,-2.5,0,0,-2.5,0,0,-2.93696275071633,0,0,-3.66071428571429,0,0,-2.5,0,0,-2.5,0,0,-2.5,0,0,0,-19.0976770364306
"Leon Gawanke","D",2017,136,0,-2.5,0,0,-2.5,0,0,-2.93696275071633,0,0,-3.66071428571429,0,0,-2.5,0,0,-2.5,0,0,-2.5,0,0,0,-19.0976770364306
"Noah Cates","LW",2017,137,0,-2.5,0,0,-2.5,0,0,-2.93696275071633,0,0,-3.66071428571429,0,16,1.2,211.933333333333,82,2.8,1456.91666666667,59,0.9,814.033333333333,2482.88333333334,157,-6.69767703643062
"Drake Rymsha","C",2017,138,0,-2.5,0,0,-2.5,0,0,-2.93696275071633,0,1.46428571428571,0,19.4261904761905,0,-2.5,0,0,-2.5,0,0,-2.5,0,19.4261904761905,1.46428571428571,-15.4369627507163
"Sebastian Aho","D",2017,139,22,0.3,357.4,0,-2.5,0,0,-2.93696275071633,0,4.39285714285714,0.439285714285714,58.6446428571428,36,1.7,592.383333333333,71,4.6,1190.7,58,1.2,950.7,3149.82797619048,191.392857142857,2.80232296356938
"Zach Fischer","RW",2017,140,0,-2.5,0,0,-2.5,0,0,-2.93696275071633,0,0,-3.66071428571429,0,0,-2.5,0,0,-2.5,0,0,-2.5,0,0,0,-19.0976770364306
"Fedor Gordeev","D",2017,141,0,-2.5,0,0,-2.5,0,0,-2.93696275071633,0,0,-3.66071428571429,0,0,-2.5,0,0,-2.5,0,0,-2.5,0,0,0,-19.0976770364306
"Jonathan Dugan","LW",2017,142,0,-2.5,0,0,-2.5,0,0,-2.93696275071633,0,0,-3.66071428571429,0,0,-2.5,0,0,-2.5,0,0,-2.5,0,0,0,-19.0976770364306
"Marian Studenic","RW",2017,143,0,-2.5,0,0,-2.5,0,0,-2.93696275071633,0,11.7142857142857,0.146428571428571,126.294642857143,16,0.1,167.333333333333,3,-0.1,26.0666666666667,2,-0.1,16.2166666666667,335.911309523809,32.7142857142857,-7.89053417928776
"Parker Foo","LW",2017,144,0,-2.5,0,0,-2.5,0,0,-2.93696275071633,0,0,-3.66071428571429,0,0,-2.5,0,0,-2.5,0,0,-2.5,0,0,0,-19.0976770364306
"Calle Sjalin","D",2017,145,0,-2.5,0,0,-2.5,0,0,-2.93696275071633,0,0,-3.66071428571429,0,0,-2.5,0,0,-2.5,0,0,-2.5,0,0,0,-19.0976770364306
"Kirill Maksimov","RW",2017,146,0,-2.5,0,0,-2.5,0,0,-2.93696275071633,0,0,-3.66071428571429,0,0,-2.5,0,0,-2.5,0,0,-2.5,0,0,0,-19.0976770364306
"Jacob Golden","D",2017,147,0,-2.5,0,0,-2.5,0,0,-2.93696275071633,0,0,-3.66071428571429,0,0,-2.5,0,0,-2.5,0,0,-2.5,0,0,0,-19.0976770364306
"Kale Howarth","LW",2017,148,0,-2.5,0,0,-2.5,0,0,-2.93696275071633,0,0,-3.66071428571429,0,0,-2.5,0,0,-2.5,0,0,-2.5,0,0,0,-19.0976770364306
"Jarret Tyszka","D",2017,149,0,-2.5,0,0,-2.5,0,0,-2.93696275071633,0,0,-3.66071428571429,0,0,-2.5,0,0,-2.5,0,0,-2.5,0,0,0,-19.0976770364306
"Jakub Galvas","D",2017,150,0,-2.5,0,0,-2.5,0,0,-2.93696275071633,0,0,-3.66071428571429,0,6,0.1,108.95,0,-2.5,0,0,-2.5,0,108.95,6,-16.4976770364306
"Sebastian Walfridsson","D",2017,151,0,-2.5,0,0,-2.5,0,0,-2.93696275071633,0,0,-3.66071428571429,0,0,-2.5,0,0,-2.5,0,0,-2.5,0,0,0,-19.0976770364306
"Jan Drozg","LW",2017,152,0,-2.5,0,0,-2.5,0,0,-2.93696275071633,0,0,-3.66071428571429,0,0,-2.5,0,0,-2.5,0,0,-2.5,0,0,0,-19.0976770364306
"Olle Eriksson Ek","G",2017,153,0,-2.5,0,0,-2.5,0,0,-2.93696275071633,0,0,-3.66071428571429,0,0,-2.5,0,0,-2.5,0,0,-2.5,0,0,0,-19.0976770364306
"Tomas Vomacka","G",2017,154,0,-2.5,0,0,-2.5,0,0,-2.93696275071633,0,0,-3.66071428571429,0,0,-2.5,0,0,-2.5,0,0,-2.5,0,0,0,-19.0976770364306
"Linus Olund","C",2017,155,0,-2.5,0,0,-2.5,0,0,-2.93696275071633,0,0,-3.66071428571429,0,0,-2.5,0,0,-2.5,0,0,-2.5,0,0,0,-19.0976770364306
"Denis Smirnov","RW",2017,156,0,-2.5,0,0,-2.5,0,0,-2.93696275071633,0,0,-3.66071428571429,0,0,-2.5,0,0,-2.5,0,0,-2.5,0,0,0,-19.0976770364306
"Dominik Lakatos","C",2017,157,0,-2.5,0,0,-2.5,0,0,-2.93696275071633,0,0,-3.66071428571429,0,0,-2.5,0,0,-2.5,0,0,-2.5,0,0,0,-19.0976770364306
"Nick Campoli","C",2017,158,0,-2.5,0,0,-2.5,0,0,-2.93696275071633,0,0,-3.66071428571429,0,0,-2.5,0,0,-2.5,0,0,-2.5,0,0,0,-19.0976770364306
"Jacob McGrew","RW",2017,159,0,-2.5,0,0,-2.5,0,0,-2.93696275071633,0,0,-3.66071428571429,0,0,-2.5,0,0,-2.5,0,0,-2.5,0,0,0,-19.0976770364306
"Aarne Talvitie","C",2017,160,0,-2.5,0,0,-2.5,0,0,-2.93696275071633,0,0,-3.66071428571429,0,0,-2.5,0,0,-2.5,0,0,-2.5,0,0,0,-19.0976770364306
"Jiri Patera","G",2017,161,0,-2.5,0,0,-2.5,0,0,-2.93696275071633,0,0,-3.66071428571429,0,0,-2.5,0,0,-2.5,0,0,-2.5,0,0,0,-19.0976770364306
"Johan Adams","RW",2017,162,0,-2.5,0,0,-2.5,0,0,-2.93696275071633,0,0,-3.66071428571429,0,0,-2.5,0,0,-2.5,0,0,-2.5,0,0,0,-19.0976770364306
"Brett Davis","RW",2017,163,0,-2.5,0,0,-2.5,0,0,-2.93696275071633,0,0,-3.66071428571429,0,0,-2.5,0,0,-2.5,0,0,-2.5,0,0,0,-19.0976770364306
"Reilly Webb","D",2017,164,0,-2.5,0,0,-2.5,0,0,-2.93696275071633,0,0,-3.66071428571429,0,0,-2.5,0,0,-2.5,0,0,-2.5,0,0,0,-19.0976770364306
"Arnaud Durandeau","LW",2017,165,0,-2.5,0,0,-2.5,0,0,-2.93696275071633,0,0,-3.66071428571429,0,0,-2.5,0,4,0,52,0,-2.5,0,52,4,-16.5976770364306
"Brendan De Jong","D",2017,166,0,-2.5,0,0,-2.5,0,0,-2.93696275071633,0,0,-3.66071428571429,0,0,-2.5,0,0,-2.5,0,0,-2.5,0,0,0,-19.0976770364306
"Arvid Holm","G",2017,167,0,-2.5,0,0,-2.5,0,0,-2.93696275071633,0,0,-3.66071428571429,0,0,-2.5,0,0,-2.5,0,0,-2.5,0,0,0,-19.0976770364306
"Olle Lycksell","RW",2017,168,0,-2.5,0,0,-2.5,0,0,-2.93696275071633,0,0,-3.66071428571429,0,0,-2.5,0,8,-0.1,84.4833333333333,18,0.3,179.033333333333,263.516666666666,26,-13.8976770364306
"Nicklaus Perbix","D",2017,169,0,-2.5,0,0,-2.5,0,0,-2.93696275071633,0,0,-3.66071428571429,0,0,-2.5,0,69,4,1062.35,77,4.3,1315.28333333333,2377.63333333333,146,-5.79767703643062
"Jonathan Davidsson","RW",2017,170,0,-2.5,0,0,-2.5,0,7.0487106017192,0,38.9245463228271,0,-3.66071428571429,0,0,-2.5,0,0,-2.5,0,0,-2.5,0,38.9245463228271,7.0487106017192,-16.1607142857143
"D'Artagnan Joly","RW",2017,171,0,-2.5,0,0,-2.5,0,0,-2.93696275071633,0,0,-3.66071428571429,0,0,-2.5,0,0,-2.5,0,0,-2.5,0,0,0,-19.0976770364306
"Ryan Mcgregor","C",2017,172,0,-2.5,0,0,-2.5,0,0,-2.93696275071633,0,0,-3.66071428571429,0,0,-2.5,0,0,-2.5,0,0,-2.5,0,0,0,-19.0976770364306
"Cedric Pare","C",2017,173,0,-2.5,0,0,-2.5,0,0,-2.93696275071633,0,0,-3.66071428571429,0,0,-2.5,0,0,-2.5,0,0,-2.5,0,0,0,-19.0976770364306
"Morgan Barron","C",2017,174,0,-2.5,0,0,-2.5,0,0,-2.93696275071633,0,7.32142857142857,0.146428571428571,100.230357142857,14,0.2,148.95,70,1.5,928,80,1.7,839.75,2016.93035714286,171.321428571429,-4.39053417928776
"Trenton Bourque","D",2017,175,0,-2.5,0,0,-2.5,0,0,-2.93696275071633,0,0,-3.66071428571429,0,0,-2.5,0,0,-2.5,0,0,-2.5,0,0,0,-19.0976770364306
"Pavel Koltygin","C",2017,176,0,-2.5,0,0,-2.5,0,0,-2.93696275071633,0,0,-3.66071428571429,0,0,-2.5,0,0,-2.5,0,0,-2.5,0,0,0,-19.0976770364306
"Skyler Brind'Amour","C",2017,177,0,-2.5,0,0,-2.5,0,0,-2.93696275071633,0,0,-3.66071428571429,0,0,-2.5,0,0,-2.5,0,0,-2.5,0,0,0,-19.0976770364306
"Andrei Svetlakov","C",2017,178,0,-2.5,0,0,-2.5,0,0,-2.93696275071633,0,0,-3.66071428571429,0,0,-2.5,0,0,-2.5,0,0,-2.5,0,0,0,-19.0976770364306
"Carson Meyer","RW",2017,179,0,-2.5,0,0,-2.5,0,0,-2.93696275071633,0,0,-3.66071428571429,0,13,0.2,106.95,14,-0.2,136.083333333333,14,0,127.7,370.733333333333,41,-11.5976770364306
"Cole Guttman","C",2017,180,0,-2.5,0,0,-2.5,0,0,-2.93696275071633,0,0,-3.66071428571429,0,0,-2.5,0,14,0.7,203.85,27,0.1,340.733333333333,544.583333333333,41,-13.2976770364306
"Petrus Palmu","RW",2017,181,0,-2.5,0,0,-2.5,0,0,-2.93696275071633,0,0,-3.66071428571429,0,0,-2.5,0,0,-2.5,0,0,-2.5,0,0,0,-19.0976770364306
"Benton Maass","D",2017,182,0,-2.5,0,0,-2.5,0,0,-2.93696275071633,0,0,-3.66071428571429,0,0,-2.5,0,0,-2.5,0,0,-2.5,0,0,0,-19.0976770364306
"Jordan Hollett","G",2017,183,0,-2.5,0,0,-2.5,0,0,-2.93696275071633,0,0,-3.66071428571429,0,0,-2.5,0,0,-2.5,0,0,-2.5,0,0,0,-19.0976770364306
"Sebastian Repo","RW",2017,184,0,-2.5,0,0,-2.5,0,0,-2.93696275071633,0,0,-3.66071428571429,0,0,-2.5,0,0,-2.5,0,0,-2.5,0,0,0,-19.0976770364306
"Alexander Chmelevski","C",2017,185,0,-2.5,0,0,-2.5,0,0,-2.93696275071633,0,7.32142857142857,0.146428571428571,71.4083333333333,19,0.5,250.5,0,-2.5,0,0,-2.5,0,321.908333333333,26.3214285714286,-12.2905341792878
"Antti Palojarvi","D",2017,186,0,-2.5,0,0,-2.5,0,0,-2.93696275071633,0,0,-3.66071428571429,0,0,-2.5,0,0,-2.5,0,0,-2.5,0,0,0,-19.0976770364306
"Nick Leivermann","D",2017,187,0,-2.5,0,0,-2.5,0,0,-2.93696275071633,0,0,-3.66071428571429,0,0,-2.5,0,0,-2.5,0,0,-2.5,0,0,0,-19.0976770364306
"Matt Brassard","D",2017,188,0,-2.5,0,0,-2.5,0,0,-2.93696275071633,0,0,-3.66071428571429,0,0,-2.5,0,0,-2.5,0,0,-2.5,0,0,0,-19.0976770364306
"Ben Jones","C",2017,189,0,-2.5,0,0,-2.5,0,0,-2.93696275071633,0,0,-3.66071428571429,0,2,0,16.0833333333333,0,-2.5,0,0,-2.5,0,16.0833333333333,2,-16.5976770364306
"Erik Walli Walterholm","RW",2017,190,0,-2.5,0,0,-2.5,0,0,-2.93696275071633,0,0,-3.66071428571429,0,0,-2.5,0,0,-2.5,0,0,-2.5,0,0,0,-19.0976770364306
"Jocktan Chainey","D",2017,191,0,-2.5,0,0,-2.5,0,0,-2.93696275071633,0,0,-3.66071428571429,0,0,-2.5,0,0,-2.5,0,0,-2.5,0,0,0,-19.0976770364306
"Linus Weissbach","LW",2017,192,0,-2.5,0,0,-2.5,0,0,-2.93696275071633,0,0,-3.66071428571429,0,0,-2.5,0,0,-2.5,0,0,-2.5,0,0,0,-19.0976770364306
"Brady Gilmour","C",2017,193,0,-2.5,0,0,-2.5,0,0,-2.93696275071633,0,0,-3.66071428571429,0,0,-2.5,0,0,-2.5,0,0,-2.5,0,0,0,-19.0976770364306
"Dylan Ferguson","G",2017,194,0,-2.5,0,0,-2.5,0,0,-2.93696275071633,0,0,-3.66071428571429,0,0,-2.5,0,0,-2.5,0,0,-2.5,0,0,0,-19.0976770364306
"Victor Berglund","D",2017,195,0,-2.5,0,0,-2.5,0,0,-2.93696275071633,0,0,-3.66071428571429,0,0,-2.5,0,0,-2.5,0,0,-2.5,0,0,0,-19.0976770364306
"Wyatt Kalynuk","D",2017,196,0,-2.5,0,0,-2.5,0,0,-2.93696275071633,0,30.75,1.75714285714286,500.346428571429,5,-0.1,59.9833333333333,0,-2.5,0,0,-2.5,0,560.329761904762,35.75,-11.2798198935735
"Ville Rasanen","D",2017,197,0,-2.5,0,0,-2.5,0,0,-2.93696275071633,0,0,-3.66071428571429,0,0,-2.5,0,0,-2.5,0,0,-2.5,0,0,0,-19.0976770364306
"Skyler Mckenzie","LW",2017,198,0,-2.5,0,0,-2.5,0,0,-2.93696275071633,0,0,-3.66071428571429,0,0,-2.5,0,0,-2.5,0,0,-2.5,0,0,0,-19.0976770364306
"Cayden Primeau","G",2017,199,0,-2.5,0,0,-2.5,0,0,-2.93696275071633,0,0,-3.66071428571429,0,0,-2.5,0,0,-2.5,0,0,-2.5,0,0,0,-19.0976770364306
"Samuel Walker","C",2017,200,0,-2.5,0,0,-2.5,0,0,-2.93696275071633,0,0,-3.66071428571429,0,0,-2.5,0,9,0.1,95.4,4,-0.2,37.45,132.85,13,-14.1976770364306
"Logan Cockerill","LW",2017,201,0,-2.5,0,0,-2.5,0,0,-2.93696275071633,0,0,-3.66071428571429,0,0,-2.5,0,0,-2.5,0,0,-2.5,0,0,0,-19.0976770364306
"Filip Sveningsson","LW",2017,202,0,-2.5,0,0,-2.5,0,0,-2.93696275071633,0,0,-3.66071428571429,0,0,-2.5,0,0,-2.5,0,0,-2.5,0,0,0,-19.0976770364306
"Ryan O'Connell","D",2017,203,0,-2.5,0,0,-2.5,0,0,-2.93696275071633,0,0,-3.66071428571429,0,0,-2.5,0,0,-2.5,0,0,-2.5,0,0,0,-19.0976770364306
"Daniel Bukac","D",2017,204,0,-2.5,0,0,-2.5,0,0,-2.93696275071633,0,0,-3.66071428571429,0,0,-2.5,0,0,-2.5,0,0,-2.5,0,0,0,-19.0976770364306
"Yegor Zaitsev","D",2017,205,0,-2.5,0,0,-2.5,0,0,-2.93696275071633,0,0,-3.66071428571429,0,0,-2.5,0,0,-2.5,0,0,-2.5,0,0,0,-19.0976770364306
"Anton Andersson","D",2017,206,0,-2.5,0,0,-2.5,0,0,-2.93696275071633,0,0,-3.66071428571429,0,0,-2.5,0,0,-2.5,0,0,-2.5,0,0,0,-19.0976770364306
"Patrik Virta","C",2017,207,0,-2.5,0,0,-2.5,0,0,-2.93696275071633,0,0,-3.66071428571429,0,0,-2.5,0,0,-2.5,0,0,-2.5,0,0,0,-19.0976770364306
"Philip Kemp","D",2017,208,0,-2.5,0,0,-2.5,0,0,-2.93696275071633,0,0,-3.66071428571429,0,0,-2.5,0,0,-2.5,0,1,0,2.05,2.05,1,-16.5976770364306
"Nick Swaney","RW",2017,209,0,-2.5,0,0,-2.5,0,0,-2.93696275071633,0,0,-3.66071428571429,0,0,-2.5,0,1,0,9.55,0,-2.5,0,9.55,1,-16.5976770364306
"Robbie Stucker","D",2017,210,0,-2.5,0,0,-2.5,0,0,-2.93696275071633,0,0,-3.66071428571429,0,0,-2.5,0,0,-2.5,0,0,-2.5,0,0,0,-19.0976770364306
"Croix Evingson","D",2017,211,0,-2.5,0,0,-2.5,0,0,-2.93696275071633,0,0,-3.66071428571429,0,0,-2.5,0,0,-2.5,0,0,-2.5,0,0,0,-19.0976770364306
"Ivan Chekhovich","LW",2017,212,0,-2.5,0,0,-2.5,0,0,-2.93696275071633,0,5.85714285714286,-0.146428571428571,61.4267857142857,0,-2.5,0,0,-2.5,0,0,-2.5,0,61.4267857142857,5.85714285714286,-15.5833913221449
"Kristian Roykas Marthinsen","LW",2017,213,0,-2.5,0,0,-2.5,0,0,-2.93696275071633,0,0,-3.66071428571429,0,0,-2.5,0,0,-2.5,0,0,-2.5,0,0,0,-19.0976770364306
"Matthew Hellickson","D",2017,214,0,-2.5,0,0,-2.5,0,0,-2.93696275071633,0,0,-3.66071428571429,0,0,-2.5,0,0,-2.5,0,0,-2.5,0,0,0,-19.0976770364306
"Joshua Ess","D",2017,215,0,-2.5,0,0,-2.5,0,0,-2.93696275071633,0,0,-3.66071428571429,0,0,-2.5,0,0,-2.5,0,0,-2.5,0,0,0,-19.0976770364306
"Jacob Paquette","D",2017,216,0,-2.5,0,0,-2.5,0,0,-2.93696275071633,0,0,-3.66071428571429,0,0,-2.5,0,0,-2.5,0,0,-2.5,0,0,0,-19.0976770364306
"William Reilly","D",2017,217,0,-2.5,0,0,-2.5,0,0,-2.93696275071633,0,0,-3.66071428571429,0,0,-2.5,0,0,-2.5,0,0,-2.5,0,0,0,-19.0976770364306
"Rasmus Dahlin","D",2018,1,82,6.6,1734.75,69.3123209169054,5.99140401146132,1337.41451766953,82,2.92857142857143,1771.85892857143,80,7.1,1921.15,78,10.2,2012.06666666667,81,9.4,2059.21666666667,42,9.2,1027.35,11863.8067795743,514.312320916905,51.4199754400327
"Andrei Svechnikov","RW",2018,2,82,3.9,1201.03333333333,79.8853868194843,8.10601719197708,1337.12082139446,80.5357142857143,6.29642857142857,1412.52321428571,78,7.9,1346.26666666667,64,6.1,1155.08333333333,59,5.8,1001.8,51,5.4,895.983333333333,8349.81070234683,494.421101105199,43.5024457634056
"Jesperi Kotkaniemi","C",2018,3,79,2.6,1085.58333333333,42.2922636103152,0.234957020057307,549.525310410697,82,1.75714285714286,1213.33154761905,66,2.7,793.533333333333,82,4.5,1208.35,79,2.1,1025.35,51,3.9,705.6,6581.27352469641,481.292263610315,17.7920998772002
"Brady Tkachuk","LW",2018,4,71,4.4,1137.76666666667,83.4097421203439,4.58166189111748,1579.30276981853,82,4.68571428571429,1494.84047619048,79,7.1,1485.11666666667,82,8.9,1527.83333333333,81,8.2,1550.51666666667,50,6.3,926.55,9701.92657934235,528.409742120344,44.1673761768318
"Barrett Hayton","C",2018,5,0,-2.5,0,23.4957020057307,0.35243553008596,261.800859598854,20.5,0.292857142857143,235.530357142857,60,1.4,967.033333333333,82,3.2,1434.81666666667,33,-0.1,561.45,50,4.3,770.016666666667,4230.64788340838,268.995702005731,6.9452926729431
"Filip Zadina","RW",2018,6,9,0,138.466666666667,32.8939828080229,1.52722063037249,499.107449856734,71.75,1.75714285714286,1205.81488095238,74,0.8,1049.05,30,0.2,392.9,72,0.7,960.466666666667,0,-2.5,0,4245.80566414245,289.643982808023,2.48436348751535
"Quinn Hughes","D",2018,7,5,0.4,90.4,79.8853868194843,7.63610315186247,1748.2564469914,82,6.15,1869.96607142857,76,10.1,1919.11666666667,78,10.2,2001.58333333333,82,14.4,2024.16666666667,46,14.2,1165.9,10819.3891850866,448.885386819484,63.0861031518625
"Adam Boqvist","D",2018,8,0,-2.5,0,48.1661891117479,2.34957020057307,781.369149952245,51.25,2.78214285714286,870.7375,52,2.9,886.383333333333,46,3,857.133333333333,35,0.9,639.916666666667,18,1.5,231.166666666667,4266.70664995225,250.416189111748,10.9317130577159
"Vitali Kravtsov","RW",2018,9,0,-2.5,0,0,-2.93696275071633,0,29.2857142857143,0,363.045238095238,0,-2.5,0,16,-0.1,173.4,0,-2.5,0,0,-2.5,0,536.445238095238,45.2857142857143,-13.0369627507163
"Evan Bouchard","D",2018,10,7,-0.1,86.4833333333333,0,-2.93696275071633,0,20.5,1.17142857142857,304.107738095238,81,7,1604.2,82,5.4,1518.35,81,13.1,1862.76666666667,50,10.7,1174.36666666667,6550.27440476191,321.5,34.3344658207122
"Oliver Wahlstrom","RW",2018,11,0,-2.5,0,10.5730659025788,-0.234957020057307,108.785100286533,64.4285714285714,3.95357142857143,798.01130952381,73,2.2,880.3,35,1.8,425.8,32,0,354.25,12,0.4,131.533333333333,2698.67974314368,227.00163733115,5.61861440851412
"Noah Dobson","D",2018,12,0,-2.5,0,39.9426934097421,1.40974212034384,530.317574021012,67.3571428571428,4.24642857142857,1104.24226190476,80,8.3,1716.86666666667,78,8,1589.83333333333,79,9.9,1936.25,46,7.3,1104.86666666667,7982.37650259244,390.299836266885,36.6561706917724
"Ty Dellandrea","C",2018,13,0,-2.5,0,0,-2.93696275071633,0,38.0714285714286,0.439285714285714,475.355952380952,1,-0.1,10.6166666666667,82,2,1164.43333333333,42,-0.3,532.2,41,0.3,481.816666666667,2664.42261904762,204.071428571429,-3.09767703643061
"Joel Farabee","LW",2018,14,0,-2.5,0,61.0888252148997,2.23209169054441,861.685291308501,80.5357142857143,6.29642857142857,1290.03571428571,63,2.9,1107.98333333333,82,3,1394.88333333333,82,4.7,1327.28333333333,49,2.7,743.083333333333,6724.95433892753,417.624539500614,19.328520261973
"Grigori Denisenko","LW",2018,15,0,-2.5,0,0,-2.93696275071633,0,10.25,0.439285714285714,122.389880952381,1,0,15.5,18,-0.2,178.016666666667,6,-0.2,65.0833333333333,1,0,8.45,389.439880952381,36.25,-5.39767703643062
"Martin Kaut","RW",2018,16,0,-2.5,0,10.5730659025788,0.35243553008596,107.179560649475,7.32142857142857,-0.146428571428571,58.5470238095238,6,0,52.85,9,0.5,127.683333333333,0,-2.5,0,0,-2.5,0,346.259917792332,32.8944944740074,-6.79399304134261
"Ty Smith","D",2018,17,0,-2.5,0,0,-2.93696275071633,0,70.2857142857143,3.80714285714286,1414.35357142857,66,1.6,1154.71666666667,9,0.9,181.816666666667,0,-2.5,0,8,0.9,109.316666666667,2860.20357142857,153.285714285714,-0.729819893573469
"Liam Foudy","C",2018,18,0,-2.5,0,2.34957020057307,0.117478510028653,33.4030563514804,35.1428571428571,-0.146428571428571,442.555952380952,1,-0.1,11.85,62,0,752.35,12,0,121.766666666667,2,0,14.9,1376.8256753991,114.49242734343,-2.62895006139992
"Jay O'Brien","C",2018,19,0,-2.5,0,0,-2.93696275071633,0,0,-3.66071428571429,0,0,-2.5,0,0,-2.5,0,0,-2.5,0,0,-2.5,0,0,0,-19.0976770364306
"Rasmus Kupari","C",2018,20,0,-2.5,0,0,-2.93696275071633,0,10.25,-0.146428571428571,117.582142857143,57,0.6,672.7,66,0.4,666.266666666667,28,-0.5,255.95,48,0.8,487.95,2200.44880952381,209.25,-4.2833913221449
"Ryan Merkley","D",2018,21,0,-2.5,0,0,-2.93696275071633,0,0,-3.66071428571429,0,39,0.9,599.733333333333,0,-2.5,0,0,-2.5,0,0,-2.5,0,599.733333333333,39,-15.6976770364306
"K'Andre Miller","D",2018,22,0,-2.5,0,0,-2.93696275071633,0,77.6071428571428,4.83214285714286,1638.26726190476,82,6.4,1689.85,79,7.5,1734.21666666667,80,5.8,1724.98333333333,44,5.4,958.916666666667,7746.23392857143,362.607142857143,24.4951801064265
"Isac Lundestrom","C",2018,23,15,-0.1,195.433333333333,17.621776504298,0,245.118911174785,60.0357142857143,0.439285714285714,915.105357142857,80,2.4,1238.85,61,-0.2,874.366666666667,46,0.4,659.683333333333,47,1.5,659.433333333333,4787.99093498431,326.657490790012,4.43928571428571
"Filip Johansson","D",2018,24,0,-2.5,0,0,-2.93696275071633,0,0,-3.66071428571429,0,0,-2.5,0,0,-2.5,0,0,-2.5,0,0,-2.5,0,0,0,-19.0976770364306
"Dominik Bokk","RW",2018,25,0,-2.5,0,0,-2.93696275071633,0,0,-3.66071428571429,0,0,-2.5,0,0,-2.5,0,0,-2.5,0,0,-2.5,0,0,0,-19.0976770364306
"Jacob Bernard-Docker","D",2018,26,0,-2.5,0,0,-2.93696275071633,0,7.32142857142857,0.292857142857143,100.010714285714,8,0.3,118.15,19,0.3,304.316666666667,72,2.2,1129.93333333333,25,2.3,327.65,1980.06071428571,131.321428571429,-0.044105607859187
"Nicolas Beaudin","D",2018,27,0,-2.5,0,1.17478510028653,0.117478510028653,19.9909264565425,27.8214285714286,1.75714285714286,383.35,2,-0.1,12.3166666666667,0,-2.5,0,0,-2.5,0,0,-2.5,0,415.657593123209,30.9962136717151,-8.22537863282849
"Nils Lundkvist","D",2018,28,0,-2.5,0,0,-2.93696275071633,0,0,-3.66071428571429,0,25,1.2,348.3,60,2.7,978.533333333333,59,3.5,832.266666666667,39,3.3,585.433333333333,2744.53333333333,183,1.60232296356938
"Rasmus Sandin","D",2018,29,0,-2.5,0,32.8939828080229,0.587392550143267,470.873447946514,13.1785714285714,1.31785714285714,193.2125,51,3,864.933333333333,19,1.7,436.766666666667,68,3.5,1436.2,50,7,967.75,4369.73594794651,234.072554236594,14.6052496930004
"Joseph Veleno","C",2018,30,0,-2.5,0,0,-2.93696275071633,0,7.32142857142857,0.146428571428571,110.577976190476,66,0.3,872.15,81,0.8,1034.85,80,1.4,1116.51666666667,45,1.3,531.683333333333,3665.77797619048,279.321428571429,-1.49053417928776
"Alexander Alexeyev","D",2018,31,0,-2.5,0,0,-2.93696275071633,0,0,-3.66071428571429,0,1,0,10.5833333333333,32,0.9,526.55,39,0.5,534.15,5,0.5,66.1,1137.38333333333,77,-7.19767703643062
"Mattias Samuelsson","D",2018,32,0,-2.5,0,0,-2.93696275071633,0,17.5714285714286,-0.146428571428571,316.822619047619,42,1.2,839.65,55,2.7,1219.68333333333,41,1.8,840.5,33,3.7,608.65,3825.30595238095,188.571428571429,3.8166086778551
"Jonatan Berggren","RW",2018,33,0,-2.5,0,0,-2.93696275071633,0,0,-3.66071428571429,0,0,-2.5,0,67,2.2,901.8,12,0.5,130.333333333333,48,2.3,630.75,1662.88333333333,127,-6.59767703643062
"Serron Noel","RW",2018,34,0,-2.5,0,0,-2.93696275071633,0,0,-3.66071428571429,0,0,-2.5,0,0,-2.5,0,0,-2.5,0,0,-2.5,0,0,0,-19.0976770364306
"Jesse Ylonen","RW",2018,35,0,-2.5,0,0,-2.93696275071633,0,1.46428571428571,0,16.6684523809524,14,0.5,161.916666666667,37,0.9,497.533333333333,59,0.2,604,0,-2.5,0,1280.11845238095,111.464285714286,-6.33696275071633
"Jared McIsaac","D",2018,36,0,-2.5,0,0,-2.93696275071633,0,0,-3.66071428571429,0,0,-2.5,0,0,-2.5,0,0,-2.5,0,0,-2.5,0,0,0,-19.0976770364306
"Jett Woo","D",2018,37,0,-2.5,0,0,-2.93696275071633,0,0,-3.66071428571429,0,0,-2.5,0,0,-2.5,0,0,-2.5,0,0,-2.5,0,0,0,-19.0976770364306
"Alexander Romanov","D",2018,38,0,-2.5,0,0,-2.93696275071633,0,79.0714285714286,2.34285714285714,1364.47023809524,79,2.1,1611.15,76,4.8,1478.16666666667,81,5.6,1688.06666666667,35,5.4,774.916666666667,6916.77023809525,350.071428571429,14.8058943921408
"Olof Lindbom","G",2018,39,0,-2.5,0,0,-2.93696275071633,0,0,-3.66071428571429,0,0,-2.5,0,0,-2.5,0,0,-2.5,0,0,-2.5,0,0,0,-19.0976770364306
"Ryan McLeod","C",2018,40,0,-2.5,0,0,-2.93696275071633,0,14.6428571428571,-0.292857142857143,187.257738095238,71,1.2,905.966666666667,57,1.9,808.583333333333,81,2.3,1153.68333333333,47,4,736.6,3792.09107142857,270.642857142857,3.67018010642653
"Bode Wilde","D",2018,41,0,-2.5,0,0,-2.93696275071633,0,0,-3.66071428571429,0,0,-2.5,0,0,-2.5,0,0,-2.5,0,0,-2.5,0,0,0,-19.0976770364306
"Jack Drury","C",2018,42,0,-2.5,0,0,-2.93696275071633,0,0,-3.66071428571429,0,2,0.4,31.9166666666667,38,0.5,409.833333333333,74,2.1,908.65,3,0.4,39.6333333333333,1390.03333333333,117,-5.69767703643062
"Ruslan Iskhakov","C",2018,43,0,-2.5,0,0,-2.93696275071633,0,0,-3.66071428571429,0,0,-2.5,0,0,-2.5,0,1,0.1,14.1833333333333,0,-2.5,0,14.1833333333333,1,-16.4976770364306
"Albin Eriksson","RW",2018,44,0,-2.5,0,0,-2.93696275071633,0,0,-3.66071428571429,0,0,-2.5,0,0,-2.5,0,0,-2.5,0,0,-2.5,0,0,0,-19.0976770364306
"Scott Perunovich","D",2018,45,0,-2.5,0,0,-2.93696275071633,0,0,-3.66071428571429,0,19,0.9,293.7,0,-2.5,0,54,2.6,824.683333333333,1,0.3,18.8666666666667,1137.25,74,-7.79767703643062
"Martin Fehervary","D",2018,46,0,-2.5,0,7.0487106017192,0,112.603151862464,0,-3.66071428571429,0,79,4.7,1552.58333333333,67,2.8,1340.01666666667,66,3.1,1295.65,50,5.3,961.833333333333,5262.6864851958,269.048710601719,9.73928571428571
"Kody Clark","RW",2018,47,0,-2.5,0,0,-2.93696275071633,0,0,-3.66071428571429,0,0,-2.5,0,0,-2.5,0,0,-2.5,0,0,-2.5,0,0,0,-19.0976770364306
"Jonathan Tychonick","D",2018,48,0,-2.5,0,0,-2.93696275071633,0,0,-3.66071428571429,0,0,-2.5,0,0,-2.5,0,0,-2.5,0,0,-2.5,0,0,0,-19.0976770364306
"Kirill Marchenko","RW",2018,49,0,-2.5,0,0,-2.93696275071633,0,0,-3.66071428571429,0,0,-2.5,0,59,2.2,955.166666666667,78,4,1280.28333333333,50,8.5,948.616666666667,3184.06666666666,187,3.10232296356938
"Adam Ginning","D",2018,50,0,-2.5,0,0,-2.93696275071633,0,0,-3.66071428571429,0,0,-2.5,0,1,0,16.6666666666667,9,0.4,127.35,0,-2.5,0,144.016666666667,10,-13.6976770364306
"Akil Thomas","C",2018,51,0,-2.5,0,0,-2.93696275071633,0,0,-3.66071428571429,0,0,-2.5,0,0,-2.5,0,7,0.6,61.1,18,0.4,183.9,245,25,-13.0976770364306
"Sean Durzi","D",2018,52,0,-2.5,0,0,-2.93696275071633,0,0,-3.66071428571429,0,64,3.6,1254.05,72,4.8,1424.55,76,5.9,1726.68333333333,4,0.8,85.8333333333333,4491.11666666666,216,6.00232296356938
"Calen Addison","D",2018,53,0,-2.5,0,0,-2.93696275071633,0,4.39285714285714,0,81.3410714285714,15,0.3,206.833333333333,62,3.2,999.433333333333,60,0.3,1041.36666666667,0,-2.5,0,2328.97440476191,141.392857142857,-4.13696275071633
"Benoit-Olivier Groulx","C",2018,54,0,-2.5,0,0,-2.93696275071633,0,0,-3.66071428571429,0,18,0.1,197.9,2,-0.1,32.6833333333333,45,-1,548.483333333333,0,-2.5,0,779.066666666666,65,-12.5976770364306
"Kevin Bahl","D",2018,55,0,-2.5,0,0,-2.93696275071633,0,10.25,0.439285714285714,173.395833333333,17,0.3,267.666666666667,42,1.6,588.85,82,2.4,1426.51666666667,47,6.4,1001.15,3457.57916666667,198.25,5.70232296356938
"Jacob Olofsson","C",2018,56,0,-2.5,0,0,-2.93696275071633,0,0,-3.66071428571429,0,0,-2.5,0,0,-2.5,0,0,-2.5,0,0,-2.5,0,0,0,-19.0976770364306
"Axel Andersson","D",2018,57,0,-2.5,0,0,-2.93696275071633,0,0,-3.66071428571429,0,0,-2.5,0,0,-2.5,0,0,-2.5,0,0,-2.5,0,0,0,-19.0976770364306
"Filip Hallander","C",2018,58,0,-2.5,0,0,-2.93696275071633,0,0,-3.66071428571429,0,1,0,5.86666666666667,2,0,19.9333333333333,0,-2.5,0,0,-2.5,0,25.8,3,-14.0976770364306
"Gabriel Fortier","LW",2018,59,0,-2.5,0,0,-2.93696275071633,0,0,-3.66071428571429,0,10,0,92.8166666666667,1,0,8.41666666666667,0,-2.5,0,0,-2.5,0,101.233333333333,11,-14.0976770364306
"David Gustafsson","C",2018,60,0,-2.5,0,25.8452722063037,-0.117478510028653,158.752626552053,5.85714285714286,-0.146428571428571,34.0690476190476,2,0,4.93333333333333,46,0,464.483333333333,39,0.4,361.083333333333,20,0.6,180.533333333333,1203.85500750443,138.702415063447,-1.76390708145722
"Ivan Morozov","C",2018,61,0,-2.5,0,0,-2.93696275071633,0,0,-3.66071428571429,0,0,-2.5,0,0,-2.5,0,0,-2.5,0,0,-2.5,0,0,0,-19.0976770364306
"Olivier Rodrigue","G",2018,62,0,-2.5,0,0,-2.93696275071633,0,0,-3.66071428571429,0,0,-2.5,0,0,-2.5,0,0,-2.5,0,0,-2.5,0,0,0,-19.0976770364306
"Jack McBain","C",2018,63,0,-2.5,0,0,-2.93696275071633,0,0,-3.66071428571429,0,10,0,141.75,82,1.3,1146.46666666667,67,2.2,845.833333333333,50,2.8,666.65,2800.7,209,-2.79767703643062
"Justus Annunen","G",2018,64,0,-2.5,0,0,-2.93696275071633,0,0,-3.66071428571429,0,0,-2.5,0,0,-2.5,0,0,-2.5,0,0,-2.5,0,0,0,-19.0976770364306
"Jan Jenik","RW",2018,65,0,-2.5,0,0,-2.93696275071633,0,2.92857142857143,0.732142857142857,35.3869047619048,13,0,138.783333333333,2,0,11.8166666666667,5,0,41.8833333333333,1,0,7.53333333333333,235.403571428571,23.9285714285714,-4.70481989357347
"Cameron Hillis","C",2018,66,0,-2.5,0,0,-2.93696275071633,0,0,-3.66071428571429,0,1,0,10.25,0,-2.5,0,0,-2.5,0,0,-2.5,0,10.25,1,-16.5976770364306
"Alec Regula","D",2018,67,0,-2.5,0,0,-2.93696275071633,0,4.39285714285714,0,54.3738095238095,15,0.5,268.183333333333,4,-0.1,66.3833333333333,0,-2.5,0,0,-2.5,0,388.940476190476,23.3928571428571,-10.0369627507163
"Tyler Madden","C",2018,68,0,-2.5,0,0,-2.93696275071633,0,0,-3.66071428571429,0,0,-2.5,0,0,-2.5,0,0,-2.5,0,0,-2.5,0,0,0,-19.0976770364306
"Jake Wise","C",2018,69,0,-2.5,0,0,-2.93696275071633,0,0,-3.66071428571429,0,0,-2.5,0,0,-2.5,0,0,-2.5,0,0,-2.5,0,0,0,-19.0976770364306
"Jacob Ragnarsson","D",2018,70,0,-2.5,0,0,-2.93696275071633,0,0,-3.66071428571429,0,0,-2.5,0,0,-2.5,0,0,-2.5,0,0,-2.5,0,0,0,-19.0976770364306
"Jordan Harris","D",2018,71,0,-2.5,0,0,-2.93696275071633,0,0,-3.66071428571429,0,10,0.5,162.8,65,2.7,1212.4,56,1.9,978.433333333333,26,1.3,296.933333333333,2650.56666666667,157,-2.69767703643062
"Jakub Skarek","G",2018,72,0,-2.5,0,0,-2.93696275071633,0,0,-3.66071428571429,0,0,-2.5,0,0,-2.5,0,0,-2.5,0,0,-2.5,0,0,0,-19.0976770364306
"Ty Emberson","D",2018,73,0,-2.5,0,0,-2.93696275071633,0,0,-3.66071428571429,0,0,-2.5,0,0,-2.5,0,30,1.6,556.483333333333,48,4.2,720.3,1276.78333333333,78,-8.29767703643062
"Niklas Nordgren","RW",2018,74,0,-2.5,0,0,-2.93696275071633,0,0,-3.66071428571429,0,0,-2.5,0,0,-2.5,0,0,-2.5,0,0,-2.5,0,0,0,-19.0976770364306
"Oskar Back","C",2018,75,0,-2.5,0,0,-2.93696275071633,0,0,-3.66071428571429,0,0,-2.5,0,0,-2.5,0,0,-2.5,0,45,1.3,524.1,524.1,45,-15.2976770364306
"Semyon Der-Arguchintsev","C",2018,76,0,-2.5,0,0,-2.93696275071633,0,0,-3.66071428571429,0,0,-2.5,0,1,0,7.26666666666667,0,-2.5,0,0,-2.5,0,7.26666666666667,1,-16.5976770364306
"Jakub Lauko","C",2018,77,0,-2.5,0,0,-2.93696275071633,0,0,-3.66071428571429,0,0,-2.5,0,23,0.8,203.883333333333,60,0.1,589.25,30,0.5,298,1091.13333333333,113,-10.1976770364306
"Sampo Ranta","LW",2018,78,0,-2.5,0,0,-2.93696275071633,0,0,-3.66071428571429,0,10,-0.4,108.933333333333,6,-0.1,44.05,0,-2.5,0,0,-2.5,0,152.983333333333,16,-14.5976770364306
"Blake McLaughlin","LW",2018,79,0,-2.5,0,0,-2.93696275071633,0,0,-3.66071428571429,0,0,-2.5,0,0,-2.5,0,0,-2.5,0,0,-2.5,0,0,0,-19.0976770364306
"Marcus Karlberg","LW",2018,80,0,-2.5,0,0,-2.93696275071633,0,0,-3.66071428571429,0,0,-2.5,0,0,-2.5,0,0,-2.5,0,0,-2.5,0,0,0,-19.0976770364306
"Seth Barton","D",2018,81,0,-2.5,0,0,-2.93696275071633,0,0,-3.66071428571429,0,0,-2.5,0,0,-2.5,0,0,-2.5,0,0,-2.5,0,0,0,-19.0976770364306
"Bulat Shafigullin","LW",2018,82,0,-2.5,0,0,-2.93696275071633,0,0,-3.66071428571429,0,0,-2.5,0,0,-2.5,0,0,-2.5,0,0,-2.5,0,0,0,-19.0976770364306
"Riley Stotts","C",2018,83,0,-2.5,0,0,-2.93696275071633,0,0,-3.66071428571429,0,0,-2.5,0,0,-2.5,0,0,-2.5,0,0,-2.5,0,0,0,-19.0976770364306
"Jesper Eliasson","G",2018,84,0,-2.5,0,0,-2.93696275071633,0,0,-3.66071428571429,0,0,-2.5,0,0,-2.5,0,0,-2.5,0,0,-2.5,0,0,0,-19.0976770364306
"Lukas Dostal","G",2018,85,0,-2.5,0,0,-2.93696275071633,0,0,-3.66071428571429,0,0,-2.5,0,0,-2.5,0,0,-2.5,0,0,-2.5,0,0,0,-19.0976770364306
"Alexander Khovanov","C",2018,86,0,-2.5,0,0,-2.93696275071633,0,0,-3.66071428571429,0,0,-2.5,0,0,-2.5,0,0,-2.5,0,0,-2.5,0,0,0,-19.0976770364306
"Linus Karlsson","C",2018,87,0,-2.5,0,0,-2.93696275071633,0,0,-3.66071428571429,0,0,-2.5,0,0,-2.5,0,4,-0.1,40.5833333333333,6,0.3,59.9,100.483333333333,10,-13.8976770364306
"Joey Keane","D",2018,88,0,-2.5,0,0,-2.93696275071633,0,1.46428571428571,-0.146428571428571,28.6511904761905,1,0,13.6333333333333,0,-2.5,0,0,-2.5,0,0,-2.5,0,42.2845238095238,2.46428571428571,-13.0833913221449
"Logan Hutsko","RW",2018,89,0,-2.5,0,0,-2.93696275071633,0,0,-3.66071428571429,0,0,-2.5,0,0,-2.5,0,0,-2.5,0,0,-2.5,0,0,0,-19.0976770364306
"Dmitry Semykin","D",2018,90,0,-2.5,0,0,-2.93696275071633,0,0,-3.66071428571429,0,0,-2.5,0,0,-2.5,0,0,-2.5,0,0,-2.5,0,0,0,-19.0976770364306
"Nathan Smith","C",2018,91,0,-2.5,0,0,-2.93696275071633,0,0,-3.66071428571429,0,10,0.3,141.5,4,-0.1,29.7666666666667,0,-2.5,0,0,-2.5,0,171.266666666667,14,-13.8976770364306
"Connor Dewar","C",2018,92,0,-2.5,0,0,-2.93696275071633,0,0,-3.66071428571429,0,35,-0.1,346.366666666667,81,0.8,887.916666666667,17,0.1,219.416666666667,29,0.3,293.466666666667,1747.16666666667,162,-7.99767703643062
"Riley Sutter","RW",2018,93,0,-2.5,0,0,-2.93696275071633,0,0,-3.66071428571429,0,0,-2.5,0,0,-2.5,0,0,-2.5,0,0,-2.5,0,0,0,-19.0976770364306
"Matej Pekar","C",2018,94,0,-2.5,0,0,-2.93696275071633,0,0,-3.66071428571429,0,0,-2.5,0,0,-2.5,0,0,-2.5,0,0,-2.5,0,0,0,-19.0976770364306
"Jonathan Gruden","C",2018,95,0,-2.5,0,0,-2.93696275071633,0,0,-3.66071428571429,0,0,-2.5,0,3,0,15.9833333333333,13,-0.1,112.75,0,-2.5,0,128.733333333333,16,-14.1976770364306
"Luke Henman","C",2018,96,0,-2.5,0,0,-2.93696275071633,0,0,-3.66071428571429,0,0,-2.5,0,0,-2.5,0,0,-2.5,0,0,-2.5,0,0,0,-19.0976770364306
"Allan McShane","C",2018,97,0,-2.5,0,0,-2.93696275071633,0,0,-3.66071428571429,0,0,-2.5,0,0,-2.5,0,0,-2.5,0,0,-2.5,0,0,0,-19.0976770364306
"Ryan O'Reilly","RW",2018,98,0,-2.5,0,0,-2.93696275071633,0,0,-3.66071428571429,0,0,-2.5,0,0,-2.5,0,0,-2.5,0,0,-2.5,0,0,0,-19.0976770364306
"Stanislav Demin","D",2018,99,0,-2.5,0,0,-2.93696275071633,0,0,-3.66071428571429,0,0,-2.5,0,0,-2.5,0,0,-2.5,0,0,-2.5,0,0,0,-19.0976770364306
"Adam Mascherin","LW",2018,100,0,-2.5,0,0,-2.93696275071633,0,0,-3.66071428571429,0,0,-2.5,0,0,-2.5,0,0,-2.5,0,0,-2.5,0,0,0,-19.0976770364306
"Nico Gross","D",2018,101,0,-2.5,0,0,-2.93696275071633,0,0,-3.66071428571429,0,0,-2.5,0,0,-2.5,0,0,-2.5,0,0,-2.5,0,0,0,-19.0976770364306
"Jasper Weatherby","C",2018,102,0,-2.5,0,0,-2.93696275071633,0,0,-3.66071428571429,0,50,0.3,562.033333333333,0,-2.5,0,0,-2.5,0,0,-2.5,0,562.033333333333,50,-16.2976770364306
"Jacob Pivonka","C",2018,103,0,-2.5,0,0,-2.93696275071633,0,0,-3.66071428571429,0,0,-2.5,0,0,-2.5,0,0,-2.5,0,0,-2.5,0,0,0,-19.0976770364306
"Lenni Killinen","RW",2018,104,0,-2.5,0,0,-2.93696275071633,0,0,-3.66071428571429,0,0,-2.5,0,0,-2.5,0,0,-2.5,0,0,-2.5,0,0,0,-19.0976770364306
"Martin Pospisil","C",2018,105,0,-2.5,0,0,-2.93696275071633,0,0,-3.66071428571429,0,0,-2.5,0,0,-2.5,0,63,2.3,801.333333333333,49,2.1,700.783333333333,1502.11666666667,112,-9.69767703643062
"Curtis Douglas","C",2018,106,0,-2.5,0,0,-2.93696275071633,0,0,-3.66071428571429,0,0,-2.5,0,0,-2.5,0,0,-2.5,0,0,-2.5,0,0,0,-19.0976770364306
"Joel Hofer","G",2018,107,0,-2.5,0,0,-2.93696275071633,0,0,-3.66071428571429,0,0,-2.5,0,0,-2.5,0,0,-2.5,0,0,-2.5,0,0,0,-19.0976770364306
"Demetrios Koumontzis","LW",2018,108,0,-2.5,0,0,-2.93696275071633,0,0,-3.66071428571429,0,0,-2.5,0,0,-2.5,0,0,-2.5,0,0,-2.5,0,0,0,-19.0976770364306
"Tyler Weiss","LW",2018,109,0,-2.5,0,0,-2.93696275071633,0,0,-3.66071428571429,0,0,-2.5,0,0,-2.5,0,0,-2.5,0,0,-2.5,0,0,0,-19.0976770364306
"Xavier Bernard","D",2018,110,0,-2.5,0,0,-2.93696275071633,0,0,-3.66071428571429,0,0,-2.5,0,0,-2.5,0,0,-2.5,0,0,-2.5,0,0,0,-19.0976770364306
"Jachym Kondelik","C",2018,111,0,-2.5,0,0,-2.93696275071633,0,0,-3.66071428571429,0,0,-2.5,0,0,-2.5,0,0,-2.5,0,0,-2.5,0,0,0,-19.0976770364306
"John St. Ivany","D",2018,112,0,-2.5,0,0,-2.93696275071633,0,0,-3.66071428571429,0,0,-2.5,0,0,-2.5,0,14,0.2,191.833333333333,19,1.6,310.983333333333,502.816666666666,33,-12.2976770364306
"Aidan Dudas","C",2018,113,0,-2.5,0,0,-2.93696275071633,0,0,-3.66071428571429,0,0,-2.5,0,0,-2.5,0,0,-2.5,0,0,-2.5,0,0,0,-19.0976770364306
"Ivan Prosvetov","G",2018,114,0,-2.5,0,0,-2.93696275071633,0,0,-3.66071428571429,0,0,-2.5,0,0,-2.5,0,0,-2.5,0,0,-2.5,0,0,0,-19.0976770364306
"Paul Cotter","C",2018,115,0,-2.5,0,0,-2.93696275071633,0,0,-3.66071428571429,0,7,0.3,61.6833333333333,55,1.6,705.483333333333,76,1.1,967.266666666667,53,2.5,716.65,2451.08333333333,191,-3.59767703643062
"Jackson Perbix","RW",2018,116,0,-2.5,0,0,-2.93696275071633,0,0,-3.66071428571429,0,0,-2.5,0,0,-2.5,0,0,-2.5,0,0,-2.5,0,0,0,-19.0976770364306
"Linus Lindstrand Cronholm","D",2018,117,0,-2.5,0,0,-2.93696275071633,0,0,-3.66071428571429,0,0,-2.5,0,0,-2.5,0,0,-2.5,0,0,-2.5,0,0,0,-19.0976770364306
"Mac Hollowell","D",2018,118,0,-2.5,0,0,-2.93696275071633,0,0,-3.66071428571429,0,0,-2.5,0,6,0.5,77.6166666666667,0,-2.5,0,0,-2.5,0,77.6166666666667,6,-16.0976770364306
"Curtis Hall","C",2018,119,0,-2.5,0,0,-2.93696275071633,0,0,-3.66071428571429,0,0,-2.5,0,0,-2.5,0,0,-2.5,0,0,-2.5,0,0,0,-19.0976770364306
"Philipp Kurashev","C",2018,120,0,-2.5,0,0,-2.93696275071633,0,79.0714285714286,1.46428571428571,1034.10297619048,67,0.8,861.216666666667,70,0.5,1219.43333333333,75,3.7,1426.38333333333,35,0.6,517.066666666667,5058.20297619047,326.071428571429,1.62732296356938
"Alexander Green","D",2018,121,0,-2.5,0,0,-2.93696275071633,0,0,-3.66071428571429,0,0,-2.5,0,0,-2.5,0,0,-2.5,0,0,-2.5,0,0,0,-19.0976770364306
"Milos Roman","C",2018,122,0,-2.5,0,0,-2.93696275071633,0,0,-3.66071428571429,0,0,-2.5,0,0,-2.5,0,0,-2.5,0,0,-2.5,0,0,0,-19.0976770364306
"Jack Gorniak","LW",2018,123,0,-2.5,0,0,-2.93696275071633,0,0,-3.66071428571429,0,0,-2.5,0,0,-2.5,0,0,-2.5,0,0,-2.5,0,0,0,-19.0976770364306
"Mitchell Gibson","G",2018,124,0,-2.5,0,0,-2.93696275071633,0,0,-3.66071428571429,0,0,-2.5,0,0,-2.5,0,0,-2.5,0,0,-2.5,0,0,0,-19.0976770364306
"Miska Kukkonen","D",2018,125,0,-2.5,0,0,-2.93696275071633,0,0,-3.66071428571429,0,0,-2.5,0,0,-2.5,0,0,-2.5,0,0,-2.5,0,0,0,-19.0976770364306
"Angus Crookshank","LW",2018,126,0,-2.5,0,0,-2.93696275071633,0,0,-3.66071428571429,0,0,-2.5,0,0,-2.5,0,13,0.2,131.466666666667,0,-2.5,0,131.466666666667,13,-16.3976770364306
"Wyatte Wylie","D",2018,127,0,-2.5,0,0,-2.93696275071633,0,0,-3.66071428571429,0,0,-2.5,0,0,-2.5,0,0,-2.5,0,0,-2.5,0,0,0,-19.0976770364306
"Cole Fonstad","C",2018,128,0,-2.5,0,0,-2.93696275071633,0,0,-3.66071428571429,0,0,-2.5,0,0,-2.5,0,0,-2.5,0,0,-2.5,0,0,0,-19.0976770364306
"Justin Almeida","C",2018,129,0,-2.5,0,0,-2.93696275071633,0,0,-3.66071428571429,0,0,-2.5,0,0,-2.5,0,0,-2.5,0,0,-2.5,0,0,0,-19.0976770364306
"Toni Utunen","D",2018,130,0,-2.5,0,0,-2.93696275071633,0,0,-3.66071428571429,0,0,-2.5,0,0,-2.5,0,0,-2.5,0,0,-2.5,0,0,0,-19.0976770364306
"Spencer Stastney","D",2018,131,0,-2.5,0,0,-2.93696275071633,0,0,-3.66071428571429,0,0,-2.5,0,8,0.7,140.883333333333,20,1.5,319.666666666667,7,0.3,112.95,573.5,35,-9.09767703643062
"Lauri Pajuniemi","RW",2018,132,0,-2.5,0,0,-2.93696275071633,0,0,-3.66071428571429,0,0,-2.5,0,0,-2.5,0,0,-2.5,0,0,-2.5,0,0,0,-19.0976770364306
"Samuel Houde","C",2018,133,0,-2.5,0,0,-2.93696275071633,0,0,-3.66071428571429,0,0,-2.5,0,0,-2.5,0,0,-2.5,0,0,-2.5,0,0,0,-19.0976770364306
"Blade Jenkins","LW",2018,134,0,-2.5,0,0,-2.93696275071633,0,0,-3.66071428571429,0,0,-2.5,0,0,-2.5,0,0,-2.5,0,0,-2.5,0,0,0,-19.0976770364306
"Brandon Kruse","LW",2018,135,0,-2.5,0,0,-2.93696275071633,0,0,-3.66071428571429,0,0,-2.5,0,0,-2.5,0,0,-2.5,0,0,-2.5,0,0,0,-19.0976770364306
"Akira Schmid","G",2018,136,0,-2.5,0,0,-2.93696275071633,0,0,-3.66071428571429,0,0,-2.5,0,0,-2.5,0,0,-2.5,0,0,-2.5,0,0,0,-19.0976770364306
"Riley Damiani","C",2018,137,0,-2.5,0,0,-2.93696275071633,0,0,-3.66071428571429,0,7,0.2,59.75,0,-2.5,0,0,-2.5,0,0,-2.5,0,59.75,7,-16.3976770364306
"Hugh McGing","LW",2018,138,0,-2.5,0,0,-2.93696275071633,0,0,-3.66071428571429,0,0,-2.5,0,1,0,9.61666666666667,5,-0.2,41.9,0,-2.5,0,51.5166666666667,6,-14.2976770364306
"Mikael Hakkarainen","C",2018,139,0,-2.5,0,0,-2.93696275071633,0,0,-3.66071428571429,0,0,-2.5,0,0,-2.5,0,0,-2.5,0,0,-2.5,0,0,0,-19.0976770364306
"Brandon Saigeon","C",2018,140,0,-2.5,0,0,-2.93696275071633,0,0,-3.66071428571429,0,0,-2.5,0,0,-2.5,0,0,-2.5,0,0,-2.5,0,0,0,-19.0976770364306
"Yegor Sharangovich","C",2018,141,0,-2.5,0,0,-2.93696275071633,0,79.0714285714286,4.39285714285714,1328.98571428571,76,4.2,1254.58333333333,75,2.1,1081.36666666667,82,5.3,1419.81666666667,42,2.8,731.983333333333,5816.73571428571,354.071428571429,13.3558943921408
"Michael Callahan","D",2018,142,0,-2.5,0,0,-2.93696275071633,0,0,-3.66071428571429,0,0,-2.5,0,0,-2.5,0,0,-2.5,0,4,0.3,62.9833333333333,62.9833333333333,4,-16.2976770364306
"Samuel Ersson","G",2018,143,0,-2.5,0,0,-2.93696275071633,0,0,-3.66071428571429,0,0,-2.5,0,0,-2.5,0,0,-2.5,0,0,-2.5,0,0,0,-19.0976770364306
"David Hrenak","G",2018,144,0,-2.5,0,0,-2.93696275071633,0,0,-3.66071428571429,0,0,-2.5,0,0,-2.5,0,0,-2.5,0,0,-2.5,0,0,0,-19.0976770364306
"Dennis Busby","D",2018,145,0,-2.5,0,0,-2.93696275071633,0,0,-3.66071428571429,0,0,-2.5,0,0,-2.5,0,0,-2.5,0,0,-2.5,0,0,0,-19.0976770364306
"Danila Zhuravlyov","D",2018,146,0,-2.5,0,0,-2.93696275071633,0,0,-3.66071428571429,0,0,-2.5,0,0,-2.5,0,0,-2.5,0,0,-2.5,0,0,0,-19.0976770364306
"Roman Durny","G",2018,147,0,-2.5,0,0,-2.93696275071633,0,0,-3.66071428571429,0,0,-2.5,0,0,-2.5,0,0,-2.5,0,0,-2.5,0,0,0,-19.0976770364306
"Simon Johansson","D",2018,148,0,-2.5,0,0,-2.93696275071633,0,0,-3.66071428571429,0,0,-2.5,0,0,-2.5,0,0,-2.5,0,0,-2.5,0,0,0,-19.0976770364306
"Filip Kral","D",2018,149,0,-2.5,0,0,-2.93696275071633,0,0,-3.66071428571429,0,0,-2.5,0,2,0,19.9166666666667,0,-2.5,0,0,-2.5,0,19.9166666666667,2,-16.5976770364306
"Declan Chisholm","D",2018,150,0,-2.5,0,0,-2.93696275071633,0,0,-3.66071428571429,0,2,0.1,25.9,0,-2.5,0,29,0.9,489.3,44,4.2,781.133333333333,1296.33333333333,75,-6.39767703643062
"Vladislav Yeryomenko","D",2018,151,0,-2.5,0,0,-2.93696275071633,0,0,-3.66071428571429,0,0,-2.5,0,0,-2.5,0,0,-2.5,0,0,-2.5,0,0,0,-19.0976770364306
"Magnus Chrona","G",2018,152,0,-2.5,0,0,-2.93696275071633,0,0,-3.66071428571429,0,0,-2.5,0,0,-2.5,0,0,-2.5,0,0,-2.5,0,0,0,-19.0976770364306
"Giovanni Vallati","D",2018,153,0,-2.5,0,0,-2.93696275071633,0,0,-3.66071428571429,0,0,-2.5,0,0,-2.5,0,0,-2.5,0,0,-2.5,0,0,0,-19.0976770364306
"Connor Corcoran","D",2018,154,0,-2.5,0,0,-2.93696275071633,0,0,-3.66071428571429,0,0,-2.5,0,0,-2.5,0,0,-2.5,0,0,-2.5,0,0,0,-19.0976770364306
"Damien Giroux","C",2018,155,0,-2.5,0,0,-2.93696275071633,0,0,-3.66071428571429,0,0,-2.5,0,1,0.1,13.95,0,-2.5,0,0,-2.5,0,13.95,1,-16.4976770364306
"Pontus Holmberg","RW",2018,156,0,-2.5,0,0,-2.93696275071633,0,0,-3.66071428571429,0,0,-2.5,0,37,1.1,385.533333333333,54,1.5,624.7,39,1,520.95,1531.18333333333,130,-7.99767703643062
"Kevin Mandolese","G",2018,157,0,-2.5,0,0,-2.93696275071633,0,0,-3.66071428571429,0,0,-2.5,0,0,-2.5,0,0,-2.5,0,0,-2.5,0,0,0,-19.0976770364306
"David Tendeck","G",2018,158,0,-2.5,0,0,-2.93696275071633,0,0,-3.66071428571429,0,0,-2.5,0,0,-2.5,0,0,-2.5,0,0,-2.5,0,0,0,-19.0976770364306
"Tim Berni","D",2018,159,0,-2.5,0,0,-2.93696275071633,0,0,-3.66071428571429,0,0,-2.5,0,59,-0.3,1000.9,0,-2.5,0,0,-2.5,0,1000.9,59,-16.8976770364306
"Victor Brattstrom","G",2018,160,0,-2.5,0,0,-2.93696275071633,0,0,-3.66071428571429,0,0,-2.5,0,0,-2.5,0,0,-2.5,0,0,-2.5,0,0,0,-19.0976770364306
"Alex Kannok-Leipert","D",2018,161,0,-2.5,0,0,-2.93696275071633,0,0,-3.66071428571429,0,0,-2.5,0,0,-2.5,0,0,-2.5,0,0,-2.5,0,0,0,-19.0976770364306
"Alexis Gravel","G",2018,162,0,-2.5,0,0,-2.93696275071633,0,0,-3.66071428571429,0,0,-2.5,0,0,-2.5,0,0,-2.5,0,0,-2.5,0,0,0,-19.0976770364306
"Simon Kjellberg","D",2018,163,0,-2.5,0,0,-2.93696275071633,0,0,-3.66071428571429,0,0,-2.5,0,0,-2.5,0,0,-2.5,0,0,-2.5,0,0,0,-19.0976770364306
"Michael Kesselring","D",2018,164,0,-2.5,0,0,-2.93696275071633,0,0,-3.66071428571429,0,0,-2.5,0,9,0.3,153.85,65,4,1026.53333333333,50,7.7,955.083333333333,2135.46666666666,124,0.402322963569381
"Johan Sodergran","RW",2018,165,0,-2.5,0,0,-2.93696275071633,0,0,-3.66071428571429,0,0,-2.5,0,0,-2.5,0,0,-2.5,0,0,-2.5,0,0,0,-19.0976770364306
"Jesper Sellgren","D",2018,166,0,-2.5,0,0,-2.93696275071633,0,0,-3.66071428571429,0,0,-2.5,0,0,-2.5,0,0,-2.5,0,0,-2.5,0,0,0,-19.0976770364306
"Mathias Emilio Pettersen","C",2018,167,0,-2.5,0,0,-2.93696275071633,0,0,-3.66071428571429,0,0,-2.5,0,0,-2.5,0,0,-2.5,0,0,-2.5,0,0,0,-19.0976770364306
"Dawson Barteaux","D",2018,168,0,-2.5,0,0,-2.93696275071633,0,0,-3.66071428571429,0,0,-2.5,0,0,-2.5,0,0,-2.5,0,0,-2.5,0,0,0,-19.0976770364306
"Mathias Laferriere","RW",2018,169,0,-2.5,0,0,-2.93696275071633,0,0,-3.66071428571429,0,0,-2.5,0,0,-2.5,0,0,-2.5,0,0,-2.5,0,0,0,-19.0976770364306
"Justin Schutz","LW",2018,170,0,-2.5,0,0,-2.93696275071633,0,0,-3.66071428571429,0,0,-2.5,0,0,-2.5,0,0,-2.5,0,0,-2.5,0,0,0,-19.0976770364306
"Nikolai Kovalenko","RW",2018,171,0,-2.5,0,0,-2.93696275071633,0,0,-3.66071428571429,0,0,-2.5,0,0,-2.5,0,0,-2.5,0,16,1,197.966666666667,197.966666666667,16,-15.5976770364306
"Mitchell Hoelscher","C",2018,172,0,-2.5,0,0,-2.93696275071633,0,0,-3.66071428571429,0,0,-2.5,0,0,-2.5,0,0,-2.5,0,0,-2.5,0,0,0,-19.0976770364306
"Veini Vehvilainen","G",2018,173,0,-2.5,0,0,-2.93696275071633,0,0,-3.66071428571429,0,0,-2.5,0,0,-2.5,0,0,-2.5,0,0,-2.5,0,0,0,-19.0976770364306
"Gavin Hain","C",2018,174,0,-2.5,0,0,-2.93696275071633,0,0,-3.66071428571429,0,0,-2.5,0,0,-2.5,0,0,-2.5,0,0,-2.5,0,0,0,-19.0976770364306
"Jacob Ingham","G",2018,175,0,-2.5,0,0,-2.93696275071633,0,0,-3.66071428571429,0,0,-2.5,0,0,-2.5,0,0,-2.5,0,0,-2.5,0,0,0,-19.0976770364306
"Zachary Emond","G",2018,176,0,-2.5,0,0,-2.93696275071633,0,0,-3.66071428571429,0,0,-2.5,0,0,-2.5,0,0,-2.5,0,0,-2.5,0,0,0,-19.0976770364306
"Liam Gorman","C",2018,177,0,-2.5,0,0,-2.93696275071633,0,0,-3.66071428571429,0,0,-2.5,0,0,-2.5,0,0,-2.5,0,0,-2.5,0,0,0,-19.0976770364306
"Hunter Drew","D",2018,178,0,-2.5,0,0,-2.93696275071633,0,0,-3.66071428571429,0,2,0,19.7166666666667,0,-2.5,0,0,-2.5,0,0,-2.5,0,19.7166666666667,2,-16.5976770364306
"Shawn Boudrias","RW",2018,179,0,-2.5,0,0,-2.93696275071633,0,0,-3.66071428571429,0,0,-2.5,0,0,-2.5,0,0,-2.5,0,0,-2.5,0,0,0,-19.0976770364306
"Peter Diliberatore","D",2018,180,0,-2.5,0,0,-2.93696275071633,0,0,-3.66071428571429,0,0,-2.5,0,0,-2.5,0,0,-2.5,0,0,-2.5,0,0,0,-19.0976770364306
"Dustyn McFaul","D",2018,181,0,-2.5,0,0,-2.93696275071633,0,0,-3.66071428571429,0,0,-2.5,0,0,-2.5,0,0,-2.5,0,0,-2.5,0,0,0,-19.0976770364306
"John Leonard","LW",2018,182,0,-2.5,0,0,-2.93696275071633,0,64.4285714285714,0.878571428571428,724.601785714286,14,-0.1,157.916666666667,6,0.1,69.2333333333333,6,0.1,41.2,0,-2.5,0,992.951785714286,90.4285714285714,-6.9583913221449
"Cole Koepke","LW",2018,183,0,-2.5,0,0,-2.93696275071633,0,0,-3.66071428571429,0,0,-2.5,0,17,-0.2,154.716666666667,9,0.1,60.3166666666667,45,2.5,481.35,696.383333333334,71,-9.19767703643062
"Jared Moe","G",2018,184,0,-2.5,0,0,-2.93696275071633,0,0,-3.66071428571429,0,0,-2.5,0,0,-2.5,0,0,-2.5,0,0,-2.5,0,0,0,-19.0976770364306
"Xavier Bouchard","D",2018,185,0,-2.5,0,0,-2.93696275071633,0,0,-3.66071428571429,0,0,-2.5,0,0,-2.5,0,0,-2.5,0,0,-2.5,0,0,0,-19.0976770364306
"Artyom Manukyan","RW",2018,186,0,-2.5,0,0,-2.93696275071633,0,0,-3.66071428571429,0,0,-2.5,0,0,-2.5,0,0,-2.5,0,0,-2.5,0,0,0,-19.0976770364306
"William Worge Kreu","D",2018,187,0,-2.5,0,0,-2.93696275071633,0,0,-3.66071428571429,0,0,-2.5,0,0,-2.5,0,0,-2.5,0,0,-2.5,0,0,0,-19.0976770364306
"Jakov Novak","LW",2018,188,0,-2.5,0,0,-2.93696275071633,0,0,-3.66071428571429,0,0,-2.5,0,0,-2.5,0,0,-2.5,0,0,-2.5,0,0,0,-19.0976770364306
"Liam Kirk","LW",2018,189,0,-2.5,0,0,-2.93696275071633,0,0,-3.66071428571429,0,0,-2.5,0,0,-2.5,0,0,-2.5,0,0,-2.5,0,0,0,-19.0976770364306
"Brett Stapley","C",2018,190,0,-2.5,0,0,-2.93696275071633,0,0,-3.66071428571429,0,0,-2.5,0,0,-2.5,0,0,-2.5,0,0,-2.5,0,0,0,-19.0976770364306
"Otto Kivenmaki","C",2018,191,0,-2.5,0,0,-2.93696275071633,0,0,-3.66071428571429,0,0,-2.5,0,0,-2.5,0,0,-2.5,0,0,-2.5,0,0,0,-19.0976770364306
"Matthew Thiessen","G",2018,192,0,-2.5,0,0,-2.93696275071633,0,0,-3.66071428571429,0,0,-2.5,0,0,-2.5,0,0,-2.5,0,0,-2.5,0,0,0,-19.0976770364306
"Josiah Slavin","LW",2018,193,0,-2.5,0,0,-2.93696275071633,0,0,-3.66071428571429,0,15,-0.2,180.45,0,-2.5,0,0,-2.5,0,0,-2.5,0,180.45,15,-16.7976770364306
"Luke Loheit","RW",2018,194,0,-2.5,0,0,-2.93696275071633,0,0,-3.66071428571429,0,0,-2.5,0,0,-2.5,0,0,-2.5,0,0,-2.5,0,0,0,-19.0976770364306
"Patrik Siikanen","C",2018,195,0,-2.5,0,0,-2.93696275071633,0,0,-3.66071428571429,0,0,-2.5,0,0,-2.5,0,0,-2.5,0,0,-2.5,0,0,0,-19.0976770364306
"Christian Krygier","D",2018,196,0,-2.5,0,0,-2.93696275071633,0,0,-3.66071428571429,0,0,-2.5,0,0,-2.5,0,0,-2.5,0,0,-2.5,0,0,0,-19.0976770364306
"Jacob Kucharski","G",2018,197,0,-2.5,0,0,-2.93696275071633,0,0,-3.66071428571429,0,0,-2.5,0,0,-2.5,0,0,-2.5,0,0,-2.5,0,0,0,-19.0976770364306
"Dmitry Zavgorodniy","LW",2018,198,0,-2.5,0,0,-2.93696275071633,0,0,-3.66071428571429,0,0,-2.5,0,0,-2.5,0,0,-2.5,0,0,-2.5,0,0,0,-19.0976770364306
"Jermaine Loewen","LW",2018,199,0,-2.5,0,0,-2.93696275071633,0,0,-3.66071428571429,0,0,-2.5,0,0,-2.5,0,0,-2.5,0,0,-2.5,0,0,0,-19.0976770364306
"Tyler Tucker","D",2018,200,0,-2.5,0,0,-2.93696275071633,0,0,-3.66071428571429,0,0,-2.5,0,26,0,380.683333333333,26,0.7,323.716666666667,17,1.8,219.083333333333,923.483333333333,69,-9.09767703643062
"Cole Krygier","D",2018,201,0,-2.5,0,0,-2.93696275071633,0,0,-3.66071428571429,0,0,-2.5,0,0,-2.5,0,0,-2.5,0,0,-2.5,0,0,0,-19.0976770364306
"Shamil Shmakov","G",2018,202,0,-2.5,0,0,-2.93696275071633,0,0,-3.66071428571429,0,0,-2.5,0,0,-2.5,0,0,-2.5,0,0,-2.5,0,0,0,-19.0976770364306
"Eetu Pakkila","LW",2018,203,0,-2.5,0,0,-2.93696275071633,0,0,-3.66071428571429,0,0,-2.5,0,0,-2.5,0,0,-2.5,0,0,-2.5,0,0,0,-19.0976770364306
"Trey Fix-Wolansky","RW",2018,204,0,-2.5,0,0,-2.93696275071633,0,0,-3.66071428571429,0,6,0.2,37.7166666666667,9,-0.2,116.483333333333,11,0.3,120.866666666667,0,-2.5,0,275.066666666667,26,-11.2976770364306
"Marcus Westfalt","C",2018,205,0,-2.5,0,0,-2.93696275071633,0,0,-3.66071428571429,0,0,-2.5,0,0,-2.5,0,0,-2.5,0,0,-2.5,0,0,0,-19.0976770364306
"Radim Salda","D",2018,206,0,-2.5,0,0,-2.93696275071633,0,0,-3.66071428571429,0,0,-2.5,0,0,-2.5,0,0,-2.5,0,0,-2.5,0,0,0,-19.0976770364306
"Santtu Kinnunen","D",2018,207,0,-2.5,0,0,-2.93696275071633,0,0,-3.66071428571429,0,0,-2.5,0,0,-2.5,0,0,-2.5,0,0,-2.5,0,0,0,-19.0976770364306
"Jordan Kooy","G",2018,208,0,-2.5,0,0,-2.93696275071633,0,0,-3.66071428571429,0,0,-2.5,0,0,-2.5,0,0,-2.5,0,0,-2.5,0,0,0,-19.0976770364306
"Zachary Bouthillier","G",2018,209,0,-2.5,0,0,-2.93696275071633,0,0,-3.66071428571429,0,0,-2.5,0,0,-2.5,0,0,-2.5,0,0,-2.5,0,0,0,-19.0976770364306
"Sam Hentges","C",2018,210,0,-2.5,0,0,-2.93696275071633,0,0,-3.66071428571429,0,0,-2.5,0,0,-2.5,0,0,-2.5,0,0,-2.5,0,0,0,-19.0976770364306
"Semyon Kizimov","RW",2018,211,0,-2.5,0,0,-2.93696275071633,0,0,-3.66071428571429,0,0,-2.5,0,0,-2.5,0,0,-2.5,0,0,-2.5,0,0,0,-19.0976770364306
"Pavel Shen","C",2018,212,0,-2.5,0,0,-2.93696275071633,0,0,-3.66071428571429,0,0,-2.5,0,0,-2.5,0,0,-2.5,0,0,-2.5,0,0,0,-19.0976770364306
"Milan Kloucek","G",2018,213,0,-2.5,0,0,-2.93696275071633,0,0,-3.66071428571429,0,0,-2.5,0,0,-2.5,0,0,-2.5,0,0,-2.5,0,0,0,-19.0976770364306
"Ty Taylor","G",2018,214,0,-2.5,0,0,-2.93696275071633,0,0,-3.66071428571429,0,0,-2.5,0,0,-2.5,0,0,-2.5,0,0,-2.5,0,0,0,-19.0976770364306
"Austin Wong","C",2018,215,0,-2.5,0,0,-2.93696275071633,0,0,-3.66071428571429,0,0,-2.5,0,0,-2.5,0,0,-2.5,0,0,-2.5,0,0,0,-19.0976770364306
"Riley Hughes","RW",2018,216,0,-2.5,0,0,-2.93696275071633,0,0,-3.66071428571429,0,0,-2.5,0,0,-2.5,0,0,-2.5,0,0,-2.5,0,0,0,-19.0976770364306
"Eric Florchuk","C",2018,217,0,-2.5,0,0,-2.93696275071633,0,0,-3.66071428571429,0,0,-2.5,0,0,-2.5,0,0,-2.5,0,0,-2.5,0,0,0,-19.0976770364306
