Year,Selection,y_true_normalized,y_pred_normalized,y_true_raw,y_pred_raw,test_year
2009,1,84.18405327147944,75.98483067889642,10189.1333333333,9184.818576599142,2009
2009,2,86.14137153588898,68.12210268098164,10428.8833333333,8221.720713682735,2009
2009,3,75.52899192418559,62.65727864636138,9128.98333333333,7552.33976214113,2009
2009,4,65.21541460018753,58.85047610579254,7865.68333333334,7086.048241903,2009
2009,5,47.03283276681627,55.96181259003206,5638.51666666667,6732.21867289701,2009
2009,6,80.48549052812353,53.37227456692537,9736.10000000001,6415.028692949053,2009
2009,7,46.497818834549385,50.9463242526718,5572.98333333333,6117.8764114738915,2009
2009,8,1.0782383039301688,48.66929280055922,9.58333333333333,5838.9650557835175,2009
2009,9,39.38044630936805,46.526511363875464,4701.18333333333,5576.497853189917,2009
2009,10,30.74293755547741,44.50331109590839,3643.18333333333,5328.678031005078,2009
2009,11,42.11334428230273,42.58502314994585,5035.93333333333,5093.70881654099,2009
2009,12,32.07611825444757,40.75697867927568,3806.48333333334,4869.793437109639,2009
2009,13,22.411170486684323,39.00450883718574,2622.63333333333,4655.135120023013,2009
2009,14,78.60994829964784,37.3129447769639,9506.36666666666,4447.937092593105,2009
2009,15,22.0583497526132,35.66761765189798,2579.41666666667,4246.402582131897,2009
2009,16,66.86712724611506,34.05678363697051,8068.00000000001,4049.0930989981634,2009
2009,17,9.104944020703368,32.4803989939427,992.766666666667,3856.003285737809,2009
2009,18,5.484347448046219,30.94134500627042,549.283333333334,3667.486067943521,2009
2009,19,31.926717110594833,29.44250295740958,3788.18333333334,3483.8943712079913,2009
2009,20,26.283082098226757,27.98675413081603,3096.9,3305.5811211239065,2009
2009,21,35.078155992901976,26.576979809945666,4174.2,3132.8992432839555,2009
2009,22,11.136418590577138,25.21606127825437,1241.6,2966.201663280829,2009
2009,23,9.05133377418425,23.906879819198018,986.199999999999,2805.8413067072142,2009
2009,24,57.40872860072745,22.652316716232495,6909.45,2652.1710991558007,2009
2009,25,13.845096705947322,21.45525325281367,1573.38333333333,2505.543966219276,2009
2009,26,33.03048949578002,20.318570712397438,3923.38333333333,2366.3128334903313,2009
2009,27,1.0,19.245150378439675,0.0,2234.8306265616534,2009
2009,28,16.1338732457897,18.237873534396257,1853.73333333333,2111.4502710259317,2009
2009,29,4.2702250376655275,17.29962146372307,400.566666666667,1996.5246924758553,2009
2009,30,19.374707894500617,16.433275449875996,2250.7,1890.4068165041128,2009
2009,31,1.0,15.640615094805563,0.0,1793.3146248132196,2009
2009,32,6.6972452588871265,14.919013274440879,697.85,1704.9263235449926,2009
2009,33,77.83069479250337,14.264741183205722,9410.91666666666,1624.785174951077,2009
2009,34,1.6252260983636972,13.67407001552385,76.5833333333334,1552.434441283116,2009
2009,35,34.45211349484512,13.143270965819028,4097.51666666667,1487.4173847927543,2009
2009,36,2.1135691815034807,12.668615228515023,136.4,1429.277267731636,2009
2009,37,1.9098774580539803,12.246373998035597,111.45,1377.5573523514045,2009
2009,38,28.425042759911513,11.872818468804518,3359.26666666667,1331.8009009037041,2009
2009,39,35.134895771578286,11.54421983524555,4181.15,1291.5511756401795,2009
2009,40,20.523382262811026,11.256849291782457,2391.4,1256.351438812474,2009
2009,41,1.0,11.006978032839005,0.0,1225.744952672232,2009
2009,42,1.0,10.79087725283896,0.0,1199.274979471098,2009
2009,43,1.0,10.604818146206085,0.0,1176.484781460715,2009
2009,44,10.08530398560226,10.445071907364142,1112.85,1156.9176208927274,2009
2009,45,6.853857933363001,10.307909730736903,717.033333333334,1140.1167600187803,2009
2009,46,1.0,10.189602810748125,0.0,1125.6254610905162,2009
2009,47,1.0,10.086422341821581,0.0,1112.9869863595804,2009
2009,48,1.0,9.994639518381028,0.0,1101.744598077616,2009
2009,49,9.957129233772317,9.91052553485024,1097.15,1091.441558496268,2009
2009,50,1.0,9.830351585652974,0.0,1081.62112986718,2009
2009,51,15.146029617036696,9.751012409069823,1732.73333333334,1071.9029517192084,2009
2009,52,18.371760871423618,9.671896918808686,2127.85,1062.2121726900607,2009
2009,53,1.0,9.593017572434292,0.0,1052.5503186946573,2009
2009,54,18.239776254358787,9.514386827511364,2111.68333333333,1042.9189156479183,2009
2009,55,29.24457198525306,9.436017141604626,3459.65,1033.3194894647631,2009
2009,56,1.0,9.357920972278803,0.0,1023.7535660601122,2009
2009,57,1.0,9.280110777098622,0.0,1014.2226713488853,2009
2009,58,1.0493921814376543,9.202599013628811,6.05,1004.7283312460032,2009
2009,59,11.004433973512304,9.12539813943409,1225.43333333333,995.2720716663849,2009
2009,60,32.28035424435914,9.048520612079184,3831.5,985.8554185249506,2009
2009,61,2.705867158908741,8.971978889128824,208.95,976.4798977366208,2009
2009,62,1.0,8.895785428147729,0.0,967.1470352163153,2009
2009,63,2.1934402848200154,8.81995268670063,146.183333333333,957.8583568789539,2009
2009,64,46.494417169161096,8.74449312235225,5572.56666666666,948.6153886394574,2009
2009,65,1.0142869946307265,8.669419192667311,1.75,939.4196564127446,2009
2009,66,27.986500058055945,8.594743355210543,3305.55,930.2726861137365,2009
2009,67,1.0,8.520478067546668,0.0,921.1760036573525,2009
2009,68,1.0956548307181022,8.446635787240414,11.7166666666667,912.1311349585131,2009
2009,69,36.991660807110584,8.373228971856506,4408.58333333333,903.1396059321384,2009
2009,70,10.013052612755445,8.300270078959667,1104.0,894.2029424931477,2009
2009,71,1.0,8.227771566114624,0.0,885.3226705564616,2009
2009,72,8.533872435320893,8.155745890886104,922.816666666666,876.5003160370003,2009
2009,73,4.877218209548107,8.084205510838828,474.916666666667,867.7374048496831,2009
2009,74,1.0,8.013162883537525,0.0,859.0354629094306,2009
2009,75,12.156101807364417,7.94263046654692,1366.5,850.3960161311629,2009
2009,76,1.0,7.872620717431737,0.0,841.8205904297996,2009
2009,77,1.0,7.803146093756702,0.0,833.3107117202611,2009
2009,78,1.0,7.734219053086539,0.0,824.8679059174669,2009
2009,79,1.0,7.665852052985972,0.0,816.4936989363374,2009
2009,80,1.0964712304112867,7.59805755101973,11.8166666666667,808.1896166917925,2009
2009,81,1.0,7.530848004752539,0.0,799.9571850987525,2009
2009,82,1.0,7.46423587174912,0.0,791.7979300721371,2009
2009,83,18.370944471730436,7.398233609574202,2127.75,783.7133775268666,2009
2009,84,16.673921642831164,7.332853675792509,1919.88333333333,775.7050533778607,2009
2009,85,42.55052631800296,7.268108527968765,5089.48333333333,767.7744835400396,2009
2009,86,1.0,7.2040106236676955,0.0,759.9231939283231,2009
2009,87,1.0,7.140572420454029,0.0,752.1527104576318,2009
2009,88,1.0,7.077806375892487,0.0,744.4645590428851,2009
2009,89,1.0,7.015724947547798,0.0,736.8602655990035,2009
2009,90,1.0,6.954340592984684,0.0,729.3413560409064,2009
2009,91,1.0,6.893665769767873,0.0,721.9093562835144,2009
2009,92,30.431481072527575,6.8337129354620885,3605.03333333333,714.5657922417473,2009
2009,93,1.0,6.774494547632056,0.0,707.3121898305251,2009
2009,94,43.47115303868397,6.716023063842503,5202.25000000001,700.1500749647679,2009
2009,95,1.0,6.6583109416581525,0.0,693.0809735593958,2009
2009,96,16.120266584236685,6.601370638643729,1852.06666666667,686.1064115293285,2009
2009,97,3.8250150716489872,6.545214612363962,346.033333333334,679.2279147894865,2009
2009,98,45.59678570650496,6.4898553203835725,5462.61666666667,672.4470092547894,2009
2009,99,1.0,6.435305220267287,0.0,665.7652208401571,2009
2009,100,8.288952527365588,6.3815767695798336,892.816666666667,659.1840754605105,2009
2009,101,1.0,6.328677896374017,0.0,652.7045442152836,2009
2009,102,35.8118271838437,6.276598410654989,4264.06666666667,646.3253789419736,2009
2009,103,1.072115306231286,6.225323592915976,8.83333333333333,640.0447766625906,2009
2009,104,32.759444797642885,6.174838723650213,3890.18333333334,633.8609343991465,2009
2009,105,1.0,6.12512908335093,0.0,627.7720491736522,2009
2009,106,32.96572178678742,6.0761799525113585,3915.45,621.7763180081191,2009
2009,107,3.616424950040373,6.027976611624727,320.483333333333,615.8719379245581,2009
2009,108,1.0,5.980504341184268,0.0,610.0571059449805,2009
2009,109,1.0,5.933748421683217,0.0,604.3300190913978,2009
2009,110,1.0,5.887694133614797,0.0,598.6888743858204,2009
2009,111,1.0,5.842326757472246,0.0,593.1318688502604,2009
2009,112,1.6468606902330825,5.7976315737487925,79.2333333333333,587.6571995067285,2009
2009,113,1.0,5.753593862937669,0.0,582.263063377236,2009
2009,114,5.582995744305995,5.7101989055321045,561.366666666667,576.9476574837939,2009
2009,115,2.071660663920019,5.667431982025333,131.266666666667,571.7091788484139,2009
2009,116,1.0,5.625278372910582,0.0,566.5458244931066,2009
2009,117,1.0,5.583723358681086,0.0,561.4557914398836,2009
2009,118,6.772490097275622,5.542752219830074,707.066666666667,556.4372767107558,2009
2009,119,14.909409772628706,5.502350236850777,1703.75,551.4884773277342,2009
2009,120,1.0,5.462502690236429,0.0,546.6075903128308,2009
2009,121,1.0517053139016768,5.423194860480257,6.33333333333333,541.792812688056,2009
2009,122,1.0,5.3844120280754995,0.0,537.0423414754216,2009
2009,123,1.0,5.346139473515377,0.0,532.3543736969381,2009
2009,124,1.0,5.308362477293128,0.0,527.727106374617,2009
2009,125,1.0,5.271066319901983,0.0,523.1587365304699,2009
2009,126,8.647760192520112,5.234236281835171,936.766666666666,518.6474611865074,2009
2009,127,1.0,5.197857643585926,0.0,514.1914773647411,2009
2009,128,7.368461873300204,5.161915685647477,780.066666666666,509.788982087182,2009
2009,129,24.624430054907233,5.126395688513053,2893.73333333334,505.43817237584096,2009
2009,130,1.0,5.09128293267589,0.0,501.13724525272977,2009
2009,131,27.23282707463129,5.056562698629217,3213.23333333334,496.8843977398594,2009
2009,132,1.0,5.022220266866265,0.0,492.6778268592409,2009
2009,133,1.0,4.9882409178802645,0.0,488.51572963288555,2009
2009,134,3.1306671325956725,4.9546099321644475,260.983333333333,484.39630308280454,2009
2009,135,1.0,4.921312590212046,0.0,480.31774423100916,2009
2009,136,1.0,4.888334172516289,0.0,476.2782500995103,2009
2009,137,1.0,4.855659959570408,0.0,472.2760177103193,2009
2009,138,2.334813498356445,4.823275231867637,163.5,468.3092440854476,2009
2009,139,1.0,4.791165269901205,0.0,464.37612624690615,2009
2009,140,1.0,4.759315354164342,0.0,460.47486121670613,2009
2009,141,1.0,4.727710765150283,0.0,456.6036460168589,2009
2009,142,1.0,4.696336783352255,0.0,452.76067766937524,2009
2009,143,1.0,4.665178689263491,0.0,448.9441531962669,2009
2009,144,1.0,4.634221763377221,0.0,445.15226961954454,2009
2009,145,1.0,4.6034512861866785,0.0,441.3832239612197,2009
2009,146,4.988792834283299,4.572852538185092,488.583333333333,437.6352132433033,2009
2009,147,1.0,4.542410799865697,0.0,433.9064344878071,2009
2009,148,38.40103881077792,4.512111351721718,4581.21666666667,430.19508471674146,2009
2009,149,1.0,4.481939474246392,0.0,426.49936095211825,2009
2009,150,1.0,4.451880447932948,0.0,422.8174602159483,2009
2009,151,22.408449154373738,4.421921083357937,2622.3,419.1477669486524,2009
2009,152,1.0,4.392054311431196,0.0,415.48941526428996,2009
2009,153,1.0,4.362274593145882,0.0,411.8417266953295,2009
2009,154,1.0,4.33257638949515,0.0,408.20402277423983,2009
2009,155,1.0,4.302954161472157,0.0,404.57562503348964,2009
2009,156,1.0,4.273402370070059,0.0,400.9558550055477,2009
2009,157,3.1600575215503177,4.243915476282013,264.583333333334,397.3440342228827,2009
2009,158,4.605221045102178,4.214487941101176,441.6,393.7394842179636,2009
2009,159,1.0,4.185114225520705,0.0,390.1415265232591,2009
2009,160,1.0,4.1557887905337525,0.0,386.54948267123746,2009
2009,161,1.0,4.126506097133482,0.0,382.96267419436833,2009
2009,162,1.0,4.097260606313042,0.0,379.3804226251195,2009
2009,163,1.0,4.068046779065594,0.0,375.80204949596026,2009
2009,164,3.109985007035004,4.038859076384292,258.45,372.2268763393591,2009
2009,165,1.0,4.009691959262296,0.0,368.6542246877852,2009
2009,166,1.0,3.980539888692759,0.0,365.08341607370676,2009
2009,167,1.0,3.951397325668839,0.0,361.5137720295929,2009
2009,168,1.0,3.922258731183693,0.0,357.9446140879122,2009
2009,169,1.0,3.8931185662304744,0.0,354.3752637811333,2009
2009,170,1.0,3.863971291802344,0.0,350.80504264172527,2009
2009,171,3.782970487449992,3.834811368892455,340.883333333334,347.2332722021566,2009
2009,172,1.0,3.8056332584939665,0.0,343.6592739948962,2009
2009,173,1.0,3.7764314216000323,0.0,340.0823695524127,2009
2009,174,1.0,3.7472003192038104,0.0,336.5018804071747,2009
2009,175,2.539185554883596,3.7179344122984563,188.533333333333,332.91712809165114,2009
2009,176,1.0,3.688628161877128,0.0,329.3274341383109,2009
2009,177,1.7336711909416875,3.6592760289329815,89.8666666666667,325.73212007962246,2009
2009,178,2.291680381233207,3.6298724744591713,158.216666666667,322.1305074480545,2009
2009,179,1.073612039002124,3.600411959448857,9.01666666666667,318.5219177760761,2009
2009,180,1.0,3.5708889448951933,0.0,314.90567259615585,2009
2009,181,19.84930824947177,3.541297891791335,2308.83333333333,311.2810934407622,2009
2009,182,1.0,3.511633261130443,0.0,307.6475018423645,2009
2009,183,1.0,3.4818895139056703,0.0,304.004219333431,2009
2009,184,1.0,3.4520611111101736,0.0,300.35056744643055,2009
2009,185,19.38858668928475,3.42214251373711,2252.4,296.68586771383195,2009
2009,186,1.0,3.3921281827796377,0.0,293.0094416681041,2009
2009,187,1.0,3.36201257923091,0.0,289.3206108417154,2009
2009,188,1.0,3.3317901640840852,0.0,285.61869676713485,2009
2009,189,1.0,3.3014553983323203,0.0,281.90302097683116,2009
2009,190,1.0,3.2710027429687694,0.0,278.1729050032729,2009
2009,191,1.0,3.240426658986592,0.0,274.4276703789292,2009
2009,192,1.0,3.2097216073789423,0.0,270.6666386362683,2009
2009,193,1.0,3.1788820491389775,0.0,266.88913130775927,2009
2009,194,1.0,3.1479024452598545,0.0,263.09446992587084,2009
2009,195,2.9385410714662865,3.1167772567347285,237.45,259.2819760230716,2009
2009,196,1.0,3.0855009445567587,0.0,255.4509711318306,2009
2009,197,1.4317393710790007,3.0540679697190978,52.8833333333333,251.6007767846161,2009
2009,198,1.0,3.022472793214905,0.0,247.73071451389723,2009
2009,199,1.0,2.9907098760373363,0.0,243.8401058521427,2009
2009,200,1.0,2.958773679179547,0.0,239.92827233182106,2009
2009,201,1.0,2.926598300770394,0.0,235.98714169718636,2009
2009,202,1.0,2.8938763874815288,0.0,231.97906653963292,2009
2009,203,1.0,2.8602402231203032,0.0,227.85900566234037,2009
2009,204,1.0,2.825322091494067,0.0,223.58191786848806,2009
2009,205,1.0,2.788754276410172,0.0,219.10276196125568,2009
2009,206,1.0,2.7501690616759698,0.0,214.37649674382274,2009
2009,207,1.0,2.709198731098811,0.0,209.3580810193687,2009
2009,208,1.0,2.6654755684860465,0.0,204.0024735910731,2009
2009,209,1.2811136276864845,2.6186318576450285,34.4333333333333,198.2646332621156,2009
2009,210,1.0,2.568299882383107,0.0,192.09951883567567,2009
2010,1,71.36671415510055,77.65181449313052,8619.14999999999,9389.005793736867,2010
2010,2,74.00164416485327,69.66909087814997,8941.90000000001,8411.209785038738,2010
2010,3,50.816573211494784,64.013401390973,6101.98333333334,7718.449910875026,2010
2010,4,56.786223834674374,59.983039748647954,6833.2,7224.774854897897,2010
2010,5,45.85653687555306,56.876299668223155,5494.43333333333,6844.233300759514,2010
2010,6,22.7258925684069,54.10519774291481,2661.18333333333,6504.803735995758,2010
2010,7,70.6614808868049,51.536642070610355,8532.76666666667,6190.18386367736,2010
2010,8,38.90570988778134,49.15126362536514,4643.03333333333,5898.001190758776,2010
2010,9,47.32945798867323,46.92969338123446,5674.85,5625.883224194453,2010
2010,10,5.491558978669345,44.85256231227363,550.166666666667,5371.457470938843,2010
2010,11,1.0,42.90050139253799,0.0,5132.351437946397,2010
2010,12,92.98470589739196,41.05414159608282,11267.1166666667,4906.192632171565,2010
2010,13,7.555553469654966,39.29411389696346,802.983333333334,4690.608560568798,2010
2010,14,45.54263119352367,37.60104926923522,5455.98333333333,4483.226730092547,2010
2010,15,15.729075064585814,35.95557868695341,1804.15,4281.674647697262,2010
2010,16,48.70495540507333,34.34209939813097,5843.33333333333,4084.041147551144,2010
2010,17,2.073293463306388,32.76007374661137,131.466666666667,3890.260372677393,2010
2010,18,14.088383814516263,31.212730350195667,1603.18333333333,3700.7277933129544,2010
2010,19,36.45868787407683,29.703297826684967,4343.30000000001,3515.838879694779,2010
2010,20,21.379785540961432,28.235004793880336,2496.3,3335.9891020598134,2010
2010,21,35.34511869257326,26.811079869582855,4206.9,3161.5739306450055,2010
2010,22,6.501989665600529,25.434751671593617,673.933333333333,2992.9888356873057,2010
2010,23,31.178622858406833,24.1092488177137,3696.55,2830.629287423662,2010
2010,24,28.496885932911734,22.837799925744175,3368.06666666667,2674.890756091021,2010
2010,25,9.593151037227646,21.623633613486128,1052.56666666667,2526.168711926332,2010
2010,26,34.584642378372024,20.469978498740645,4113.75,2384.858625166543,2010
2010,27,1.0,19.380063199308804,0.0,2251.3559660486026,2010
2010,28,47.827325734900214,18.357116332991687,5735.83333333334,2126.0562048094594,2010
2010,29,16.804953793587252,17.404366517590375,1935.93333333333,2009.3548116860604,2010
2010,30,40.81472450367751,16.525042370905943,4876.86666666667,1901.6472569153545,2010
2010,31,5.971057731799629,15.7211962692372,608.9,1803.1849340630101,2010
2010,32,1.0,14.990175622873743,0.0,1713.6429300095656,2010
2010,33,1.2427428421068192,14.328151600602922,29.7333333333333,1632.5522549642833,2010
2010,34,1.0,13.731295371212049,0.0,1559.44391913642,2010
2010,35,1.0,13.195778103488465,0.0,1493.8489327352372,2010
2010,36,23.396428849742378,12.717770966219495,2743.31666666667,1435.2983059699943,2010
2010,37,78.36720545754105,12.293445128192472,9476.63333333333,1383.323049049951,2010
2010,38,34.45088889530527,11.918971758194719,4097.36666666666,1337.4541721843657,2010
2010,39,2.4114190029002422,11.59052202501357,172.883333333333,1297.2226855824993,2010
2010,40,2.6445011153043883,11.304267097436355,201.433333333334,1262.159599453611,2010
2010,41,14.810625409753396,11.056378144250402,1691.65,1231.7959240069606,2010
2010,42,18.59735931997354,10.843026334243042,2155.48333333333,1205.6626694518075,2010
2010,43,1.0,10.6603828362016,0.0,1183.290845997411,2010
2010,44,1.0,10.504618818913407,0.0,1164.2114638530309,2010
2010,45,26.009588201009993,10.371905451165798,3063.4,1147.9555332279274,2010
2010,46,26.707337805451594,10.258413901746096,3148.86666666667,1134.054064331359,2010
2010,47,37.699207207870394,10.160315339441633,4495.25,1122.0380673725867,2010
2010,48,1.0654480420702803,10.073780933039735,8.01666666666667,1111.4385525608686,2010
2010,49,1.0,9.994981851327738,0.0,1101.7865301054655,2010
2010,50,2.6383781176054972,9.920089263092965,200.683333333333,1092.6130102156365,2010
2010,51,31.210326379825545,9.845914591537444,3700.43333333334,1083.5274272377444,2010
2010,52,1.0,9.771830277521953,0.0,1074.4529120665634,2010
2010,53,1.0768776377748615,9.697849016321982,9.41666666666667,1065.3910197339724,2010
2010,54,1.0,9.623983503213006,0.0,1056.3433052718487,2010
2010,55,1.2315853796332998,9.550246433470504,28.3666666666667,1047.31132371207,2010
2010,56,22.717728571475057,9.476650502369955,2660.18333333333,1038.296630086514,2010
2010,57,13.574460207656703,9.40320840518684,1540.23333333333,1029.300779427059,2010
2010,58,1.0,9.32993283719664,0.0,1020.325326765583,2010
2010,59,30.765660680271097,9.256836493674832,3645.96666666667,1011.3718271339632,2010
2010,60,12.129160617489333,9.183932069896898,1363.2,1002.4418355640777,2010
2010,61,1.0,9.111232261138316,0.0,993.5369070878045,2010
2010,62,3.4015757641173585,9.038749762674566,294.166666666667,984.6585967370213,2010
2010,63,1.0,8.966497269781128,0.0,975.808459543606,2010
2010,64,3.2577533515013757,8.894487477733481,276.55,966.9880505394365,2010
2010,65,1.0,8.822733081807106,0.0,958.1989247563907,2010
2010,66,42.61842355915282,8.75124677727748,5097.8,949.4426372263458,2010
2010,67,2.317805171415107,8.680041259420085,161.416666666667,940.7207429811806,2010
2010,68,1.0,8.609129223510399,0.0,932.0347970527722,2010
2010,69,1.0,8.538523364823902,0.0,923.3863544729988,2010
2010,70,4.094426970399821,8.468236378636076,379.033333333333,914.7769702737384,2010
2010,71,9.495999473738705,8.398280960222397,1040.66666666667,906.2081994868684,2010
2010,72,1.0,8.328669804858349,0.0,897.6815971442669,2010
2010,73,1.0,8.259415607819406,0.0,889.1987182778116,2010
2010,74,1.0,8.190531064381052,0.0,880.7611179193806,2010
2010,75,1.0,8.122028869818765,0.0,872.3703511008517,2010
2010,76,1.0,8.053921719408027,0.0,864.0279728541027,2010
2010,77,1.0,7.9862223084243125,0.0,855.735538211011,2010
2010,78,1.0,7.9189433321431055,0.0,847.4946022034552,2010
2010,79,1.0,7.852097485839881,0.0,839.3067198633122,2010
2010,80,12.90337965985915,7.785697464790125,1458.03333333333,831.1734462224608,2010
2010,81,1.0,7.719755964269314,0.0,823.0963363127785,2010
2010,82,1.0,7.6542856795529275,0.0,815.0769451661429,2010
2010,83,1.0,7.589299305916445,0.0,807.1168278144321,2010
2010,84,1.0,7.524809538635347,0.0,799.2175392895242,2010
2010,85,1.0,7.460829072985112,0.0,791.3806346232964,2010
2010,86,2.9401738708526555,7.397370604241219,237.65,783.6076688476268,2010
2010,87,4.990969900131794,7.33444682767915,488.85,775.9001969943934,2010
2010,88,1.0,7.2720704385743815,0.0,768.2597740954737,2010
2010,89,11.688712983016366,7.210254132202399,1309.25,760.6879551827462,2010
2010,90,23.50106407708546,7.149010603838674,2756.13333333333,753.186295288088,2010
2010,91,1.0,7.088352548758692,0.0,745.7563494433775,2010
2010,92,1.0,7.028292662237931,0.0,738.3996726804921,2010
2010,93,1.0,6.968843639551869,0.0,731.1178200313099,2010
2010,94,1.0,6.910018175975988,0.0,723.9123465277088,2010
2010,95,1.0,6.851828966785768,0.0,716.7848072015665,2010
2010,96,1.0,6.794288707256686,0.0,709.7367570847609,2010
2010,97,3.6976567195122176,6.7374100926642235,330.433333333333,702.7697512091698,2010
2010,98,1.0,6.681205818283859,0.0,695.885344606671,2010
2010,99,16.659498581584963,6.625688579391073,1918.11666666667,689.0850923091426,2010
2010,100,1.0,6.570871071261346,0.0,682.3705493484621,2010
2010,101,1.0,6.516762026970616,0.0,675.742785430561,2010
2010,102,1.0,6.4633543307966725,0.0,669.2009289575843,2010
2010,103,1.2638331675140826,6.410636904817761,32.3166666666667,662.7436230057305,2010
2010,104,1.0,6.358598671112132,0.0,656.369510651198,2010
2010,105,1.1394682809189962,6.307228551758031,17.0833333333333,650.0772349701855,2010
2010,106,2.677429236262822,6.256515468833705,205.466666666667,643.8654390388912,2010
2010,107,1.0,6.206448344417403,0.0,637.7327659335137,2010
2010,108,1.1108942916575433,6.15701610058737,13.5833333333333,631.6778587302513,2010
2010,109,1.0,6.108207659421861,0.0,625.6993605053032,2010
2010,110,10.139458498583465,6.060011942999115,1119.48333333333,619.7959143348669,2010
2010,111,7.805371775769376,6.012417873397386,833.583333333333,613.9661632951418,2010
2010,112,1.0,5.965414372694918,0.0,608.2087504623256,2010
2010,113,1.0,5.91899036296996,0.0,602.5223189126174,2010
2010,114,1.0,5.873134766300761,0.0,596.9055117222155,2010
2010,115,1.0,5.827836504765567,0.0,591.3569719673181,2010
2010,116,5.560136552896825,5.783084500442625,558.566666666666,585.875342724124,2010
2010,117,1.2193393842355342,5.7388676754101855,26.8666666666667,580.4592670688318,2010
2010,118,1.0,5.695174951746494,0.0,575.1073880776395,2010
2010,119,6.071883093907891,5.651995251529797,621.249999999999,569.8183488267459,2010
2010,120,1.0,5.6093174968383455,0.0,564.5907923923495,2010
2010,121,1.0,5.567130609750386,0.0,559.4233618506488,2010
2010,122,6.6784680659438855,5.525423512344167,695.55,554.3147002778425,2010
2010,123,14.226763562511014,5.484185126697932,1620.13333333333,549.2634507501284,2010
2010,124,1.0,5.4434043748899335,0.0,544.2682563437056,2010
2010,125,1.0,5.403070178998419,0.0,539.3277601347726,2010
2010,126,1.0,5.363171461101634,0.0,534.4406051995276,2010
2010,127,1.0,5.323697143277826,0.0,529.6054346141691,2010
2010,128,1.0,5.284636147605245,0.0,524.8208914548958,2010
2010,129,5.462304656330233,5.245977396162135,546.583333333333,520.0856187979057,2010
2010,130,1.0,5.207709811026748,0.0,515.398259719398,2010
2010,131,41.92176248763552,5.16982231427733,5012.46666666667,510.7574572955708,2010
2010,132,1.13456988275989,5.132303827992129,16.4833333333333,506.1618546026227,2010
2010,133,17.720273916262492,5.095143274249392,2048.05,501.6100947167521,2010
2010,134,1.0,5.058329575127366,0.0,497.10082071415735,2010
2010,135,1.3868373879538605,5.021851652704301,47.3833333333333,492.63267567103725,2010
2010,136,1.0,4.985698429058441,0.0,488.2043026635899,2010
2010,137,1.0,4.949858826268038,0.0,483.81434476801417,2010
2010,138,1.0,4.914321766411337,0.0,479.4614450605083,2010
2010,139,1.0,4.879076171566588,0.0,475.1442466172711,2010
2010,140,2.675796436876453,4.844110963812035,205.266666666667,470.86139251450055,2010
2010,141,1.0,4.80941506522593,0.0,466.6115258283957,2010
2010,142,1.0,4.774977397886516,0.0,462.3932896351544,2010
2010,143,1.0,4.740786883872047,0.0,458.20532701097585,2010
2010,144,2.127856176134207,4.706832445260765,138.15,454.04628103205806,2010
2010,145,1.0,4.67310300413092,0.0,449.91479477459967,2010
2010,146,1.0,4.639587482560758,0.0,445.80951131479895,2010
2010,147,42.701152061395554,4.606274802628531,5107.93333333334,441.7290737288548,2010
2010,148,7.137284693513502,4.573153886412482,751.75,437.67212509296536,2010
2010,149,1.0,4.54021365599086,0.0,433.6373084833292,2010
2010,150,1.0,4.507443033441915,0.0,429.6232669761451,2010
2010,151,1.0,4.474831641613793,0.0,425.6287294842308,2010
2010,152,1.0,4.442371906434245,0.0,421.6527682668841,2010
2010,153,1.0,4.41005695460092,0.0,417.6945414200219,2010
2010,154,32.228648930457496,4.377879912811469,3825.16666666667,413.75320703956123,2010
2010,155,1.0,4.345833907763542,0.0,409.8279232214192,2010
2010,156,1.0,4.313912066154789,0.0,405.9178480615129,2010
2010,157,24.896971485815254,4.282107514682861,2927.11666666667,402.02213965575953,2010
2010,158,1.0,4.2504133800454085,0.0,398.1399561000763,2010
2010,159,1.0,4.218822788940082,0.0,394.2704554903801,2010
2010,160,1.0,4.1873288680645295,0.0,390.41279592258803,2010
2010,161,1.0,4.155924744116404,0.0,386.56613549261726,2010
2010,162,11.833215728709998,4.124603543793353,1326.95,382.72963229638475,2010
2010,163,1.0,4.09335839379303,0.0,378.9024444298078,2010
2010,164,1.0,4.062182420813084,0.0,375.0837299888036,2010
2010,165,1.0,4.031068751551165,0.0,371.272647069289,2010
2010,166,1.0,4.000010512704922,0.0,367.46835376718104,2010
2010,167,1.0,3.9690008309720075,0.0,363.6700081783971,2010
2010,168,7.24137565439451,3.93803283305007,764.5,359.876768398854,2010
2010,169,1.0,3.9070996456367606,0.0,356.0877925244689,2010
2010,170,1.0,3.87619439542973,0.0,352.3022386511591,2010
2010,171,1.0,3.845310209126629,0.0,348.5192648748416,2010
2010,172,1.0956548307181022,3.8144402134251068,11.7166666666667,344.73802929143346,2010
2010,173,1.0,3.7835775350228134,0.0,340.95768999685174,2010
2010,174,1.0,3.752715300617399,0.0,337.17740508701354,2010
2010,175,1.0,3.7218466369065153,0.0,333.396332657836,2010
2010,176,1.0,3.690964670587811,0.0,329.61363080523626,2010
2010,177,1.0,3.6600625283589383,0.0,325.8284576251314,2010
2010,178,37.75866831885738,3.629133336917545,4502.53333333334,322.0399712134384,2010
2010,179,1.0,3.5981702229612833,0.0,318.2473296660745,2010
2010,180,1.0,3.5671663131878026,0.0,314.4496910789568,2010
2010,181,1.0,3.536114734294753,0.0,310.6462135480022,2010
2010,182,1.0,3.5050086129797866,0.0,306.83605516912814,2010
2010,183,1.0,3.4738410759405514,0.0,303.0183740382514,2010
2010,184,1.0,3.442605249874698,0.0,299.19232825128915,2010
2010,185,1.0,3.411294261479878,0.0,295.35707590415865,2010
2010,186,1.0,3.379901237453741,0.0,291.5117750927768,2010
2010,187,1.0,3.3484193044939365,0.0,287.6555839130608,2010
2010,188,1.0,3.3168415892981162,0.0,283.7876604609278,2010
2010,189,1.0,3.28516121856393,0.0,279.90716283229483,2010
2010,190,1.0,3.2533713189890268,0.0,276.0132491230788,2010
2010,191,1.0,3.221465017271059,0.0,272.10507742919725,2010
2010,192,1.0,3.1894354401076748,0.0,268.1818058465669,2010
2010,193,1.3114564829498372,3.157275714196526,38.15,264.24259247110496,2010
2010,194,1.0,3.1249789662352634,0.0,260.28659539872865,2010
2010,195,1.0,3.0925383229215346,0.0,256.31297272535477,2010
2010,196,1.0,3.059946910952993,0.0,252.32088254690083,2010
2010,197,1.0,3.0271978570272866,0.0,248.30948295928354,2010
2010,198,1.1307600175250303,2.9942842878420666,16.0166666666667,244.2779320584202,2010
2010,199,1.0,2.961199330094984,0.0,240.22538794022796,2010
2010,200,1.0,2.927936110483687,0.0,236.1510087006237,2010
2010,201,1.0,2.894429170841049,0.0,232.04677643273249,2010
2010,202,1.0,2.8603787135408276,0.0,227.87596921851028,2010
2010,203,1.0,2.825426356092001,0.0,223.5946891371209,2010
2010,204,1.0,2.7892137160035473,0.0,219.15903826772796,2010
2010,205,1.0,2.7513824107844456,0.0,214.52511868949532,2010
2010,206,1.0,2.711574057943676,0.0,209.6490324815869,2010
2010,207,1.0,2.669430274990215,0.0,204.48688172316625,2010
2010,208,1.0,2.6245926794330425,0.0,198.99476849339723,2010
2010,209,1.0760612380816772,2.5767028887811385,9.31666666666667,193.12879487144377,2010
2010,210,10.617732652174029,2.52540252054348,1178.06666666667,186.84506293646947,2010
2011,1,71.75858600782912,77.37484636299408,8667.15,9355.080238344248,2011
2011,2,79.33395876088689,69.1623790170675,9595.05,8349.14314472607,2011
2011,3,55.90954663080992,63.225019150634736,6725.81666666667,7621.881741273789,2011
2011,4,71.48332324461045,58.915487703868,8633.43333333333,7094.0114489715725,2011
2011,5,43.264331783077125,55.58650561693955,5176.91666666666,6686.24768880359,2011
2011,6,55.51604197869497,52.692932177145735,6677.61666666666,6331.816708004538,2011
2011,7,56.99944022121114,50.09818006027946,6859.31666666668,6013.988058811221,2011
2011,8,74.9033576259754,47.767800289257785,9052.35000000001,5728.542119710972,2011
2011,9,70.05407951507564,45.66734388699774,8458.36666666666,5471.259269191124,2011
2011,10,74.03049028734567,43.76236187641638,8945.43333333333,5237.919885739009,2011
2011,11,3.024943372328296,42.01840528043076,248.033333333333,5024.304347841964,2011
2011,12,25.471172603354898,40.40102512195792,2997.45,4826.193033987321,2011
2011,13,30.080701337689412,38.8757724239149,3562.06666666667,4639.366322662409,2011
2011,14,21.968137586516328,37.40819820921878,2568.36666666667,4459.60459235457,2011
2011,15,36.531619580001184,35.96385350078657,4352.23333333333,4282.688221551129,2011
2011,16,20.561344848544103,34.515079612440616,2396.05,4105.229324831679,2011
2011,17,40.362575140268845,33.061379021624326,4821.48333333333,3927.1669611448283,2011
2011,18,1.2167541185404502,31.609044496686412,26.55,3749.2719255314414,2011
2011,19,46.61470005729031,30.16436880597557,5587.3,3572.3150130323834,2011
2011,20,50.687173860124986,28.733644717840498,6086.13333333333,3397.067018688519,2011
2011,21,12.30278161890657,27.323165000629892,1384.46666666667,3224.298737540712,2011
2011,22,1.0,25.939222422692456,0.0,3054.780964629828,2011
2011,23,11.6159173437074,24.588109752376887,1300.33333333333,2889.2844949967307,2011
2011,24,6.4988601334433245,23.276119758031886,673.55,2728.580123682286,2011
2011,25,2.650624113003263,22.00954520800614,202.183333333333,2573.438645727356,2011
2011,26,20.79333842802402,20.794678870648365,2424.46666666667,2424.6308561728074,2011
2011,27,26.109869296656115,19.637813514307254,3075.68333333333,2282.9275500595045,2011
2011,28,1.0,18.5452419073315,0.0,2149.099522428312,2011
2011,29,4.313766354635358,17.52325681806981,405.9,2023.917568320094,2011
2011,30,42.03279284590851,16.578151014870876,5026.06666666666,1908.1524827757148,2011
2011,31,1.6467246236175521,15.714476228476496,79.2166666666667,1802.3618028422604,2011
2011,32,5.3012017835418535,14.929820039200784,526.85,1706.250033591692,2011
2011,33,4.489428355285531,14.220028989750977,427.416666666667,1619.308422102194,2011
2011,34,12.280058494112884,13.580949622834286,1381.68333333333,1541.028215451949,2011
2011,35,18.370536271883843,13.008428481157935,2127.7,1470.9006607191404,2011
2011,36,10.61201785432174,12.498312107429143,1177.36666666667,1408.417004981951,2011
2011,37,45.71638826155647,12.04644704435513,5477.26666666667,1353.0684953185641,2011
2011,38,1.0,11.648679834643115,0.0,1304.3463788071624,2011
2011,39,1.0,11.30085702100032,0.0,1261.7419025259294,2011
2011,40,1.743740120490961,10.998825146133965,91.1,1224.7463135530477,2011
2011,41,27.44808446040085,10.73843075275127,3239.6,1192.850858966701,2011
2011,42,43.25494318660551,10.515520383559453,5175.76666666666,1165.5467858450718,2011
2011,43,63.4175664091799,10.325940581265735,7645.46666666666,1142.3253412663432,2011
2011,44,19.79256847079554,10.165537888577335,2301.88333333334,1122.6777723086984,2011
2011,45,25.722623708855686,10.030158848201475,3028.25,1106.0953260503206,2011
2011,46,30.858866311909594,9.915650002845373,3657.38333333333,1092.0692495693925,2011
2011,47,39.35078378718238,9.817857895216255,4697.55,1080.090789944098,2011
2011,48,19.724263029799086,9.732629068021332,2293.51666666667,1069.651194252619,2011
2011,49,1.0,9.65581006396783,0.0,1060.2417095731396,2011
2011,50,1.778164974220236,9.583247425762968,95.3166666666667,1051.353582983842,2011
2011,51,1.0,9.511481965519058,0.0,1042.563101943362,2011
2011,52,12.430820304120958,9.439831572968783,1400.15,1033.7867154321418,2011
2011,53,32.264434450342044,9.36830840724992,3829.55,1025.025912811077,2011
2011,54,9.704045328885163,9.296924627500246,1066.15,1016.2821834410618,2011
2011,55,6.6277152183509225,9.225692392857532,689.333333333333,1007.557016682991,2011
2011,56,5.016142224004975,9.154623862459559,491.933333333333,998.8519018977602,2011
2011,57,4.331591081269889,9.0837311954441,408.083333333334,990.1683284462633,2011
2011,58,52.71483856476392,9.013026550948934,6334.5,981.5077856893961,2011
2011,59,1.0,8.942522088111833,0.0,972.8717629880526,2011
2011,60,1.0,8.872229966070575,0.0,964.2617497031281,2011
2011,61,9.878210596764466,8.802162343962937,1087.48333333333,955.6792351955173,2011
2011,62,1.0,8.732331380926691,0.0,947.1257088261146,2011
2011,63,2.1624170964790097,8.662749236099618,142.383333333333,938.6026599558161,2011
2011,64,49.071927067159706,8.593428068619492,5888.28333333333,930.1115779455155,2011
2011,65,1.8641590752356558,8.524380037624086,105.85,921.653952156108,2011
2011,66,1.183281731119891,8.455617302251177,22.45,913.2312719484881,2011
2011,67,34.66723481399921,8.387152021638544,4123.86666666667,904.8450266835513,2011
2011,68,18.280051972555935,8.31899635492396,2116.61666666667,896.496705722192,2011
2011,70,1.1655930711008962,8.183662499740047,20.2833333333333,879.9197941537857,2011
2011,71,1.0,8.116508629546267,0.0,871.694182268528,2011
2011,72,1.1001450290306163,8.049713009801643,12.2666666666667,863.5124521304277,2011
2011,73,1.4529657631017945,7.983287799643947,55.4833333333333,855.3760931003792,2011
2011,74,1.0,7.917245158210957,0.0,847.2865945392772,2011
2011,75,12.696694470868028,7.851597244640447,1432.71666666667,839.2454458080168,2011
2011,76,13.697872627943099,7.786356218070197,1555.35,831.2541362674928,2011
2011,77,1.8750444044781112,7.721534237637979,107.183333333333,823.3141552786,2011
2011,78,1.0,7.657143462481569,0.0,815.4269922022332,2011
2011,79,22.380419431574353,7.593196051738742,2618.86666666666,807.594136399287,2011
2011,80,13.130202707948929,7.529704164547278,1485.81666666667,799.8170772306568,2011
2011,81,1.0,7.466679960044951,0.0,792.0973040572371,2011
2011,82,19.385457157127576,7.404135597369535,2252.01666666667,784.4363062399227,2011
2011,83,1.9243005193002403,7.3420832356588095,113.216666666667,776.8355731396089,2011
2011,84,1.0,7.2805350340505495,0.0,769.2965941171902,2011
2011,85,9.537363724859992,7.219503151682526,1045.73333333333,761.8208585335609,2011
2011,86,6.047391103112368,7.158999747692519,618.25,754.4098557496167,2011
2011,87,1.1272222855212308,7.099036981218305,15.5833333333333,747.0650751262519,2011
2011,88,1.0,7.039627011397659,0.0,739.7880060243618,2011
2011,89,1.0,6.980781997368358,0.0,732.580137804841,2011
2011,90,1.7208809290817988,6.922514098268175,88.3,725.4429598285843,2011
2011,91,4.076194043918706,6.864835473234889,376.8,718.3779614564866,2011
2011,92,1.266554499824697,6.807758281406273,32.65,711.3866320494426,2011
2011,93,1.0,6.751294681920104,0.0,704.4704609683472,2011
2011,94,1.0,6.695456833914161,0.0,697.6309375740956,2011
2011,95,3.492604329907415,6.640256896526215,305.316666666667,690.8695512275822,2011
2011,96,42.618287492537256,6.585707028894045,5097.78333333333,684.1877912897019,2011
2011,97,1.0,6.531819390155426,0.0,677.5871471213497,2011
2011,98,8.711167235357433,6.478606139448132,944.533333333333,671.0691080834204,2011
2011,99,13.217421408504098,6.4260794359099425,1496.5,664.6351635368087,2011
2011,100,1.0,6.374251438678633,0.0,658.2868028424099,2011
2011,101,1.7178874635401225,6.323130052836015,87.9333333333333,652.0249942859638,2011
2011,102,1.0,6.27270616724006,0.0,645.8486218525941,2011
2011,103,1.0,6.222966416692775,0.0,639.756048452269,2011
2011,104,49.1048551881182,6.173897435996168,5892.31666666667,633.745636994958,2011
2011,105,1.0,6.125485859952247,0.0,627.8157503906291,2011
2011,106,1.0,6.077718323363019,0.0,621.9647515492516,2011
2011,107,1.0,6.030581461030493,0.0,616.1910033807939,2011
2011,108,1.0,5.984061907756673,0.0,610.4928687952246,2011
2011,109,1.0,5.9381462983435735,0.0,604.8687107025132,2011
2011,110,2.440673325239355,5.892821267593195,176.466666666667,599.3168920126277,2011
2011,111,1.0,5.848073450307551,0.0,593.8357756355373,2011
2011,112,1.0,5.803889481288644,0.0,588.4237244812103,2011
2011,113,1.0,5.760255995338488,0.0,583.0791014596161,2011
2011,114,35.92095260949936,5.717159627259086,4277.43333333334,577.8002694807229,2011
2011,115,1.0,5.674587011852448,0.0,572.5855914544999,2011
2011,116,1.0,5.632524783920579,0.0,567.4334302909153,2011
2011,117,1.0,5.5909595782654895,0.0,562.3421488999383,2011
2011,118,1.0,5.549878029689187,0.0,557.3101101915374,2011
2011,119,1.0,5.509266772993676,0.0,552.3356770756815,2011
2011,120,1.0,5.46911244298097,0.0,547.4172124623394,2011
2011,121,1.5026300777705108,5.4294016744530715,61.5666666666667,542.5530792614795,2011
2011,122,1.0,5.390121102211994,0.0,537.7416403830715,2011
2011,123,1.0,5.351257361059737,0.0,532.9812587370827,2011
2011,124,1.0,5.312797085798315,0.0,528.270297233483,2011
2011,125,1.9826730973629227,5.274726911229734,120.366666666667,523.6071187822408,2011
2011,126,15.076771709731501,5.237033472156001,1724.25,518.9900862933248,2011
2011,127,1.0,5.199703403379125,0.0,514.4175626767039,2011
2011,128,1.0,5.162723339701113,0.0,509.88791084234674,2011
2011,129,2.9064293502010377,5.126079915923969,233.516666666667,505.3994937002217,2011
2011,130,1.0,5.089759766849708,0.0,500.9506741602982,2011
2011,131,3.6105740855725568,5.053749527280333,319.766666666667,496.5398151325446,2011
2011,132,1.0,5.018035832017854,0.0,492.16527952693,2011
2011,133,9.100862022237445,4.982605315864277,992.266666666667,487.82543025342284,2011
2011,134,1.0,4.9474446136216095,0.0,483.5186302219917,2011
2011,135,1.0,4.912540360091861,0.0,479.2432423426058,2011
2011,136,1.0,4.877879190077038,0.0,474.99762952523355,2011
2011,137,1.0,4.843447738379148,0.0,470.78015467984386,2011
2011,138,2.542859353502926,4.809232639800201,188.983333333333,466.5891807164055,2011
2011,139,55.73170756431121,4.775220529142202,6704.03333333333,462.4230705448872,2011
2011,140,1.0,4.741398041207161,0.0,458.28018707525763,2011
2011,141,1.0,4.707751810797084,0.0,454.1588932174856,2011
2011,142,1.0,4.674268472713978,0.0,450.0575518815397,2011
2011,143,1.4325557707721852,4.640934661759855,52.9833333333333,445.97452597738925,2011
2011,144,1.1054516270363148,4.607737012736717,12.9166666666667,441.9081784150022,2011
2011,145,1.0,4.574662160446576,0.0,437.85687210434793,2011
2011,146,1.0,4.541696739691438,0.0,433.81896995539483,2011
2011,147,1.0,4.508827385273312,0.0,429.79283487811193,2011
2011,148,13.110473048696948,4.476040731994204,1483.4,425.7768297824677,2011
2011,149,1.0,4.443323414656121,0.0,421.76931757843084,2011
2011,150,9.487699410191304,4.410662068061075,1039.65,417.76866117597075,2011
2011,151,4.474461027577146,4.378044590159007,425.583333333333,413.7733782068109,2011
2011,152,1.3340435411279383,4.345463931491608,40.9166666666667,409.7826051896974,2011
2011,153,1.0,4.312914305748505,0.0,405.7956333651315,2011
2011,154,1.0,4.280389926619323,0.0,401.81175397361426,2011
2011,155,1.0,4.24788500779369,0.0,397.83025825564715,2011
2011,156,1.0,4.215393762961233,0.0,393.8504374517311,2011
2011,157,1.0,4.182910405811578,0.0,389.87158280236775,2011
2011,158,9.988968821806507,4.150429150034351,1101.05,385.892985548058,2011
2011,159,1.0,4.11794420931918,0.0,381.91393692930325,2011
2011,160,41.86325384295728,4.0854497973556905,5005.3,377.9337281866045,2011
2011,161,1.0,4.052940127833512,0.0,373.9516505604635,2011
2011,162,1.0,4.020409414442267,0.0,369.96699529138095,2011
2011,163,1.0,3.9878518708715838,0.0,365.9790536198582,2011
2011,164,1.0,3.9552617108110906,0.0,361.98711678639677,2011
2011,165,1.0,3.9226331479504126,0.0,357.9904760314976,2011
2011,166,1.0,3.889960395979176,0.0,353.98842259566203,2011
2011,167,1.0,3.8572376685870085,0.0,349.98024771939123,2011
2011,168,1.0,3.8244591794635365,0.0,345.96524264318657,2011
2011,169,1.0,3.7916191422983863,0.0,341.9426986075491,2011
2011,170,1.6411458923807918,3.7587117707811855,78.5333333333333,337.9119068529803,2011
2011,171,5.13928251106029,3.7257312786015593,507.016666666667,333.8721586199811,2011
2011,172,1.0,3.6926718794491373,0.0,329.8227451490532,2011
2011,173,1.0,3.6595277870135425,0.0,325.76295768069735,2011
2011,174,5.770223407276274,3.626293214984403,584.3,321.69208745541493,2011
2011,175,1.0,3.5929623770513452,0.0,317.6094257137072,2011
2011,176,1.0,3.5595294869039975,0.0,313.51426369607555,2011
2011,177,1.5763781833881652,3.5259887582319847,70.6,309.40589264302093,2011
2011,178,1.0,3.492334404724934,0.0,305.2836037950449,2011
2011,179,16.553230554855435,3.458560640072472,1905.1,301.14668839264834,2011
2011,180,1.0,3.4246616779642256,0.0,296.9944376763327,2011
2011,181,1.0,3.3906317320898207,0.0,292.82614288659914,2011
2011,182,1.0,3.3564650161388854,0.0,288.641095263949,2011
2011,183,1.0,3.3221557438010456,0.0,284.43858604888356,2011
2011,184,12.284548692425396,3.2876981287659275,1382.23333333333,280.21790648190375,2011
2011,185,1.0,3.2530863847231575,0.0,275.978347803511,2011
2011,186,1.0,3.218314725362364,0.0,271.7192012542066,2011
2011,187,1.0,3.1833773643731718,0.0,267.4397580744917,2011
2011,188,1.0,3.1482685154452086,0.0,263.1393095048675,2011
2011,189,1.0,3.1129823922681017,0.0,258.8171467858355,2011
2011,190,1.0,3.0775132085314754,0.0,254.47256115789648,2011
2011,191,5.868191370458399,3.041855177924959,596.3,250.10484386155213,2011
2011,192,1.0,3.0060025141381774,0.0,245.71328613730333,2011
2011,193,1.8285096219666022,2.969949430860758,101.483333333333,241.2971792256514,2011
2011,194,1.0,2.933690141782328,0.0,236.85581436709788,2011
2011,195,10.859795161203197,2.897218860592512,1207.71666666667,232.38848280214347,2011
2011,196,1.0,2.86052980098094,0.0,227.89447577128996,2011
2011,197,1.0,2.8236171766372355,0.0,223.3730845150382,2011
2011,198,1.0,2.7864752012510263,0.0,218.82360027388953,2011
2011,199,1.1639602717145274,2.74909808851194,20.0833333333333,214.24531428834527,2011
2011,200,1.0,2.711480052109602,0.0,209.63751779890652,2011
2011,201,3.0503878294325455,2.673562269641419,251.15,204.99300570700646,2011
2011,202,1.0,2.6350737743359156,0.0,200.27858755780568,2011
2011,203,1.0,2.595690563329398,0.0,195.45457655739688,2011
2011,204,23.797825365557976,2.5550886337581673,2792.48333333333,190.4812859118722,2011
2011,205,13.085844991285857,2.512943982758531,1480.38333333333,185.31902882732442,2011
2011,206,1.0,2.468932607466792,0.0,179.92811850984594,2011
2011,207,1.0,2.4227305050192562,0.0,174.26886816552937,2011
2011,208,53.48783300759396,2.3740136725522256,6429.18333333333,168.30159100046697,2011
2011,209,15.683628814998523,2.3224581072020074,1798.58333333333,161.9866002207515,2011
2011,210,1.0,2.267739806104905,0.0,155.28420903247542,2011
2011,211,1.0,2.209534766397223,0.0,148.15473064173116,2011
2012,1,39.8550466643392,80.67090169846986,4759.31666666666,9758.810832928319,2012
2012,2,54.25810611811342,71.38827177313748,6523.53333333333,8621.79057155053,2012
2012,3,63.12964945071693,64.75366604640254,7610.2,7809.1242045585695,2012
2012,4,6.204956243896951,59.99833036488516,637.55,7226.647787526959,2012
2012,5,83.1372927982021,56.35351057520549,10060.9166666667,6780.197376030227,2012
2012,6,81.39441551986877,53.17328617286494,9847.43333333334,6390.654799166183,2012
2012,7,55.22635615423016,50.30307124889001,6642.13333333334,6039.084980125751,2012
2012,8,29.015299738083808,47.71111354318852,3431.56666666667,5721.598615623145,2012
2012,9,77.24764934495424,45.36566079566826,9339.5,5434.306402372573,2012
2012,10,11.403517356863986,43.234960746237064,1274.31666666667,5173.319037088248,2012
2012,11,58.88110544738547,41.28726113480274,7089.8,4934.747216484382,2012
2012,12,24.506324232626454,39.49080970127307,2879.26666666666,4714.701637275184,2012
2012,13,36.81518240676728,37.8138541855559,4386.96666666667,4509.292996174866,2012
2012,14,51.975316509354435,36.22464232755901,6243.91666666667,4314.63198989764,2012
2012,15,76.67753022588052,34.691421867190215,9269.66666666667,4126.829315157714,2012
2012,16,49.1067601207356,33.18825176916793,5892.55,3942.7074799131206,2012
2012,17,56.45612622539694,31.71243589745297,6792.76666666668,3761.9362370971744,2012
2012,18,48.70441113861126,30.267089340816753,5843.26666666667,3584.8971508870072,2012
2012,19,1.0,28.855327188030714,0.0,3411.9717854597548,2012
2012,20,28.199852511208103,27.48026452786625,3331.68333333333,3243.5417049925486,2012
2012,21,17.130833337783375,26.145016449094804,1975.85,3079.9884736625236,2012
2012,22,56.85235220982223,24.852698040487788,6841.29999999999,2921.693655646813,2012
2012,23,43.12663236816009,23.606424390816628,5160.05,2769.0388151225516,2012
2012,24,1.0,22.40931058885274,0.0,2622.405516266872,2012
2012,25,5.093564128241965,21.264471723367546,501.416666666667,2482.175323256908,2012
2012,26,11.706809842881981,20.175022883132463,1311.46666666667,2348.7298002697935,2012
2012,27,1.3249270778873792,19.14407915691892,39.8,2222.4505114826625,2012
2012,28,41.01555882820087,18.174755633498332,4901.46666666667,2103.719021072648,2012
2012,29,4.530520473175809,17.27016740164212,432.45,1992.9168932168839,2012
2012,30,40.99229143694503,16.43342955012171,4898.61666666666,1890.4256920925043,2012
2012,31,1.0,15.666550712201062,0.0,1796.4914532236196,2012
2012,32,1.0,14.967113699114297,0.0,1710.8180975222465,2012
2012,33,1.0,14.3315948665881,0.0,1632.974017247381,2012
2012,34,1.0,13.75647057034913,0.0,1562.5276046580161,2012
2012,35,1.0,13.238217166124063,0.0,1499.047252013147,2012
2012,36,1.152122476163354,12.773311009639563,18.6333333333333,1442.1013515717675,2012
2012,37,6.734119311695948,12.358228456622314,702.366666666666,1391.258295592873,2012
2012,38,13.876528094134919,11.98944586279897,1577.23333333333,1346.086476335457,2012
2012,39,1.0,11.663439583896212,0.0,1306.1542860585146,2012
2012,40,1.0,11.376685975640708,0.0,1271.0301170210398,2012
2012,41,1.0,11.125661393759128,0.0,1240.282361482027,2012
2012,42,1.238116577178774,10.906842193978141,29.1666666666666,1213.4794117004706,2012
2012,43,1.0,10.716704732024418,0.0,1190.1896599353652,2012
2012,44,44.47886239330443,10.551725363624632,5325.68333333333,1169.981498445705,2012
2012,45,1.0,10.40838044450545,0.0,1152.4233194904848,2012
2012,46,1.0,10.283146330393546,0.0,1137.0835153286987,2012
2012,47,27.54795735620038,10.172499377015587,3251.83333333333,1123.5304782193411,2012
2012,48,1.0,10.072915940098245,0.0,1111.3326004214066,2012
2012,49,9.096780023771522,9.98087237536819,991.766666666667,1100.0582741938892,2012
2012,50,30.971665536184595,9.892845038552093,3671.2,1089.2758917957842,2012
2012,51,1.0,9.805898653966501,0.0,1078.6259141792498,2012
2012,52,3.52757345009881,9.719451420287477,309.6,1068.0370770691036,2012
2012,53,1.0,9.63350990478096,0.0,1057.5101848833287,2012
2012,54,1.0,9.548080674712889,0.0,1047.0460420399068,2012
2012,55,45.319073744206634,9.463170297349201,5428.59999999999,1036.6454529568198,2012
2012,56,1.0,9.378785339955837,0.0,1026.3092220520507,2012
2012,57,1.0,9.294932369798733,0.0,1016.038153743581,2012
2012,58,40.628041107169246,9.211617954143835,4853.99999999999,1005.8330524493938,2012
2012,59,6.816711747323103,9.128848660257072,712.483333333333,995.6947225874702,2012
2012,60,61.08171082036402,9.04663105540439,7359.35000000001,985.6239685757935,2012
2012,61,25.378375171562915,8.964971706851728,2986.08333333333,975.6215948323455,2012
2012,62,1.0,8.883877181865023,0.0,965.6884057751087,2012
2012,63,16.33783710247032,8.803354047710215,1878.71666666667,955.8252058220653,2012
2012,64,1.0,8.723408871653243,0.0,946.0327993911975,2012
2012,65,32.4754737710302,8.644048220960045,3855.4,936.3119909004872,2012
2012,66,29.765979255966837,8.565278662896558,3523.51666666667,926.6635847679169,2012
2012,67,2.9016670186574567,8.487106764728725,232.933333333333,917.0883854114688,2012
2012,68,1.0,8.409539093722485,0.0,907.5871972491256,2012
2012,69,1.0,8.332582217143774,0.0,898.1608246988689,2012
2012,70,1.7532647835781123,8.256242702258534,92.2666666666667,888.8100721786816,2012
2012,71,1.311184349718776,8.180527116332703,38.1166666666667,879.5357441065454,2012
2012,72,1.0,8.10544202663222,0.0,870.3386449004429,2012
2012,73,1.0,8.030994000423021,0.0,861.2195789783559,2012
2012,74,45.19851872284638,7.957189604971051,5413.83333333332,852.1793507582672,2012
2012,75,1.0,7.884035407542245,0.0,843.2187646581589,2012
2012,76,1.0,7.811537975402544,0.0,834.3386250960133,2012
2012,77,14.690206455008703,7.739703875817886,1676.9,825.5397364898124,2012
2012,78,50.04112956958519,7.668539676054209,6007.00000000001,816.8229032575387,2012
2012,79,1.0,7.598051943377452,0.0,808.1889298171739,2012
2012,80,1.0,7.528247245053555,0.0,799.6386205867008,2012
2012,81,15.20481039494589,7.459132148348459,1739.93333333333,791.1727799841019,2012
2012,82,1.0,7.3907132205281,0.0,782.7922124273589,2012
2012,83,1.0,7.322997028858419,0.0,774.4977223344542,2012
2012,84,1.0,7.255990140605354,0.0,766.2901141233701,2012
2012,85,19.849036116240736,7.189699123034844,2308.8,758.170192212089,2012
2012,86,57.540577151176734,7.124130543412827,6925.6,750.1387610185928,2012
2012,87,1.0,7.059290969005245,0.0,742.1966249608641,2012
2012,88,1.0,6.995186967078034,0.0,734.3445884568849,2012
2012,89,8.82859272456045,6.931825104897137,958.916666666666,726.583455924638,2012
2012,90,1.0,6.869211949728488,0.0,718.9140317821048,2012
2012,91,1.0,6.80735406883803,0.0,711.337120447268,2012
2012,92,1.0,6.746258029491699,0.0,703.85352633811,2012
2012,93,26.039386789811225,6.685930398955435,3067.05,696.4640538726126,2012
2012,94,1.0,6.62637774449518,0.0,689.1695074687586,2012
2012,95,31.034936512406297,6.567606633376869,3678.94999999999,681.9706915445298,2012
2012,96,1.2666905664402277,6.509623632866442,32.6666666666667,674.8684105179087,2012
2012,97,4.105176233026752,6.4524353102298395,380.35,667.8634688068776,2012
2012,98,1.0,6.396048232732999,0.0,660.9566708294184,2012
2012,99,1.0,6.340468967641861,0.0,654.1488210035138,2012
2012,100,1.0,6.285704082222364,0.0,647.4407237471459,2012
2012,101,32.13585149866551,6.231756746638852,3813.8,640.8327673706448,2012
2012,102,1.0,6.178616542649304,0.0,634.3236757537342,2012
2012,103,1.0,6.1262696549100975,0.0,627.9117566684846,2012
2012,104,6.6722090016294695,6.0747022680776155,694.783333333333,621.5953178869679,2012
2012,105,20.237642370196497,6.02390056680824,2356.4,615.3726671812549,2012
2012,106,1.0,5.973850735758353,0.0,609.2421123234171,2012
2012,107,1.0,5.924538959584333,0.0,603.2019610855255,2012
2012,108,1.0,5.875951422942564,0.0,597.2505212396513,2012
2012,109,1.0,5.82807431048943,0.0,591.3861005578661,2012
2012,110,30.167783971629106,5.780893806881307,3572.73333333334,585.6070068122408,2012
2012,111,1.0,5.7343960967745815,0.0,579.9115477748469,2012
2012,112,1.0,5.688567364825632,0.0,574.2980312177552,2012
2012,113,1.0,5.643393795690842,0.0,568.7647649130374,2012
2012,114,1.0,5.598861574026592,0.0,563.3100566327646,2012
2012,115,1.4272491727664867,5.554956884489264,52.3333333333333,557.932214149008,2012
2012,116,1.0,5.511665911735238,0.0,552.6295452338386,2012
2012,117,5.457270191555594,5.468974840420898,545.966666666666,547.400357659328,2012
2012,118,1.0,5.426869855202625,0.0,542.2429591975473,2012
2012,119,1.0,5.385337140736799,0.0,537.1556576205676,2012
2012,120,58.028920234316466,5.344362881679804,6985.41666666666,532.1367607004604,2012
2012,121,1.0,5.303933262688019,0.0,527.1845762092966,2012
2012,122,12.849905479955574,5.2640344684178295,1451.48333333333,522.297411919148,2012
2012,123,1.0,5.224652683525612,0.0,517.4735756020851,2012
2012,124,1.0,5.185774092667751,0.0,512.7113750301796,2012
2012,125,1.0,5.147384880500628,0.0,508.0091179755026,2012
2012,126,3.4950535289869684,5.109471231680624,305.616666666667,503.3651122101254,2012
2012,127,1.0,5.072019330864122,0.0,498.7776655061193,2012
2012,128,1.0,5.035015362707502,0.0,494.2450856355554,2012
2012,129,1.4539182294105097,4.9984455118671445,55.6,489.76568037050487,2012
2012,130,1.0,4.962295962999432,0.0,485.33775748303896,2012
2012,131,8.69266217564526,4.926552900760749,942.266666666667,480.9596247452292,2012
2012,132,1.0,4.891202509807473,0.0,476.62958992914656,2012
2012,133,1.0,4.856230974795989,0.0,472.3459608068623,2012
2012,134,1.0,4.821624480382674,0.0,468.10704515044745,2012
2012,135,1.0,4.787369211223916,0.0,463.911150731974,2012
2012,136,1.0,4.753451351976089,0.0,459.75658532351207,2012
2012,137,25.53648457880965,4.719857087295581,3005.45,455.6416566971338,2012
2012,138,1.5418172630433598,4.68657260183877,66.3666666666666,451.56467262491,2012
2012,139,1.0,4.65358408026204,0.0,447.52394087891213,2012
2012,140,1.0,4.62087770722177,0.0,443.5177692312111,2012
2012,141,1.0,4.588439667374344,0.0,439.5444654538786,2012
2012,142,1.0,4.556256145376142,0.0,435.6023373189854,2012
2012,143,1.0,4.524313325883545,0.0,431.689692598603,2012
2012,144,1.0,4.492597393552937,0.0,427.80483906480265,2012
2012,145,1.0,4.461094533040698,0.0,423.9460844896555,2012
2012,146,1.0,4.429790929003209,0.0,420.1117366452328,2012
2012,147,46.813221249349596,4.398672766096853,5611.61666666666,416.30010330360574,2012
2012,148,1.0,4.36772622897801,0.0,412.5094922368455,2012
2012,149,1.0,4.336937502303063,0.0,408.7382112170236,2012
2012,150,19.14638811364003,4.306292770728393,2222.73333333333,404.98456801621097,2012
2012,151,37.66709548660509,4.275779517888898,4491.31666666666,401.2470295170871,2012
2012,152,1.0,4.245390423333542,0.0,397.5246990447638,2012
2012,153,1.0,4.2151194655898045,0.0,393.8168390349608,2012
2012,154,1.0,4.184960623185167,0.0,390.1227119233982,2012
2012,155,1.0,4.154907874647108,0.0,386.4415801457958,2012
2012,156,31.98835528743017,4.124955198503107,3795.73333333333,382.77270613787323,2012
2012,157,1.0,4.095096573280647,0.0,379.11535233535074,2012
2012,158,1.5460353281248125,4.0653259775072055,66.8833333333333,375.468781173948,2012
2012,159,1.0,4.035637389710264,0.0,371.8322550893851,2012
2012,160,1.0,4.006024788417301,0.0,368.2050365173816,2012
2012,161,14.654012735277556,3.9764821521558,1672.46666666667,364.58638789365784,2012
2012,162,9.739558715538681,3.9470034594532364,1070.5,360.9755716539332,2012
2012,163,1.0,3.9175826888370944,0.0,357.37185023392794,2012
2012,164,1.0,3.8882138188348514,0.0,353.7744860693617,2012
2012,165,1.0,3.8588908279739895,0.0,350.18274159595467,2012
2012,166,1.0,3.8296076947819873,0.0,346.59587924942645,2012
2012,167,1.2100868543794443,3.8003583977863253,25.7333333333333,343.013161465497,2012
2012,168,1.0,3.7711369155144845,0.0,339.4338506798863,2012
2012,169,20.903960586450502,3.741937226493943,2438.01666666667,335.857209328314,2012
2012,170,1.0,3.7127533092521836,0.0,332.28249984650034,2012
2012,171,3.6169692165024983,3.683579142316684,320.55,328.7089846701649,2012
2012,172,1.0,3.654408704214928,0.0,325.1359262350279,2012
2012,173,1.0,3.6252359734743904,0.0,321.56258697680886,2012
2012,174,1.0,3.5960549286225545,0.0,317.9882293312277,2012
2012,175,28.248292226337092,3.5668595481868994,3337.61666666667,314.4121157340045,2012
2012,176,5.791449799299059,3.537643810694907,586.899999999999,310.83350862085916,2012
2012,177,1.0,3.5084016946740557,0.0,307.2516704275115,2012
2012,178,1.0,3.479127178651826,0.0,303.6658635896813,2012
2012,179,1.0,3.4498142411556976,0.0,300.0753505430885,2012
2012,180,1.0,3.420456860713152,0.0,296.47939372345314,2012
2012,181,8.697560573804367,3.391049015851667,942.866666666667,292.8772555664948,2012
2012,182,1.0,3.361584685098725,0.0,289.2681985079336,2012
2012,183,1.0,3.332057846981805,0.0,285.65148498348947,2012
2012,184,1.0,3.302462480028387,0.0,282.0263774288821,2012
2012,185,1.0,3.2727925627659515,0.0,278.3921382798315,2012
2012,186,1.0,3.243042073721979,0.0,274.74802997205757,2012
2012,187,1.0,3.213204991423948,0.0,271.09331494128,2012
2012,188,1.0,3.183275294399341,0.0,267.42725562321897,2012
2012,189,1.0,3.1532469611756366,0.0,263.7491144535943,2012
2012,190,1.0,3.1231139702803143,0.0,260.0581538681256,2012
2012,191,1.0,3.0928703002408566,0.0,256.3536363025332,2012
2012,192,1.0498003812842465,3.062509929584741,6.1,252.63482419253657,2012
2012,193,1.6567935531668256,3.0320268368394485,80.45,248.90097997385573,2012
2012,194,1.0,3.0014150005324605,0.0,245.15136608221073,2012
2012,195,13.204222946797591,2.970668399191254,1494.88333333333,241.38524495332115,2012
2012,196,1.0,2.939781011343314,0.0,237.60187902290735,2012
2012,197,1.0,2.9087468155161154,0.0,233.8005307266887,2012
2012,198,14.067701688955621,2.8775597902371413,1600.65,229.98046250038536,2012
2012,199,1.0,2.846213914033872,0.0,226.14093677971724,2012
2012,200,1.0,2.8147031654337855,0.0,222.28121600040404,2012
2012,201,1.0,2.782960003407304,0.0,218.3930271277861,2012
2012,202,1.0,2.7506708086966087,0.0,214.43795524568495,2012
2012,203,1.0,2.717460442486823,0.0,210.3700499675425,2012
2012,204,1.0,2.6829537659630676,0.0,206.14336090680044,2012
2012,205,1.0,2.6467756403104645,0.0,201.71193767690065,2012
2012,206,1.0,2.6085509267141385,0.0,197.02982989128515,2012
2012,207,1.0,2.567904486359209,0.0,192.05108716339558,2012
2012,208,1.0,2.5244611804307993,0.0,186.72975910667392,2012
2012,209,1.3415272049821279,2.4778458701140322,41.8333333333333,181.01989533456202,2012
2012,210,6.24305489624555,2.4276834165940295,642.216666666666,174.8755454605017,2012
2012,211,1.0,2.3735986810559138,0.0,168.25075909793486,2012
2013,1,88.65819190524716,78.29170885420162,10511.8132282713,9268.683164803633,2013
2013,2,82.3884563824585,69.00083200102897,9759.95778414518,8154.537868343626,2013
2013,3,48.92472602508493,62.97656078199641,5747.04723018146,7432.1180634796165,2013
2013,4,96.21231688367774,59.124219514562085,11417.6903533906,6970.152204788346,2013
2013,5,81.56497603899858,56.34913251618408,9661.20749761223,6637.368746846551,2013
2013,6,85.54490224702967,53.74190870988586,10138.4731136581,6324.715141970304,2013
2013,7,66.98467388414335,51.13429544095211,7912.76380133716,6012.014833432993,2013
2013,8,102.12236876898763,48.543324660232905,12126.4131805158,5701.310262247351,2013
2013,9,69.76147862079587,45.98602831857827,8245.75324737344,5394.643869426101,2013
2013,10,35.583976174350134,43.47943836683825,4147.24842406876,5094.058095981973,2013
2013,11,2.0504991368304513,41.040586755862925,125.973973256924,4801.595382927694,2013
2013,12,55.61632024491163,38.68650543650231,6549.4912129895,4519.298171275988,2013
2013,13,53.79885134560097,36.434226359606456,6331.54360076409,4249.208902039587,2013
2013,14,59.970522972386206,34.300781476025435,7071.63939828081,3993.370016231217,2013
2013,15,43.6570687810005,32.30320273660926,5115.35921680993,3753.8239548636025,2013
2013,16,56.54210209099477,30.454393050242103,6660.50931232093,3532.1180116390647,2013
2013,17,27.16957722866044,28.75073915794457,3138.20878701051,3327.8188910182903,2013
2013,18,28.331247332886313,27.18449875877137,3277.51418338109,3139.998150151557,2013
2013,19,4.5055838709151885,25.747929551777226,420.383333333333,2967.727346189146,2013
2013,20,39.38809606657216,24.43328923601685,4603.43166189112,2810.0780362813352,2013
2013,21,14.654948410183342,23.232835510544955,1637.47693409742,2666.1217775784035,2013
2013,22,1.6311246226787408,22.13882607441626,75.6833333333333,2534.9301272306293,2013
2013,23,44.519632991250376,21.14351862668548,5218.79637058261,2415.574642388293,2013
2013,24,2.5361859622259635,20.239170866407328,184.216666666666,2307.126880201672,2013
2013,25,6.819800143151201,19.418040492636518,697.9,2208.658397821046,2013
2013,26,48.0029456329366,18.67238520442777,5636.50897803248,2119.2407523966945,2013
2013,27,12.7272499683481,17.99446270083579,1406.31079274117,2037.9455010788947,2013
2013,28,1.0618477113173397,17.376530680915305,7.41666666666667,1963.8442010179276,2013
2013,29,21.0116920602513,16.810846843721023,2399.76623686724,1896.0084093640714,2013
2013,30,22.27078251454493,16.28966888830766,2550.7541069723,1833.5096832676043,2013
2013,31,8.219226222374337,15.806248935320333,865.716666666667,1775.5388291332256,2013
2013,32,6.182699224772132,15.357816791765725,621.5,1721.763650383306,2013
2013,33,17.700430787205615,14.942596686240943,2002.68572110793,1671.9711996946405,2013
2013,34,22.391029231857775,14.558812847343063,2565.17387774594,1625.9485297440185,2013
2013,35,33.43230821589378,14.204689503669185,3889.22425978988,1583.482693208233,2013
2013,36,1.0,13.878450883816395,0.0,1544.3607427640757,2013
2013,37,5.010634818282349,13.57832121638179,480.948137535817,1508.3697310883388,2013
2013,38,1.0,13.302524729962453,0.0,1475.296710857813,2013
2013,39,4.16146042547309,13.049285653155486,379.116666666666,1444.928734749292,2013
2013,40,10.88284731764805,12.81682821455797,1185.13333333333,1417.0528554395667,2013
2013,41,30.84000523162086,12.603376642767,3578.35993314232,1391.4561256054287,2013
2013,42,17.908650552467254,12.407155166379669,2027.65506208214,1367.9255979236707,2013
2013,43,11.61357540847474,12.226388013993063,1272.76093600764,1346.2483250710839,2013
2013,44,1.0,12.059299414204276,0.0,1326.2113597244606,2013
2013,45,1.4540594896039303,11.904113595610399,54.45,1307.6017545605926,2013
2013,46,7.22049151525048,11.759054786808521,745.950191021967,1290.2065622562714,2013
2013,47,1.0,11.622347216395738,0.0,1273.8128354882897,2013
2013,48,1.0,11.492215112969134,0.0,1258.2076269334386,2013
2013,49,1.0,11.366882705125807,0.0,1243.1779892685108,2013
2013,50,1.9676039689692542,11.244574221462845,116.033333333333,1228.5109751702976,2013
2013,51,10.67152889463708,11.12380964855684,1159.79240687679,1214.0291040822872,2013
2013,52,6.370144721925353,11.004292004902394,643.978127984718,1199.6967625147513,2013
2013,53,18.709221696036956,10.886020066973614,2123.65811843362,1185.5138037446582,2013
2013,54,1.0,10.768992611244606,0.0,1171.480081048976,2013
2013,55,39.72855735333759,10.653208414189468,4644.25916905444,1157.5954477046723,2013
2013,56,1.0,10.538666252282312,0.0,1143.8597569887156,2013
2013,57,18.149989835834653,10.425364901997234,2056.59603629417,1130.2728621780736,2013
2013,58,30.78393191143117,10.313303139808347,3571.63572110792,1116.8346165497146,2013
2013,59,1.0,10.202479742189748,0.0,1103.544873380606,2013
2013,60,1.0,10.092893485615548,0.0,1090.403485947717,2013
2013,61,16.423033920101354,9.984543146559847,1849.50257879656,1077.4103075280143,2013
2013,62,1.0,9.87742750149675,0.0,1064.5651913984668,2013
2013,63,1.0,9.771545326900362,0.0,1051.867990836042,2013
2013,64,1.0,9.66689539924479,0.0,1039.3185591177084,2013
2013,65,1.0,9.563476495004137,0.0,1026.916749520434,2013
2013,66,63.179630487574784,9.461287390652505,7456.46981852913,1014.6624153211862,2013
2013,67,1.0,9.360326862663998,0.0,1002.5554097969334,2013
2013,68,1.0,9.260593687512724,0.0,990.595586224644,2013
2013,69,4.821354657685969,9.162086641672785,458.25,978.7827978812852,2013
2013,70,1.0,9.064804501618289,0.0,967.1168980438259,2013
2013,71,1.0,8.968746043823336,0.0,955.5977399892337,2013
2013,72,1.542592056141336,8.873910044762033,65.0666666666667,944.2251769944766,2013
2013,73,1.0,8.780295280908483,0.0,932.9990623365226,2013
2013,74,14.629868437462909,8.687900528736792,1634.4693887297,921.9192492923398,2013
2013,75,34.174824825766244,8.596724564721063,3978.26552053486,910.9855911388962,2013
2013,76,1.0,8.506766165335403,0.0,900.1979411531601,2013
2013,77,38.68539169323948,8.418024107053913,4519.16461318052,889.5561526120993,2013
2013,78,1.0,8.3304971663507,0.0,879.0600787926815,2013
2013,79,40.21810107377264,8.244184119699863,4702.96437440306,868.7095729718745,2013
2013,80,34.376768823456665,8.159083743575515,4002.48228271251,858.5044884266476,2013
2013,81,3.095873003742656,8.075194814451756,251.333333333333,848.4446784339677,2013
2013,82,5.768962109296623,7.992516108802688,571.885386819484,838.529996270803,2013
2013,83,1.094369878616795,7.911046403102422,11.3166666666667,828.7602952141224,2013
2013,84,1.0,7.830784473825059,0.0,819.1354285408929,2013
2013,85,1.0,7.751729097444699,0.0,809.6552495280824,2013
2013,86,21.841844812217893,7.673879050435453,2499.31666666667,800.3196114526596,2013
2013,87,1.0,7.597233109271421,0.0,791.1283675915923,2013
2013,88,10.521628886830653,7.521790050426712,1141.81666666667,782.0813712218486,2013
2013,89,31.961598672016585,7.447548650375428,3712.8594078319,773.1784756203965,2013
2013,90,5.404872412270118,7.374507685591672,528.224403056352,764.4195340642038,2013
2013,91,1.522856381968162,7.30266593254955,62.7,755.8043998302387,2013
2013,92,1.0,7.232022167723166,0.0,747.3329261954692,2013
2013,93,1.0,7.162575167586624,0.0,739.0049664368632,2013
2013,94,1.0,7.094323708614031,0.0,730.820373831389,2013
2013,95,1.0,7.027266567279488,0.0,722.7790016560144,2013
2013,96,1.0,6.961402520057101,0.0,714.8807031877075,2013
2013,97,1.0,6.896730343420975,0.0,707.1253317034362,2013
2013,98,1.0,6.833248813845213,0.0,699.5127404801686,2013
2013,99,1.0,6.770956707803921,0.0,692.0427827948729,2013
2013,100,31.445890588030807,6.709852801771204,3651.01661891118,684.715311924517,2013
2013,101,13.638537694466555,6.6499321670757015,1515.59078319007,677.5297368316672,2013
2013,102,1.7924846065875757,6.591175054464213,95.0333333333333,670.4836892212842,2013
2013,103,1.1332852924793904,6.533558009538069,15.9833333333333,663.574356483926,2013
2013,104,40.14692234462661,6.477057577898606,4694.42874880611,656.798926010152,2013
2013,105,1.0,6.421650305147157,0.0,650.1545851905205,2013
2013,106,1.0,6.367312736885054,0.0,643.6385214155903,2013
2013,107,1.0,6.314021418713634,0.0,637.2479220759201,2013
2013,108,15.043738961285195,6.261752896234228,1684.1,630.9799745620685,2013
2013,109,1.0,6.210483715048173,0.0,624.8318662645946,2013
2013,110,16.212059172920924,6.160190420756799,1824.20286532951,618.8007845740567,2013
2013,111,1.0,6.110849558961444,0.0,612.8839168810136,2013
2013,112,1.0,6.062437675263439,0.0,607.0784505760241,2013
2013,113,1.0,6.014931315264119,0.0,601.3815730496468,2013
2013,114,1.0,5.968307024564819,0.0,595.7904716924405,2013
2013,115,1.0,5.922541348766871,0.0,590.302333894964,2013
2013,116,1.0,5.877610833471608,0.0,584.9143470477755,2013
2013,117,1.0,5.833492024280368,0.0,579.6236985414345,2013
2013,118,2.94493679140416,5.790161466794481,233.233333333333,574.427575766499,2013
2013,119,1.0,5.7475957066152805,0.0,569.3231661135278,2013
2013,120,1.0,5.705771289344105,0.0,564.3076569730802,2013
2013,121,18.12276816135669,5.664664760582282,2053.33166189112,559.378235735714,2013
2013,122,1.0,5.624252665931154,0.0,554.532089791989,2013
2013,123,34.217281733442604,5.584511550992044,3983.35687679083,549.7664065324627,2013
2013,124,1.0,5.545417961366295,0.0,545.0783733476947,2013
2013,125,3.6739058832231444,5.506948442655236,320.65,540.4651776282433,2013
2013,126,1.0,5.469079540460204,0.0,535.9240067646674,2013
2013,127,13.25751469501626,5.431787800382532,1469.89918815664,531.4520481475256,2013
2013,128,1.0,5.3950497680235525,0.0,527.0464891673768,2013
2013,129,1.0,5.358841988984597,0.0,522.704517214779,2013
2013,130,1.0,5.3231410088670055,0.0,518.4233196802918,2013
2013,131,1.0,5.2879233732721085,0.0,514.2000839544735,2013
2013,132,1.0,5.25316562780124,0.0,510.03199742788286,2013
2013,133,8.184957799551059,5.218844318055735,861.607258834766,505.9162474910786,2013
2013,134,2.6928798398696756,5.184935989636925,203.00711556829,501.8500215346191,2013
2013,135,1.0,5.151417188146146,0.0,497.83050694906365,2013
2013,136,1.0,5.118264459184732,0.0,493.8548911249706,2013
2013,137,9.792318110350381,5.0854543483540136,1054.35902578796,489.92036145289836,2013
2013,138,1.0,5.0529634012553295,0.0,486.02410532340633,2013
2013,139,1.0,5.020768163490011,0.0,482.1633101270528,2013
2013,140,1.0,4.988845180659392,0.0,478.3351632543965,2013
2013,141,1.0,4.957170998364807,0.0,474.5368520959962,2013
2013,142,1.0,4.92572216220759,0.0,470.7655640424106,2013
2013,143,1.0,4.894475217789075,0.0,467.01848648419843,2013
2013,144,1.0,4.863406710710593,0.0,463.2928068119181,2013
2013,145,1.0,4.8324931865734815,0.0,459.58571241612873,2013
2013,146,1.0,4.801711190979073,0.0,455.8943906873888,2013
2013,147,1.0,4.771037269528703,0.0,452.2160290162573,2013
2013,148,5.682193320573355,4.740447967823703,561.480229226361,448.54781479329256,2013
2013,149,1.0,4.709919831465406,0.0,444.8869354090532,2013
2013,150,1.0,4.679429406055149,0.0,441.2305782540983,2013
2013,151,1.0,4.648956395575755,0.0,437.5763094664328,2013
2013,152,12.46489946771904,4.618493137536001,1374.85019102197,433.92321017384563,2013
2013,153,1.0,4.58803512782616,0.0,430.2707402515729,2013
2013,154,1.0,4.5575778623364975,0.0,426.6183595748498,2013
2013,155,1.0,4.527116836957285,0.0,422.9655280189123,2013
2013,156,1.0,4.496647547578791,0.0,419.31170545899585,2013
2013,157,1.0,4.466165490091284,0.0,415.656351770336,2013
2013,158,1.0,4.435666160385034,0.0,411.99892682816824,2013
2013,159,1.1017360105265004,4.405145054350311,12.2,408.33889050772876,2013
2013,160,1.0,4.3745976678773815,0.0,404.6757026842523,2013
2013,161,1.0,4.344019496856519,0.0,401.0088232329754,2013
2013,162,1.0,4.313406037177988,0.0,397.3377120291329,2013
2013,163,1.0,4.28275278473206,0.0,393.6618289479606,2013
2013,164,1.0,4.252055235409005,0.0,389.98063386469437,2013
2013,165,1.0,4.221308885099091,0.0,386.29358665456976,2013
2013,166,11.614524798022956,4.190509229692587,1272.87478510029,382.60014719282213,2013
2013,167,1.0,4.159651765079762,0.0,378.89977535468716,2013
2013,168,1.0,4.1287319871508865,0.0,375.1919310154006,2013
2013,169,1.0,4.097745391796228,0.0,371.47607405019784,2013
2013,170,1.0,4.0666874749060575,0.0,367.7516643343148,2013
2013,171,1.0,4.0355537323706425,0.0,364.01816174298676,2013
2013,172,1.0,4.004339660080254,0.0,360.27502615144965,2013
2013,173,1.0,3.9730407539251598,0.0,356.52171743493886,2013
2013,174,1.0,3.941652509795629,0.0,352.75769546869,2013
2013,175,1.0,3.9101704235819312,0.0,348.98242012793867,2013
2013,176,1.0,3.878589991174336,0.0,345.1953512879205,2013
2013,177,1.0,3.8469067084631123,0.0,341.39594882387127,2013
2013,178,1.0,3.815116071338528,0.0,337.58367261102626,2013
2013,179,1.0,3.783213575690855,0.0,333.7579825246214,2013
2013,180,3.3818228435601774,3.75119471741036,285.623925501433,329.91833843989207,2013
2013,181,1.0,3.7190549923873126,0.0,326.0642002320739,2013
2013,182,1.0,3.6867898965119834,0.0,322.19502777640264,2013
2013,183,1.0,3.654394925674641,0.0,318.31028094811387,2013
2013,184,1.0,3.6218655757655536,0.0,314.409419622443,2013
2013,185,1.0,3.5891973426749906,0.0,310.49190367462575,2013
2013,186,3.09740182357297,3.5563857222932227,251.516666666666,306.5571929798979,2013
2013,187,1.0,3.5234262105105167,0.0,302.60474741349475,2013
2013,188,1.0,3.490314303217144,0.0,298.6340268506521,2013
2013,189,1.0,3.4570454963033734,0.0,294.64449116660563,2013
2013,190,1.0,3.423615285659472,0.0,290.6356002365907,2013
2013,191,10.575804224391524,3.3900191671757125,1148.31327602674,286.60681393584315,2013
2013,192,1.0,3.35625263674236,0.0,282.5575921395984,2013
2013,193,1.0,3.322311190249687,0.0,278.48739472309217,2013
2013,194,1.0,3.288190323587962,0.0,274.3956815615601,2013
2013,195,1.0,3.2538855326474523,0.0,270.2819125302376,2013
2013,196,1.0,3.2193923133184303,0.0,266.1455475043606,2013
2013,197,1.0,3.1847061614911616,0.0,261.98604635916433,2013
2013,198,6.348627747647723,3.1498225730559177,641.397851002865,257.8028689698847,2013
2013,199,1.0,3.114737043902968,0.0,253.5954752117572,2013
2013,200,1.0,3.0794450699225795,0.0,249.3633249600173,2013
2013,201,1.0,3.0438840385568025,0.0,245.09890982896133,2013
2013,202,16.835444916786823,3.0077589034547993,1898.95816618911,240.76684838912695,2013
2013,203,1.0,2.970716509817513,0.0,236.3247909501125,2013
2013,204,1.8271178116365765,2.9324037028458836,99.1864851957975,231.73038782151602,2013
2013,205,1.0,2.892467327740855,0.0,226.94128931293594,2013
2013,206,26.650741017618795,2.850554229703369,3075.99087870105,221.91514573397052,2013
2013,207,1.0,2.8063112539343678,0.0,216.609607394218,2013
2013,208,1.0,2.759385245634793,0.0,210.98232460327654,2013
2013,209,1.0,2.709423050005588,0.0,204.99094767074462,2013
2013,210,1.0,2.656071512247693,0.0,198.59312690622022,2013
2013,211,1.0,2.598977477562053,0.0,191.74651261930194,2013
2014,1,97.88891469414907,45.919013247079285,11867.8284059899,5502.086002981273,2014
2014,2,74.12846757969618,42.64908175107445,8957.43447605404,5101.555291945548,2014
2014,3,85.76853443076925,40.18063128452518,10383.2148809524,4799.1972083797555,2014
2014,4,46.30504946460869,38.2786232000319,5549.37120173284,4566.222098225747,2014
2014,5,13.901629182150074,36.70801885019511,1580.30794105608,4373.84030742538,2014
2014,6,37.05424042234238,35.271797702400946,4416.2486492018,4197.9189836198575,2014
2014,7,21.09361018505037,33.92501168317828,2461.24666052668,4032.952481247776,2014
2014,8,54.531701466554175,32.660730833841725,6557.04575999454,3878.0919564470837,2014
2014,9,61.6715666443004,31.472025195705847,7431.60086300997,3732.488565355726,2014
2014,10,39.007767758336186,30.351964810085235,4655.53430208759,3595.2934641116517,2014
2014,11,39.77033668852686,29.293619718294487,4748.94062457361,3465.6578088528076,2014
2014,12,24.682089550334297,28.29005996164817,2900.79598853868,3342.7327557171398,2014
2014,13,31.87248466424807,27.33435558146087,3781.54045401828,3225.6694608425946,2014
2014,14,10.91082014202722,26.41957661904719,1213.96666666667,3113.619080367122,2014
2014,15,74.39271039516649,25.538793115721695,8989.80132009824,3005.732770428666,2014
2014,16,9.877642325099227,24.6863212820074,1087.41372629281,2901.314329212792,2014
2014,17,48.05493183438753,23.861462005260982,5763.71258186656,2800.2781230955347,2014
2014,18,38.294930674853276,23.064762342047544,4568.21958486832,2702.6911605005453,2014
2014,19,34.297970891722265,22.29676934893219,4078.6358899577,2608.620449851477,2014
2014,20,42.7478262940865,21.558030082480016,5113.65041444944,2518.13299957198,2014
2014,21,33.43532790380063,20.84909159925612,3972.9715940101,2431.2958180857054,2014
2014,22,34.72759275046429,20.170500955825617,4131.25985127575,2348.175913816308,2014
2014,23,1.0,19.5228052087536,0.0,2268.840295187438,2014
2014,24,39.03720501591835,18.90655141460517,4659.14004297994,2193.355970622747,2014
2014,25,68.60727017307426,18.32228662994542,8281.14840530768,2121.7899485458865,2014
2014,26,4.782924044985313,17.770557911339466,463.366666666667,2054.2092373805094,2014
2014,27,14.579497744179198,17.251912315352406,1663.3393982808,1990.6808455502673,2014
2014,28,7.571745396903112,16.766896898549334,804.966666666666,1931.2717814788114,2014
2014,29,43.83242506629751,16.316058717495356,5246.50185734753,1876.0490535897939,2014
2014,30,5.26783388280599,15.899944828755569,522.762798471823,1825.0796703068663,2014
2014,31,13.002191968466928,15.518711245267426,1470.13675637877,1778.3827415021601,2014
2014,32,9.063481813315105,15.170949805457717,987.688001432664,1735.7857828417198,2014
2014,33,31.654425325444972,14.854861304125604,3754.83057886478,1697.0684114400713,2014
2014,34,1.0,14.568646536070228,0.0,1662.0102444117379,2014
2014,35,1.0,14.310506296090734,0.0,1630.3908988712446,2014
2014,36,1.0,14.078641378986273,0.0,1601.989991933116,2014
2014,37,1.0,13.871252579555996,0.0,1576.5871407118768,2014
2014,38,33.89525454922974,13.686540692599042,4029.30755901214,1553.961962322051,2014
2014,39,1.0,13.522706512914562,0.0,1533.8940738781635,2014
2014,40,4.363566735919605,13.377950835301704,412.0,1516.1630924947385,2014
2014,41,1.439902978135155,13.250474454559615,53.8832855778414,1500.548635286301,2014
2014,42,6.349071453155515,13.138478165487445,655.202531041069,1486.8303193673758,2014
2014,43,3.8046397643315757,13.040162762884336,343.537581866557,1474.7877618524863,2014
2014,44,1.0,12.953729041549433,0.0,1464.200579856157,2014
2014,45,1.0,12.877377796281895,0.0,1454.8483904929137,2014
2014,46,1.0,12.80930982188086,0.0,1446.5108108772802,2014
2014,47,1.0,12.747725913145477,0.0,1438.967458123781,2014
2014,48,11.987265805977293,12.690826864874893,1345.81944330741,1431.9979493469405,2014
2014,49,1.0,12.63681347186826,0.0,1425.3819016612838,2014
2014,50,2.09479198856024,12.583886528924717,134.1,1418.8989321813342,2014
2014,51,1.0,12.53055184219146,0.0,1412.3660185633462,2014
2014,52,1.2611933192225107,12.476535263207836,31.9933142311366,1405.7495806304835,2014
2014,53,1.0,12.421867654861245,0.0,1399.0533987476413,2014
2014,54,1.0,12.36657988003908,0.0,1392.2812532797132,2014
2014,55,34.76860621093422,12.310702801628729,4136.28354993859,1385.4369245915918,2014
2014,56,19.092674591835724,12.254267282517592,2216.15401657798,1378.5241930481723,2014
2014,57,1.0,12.19730418559306,0.0,1371.5468390143476,2014
2014,58,47.289768573892026,12.13984437374253,5669.98848239869,1364.508642855012,2014
2014,59,1.0,12.081918709853394,0.0,1357.413384935059,2014
2014,60,1.0,12.023558056813044,0.0,1350.2648456193822,2014
2014,61,1.0,11.964793277508877,0.0,1343.0668052728754,2014
2014,62,1.0,11.905655234828286,0.0,1335.8230442604329,2014
2014,63,1.7879617705384478,11.846174791658665,96.5166666666667,1328.5373429469478,2014
2014,64,1.0,11.78638281088741,0.0,1321.2134816973146,2014
2014,65,10.266923760203895,11.726310155401912,1135.09642857143,1313.8552408764263,2014
2014,66,11.879342311374915,11.665987688089565,1332.6,1306.4664008491773,2014
2014,67,26.95757854187523,11.605446271837765,3179.51840974212,1299.0507419804608,2014
2014,68,2.192896018357898,11.544716769533906,146.116666666667,1291.612044635171,2014
2014,69,1.0,11.483830044065378,0.0,1284.1540891782013,2014
2014,70,1.0,11.422816958319583,0.0,1276.6806559744464,2014
2014,71,1.0,11.361708375183907,0.0,1269.1955253887988,2014
2014,72,1.0,11.30053515754575,0.0,1261.7024777861534,2014
2014,73,3.8209330731830575,11.239328168292502,345.533333333333,1254.205293531403,2014
2014,74,1.0,11.17811827031156,0.0,1246.707752989442,2014
2014,75,1.0,11.116936326490313,0.0,1239.213636525164,2014
2014,76,1.0,11.055813199716162,0.0,1231.726724503463,2014
2014,77,1.0,10.994779752876497,0.0,1224.2507972892322,2014
2014,78,1.0,10.933866848858711,0.0,1216.7896352473658,2014
2014,79,60.153875033631294,10.873105350550198,7245.70030188294,1209.3470187427572,2014
2014,80,1.510259527284198,10.812526120838356,62.5011904761905,1201.9267281403013,2014
2014,81,1.0,10.752160022610575,0.0,1194.5325438048903,2014
2014,82,5.255520355369211,10.69203791875425,521.254526538409,1187.1682461014186,2014
2014,83,1.0,10.632190672156778,0.0,1179.8376153947809,2014
2014,84,1.0,10.572649145705551,0.0,1172.5444320498696,2014
2014,85,1.0,10.51344420228796,0.0,1165.2924764315792,2014
2014,86,2.546117001596436,10.454606704791402,189.38235946241,1158.0855289048031,2014
2014,87,1.0,10.396167516103272,0.0,1150.9273698344357,2014
2014,88,1.0,10.33815749911096,0.0,1143.8217795853698,2014
2014,89,3.192810741489748,10.280607516701867,268.595243211898,1136.7725385225,2014
2014,90,16.663798980057493,10.22354843176338,1918.64341826989,1129.78342701072,2014
2014,91,5.124287154074674,10.167011107182896,505.179900054577,1122.8582254149233,2014
2014,92,1.0,10.111026405847808,0.0,1116.0007141000035,2014
2014,93,1.0,10.055625190645511,0.0,1109.2146734308549,2014
2014,94,1.0,10.000838324463398,0.0,1102.5038837723707,2014
2014,95,1.0,9.946696670188867,0.0,1095.8721254894454,2014
2014,96,1.0,9.893231090709303,0.0,1089.3231789469717,2014
2014,97,13.68358180417616,9.840472448912113,1553.59953097285,1082.8608245098449,2014
2014,98,1.0,9.788451607684678,0.0,1076.488842542957,2014
2014,99,1.5603694141691418,9.7371994299144,68.6391015145313,1070.211013411203,2014
2014,100,1.0,9.686746778488672,0.0,1064.0311174794767,2014
2014,101,2.0387325429615775,9.63710810972842,127.233333333333,1057.9509254883899,2014
2014,102,1.0,9.588232253688728,0.0,1051.9641696814333,2014
2014,103,1.0,9.5400516338582,0.0,1046.0625726778137,2014
2014,104,1.0,9.492498673725455,0.0,1040.2378570967405,2014
2014,105,1.0,9.4455057967791,0.0,1034.481745557421,2014
2014,106,11.590789465662773,9.39900542650775,1297.25544412607,1028.785960679064,2014
2014,107,1.0,9.352929986400017,0.0,1023.142225080877,2014
2014,108,37.08546620680041,9.307211899944514,4420.07346500204,1017.5422613820692,2014
2014,109,1.0,9.261783590629857,0.0,1011.977792201849,2014
2014,110,1.5086630281093198,9.216577481944649,62.3056368535953,1006.4405401594233,2014
2014,111,1.0,9.17152599737751,0.0,1000.9222278740016,2014
2014,112,57.5261467101406,9.126561560417048,6923.83242939009,995.4145779647913,2014
2014,113,9.58701410147283,9.08161659455188,1051.81495940783,989.9093130510013,2014
2014,114,1.0,9.036623523270617,0.0,984.3981557518398,2014
2014,115,1.0,8.99151477006187,0.0,978.8728286865148,2014
2014,116,29.0906465011167,8.94622275841425,3440.79581798335,973.325054474234,2014
2014,117,5.5805271071385,8.900679911816372,561.064285714285,967.7465557342066,2014
2014,118,1.0,8.854818653756848,0.0,962.1290550856405,2014
2014,119,1.8509557540071913,8.808571407724287,104.232738095238,956.4642751477434,2014
2014,120,1.0,8.761870597207308,0.0,950.7439385397246,2014
2014,121,1.0,8.714648645694519,0.0,944.9597678807917,2014
2014,122,1.0,8.666837976674534,0.0,939.1034857901531,2014
2014,123,1.0,8.618371013635963,0.0,933.1668148870167,2014
2014,124,1.0,8.56918018006742,0.0,927.1414777905911,2014
2014,125,1.0,8.51919789945752,0.0,921.0191971200846,2014
2014,126,28.257938377473764,8.46835659529487,3338.79821428571,914.7916954947051,2014
2014,127,4.382925567694603,8.416588691068085,414.371244371674,908.4506955336612,2014
2014,128,2.28649527127709,8.36382661026578,157.581547619048,901.987919856161,2014
2014,129,1.0617017265727595,8.310002776376562,7.5577841451767,895.3950910814124,2014
2014,130,1.0,8.25504961288905,0.0,888.6639318286244,2014
2014,131,1.0,8.19889954329185,0.0,881.7861647170046,2014
2014,132,1.0,8.141484991073579,0.0,874.7535123657617,2014
2014,133,1.0,8.082738379722844,0.0,867.5576973941031,2014
2014,134,1.2208361170063722,8.022592132728263,27.05,860.1904424212381,2014
2014,135,1.0,7.960978673578449,0.0,852.6434700663747,2014
2014,136,1.0,7.897830425762008,0.0,844.9085029487204,2014
2014,137,1.0,7.833079812767557,0.0,836.9772636874842,2014
2014,138,25.772695179061138,7.766659258083707,3034.38320541684,828.841474901874,2014
2014,139,1.0,7.698501185199073,0.0,820.4928592110986,2014
2014,140,1.1201419619916497,7.628538017602264,14.7160714285714,811.9231392343653,2014
2014,141,1.0,7.556702178781895,0.0,803.1240375908831,2014
2014,142,1.0,7.482926092226574,0.0,794.0872768998597,2014
2014,143,1.0,7.40714218142492,0.0,784.8045797805041,2014
2014,144,8.174808621838567,7.32928286986554,878.835291308501,775.2676688520238,2014
2014,145,3.252072486758177,7.249280581037048,275.854156433347,765.4682667336273,2014
2014,146,16.1980497082997,7.167067738428057,1861.59424546323,755.3980960445227,2014
2014,147,1.0,7.082576765527181,0.0,745.0488794039188,2014
2014,148,1.0,6.995740085823029,0.0,734.4123394310234,2014
2014,149,1.997912558302359,6.906490122804213,122.233333333333,723.4801987450444,2014
2014,150,1.0,6.81475929995935,0.0,712.2441799651908,2014
2014,151,1.0,6.720513111396827,0.0,700.7000564985448,2014
2014,152,1.0,6.62384933370415,0.0,688.859804903687,2014
2014,153,1.0,6.524898814088607,0.0,676.7394525270726,2014
2014,154,1.0,6.423792399757475,0.0,664.3550267151562,2014
2014,155,1.0,6.320660937918041,0.0,651.7225548143929,2014
2014,156,1.0,6.21563527577759,0.0,638.8580641712376,2014
2014,157,1.0,6.108846260543404,0.0,625.7775821321454,2014
2014,158,1.0,6.000424739422768,0.0,612.4971360435711,2014
2014,159,1.0,5.890501559622966,0.0,599.0327532519698,2014
2014,160,1.0,5.77920756835128,0.0,585.4004611037963,2014
2014,161,1.0,5.666673612814998,0.0,571.6162869455059,2014
2014,162,1.0,5.553030540221399,0.0,557.696258123553,2014
2014,163,1.0,5.43840919777777,0.0,543.656401984393,2014
2014,164,1.0,5.322940432691393,0.0,529.5127458744806,2014
2014,165,1.0,5.206755092169554,0.0,515.2813171402711,2014
2014,166,1.0,5.089984023419535,0.0,500.9781431282191,2014
2014,167,1.0,4.97275807364862,0.0,486.6192511847797,2014
2014,168,1.0,4.855208090064093,0.0,472.2206686564077,2014
2014,169,1.0,4.737464919873238,0.0,457.7984228895582,2014
2014,170,1.0,4.61965941028334,0.0,443.3685412306863,2014
2014,171,47.135686860997424,4.501922408501682,5651.11516407423,428.94705102624675,2014
2014,172,1.0,4.384384761735549,0.0,414.5499796226948,2014
2014,173,1.0,4.267177317192221,0.0,400.1933543664848,2014
2014,174,1.0,4.150430922078986,0.0,385.8932026040723,2014
2014,175,1.0,4.034276423603126,0.0,371.665551681912,2014
2014,176,14.558750384061222,3.9188446689719254,1660.79807443034,357.5264289464589,2014
2014,177,1.0,3.8042665053926683,0.0,343.491861744168,2014
2014,178,6.175771597913164,3.690672780072638,633.975201255288,329.57787742149424,2014
2014,179,1.0,3.5781943402191176,0.0,315.80050332489236,2014
2014,180,1.0,3.4669620330393927,0.0,302.1757668008176,2014
2014,181,23.047025807735068,3.3571067057407453,2700.51862975849,288.71969519572474,2014
2014,182,1.0,3.2487592055304613,0.0,275.4483158560689,2014
2014,183,1.0,3.1420503796158235,0.0,262.377656128305,2014
2014,184,1.0,3.0371110752041157,0.0,249.52374335888788,2014
2014,185,1.0,2.9340721395026215,0.0,236.90260489427254,2014
2014,186,1.0,2.833064419718626,0.0,224.53026808091406,2014
2014,187,1.0,2.7342187630594115,0.0,212.42276026526721,2014
2014,188,12.48341634473114,2.6376660167322625,1406.59243757675,200.596108793787,2014
2014,189,1.0,2.543537027944464,0.0,189.06634101292858,2014
2014,190,1.0,2.451962643903297,0.0,177.84948426914653,2014
2014,191,1.0,2.3630737118160487,0.0,166.96156590889623,2014
2014,192,1.0,2.2770010788900006,0.0,156.41861327863234,2014
2014,193,1.0,2.1938755923324376,0.0,146.23665372480988,2014
2014,194,1.0,2.1138280993506435,0.0,136.4317145938839,2014
2014,195,1.0,2.036989447151902,0.0,127.01982323230924,2014
2014,196,1.0,1.963490482943497,0.0,118.01700698654095,2014
2014,197,1.0,1.893462053932712,0.0,109.43929320303391,2014
2014,198,1.0,1.827035007326831,0.0,101.3027092282431,2014
2014,199,1.0,1.764340190333139,0.0,93.62328240862355,2014
2014,200,1.0,1.705508450158918,0.0,86.41704009063007,2014
2014,201,1.0,1.650581676582631,0.0,79.68911331225944,2014
2014,202,1.0,1.599245929667451,0.0,73.40104787767497,2014
2014,203,1.0,1.5510983120477289,0.0,67.5034932825817,2014
2014,204,1.0,1.5057359263578152,0.0,61.947099022684625,2014
2014,205,18.576693833750333,1.4627558752320615,2152.95203813617,56.68251459368885,2014
2014,206,1.0,1.421755261304819,0.0,51.66038949129942,2014
2014,207,8.940429331834668,1.3823311872104382,972.615423318325,46.83137321122133,2014
2014,208,1.0,1.3440807555832703,0.0,42.14611524915964,2014
2014,209,1.0,1.3066010690576666,0.0,37.555265100819426,2014
2014,210,2.3803138292714534,1.269489230267978,169.073291035612,33.00947226190573,2014
2015,1,93.71772772252478,76.0063079912923,11356.9037931505,9187.449311590248,2015
2015,2,72.37562486988503,68.07784785380737,8742.7304867649,8216.299983182253,2015
2015,3,38.188746318231566,62.30923372352616,4555.21316687133,7509.708079922135,2015
2015,4,75.02562700036157,58.07702778821764,9067.32665609223,6991.30931389605,2015
2015,5,89.67385015971398,54.757792235650825,10861.5731852913,6584.739397190162,2015
2015,6,55.43975696589193,51.82753792925581,6668.27259005322,6225.815412914084,2015
2015,7,97.92217576894606,49.16007043510703,11871.9025225133,5899.079928271224,2015
2015,8,82.76718650772574,46.72864399494004,10015.5827091008,5601.256881488441,2015
2015,9,59.11518582256775,44.5065128504904,7118.47227623142,5329.0702107925945,2015
2015,10,70.71020420864946,42.46693124349365,8538.73473870924,5079.243854410543,2015
2015,11,44.0959032798448,40.583153415685345,5278.77504604994,4848.501750569149,2015
2015,12,29.817618736573582,38.828433608801014,3529.84193614409,4633.567837495267,2015
2015,13,11.024265682725936,37.17602606457623,1227.8625,4431.16605341576,2015
2015,14,44.94355192724244,35.59918502474653,5382.60269989084,4238.020336557487,2015
2015,15,2.586097082628065,34.07116473104746,194.279480488471,4050.854625147305,2015
2015,16,61.18054593669942,32.57024412166393,7371.4562167417,3867.008327566131,2015
2015,17,67.32231943611232,31.094800920578194,8123.75604618638,3686.2827328110957,2015
2015,18,69.66515661243962,29.64823754822187,8410.72788067949,3509.0946000333875,2015
2015,19,11.83088888097616,28.233956425026598,1326.66498669668,3335.8606883841967,2015
2015,20,48.964144749329286,26.85535997142397,5875.08118263065,3166.9977570147094,2015
2015,21,32.99854489194419,25.51585060784561,3919.47047005049,3002.922565076114,2015
2015,22,1.0,24.218830754723147,0.0,2844.0518717195996,2015
2015,23,55.707935813154876,22.967702832488186,6701.12155478236,2690.802436096353,2015
2015,24,60.6241979927955,21.76586926157235,7303.30970118706,2543.591017357564,2015
2015,25,39.60040814406553,20.616732462407256,4728.12624334834,2402.834374654419,2015
2015,26,9.11207779897476,19.523694855424523,993.640476190476,2268.949267138107,2015
2015,27,27.983875512385204,18.49015886105576,3305.22852196753,2142.352453959816,2015
2015,28,56.897828410216945,17.5195268997326,6846.87033531177,2023.4606942707344,2015
2015,29,9.556878771469181,16.615201391886643,1048.12371230727,1912.6907472220491,2015
2015,30,6.172081048563327,15.78058475794952,633.52314947469,1810.4593719649495,2015
2015,31,1.0,15.017902594756478,0.0,1717.0391796792078,2015
2015,32,37.8242047234677,14.324673204757275,4510.56082344112,1632.1261896589326,2015
2015,33,8.187097127610585,13.697238066805326,880.340498362669,1555.272273226819,2015
2015,34,34.57753463822696,13.13193865975402,4112.87937986082,1486.029301705559,2015
2015,35,75.06467550128224,12.625116462456765,9072.10966878156,1423.9491464178477,2015
2015,36,1.0,12.173112953766957,0.0,1368.5836786863783,2015
2015,37,71.07596298139087,11.772269612537999,8583.53617307955,1319.4847698338447,2015
2015,38,1.0,11.418927917623286,0.0,1276.2042911829399,2015
2015,39,4.030499958710297,11.109429347876226,371.202976190476,1238.2941140563587,2015
2015,40,8.69118488096235,10.840115382150215,942.085714285714,1205.306109776794,2015
2015,41,1.0,10.607327499298655,0.0,1176.7921496669405,2015
2015,42,1.0,10.407407178174944,0.0,1152.3041050494908,2015
2015,43,41.77242262388662,10.236695897632483,4994.17417280666,1131.3938472471389,2015
2015,44,1.0,10.091535136524671,0.0,1113.6132475825787,2015
2015,45,3.7646014943533443,9.968266373704912,338.633333333334,1098.5141773785037,2015
2015,46,16.954391265499737,9.863231088026604,1954.23778312184,1085.648507957608,2015
2015,47,12.521288548924979,9.77277075834315,1411.2313668304,1074.5681106425855,2015
2015,48,5.903868268191139,9.693226863507942,600.670028312184,1064.8248567561286,2015
2015,49,36.8590051443641,9.620940882374391,4392.33447093738,1055.9706176209327,2015
2015,50,37.61756503853913,9.55225429379589,4485.24973052258,1047.55726455969,2015
2015,51,10.480087429977692,9.484120642744358,1161.20663801337,1039.2116402753672,2015
2015,52,16.826209370590227,9.415941738665772,1938.53690817301,1030.8604729920169,2015
2015,53,55.52860957976407,9.347731457124624,6679.15605983082,1022.5054623139636,2015
2015,54,1.0,9.279503673685412,0.0,1014.1483078455328,2015
2015,55,18.760229081537158,9.211272263912624,2175.43309114477,1005.790709191049,2015
2015,56,56.01107637297139,9.143051103370759,6738.25294549052,997.4343659548373,2015
2015,57,27.088201225688728,9.074854067624305,3195.51825453677,989.0809777412221,2015
2015,58,10.62643590288052,9.00669503223776,1179.13271933415,980.7322441545288,2015
2015,59,1.0,8.938587872775612,0.0,972.3898647990814,2015
2015,60,23.381310737611194,8.87054646480236,2741.46486389685,964.0555392792057,2015
2015,61,1.0,8.802584683882493,0.0,955.7309671992259,2015
2015,62,1.0,8.73471640558051,0.0,947.4178481634675,2015
2015,63,8.87253170080914,8.666955505460898,964.298708896166,939.1178817762545,2015
2015,64,1.0,8.599315859088156,0.0,930.8327676419127,2015
2015,65,1.0,8.531811342026774,0.0,922.5642053647664,2015
2015,66,1.8910759675008255,8.464455829841246,109.147023809524,914.3138945491402,2015
2015,67,1.3818029231792242,8.397263198096065,46.7666666666667,906.0835347993594,2015
2015,68,1.0,8.330247322355726,0.0,897.8748257197487,2015
2015,69,14.089720336227131,8.263422078184721,1603.34704257061,889.6894669146329,2015
2015,70,1.0,8.196801341147546,0.0,881.5291579883373,2015
2015,71,2.8205206319615463,8.130398986808691,222.993791786055,873.3955985451861,2015
2015,72,46.893503852532014,8.064228890732654,5621.45040421613,865.2904881895046,2015
2015,73,1.0,7.998304928483924,0.0,857.2155265256175,2015
2015,74,1.0,7.932640975626995,0.0,849.1724131578495,2015
2015,75,1.0,7.867250907726362,0.0,841.1628476905257,2015
2015,76,1.0,7.802148600346518,0.0,833.188529727971,2015
2015,77,1.0,7.73734792905196,0.0,825.2511588745102,2015
2015,78,1.0,7.672862769407173,0.0,817.3524347344676,2015
2015,79,1.0,7.608706996976655,0.0,809.4940569121686,2015
2015,80,1.0,7.5448944873249015,0.0,801.6777250119382,2015
2015,81,1.0,7.481439116016404,0.0,793.905138638101,2015
2015,82,1.0,7.418354758615656,0.0,786.1779973949818,2015
2015,83,1.0,7.355655290687153,0.0,778.4980008869057,2015
2015,84,1.0,7.293354587795385,0.0,770.8668487181972,2015
2015,85,3.5996887563300928,7.231466525504846,318.433333333333,763.2862404931815,2015
2015,86,1.0,7.17000497938003,0.0,755.757875816183,2015
2015,87,2.0595304616019474,7.108983824985433,129.780850047756,748.283454291527,2015
2015,88,1.0,7.048416937885545,0.0,740.8646755235382,2015
2015,89,2.057241501430653,6.9883181936448615,129.500477554919,733.5032391165415,2015
2015,90,1.0,6.928701467827874,0.0,726.2008446748616,2015
2015,91,4.5083611782494195,6.869580635999078,429.735729635694,718.9591918028235,2015
2015,92,7.976475544799271,6.810969573722966,854.541666666667,711.7799801047521,2015
2015,93,1.0,6.752882156564032,0.0,704.664909184972,2015
2015,94,1.0,6.695332260086769,0.0,697.6156786478084,2015
2015,95,1.0,6.638333759855669,0.0,690.6339880975858,2015
2015,96,22.627425842825257,6.581900531435229,2649.12224041479,683.7215371386294,2015
2015,97,5.415756283866127,6.52604645038994,540.88166871333,676.8800253752637,2015
2015,98,1.0,6.470785392284293,0.0,670.1111524118137,2015
2015,99,18.363537251359602,6.416131232682787,2126.84269682085,663.4166178526043,2015
2015,100,1.1001037022075608,6.362097847149912,12.2616045845272,656.7981213019605,2015
2015,101,1.9018495277376701,6.308695341816716,110.466666666667,650.2569006499905,2015
2015,102,17.135161347809206,6.255918745080469,1976.38013371538,643.7923469299379,2015
2015,103,1.0,6.203759315904988,0.0,637.4033894608297,2015
2015,104,4.143630062128219,6.152208313254098,385.060171919771,631.0889575616926,2015
2015,105,1.0,6.101256996091617,0.0,624.8479805515537,2015
2015,106,1.0,6.05089662338137,0.0,618.6793877494404,2015
2015,107,8.483195140066854,6.001118454087178,916.609254332106,612.5821084743793,2015
2015,108,1.0,5.951913747172857,0.0,606.5550720453971,2015
2015,109,1.0,5.903273761602237,0.0,600.5972077815217,2015
2015,110,1.0,5.855189756339132,0.0,594.7074450017792,2015
2015,111,1.0,5.807652990347368,0.0,588.8847130251971,2015
2015,112,1.0,5.760654722590764,0.0,583.1279411708023,2015
2015,113,1.0,5.714186212033144,0.0,577.4360587576218,2015
2015,114,1.0,5.668238717638327,0.0,571.8079951046826,2015
2015,115,19.22256756760035,5.6228034983701365,2232.06448014736,566.2426795310118,2015
2015,116,1.7302889636413514,5.577871813192392,89.4523809523809,560.7390413556361,2015
2015,117,21.906329507425212,5.533434921068915,2560.79585550553,555.2960098975827,2015
2015,118,1.0,5.489484080963528,0.0,549.9125144758787,2015
2015,119,1.0,5.446010551840052,0.0,544.5874844095508,2015
2015,120,20.41007420898927,5.403005592662309,2377.52100729977,539.3198490176262,2015
2015,121,1.0,5.360460462394121,0.0,534.1085376191322,2015
2015,122,1.0,5.318366419999308,0.0,528.9524795330954,2015
2015,123,35.949201706994415,5.276714724441691,4280.89353765861,523.8506040785426,2015
2015,124,35.54421184619279,5.235496634685093,4231.28672567881,518.8018405745013,2015
2015,125,1.6570919890827769,5.194703409693334,80.4865551234821,513.8051183399981,2015
2015,126,1.0,5.154326308430238,0.0,508.85936669406044,2015
2015,127,14.380092035574124,5.114356589859623,1638.91438804748,503.96351495571486,2015
2015,128,1.6937687787170002,5.074785512945313,84.9790592168099,499.11649244398865,2015
2015,129,1.0,5.035604336651128,0.0,494.3172284779086,2015
2015,130,1.0,4.99680431994089,0.0,489.5646523765019,2015
2015,131,1.0,4.958376721778421,0.0,484.8576934587956,2015
2015,132,1.0,4.920312801127543,0.0,480.1952810438167,2015
2015,133,1.0,4.882603816952075,0.0,475.57634445059193,2015
2015,134,1.0,4.845241028215839,0.0,470.9998129981483,2015
2015,135,25.666224096718146,4.808215693882659,3021.34166666666,466.46461600551305,2015
2015,136,1.0,4.771519072916353,0.0,461.969682791713,2015
2015,137,23.9849058086832,4.7351424242807445,2815.39863385182,457.51394267577535,2015
2015,138,1.0,4.699077006939655,0.0,453.0963249767269,2015
2015,139,11.520915861099628,4.663314079856906,1288.69669463774,448.7157590135949,2015
2015,140,1.165457004485366,4.627844901996317,20.2666666666667,444.371174105406,2015
2015,141,1.0,4.592660732321712,0.0,440.0614995711874,2015
2015,142,21.076224625531424,4.557752829796911,2459.11712034384,435.7856647299661,2015
2015,143,1.0,4.523112453385737,0.0,431.5425989007693,2015
2015,144,1.0,4.488730862052009,0.0,427.3312314026235,2015
2015,145,1.0,4.45459931475955,0.0,423.1504915545561,2015
2015,146,1.0,4.42070907047218,0.0,418.9993086755938,2015
2015,147,1.0,4.387051388153723,0.0,414.8766120847641,2015
2015,148,30.95515503872597,4.353617526767998,3669.17764531314,410.78133110109343,2015
2015,149,19.22887567270678,4.320398745278827,2232.83715377268,406.712395043609,2015
2015,150,1.0,4.287386302650034,0.0,402.668733231338,2015
2015,151,1.0,4.254571804792361,0.0,398.6493174804968,2015
2015,152,1.0,4.221948245404252,0.0,394.6532895960593,2015
2015,153,1.0,4.189508965131073,0.0,390.6798338801894,2015
2015,154,38.407595475560285,4.157247304618188,4582.01978612361,386.72813463505037,2015
2015,155,1.0,4.125156604510966,0.0,382.79737616280585,2015
2015,156,1.0,4.093230205454772,0.0,378.88674276561954,2015
2015,157,5.605357454335729,4.061461448094972,564.105730659025,374.9954187456551,2015
2015,158,1.3880619874936377,4.0298436730769325,47.5333333333334,371.12258840507593,2015
2015,159,40.87227973520608,3.9983702210460197,4883.91655068905,367.2674360460457,2015
2015,160,1.0,3.9670344326475973,0.0,363.4291459707277,2015
2015,161,1.0,3.935829648527036,0.0,359.60690248128606,2015
2015,162,1.0,3.904749209329698,0.0,355.7998898798838,2015
2015,163,1.0,3.8737864557009516,0.0,352.0072924686849,2015
2015,164,1.0,3.8429347282861612,0.0,348.22829454985265,2015
2015,165,1.2870574635820478,3.8121873677306954,35.1613879792604,344.4620804255509,2015
2015,166,36.139041342144544,3.7815377146799176,4304.14680890981,340.7078343979429,2015
2015,167,1.0,3.750979109779196,0.0,336.96474076919253,2015
2015,168,20.525398101137895,3.7205048936738954,2391.64691806522,333.2319838414632,2015
2015,169,1.0,3.6901084070093817,0.0,329.5087479169185,2015
2015,170,1.0,3.659782990431023,0.0,325.79421729772207,2015
2015,171,1.0,3.6295219845841835,0.0,322.0875762860374,2015
2015,172,1.0,3.5993187301142315,0.0,318.38800918402836,2015
2015,173,1.0,3.56916656766653,0.0,314.69470029385803,2015
2015,174,1.0,3.5390588378864467,0.0,311.00683391769024,2015
2015,175,1.0,3.508988881419348,0.0,307.32359435768865,2015
2015,176,1.0,3.4789500389106007,0.0,303.6441659160168,2015
2015,177,1.0,3.44893565100557,0.0,299.96773289483826,2015
2015,178,1.0,3.418939058349621,0.0,296.2934795963164,2015
2015,179,1.0,3.3889536015881223,0.0,292.62059032261516,2015
2015,180,1.1476322778508399,3.3589726213664375,18.0833333333333,288.9482493758977,2015
2015,181,1.0,3.328989458329934,0.0,285.2756410583279,2015
2015,182,1.0,3.2989974531239783,0.0,281.60194967206934,2015
2015,183,1.0,3.2689899463939356,0.0,277.9263595192854,2015
2015,184,1.0,3.238960278785173,0.0,274.24805490213987,2015
2015,185,1.0,3.2089017909430555,0.0,270.5662201227962,2015
2015,186,12.571498606013801,3.17880782351295,1417.38154761905,266.880039483418,2015
2015,187,1.0,3.1486717171402225,0.0,263.1886972861688,2015
2015,188,1.0,3.118486812470239,0.0,259.4913778332122,2015
2015,189,39.08501566662275,3.088246450148366,4664.99632282712,255.78726542671188,2015
2015,190,1.0,3.0579439708199683,0.0,252.07554436883117,2015
2015,191,1.0,3.027572715130415,0.0,248.35539896173404,2015
2015,192,1.0,2.9971260237250688,0.0,244.62601350758368,2015
2015,193,1.0,2.9665972372492972,0.0,240.88657230854378,2015
2015,194,38.26287442732902,2.9359796963484674,4564.29304645927,237.1362596667781,2015
2015,195,1.0,2.905266741667943,0.0,233.37425988444988,2015
2015,196,1.0,2.874451713853094,0.0,229.59975726372312,2015
2015,197,1.0,2.843527953549282,0.0,225.81193610676092,2015
2015,198,9.719705744175865,2.812488801401876,1068.06822895347,222.0099807157272,2015
2015,199,1.0,2.781327598056243,0.0,218.1930753927856,2015
2015,200,1.0,2.7500376841577454,0.0,214.3604044400993,2015
2015,201,1.0,2.7185544003803086,0.0,210.50404780005255,2015
2015,202,1.0,2.6865810875120806,0.0,206.58766797591073,2015
2015,203,1.0,2.6537630863697648,0.0,202.56782311115964,2015
2015,204,1.0,2.619745737770064,0.0,198.40107134928476,2015
2015,205,1.0,2.584174382529685,0.0,194.0439708337722,2015
2015,206,1.0,2.5466943614653306,0.0,189.45307970810762,2015
2015,207,1.0,2.506951015393705,0.0,184.5849561157767,2015
2015,208,1.0,2.4645896851315126,0.0,179.39615820026523,2015
2015,209,1.0,2.419255711495458,0.0,173.84324410505909,2015
2015,210,1.0,2.370594435302245,0.0,167.88277197364397,2015
2015,211,1.0,2.318251197368579,0.0,161.47129994950575,2015
2016,1,84.28950904790749,76.34114342001195,10202.0505082549,9228.462975793576,2016
2016,2,73.49849985497279,69.70027902136852,8880.2703455451,8415.029990200366,2016
2016,3,66.94142166504211,64.48151882682443,8077.10025071633,7775.789157785512,2016
2016,4,35.40737402870052,60.319236145421,4214.52559523809,7265.955222747096,2016
2016,5,5.489309019991107,56.84780428619957,549.891071428572,6840.742929283205,2016
2016,6,80.60095484514083,53.757363876978886,9750.24311127029,6462.197905929949,2016
2016,7,72.624553716387,50.96112482068713,8773.22153772684,6119.68931857551,2016
2016,8,11.381618039401614,48.428064339029916,1271.63424068768,5809.417217446098,2016
2016,9,80.32400847337911,46.127159653712845,9716.32022103971,5527.581652767922,2016
2016,10,42.91783218709983,44.02738798644151,5134.4742700232,5270.382674767187,2016
2016,11,9.938647845084109,42.097726558921536,1094.88623277391,5034.020333670104,2016
2016,12,29.2337701590287,40.3071525928585,3458.32689486969,4814.69467970288,2016
2016,13,21.482666480868644,38.62464330995801,2508.90178571429,4608.605763091721,2016
2016,14,79.56899976191887,37.01917593192569,9623.83994235228,4411.95363406284,2016
2016,15,38.23213268746315,35.45972768046711,4560.52752080774,4220.938342842439,2016
2016,16,67.37557137294888,33.92114498793977,8130.27882385045,4032.47885352954,2016
2016,17,43.848697572496036,32.40175112930868,5248.49506071769,3846.3697857144007,2016
2016,18,16.38391508991534,30.905738590190737,1884.36071428571,3663.12467286009,2016
2016,19,10.176114067840917,29.437299856202852,1123.97323816346,3483.2570484296803,2016
2016,20,19.27867099953121,28.00062741296191,2238.93653465684,3307.2804458862374,2016
2016,21,10.869206718568073,26.599913746084816,1208.86947912403,3135.7083986928333,2016
2016,22,1.2610334701899382,25.23935134118847,31.9737344794651,2969.0544403125373,2016
2016,23,11.320307358145119,23.923132683889776,1264.12435530086,2807.832104208419,2016
2016,24,27.414688335449906,22.65545025980562,3235.50934131532,2652.554923843547,2016
2016,25,1.7825191059172187,21.440496554552904,95.85,2503.736432680991,2016
2016,26,41.02067385800182,20.282464053748534,4902.09320166462,2361.8901641838215,2016
2016,27,34.024538525243734,19.1855452430094,4045.14342679765,2227.529651815107,2016
2016,28,1.3071023512528541,18.153932607952406,37.6166666666667,2101.1684290379176,2016
2016,29,21.320228506630823,17.19181863419445,2489.00491711011,1983.3200293153222,2016
2016,30,35.44924807013376,16.303395807352427,4219.6547056215,1874.4979861103907,2016
2016,31,1.097188211803725,15.491509638231463,11.9044890162369,1775.0508432588058,2016
2016,32,3.822414600802017,14.753617738389533,345.714804202483,1684.6671860866943,2016
2016,33,19.259267373824436,14.085830744572862,2236.55980352027,1602.8706102928004,2016
2016,34,34.43347210395888,13.484259293527643,4095.23330092782,1529.1847115758633,2016
2016,35,36.29642198818334,12.945014022000095,4323.42421032883,1463.1330856346262,2016
2016,36,1.0,12.464205566736418,0.0,1404.2393281678294,2016
2016,37,17.553976284094656,12.037944564482828,2027.68036567062,1352.027034874215,2016
2016,38,1.0,11.662341651985523,0.0,1306.0198014525236,2016
2016,39,73.95721109078922,11.33350746599072,8936.45743621232,1265.741223601498,2016
2016,40,1.0,11.047552643244625,0.0,1230.7148970198784,2016
2016,41,18.369131870030717,10.800587820493444,2127.52797619048,1200.4644174064072,2016
2016,42,7.868506685375638,10.588723634483387,841.316666666667,1174.5133804598252,2016
2016,43,17.210171077232907,10.408070721960659,1985.56800211488,1152.385381878874,2016
2016,44,8.457675130623688,10.254739719671468,913.483333333333,1133.6040173622948,2016
2016,45,1.0,10.124841264362026,0.0,1117.6928826088294,2016
2016,46,10.053306901713743,10.014485992778539,1108.93070848683,1104.1755733172195,2016
2016,47,76.9565439134843,9.919784541667216,9303.84278039296,1092.575685186206,2016
2016,48,1.0,9.836847547774259,0.0,1082.4168139145302,2016
2016,49,45.80905514068899,9.761785647845887,5488.61734206576,1073.2225552009347,2016
2016,50,1.0,9.690709478628298,0.0,1064.5165047441594,2016
2016,51,12.647854214164951,9.620379777220425,1426.73427138764,1055.90188839937,2016
2016,52,9.548185880316707,9.550157682132077,1047.05892857143,1047.3004526474226,2016
2016,53,53.868289035584304,9.480054432225787,6475.78502012554,1038.713574125598,2016
2016,54,1.0,9.410081266364086,0.0,1030.1426294711764,2016
2016,55,1.0,9.340249423409503,0.0,1021.5889953214372,2016
2016,56,35.27208148350244,9.270570142224573,4197.95374368945,1013.0540483136614,2016
2016,57,21.237904472567443,9.201054661671822,2478.9211266885,1004.5391650851285,2016
2016,58,14.21968809850347,9.131714220613787,1619.26666666667,996.045722273119,2016
2016,59,1.0,9.062560057912993,0.0,987.5750965149126,2016
2016,60,28.762973751536396,8.993603412431973,3400.65950334288,979.1286644477894,2016
2016,61,1.4099687125940847,8.924855523033262,50.2166666666667,970.7078027090301,2016
2016,62,1.0,8.856327628579386,0.0,962.3138879359142,2016
2016,63,5.039817815107321,8.78803096793288,494.833333333333,953.9482967657221,2016
2016,64,3.6335256078994047,8.719976779956271,322.577976190477,945.6124058357337,2016
2016,65,1.4564569606572617,8.652176303512096,55.9109667076,937.3075917832299,2016
2016,66,61.47933365976318,8.584640777462877,7408.05443273298,929.0352312454892,2016
2016,67,1.0,8.517381440671155,0.0,920.7967008597934,2016
2016,68,5.34093323527683,8.450409531999455,531.716666666667,912.5933772634215,2016
2016,69,1.0,8.383736290310312,0.0,904.4266370936544,2016
2016,70,1.2170262517715114,8.317372954466254,26.5833333333333,896.2978569877719,2016
2016,71,1.0,8.251330763329813,0.0,888.2084135830539,2016
2016,72,1.0,8.185620955763522,0.0,880.1596835167809,2016
2016,73,9.869952862577641,8.120254770629908,1086.47185154864,872.1530434262324,2016
2016,74,1.0,8.055243446791504,0.0,864.189869948689,2016
2016,75,1.0,7.990598223110844,0.0,856.2715397214309,2016
2016,76,13.77308830919965,7.926330338450455,1564.56309523809,848.399429381738,2016
2016,77,1.0,7.862451031672872,0.0,840.5749155668906,2016
2016,78,1.5421039748403713,7.798971541640624,66.4017857142857,832.7993749141685,2016
2016,79,1.0,7.735903107216239,0.0,825.0741840608518,2016
2016,80,1.0740202388487163,7.673256967262254,9.06666666666667,817.4007196442211,2016
2016,81,1.174845600956986,7.611044360641196,21.4166666666667,809.780358301556,2016
2016,82,3.2769644064660306,7.549276526215598,278.903143334697,802.214476670137,2016
2016,83,1.0,7.48796470284799,0.0,794.7044513872438,2016
2016,84,1.0,7.427120129400906,0.0,787.2516590901572,2016
2016,85,20.928737130802617,7.366754044736872,2441.05152135353,779.8574764161564,2016
2016,86,6.135290136745221,7.306877687718423,629.016666666667,772.5232800025221,2016
2016,87,1.2811330657744178,7.247502297208088,34.4357142857143,765.2504464865343,2016
2016,88,1.0,7.188639112068401,0.0,758.0403525054733,2016
2016,89,1.0,7.130299371161891,0.0,750.894374696619,2016
2016,90,1.5419533296588908,7.072494313351088,66.3833333333333,743.8138896972513,2016
2016,91,1.0,7.015235177498527,0.0,736.8002741446508,2016
2016,92,3.7838226303893845,6.958533202466734,340.987711488606,729.8549046760972,2016
2016,93,1.0,6.902399627118243,0.0,722.9791579288707,2016
2016,94,1.0,6.846845690315586,0.0,716.1744105402518,2016
2016,95,1.0,6.791882630921292,0.0,709.4420391475201,2016
2016,96,1.0,6.737521687797893,0.0,702.7834203879559,2016
2016,97,1.0,6.683774099807922,0.0,696.1999308988395,2016
2016,98,1.634779918582747,6.6306511058139055,77.7535714285714,689.6929473174505,2016
2016,99,3.2683616879907826,6.578163944678378,277.849404761904,683.2638462810696,2016
2016,100,33.87208553196482,6.526323855263872,4026.46960874607,676.9140044269768,2016
2016,101,1.3337276721990274,6.475138385958695,40.8779761904762,670.6443463498739,2016
2016,102,6.971152215472464,6.424600323254277,731.400595238095,664.4539884741508,2016
2016,103,1.0,6.3746987631678245,0.0,658.3415951816189,2016
2016,104,1.0,6.325422801716546,0.0,652.30583085409,2016
2016,105,1.0,6.276761534917649,0.0,646.3453598733754,2016
2016,106,12.152428008745087,6.228704058788341,1366.05,640.4588466212869,2016
2016,107,1.0,6.18123946934583,0.0,634.644955479636,2016
2016,108,1.0,6.134356862607322,0.0,628.9023508302341,2016
2016,109,6.58337270683979,6.088045334590028,683.901862464184,623.2296970548933,2016
2016,110,8.003049221140754,6.042293981311153,857.796650293355,617.6256585354248,2016
2016,111,21.625382941471482,5.997091898787906,2526.38298540046,612.0888996536402,2016
2016,112,3.779160622215121,5.952428183037494,340.416666666666,606.6180847913513,2016
2016,113,1.0,5.908291930077125,0.0,601.2118783303695,2016
2016,114,18.323375181925908,5.864672235924006,2121.9232842134,595.8689446525065,2016
2016,115,1.0,5.821558196595348,0.0,590.5879481395738,2016
2016,116,5.377200947844159,5.778938908108352,536.159063310138,585.3675531733829,2016
2016,117,1.0,5.736803466480234,0.0,580.2064241357458,2016
2016,118,21.20709756776501,5.695140967728195,2475.14761904762,575.1032254084736,2016
2016,119,1.0,5.653940507869445,0.0,570.0566213733781,2016
2016,120,3.0602629907642855,5.6131911829211925,252.359598853868,565.0652764122709,2016
2016,121,1.0,5.572882088900643,0.0,560.1278549069634,2016
2016,122,1.0,5.53300232182501,0.0,555.2430212392679,2016
2016,123,1.0,5.493540977711492,0.0,550.4094397909948,2016
2016,124,1.0,5.454487152577305,0.0,545.6257749439568,2016
2016,125,1.0,5.415829942439652,0.0,540.8906910799649,2016
2016,126,1.0,5.377558443315742,0.0,536.2028525808307,2016
2016,127,1.0,5.339661751222784,0.0,531.5609238283661,2016
2016,128,1.0,5.302128962177983,0.0,526.9635692043823,2016
2016,129,1.0,5.264949172198547,0.0,522.4094530906909,2016
2016,130,1.0,5.228111477301686,0.0,517.897239869104,2016
2016,131,1.0,5.1916049735046075,0.0,513.4255939214329,2016
2016,132,1.0,5.1554187568245196,0.0,508.99317962948925,2016
2016,133,10.797455598002944,5.119541923278626,1200.08075453678,504.5986613750842,2016
2016,134,1.0,5.083963568884136,0.0,500.2407035400296,2016
2016,135,1.4419443672438055,5.048672789658261,54.1333333333333,495.91797050613746,2016
2016,136,1.0,5.013658681618204,0.0,491.6291266552188,2016
2016,137,1.0,4.978910340781176,0.0,487.37283636908546,2016
2016,138,1.0,4.944416863164381,0.0,483.14776402954885,2016
2016,139,1.6965250049017988,4.910167344785032,85.3166666666667,478.95257401842105,2016
2016,140,1.0,4.876150881660331,0.0,474.78593071751294,2016
2016,141,2.3045549397867466,4.842356569807491,159.793658752899,470.6464985086367,2016
2016,142,2.4454356567829274,4.808773505243716,177.05,466.53294177360357,2016
2016,143,1.0,4.775390783986215,0.0,462.44392489422546,2016
2016,144,1.0,4.742197502052195,0.0,458.37811225231354,2016
2016,145,2.881218428634619,4.709182755458865,230.428605539637,454.3341682296798,2016
2016,146,4.827497167966614,4.67633564022343,468.826384909265,450.31075720813527,2016
2016,147,7.367781540222554,4.643645252363102,779.983333333333,446.3065435694923,2016
2016,148,1.0,4.611100687895085,0.0,442.32019169556196,2016
2016,149,1.0,4.578691042836588,0.0,438.3503659681558,2016
2016,150,1.0,4.54640541320482,0.0,434.3957307690859,2016
2016,151,1.0,4.514233950583023,0.0,430.4550797754149,2016
2016,152,1.0,4.482171028818597,0.0,426.5277238452132,2016
2016,153,1.0,4.450212077324976,0.0,422.6131031318019,2016
2016,154,1.0,4.418352525515592,0.0,418.71065778850254,2016
2016,155,1.0,4.386587802803882,0.0,414.8198279686367,2016
2016,156,1.0,4.354913338603277,0.0,410.9400538255257,2016
2016,157,1.0,4.3233245623272145,0.0,407.07077551249125,2016
2016,158,1.0,4.291816903389127,0.0,403.21143318285465,2016
2016,159,24.580412212376157,4.260385791202452,2888.34163085004,399.36146698993787,2016
2016,160,9.05745677188314,4.2290266551806175,986.95,395.52031708706147,2016
2016,161,1.0,4.197734924737065,0.0,391.68742362754796,2016
2016,162,55.85725480463034,4.166506029285223,6719.41149201801,387.86222676471795,2016
2016,163,1.0,4.135335398238531,0.0,384.04416665189365,2016
2016,164,1.0,4.104218461010418,0.0,380.2326834423959,2016
2016,165,3.5130580579348725,4.073150647014324,307.822023809524,376.427217289547,2016
2016,166,1.31864371596305,4.042127385663679,39.0303571428572,372.6272083466677,2016
2016,167,1.0,4.011144106371917,0.0,368.8320967670797,2016
2016,168,1.0,3.980196238552476,0.0,365.0413227041046,2016
2016,169,4.161454357114655,3.9492792116187876,387.243452380952,361.2543263110638,2016
2016,170,1.0,3.918388454984287,0.0,357.4705477412788,2016
2016,171,1.0,3.887519398062408,0.0,353.68942714807105,2016
2016,172,1.0,3.856667470266587,0.0,349.9104046847623,2016
2016,173,1.588760245401462,3.825828101010255,72.1166666666667,346.13292050467356,2016
2016,174,1.0,3.794996719706848,0.0,342.35641476112676,2016
2016,175,7.540041875484456,3.7641687557698007,801.083333333333,338.5803276074431,2016
2016,176,1.0,3.7333396386125473,0.0,334.80409919694426,2016
2016,177,1.4573198947987782,3.702504797648522,56.0166666666667,331.02716968295175,2016
2016,178,1.0,3.671659662291159,0.0,327.24897921878687,2016
2016,179,1.0,3.6407996619538925,0.0,323.4689679577712,2016
2016,180,1.0,3.609920226050157,0.0,319.68657605322625,2016
2016,181,1.0,3.579016783993386,0.0,315.9012436584734,2016
2016,182,1.0,3.5480847651970158,0.0,312.1124109268343,2016
2016,183,4.98117310381358,3.5171195990744795,487.65,308.3195180116304,2016
2016,184,1.0,3.4861167150392114,0.0,304.52200506618317,2016
2016,185,1.2375356624018665,3.455071542504645,29.0955109837631,300.71931224381393,2016
2016,186,1.0,3.4239795108842173,0.0,296.9108796978446,2016
2016,187,1.0,3.392836049591359,0.0,293.0961475815961,2016
2016,188,1.0,3.3616365880395076,0.0,289.27455604839037,2016
2016,189,1.0,3.3303765556420966,0.0,285.44554525154877,2016
2016,190,1.0,3.2990513818125584,0.0,281.6085553443926,2016
2016,191,1.0,3.2676564959643306,0.0,277.76302648024375,2016
2016,192,4.5468241694295815,3.2361873275108444,434.447023809524,273.9083988124233,2016
2016,193,1.0,3.204639305865536,0.0,270.0441124942529,2016
2016,194,1.0,3.1730078604418397,0.0,266.16960767905414,2016
2016,195,1.0,3.141288420653188,0.0,262.2843245201483,2016
2016,196,1.0,3.109476415913018,0.0,258.3877031708571,2016
2016,197,1.0,3.077567275634762,0.0,254.4791837845018,2016
2016,198,1.0,3.0455564292318544,0.0,250.558206514404,2016
2016,199,1.0,3.0134393061177316,0.0,246.6242115138853,2016
2016,200,1.0,2.981211335705825,0.0,242.67663893626693,2016
2016,201,1.0,2.948805793326494,0.0,238.70731574201966,2016
2016,202,1.0,2.915907337977789,0.0,234.6776161202101,2016
2016,203,1.0,2.882138474574683,0.0,230.54130106705392,2016
2016,204,1.0,2.8471217080321485,0.0,226.25213157876667,2016
2016,205,1.0,2.8104795432651604,0.0,221.76386865156428,2016
2016,206,1.0,2.771834485188692,0.0,217.0302732816624,2016
2016,207,1.0,2.730809038717716,0.0,212.0051064652767,2016
2016,208,1.0,2.6870257087672065,0.0,206.64212919862283,2016
2016,209,1.0,2.6401070002521374,0.0,200.89510247791665,2016
2016,210,1.8869126521054407,2.5896754180874813,108.63706337836,194.7177872993737,2016
2016,211,1.0,2.535353467188213,0.0,188.0639446592099,2016
2017,1,71.91510444378132,78.72346196505781,8686.32179014873,9520.270844529246,2017
2017,2,28.64757970961207,69.70268901094256,3386.52500000001,8415.325187466382,2017
2017,3,93.27717489123671,63.643243693859944,11302.9409076955,7673.109656560469,2017
2017,4,69.9007908928777,59.6065507648418,8439.59049324601,7178.659087468141,2017
2017,5,68.14628152019183,56.65403497492001,8224.6823560513,6817.008315846034,2017
2017,6,24.611851593015437,54.00202598854105,2892.19260983763,6492.16632870187,2017
2017,7,12.034642538963748,51.486473123809674,1351.62257299768,6184.0387184477,2017
2017,8,39.84633737055957,49.098230612245246,4758.24987378906,5891.5052288466595,2017
2017,9,39.870699184647286,46.828152685367144,4761.23392857143,5613.445603661886,2017
2017,10,31.93370996272865,44.66709357469472,3789.03988095238,5348.739586656513,2017
2017,11,29.064573383387856,42.60590751174735,3437.60214729159,5096.26692159368,2017
2017,12,54.825798191401276,40.63544872804437,6593.06938020194,4854.90735223652,2017
2017,13,66.14786226822005,38.746571455105176,7979.89793628052,4623.5406223481705,2017
2017,14,16.03479245207341,36.93012992444913,1841.59702380952,4401.046475691769,2017
2017,15,40.15544376639971,35.17697836759558,4796.11201391732,4186.304656030449,2017
2017,16,36.400883860086076,33.47968506754496,4336.21964285714,3978.404859616964,2017
2017,17,29.239171691764778,31.837674513221913,3458.98852333197,3777.2765926625284,2017
2017,18,18.995951780211822,30.25208524503212,2204.30653397462,3583.0593138679724,2017
2017,19,30.92546652018636,28.724055803381297,3665.54112771184,3395.8924819341264,2017
2017,20,59.65509014661787,27.25472472867513,7184.60462887161,3215.91555556182,2017
2017,21,42.99961330534185,25.84523056131932,5144.49155921681,3043.267993451884,2017
2017,22,43.379833542084924,24.496711841719563,5191.06436416974,2878.089254305149,2017
2017,23,20.547179341962945,23.21030711028156,2394.31488095238,2720.518796822445,2017
2017,24,6.276687647891556,21.98715490741101,646.336309523809,2570.696079704603,2017
2017,25,23.965619284924447,20.828393773513604,2813.03624641834,2428.7605616524525,2017
2017,26,1.0,19.73516224899505,0.0,2294.8517013668243,2017
2017,27,30.10221540227426,18.708598874261035,3564.70190339746,2169.108957548548,2017
2017,28,1.6320294291402333,17.74984218971726,77.4166666666667,2051.6717888984545,2017
2017,29,60.871970481927484,16.860030735769424,7333.65911106564,1942.6796541173742,2017
2017,30,33.24511028416982,16.040303052823226,3949.67202380952,1842.272011906137,2017
2017,31,11.567476514647966,15.29101438357771,1294.39986355574,1750.4923755955315,2017
2017,32,13.547993231936891,14.609386779905288,1536.99141936144,1667.0004770361713,2017
2017,33,4.370812283196616,13.99185899597174,412.8875,1591.360102708631,2017
2017,34,47.74922284315131,13.434869785942821,5726.26658650566,1523.135039093482,2017
2017,35,1.8773575369421391,12.934857903984305,107.466666666667,1461.8890726712975,2017
2017,36,25.322550152646517,12.488262104261958,2979.24538136171,1407.1859899226502,2017
2017,37,1.0,12.091521140941547,0.0,1358.5895773281131,2017
2017,38,22.532822618233947,11.741073768188832,2637.53438395415,1315.6636213682582,2017
2017,39,47.471471948980636,11.43335874016959,5692.24515111201,1277.971908523659,2017
2017,40,3.7048682501353514,11.164814811049581,331.316666666667,1245.0782252748875,2017
2017,41,12.245094163822847,10.931880734994575,1377.40058671033,1216.5463581025167,2017
2017,42,38.60232055942699,10.730995266170337,4605.87147121026,1191.9400934871196,2017
2017,43,20.44609642518955,10.558597158742634,2381.93333333333,1170.8232179092681,2017
2017,44,1.0,10.411125166877232,0.0,1152.7595178495355,2017
2017,45,28.848446644451876,10.2850180447399,3411.12899440578,1137.3127797884945,2017
2017,46,4.865244347381401,10.176714546496402,473.45,1124.0467902067176,2017
2017,47,14.730681413607043,10.082653426312508,1681.85773809523,1112.5253355847776,2017
2017,48,4.8735325475685185,9.999273438353981,474.465213535271,1102.312202403247,2017
2017,49,64.40055689320214,9.923013336786592,7765.87220971483,1092.971177142699,2017
2017,50,29.57408304048033,9.850311875776104,3500.01148690135,1084.0660462837056,2017
2017,51,1.0,9.778203882913491,0.0,1075.2336087577487,2017
2017,52,1.0,9.706108479490533,0.0,1066.4027132999431,2017
2017,53,11.550045283976885,9.634040860224225,1292.26472915814,1057.5752210963133,2017
2017,54,1.0,9.562016219831555,0.0,1048.752993332883,2017
2017,55,9.067792975141499,9.490049753029513,988.216071428572,1039.9378911956767,2017
2017,56,1.0,9.418156654535085,0.0,1031.1317758707175,2017
2017,57,14.93602537453092,9.346352119065262,1707.01011904762,1022.3365085440299,2017
2017,58,1.0,9.274651341337037,0.0,1013.5539504016383,2017
2017,59,1.0,9.203069516067394,0.0,1004.7859626295658,2017
2017,60,1.0,9.131621837973324,0.0,996.0344064138366,2017
2017,61,1.0,9.060323501771816,0.0,987.301142940475,2017
2017,62,5.721239425685212,8.989189702179862,578.3,978.5880333955048,2017
2017,63,17.640674946177015,8.918235633914449,2038.3,969.89693896495,2017
2017,64,1.0,8.847476491692568,0.0,961.2297208348348,2017
2017,65,6.372862447461873,8.776927470231206,658.116666666667,952.5882401911826,2017
2017,66,1.0,8.706603764247353,0.0,943.974358220018,2017
2017,67,28.402339518778007,8.636520568458,3356.48576886342,935.3899361073646,2017
2017,68,1.0,8.566693077580133,0.0,926.8368350392464,2017
2017,69,18.836472099158872,8.497136486330746,2184.77202380952,918.3169162016875,2017
2017,70,1.0,8.427865989426826,0.0,909.832040780712,2017
2017,71,1.0,8.35889678158536,0.0,901.3840699623433,2017
2017,72,1.0,8.290244057523344,0.0,892.9748649326066,2017
2017,73,1.0,8.22192301195776,0.0,884.6062868775246,2017
2017,74,20.664483343116366,8.1539488396056,2408.68333333333,876.2801969831219,2017
2017,75,1.0,8.086336735183854,0.0,867.9984564354221,2017
2017,76,1.0,8.019101893409513,0.0,859.7629264204497,2017
2017,77,1.0,7.952259508999564,0.0,851.5754681242283,2017
2017,78,1.0,7.8858247766709955,0.0,843.437942732782,2017
2017,79,1.0,7.819812891140798,0.0,835.3522114321346,2017
2017,80,1.0,7.754239047125962,0.0,827.3201354083105,2017
2017,81,1.1174254892030182,7.689118439343474,14.3833333333333,819.3435758473332,2017
2017,82,1.0820481691650292,7.624466262510328,10.05,811.424393935227,2017
2017,83,1.0,7.560297711343511,0.0,803.564450858016,2017
2017,84,1.2630167678208981,7.49662798056001,32.2166666666667,795.7656078017237,2017
2017,85,1.0,7.433472264876815,0.0,788.0297259523742,2017
2017,86,1.0,7.370845759010917,0.0,780.3586664959915,2017
2017,87,9.127910427927056,7.308763657679307,995.579799426934,772.7542906186003,2017
2017,88,1.0,7.247241155598971,0.0,765.2184595062234,2017
2017,89,1.0,7.186293447486902,0.0,757.7530343448858,2017
2017,90,1.0,7.125935728060084,0.0,750.3598763206106,2017
2017,91,1.0,7.066183192035512,0.0,743.0408466194226,2017
2017,92,1.4333478728554532,7.0070510341301695,53.0803571428571,735.797806427345,2017
2017,93,1.0,6.948554449061051,0.0,728.6326169304024,2017
2017,94,1.0,6.890708631545143,0.0,721.5471393146183,2017
2017,95,4.777437644666232,6.833528776299437,462.694642857143,714.5432347660171,2017
2017,96,1.0,6.777030078040919,0.0,707.6227644706225,2017
2017,97,7.994912571203682,6.721227731486584,856.8,700.7875896144589,2017
2017,98,1.0,6.666136931353414,0.0,694.0395713835493,2017
2017,99,31.917620085442167,6.611772872358404,3787.06904761905,687.3805709639188,2017
2017,100,1.0,6.558150749218543,0.0,680.8124495415909,2017
2017,101,1.0,6.505281129881935,0.0,674.336501574194,2017
2017,102,4.196340865432342,6.453156075221163,391.516666666667,667.951754605775,2017
2017,103,51.155488402524696,6.401763019339929,6143.49672363215,661.6566694519852,2017
2017,104,1.0,6.351089396341926,0.0,655.4497069284755,2017
2017,105,1.0,6.301122640330858,0.0,649.3293278508972,2017
2017,106,1.0,6.251850185410422,0.0,643.293993034902,2017
2017,107,1.2285287403058414,6.20325946568432,27.9922619047619,637.3421632961407,2017
2017,108,1.0,6.155337915256245,0.0,631.4722994502644,2017
2017,109,8.083817525887065,6.108072968229904,867.689880952381,625.682862312925,2017
2017,110,1.0,6.06145205870899,0.0,619.9723126997729,2017
2017,111,1.0,6.015462620797204,0.0,614.3391114264599,2017
2017,112,1.0,5.970092088598247,0.0,608.7817193086372,2017
2017,113,18.63654650524639,5.9253278962158165,2160.28333333333,603.2985971619559,2017
2017,114,1.0,5.881157477753612,0.0,597.8882058020672,2017
2017,115,1.0,5.837568267315333,0.0,592.5490060446225,2017
2017,116,1.0,5.794547699004676,0.0,587.2794587052728,2017
2017,117,21.34137419438595,5.752083206925345,2491.59503172329,582.0780245996696,2017
2017,118,1.0,5.710162225181034,0.0,576.9431645434638,2017
2017,119,1.0,5.668772187875446,0.0,571.873339352307,2017
2017,120,1.0,5.627900529112278,0.0,566.8670098418502,2017
2017,121,49.3822953513645,5.587534682995229,5926.30004093328,561.9226368277446,2017
2017,122,1.0,5.547662083628004,0.0,557.0386811256421,2017
2017,123,1.0,5.508270165114292,0.0,552.2136035511928,2017
2017,124,1.0,5.469346361557799,0.0,547.4458649200487,2017
2017,125,1.0,5.430878107062223,0.0,542.733926047861,2017
2017,126,1.0,5.392852835731262,0.0,538.0762477502807,2017
2017,127,1.0,5.3552579816686166,0.0,533.4712908429591,2017
2017,128,1.0,5.318080978977985,0.0,528.9175161415475,2017
2017,129,1.0,5.281309261763066,0.0,524.413384461697,2017
2017,130,1.0,5.24493026412756,0.0,519.9573566190592,2017
2017,131,1.0,5.2089314201751655,0.0,515.547893429285,2017
2017,132,9.127667145496996,5.173300164009583,995.55,511.18345570802586,2017
2017,133,1.0,5.138023929734508,0.0,506.86250427093245,2017
2017,134,1.0,5.1030901514536415,0.0,502.5834999336566,2017
2017,135,1.0,5.068486263270684,0.0,498.34490351184957,2017
2017,136,1.0,5.034199699289333,0.0,494.145175821162,2017
2017,137,21.270251915459248,5.00021789361329,2482.88333333334,489.98277767724596,2017
2017,138,1.1585953594450307,4.966528280346251,19.4261904761905,485.8561698957521,2017
2017,139,26.71518593345453,4.933118293591918,3149.82797619048,481.76381329233175,2017
2017,140,1.0,4.8999753674539885,0.0,477.7041686826363,2017
2017,141,1.0,4.867086936036162,0.0,473.6756968823169,2017
2017,142,1.0,4.834440433442136,0.0,469.6768587070246,2017
2017,143,3.7423789003239762,4.802023293775614,335.911309523809,465.7061149724111,2017
2017,144,1.0,4.769822951140291,0.0,461.7619264941273,2017
2017,145,1.0,4.737826839639868,0.0,457.84275408782435,2017
2017,146,1.0,4.706022393378042,0.0,453.9470585691535,2017
2017,147,1.0,4.674397046458516,0.0,450.07330075376643,2017
2017,148,1.0,4.642938232984987,0.0,446.21994145731395,2017
2017,149,1.0,4.611633387061152,0.0,442.38544149544725,2017
2017,150,1.8894674657243713,4.580469942790716,108.95,438.56826168381804,2017
2017,151,1.0,4.549436388945027,0.0,434.7669920232867,2017
2017,152,1.0,4.518525432966067,0.0,430.98073925555326,2017
2017,153,1.0,4.487730836963467,0.0,427.20873930752714,2017
2017,154,1.0,4.457046363046862,0.0,423.45022810611795,2017
2017,155,1.0,4.4264657733258845,0.0,419.70444157823505,2017
2017,156,1.0,4.395982829910166,0.0,415.97061565078775,2017
2017,157,1.0,4.365591294909342,0.0,412.2479862506856,2017
2017,158,1.0,4.335284930433043,0.0,408.53578930483815,2017
2017,159,1.0,4.305057498590907,0.0,404.833260740155,2017
2017,160,1.0,4.2749027614925605,0.0,401.1396364835452,2017
2017,161,1.0,4.244814481247642,0.0,397.4541524619185,2017
2017,162,1.0,4.214786419965781,0.0,393.77604460218436,2017
2017,163,1.0,4.184812339756614,0.0,390.1045488312522,2017
2017,164,1.0,4.154886002729771,0.0,386.43890107603136,2017
2017,165,1.4245278404558723,4.1250011709948895,52.0,382.7783372634317,2017
2017,166,1.0,4.095151606661597,0.0,379.12209332036207,2017
2017,167,1.0,4.06533107183953,0.0,375.46940517373235,2017
2017,168,3.1513492581563405,4.035533328638323,263.516666666666,371.8195087504521,2017
2017,169,20.410991238382618,4.005752139167605,2377.63333333333,368.17163997743035,2017
2017,170,1.3177798767529685,3.9759812655370124,38.9245463228271,364.52503478157695,2017
2017,171,1.0,3.9462144698561774,0.0,360.8789290898012,2017
2017,172,1.0,3.9164455142347343,0.0,357.2325588290127,2017
2017,173,1.0,3.886668160782314,0.0,353.5851599261207,2017
2017,174,17.46621324745673,3.856876171608551,2016.93035714286,349.9359683080349,2017
2017,175,1.0,3.827063308823077,0.0,346.28421990166436,2017
2017,176,1.0,3.7972233345355284,0.0,342.62915063391904,2017
2017,177,1.0,3.767350010855536,0.0,338.9699964317082,2017
2017,178,1.0,3.7374370998927327,0.0,335.3059932219412,2017
2017,179,4.026665795865519,3.7074783637567528,370.733333333333,331.63637693152765,2017
2017,180,5.4459766624665455,3.6774675645572286,544.583333333333,327.9603834873769,2017
2017,181,1.0,3.647398464403793,0.0,324.2772488163984,2017
2017,182,1.0,3.617264825406081,0.0,320.58620884550186,2017
2017,183,1.0,3.5870604096737235,0.0,316.8864995015964,2017
2017,184,1.0,3.556778979316355,0.0,313.1773567115917,2017
2017,185,3.62805864566825,3.5264142964436083,321.908333333333,309.45801640239716,2017
2017,186,1.0,3.495960123165117,0.0,305.72771450092233,2017
2017,187,1.0,3.465410221590513,0.0,301.98568693407645,2017
2017,188,1.0,3.4347583538294306,0.0,298.2311696287693,2017
2017,189,1.1313042839871525,3.403998281991503,16.0833333333333,294.4633985119101,2017
2017,190,1.0,3.3731237681863617,0.0,290.68160951040824,2017
2017,191,1.0,3.3421285745236435,0.0,286.8850385511737,2017
2017,192,1.0,3.3110064631129776,0.0,283.07292156111527,2017
2017,193,1.0,3.2797511960639985,0.0,279.2444944671427,2017
2017,194,1.0,3.248356535486341,0.0,275.3989931961657,2017
2017,195,1.0,3.2168162434896352,0.0,271.5356536750933,2017
2017,196,5.574530457011188,3.185124082183518,560.329761904762,267.65371183083533,2017
2017,197,1.0,3.153273813677618,0.0,263.7524035903009,2017
2017,198,1.0,3.1212592000815724,0.0,259.8309648803998,2017
2017,199,1.0,3.089074003505013,0.0,255.88863162804137,2017
2017,200,2.084586992395436,3.0567119860575716,132.85,251.92463976013497,2017
2017,201,1.0,3.0241022161530524,0.0,247.9303009360567,2017
2017,202,1.0,2.990914987421936,0.0,243.8652297450486,2017
2017,203,1.0,2.956755899798872,0.0,239.68111650881917,2017
2017,204,1.0,2.921230553218509,0.0,235.32965154907666,2017
2017,205,1.0,2.883944547615498,0.0,230.7625251875298,2017
2017,206,1.0,2.8445034829244897,0.0,225.9314277458872,2017
2017,207,1.0,2.802512959080133,0.0,220.7880495458572,2017
2017,208,1.0167361937102797,2.7575785760170772,2.05,215.28408090914823,2017
2017,209,1.0779661706991073,2.709305933669974,9.55,209.37121215746905,2017
2017,210,1.0,2.657300631973472,0.0,203.001133612528,2017
2017,211,1.0,2.6011682708622224,0.0,196.12553559603379,2017
2017,212,1.501488090104449,2.540514450270873,61.4267857142857,188.6961084296946,2017
2017,213,1.0,2.474944770134075,0.0,180.66454243521912,2017
2017,214,1.0,2.4040648303864787,0.0,171.98252793431593,2017
2017,215,1.0,2.3274802309627334,0.0,162.6017552486934,2017
2017,216,1.0,2.244796571797489,0.0,152.4739147000601,2017
2017,217,1.0,2.155619452825396,0.0,141.55069661012465,2017
2018,1,97.85608214843108,75.82813822634222,11863.8067795743,9165.625471327014,2018
2018,2,69.16782895543521,68.58332447703243,8349.81070234683,8278.2153204178,2018
2018,3,54.72949686324568,63.312047858983114,6581.27352469641,7632.541802647517,2018
2018,4,80.20649882672379,59.43554622446727,9701.92657934235,7157.712908555758,2018
2018,5,35.538996339857064,56.375057425757944,4230.64788340838,6782.836628682126,2018
2018,6,35.66274441526357,53.64461295004892,4245.80566414245,6448.387155157838,2018
2018,7,89.32946011146993,51.12941882421684,10819.3891850866,6140.303486480605,2018
2018,8,35.83337999928728,48.80747471005911,4266.70664995225,5855.890822739763,2018
2018,9,5.379537277911687,46.65678026937313,536.445238095238,5592.454364024647,2018
2018,10,54.476420143210554,44.6553351639563,6550.27440476191,5347.299310424592,2018
2018,11,23.03201314305375,42.78113905560605,2698.67974314368,5117.730862028935,2018
2018,12,66.16809727598593,41.012191606119735,7982.37650259244,4901.05421892701,2018
2018,13,22.75233808703973,39.32649247729478,2664.42261904762,4694.574581208151,2018
2018,14,55.90250658979335,37.702041330928594,6724.95433892753,4495.597148961699,2018
2018,15,4.179385993232815,36.11683782881856,389.439880952381,4301.427122276982,2018
2018,16,3.8268649064770504,34.553225363460236,346.259917792332,4109.901760568497,2018
2018,17,24.35069318159124,33.01092225014172,2860.20357142857,3920.9865605513637,2018
2018,18,12.240400589641883,31.493990534849253,1376.8256753991,3735.179078265859,2018
2018,19,1.0,30.006492263569093,0.0,3552.976869752261,2018
2018,20,18.964457329631507,28.55248948228747,2200.44880952381,3374.877491050846,2018
2018,21,5.896221093257726,27.136044236990635,599.733333333333,3201.3784982018915,2018
2018,22,64.24023002620072,25.76121857366485,7746.23392857143,3032.977447245677,2018
2018,23,40.08914330290736,24.43207453829634,4787.99093498431,2870.171894222479,2018
2018,24,1.0,23.15267417687136,0.0,2713.4593951725747,2018
2018,25,1.0,21.92707953537615,0.0,2563.337506136241,2018
2018,26,17.165209596292783,20.759352659796967,1980.06071428571,2420.3037831537563,2018
2018,27,4.3934273149554155,19.653555596120043,415.657593123209,2284.8557822653975,2018
2018,28,23.40636171267607,18.61375039033163,2744.53333333333,2157.4910595114425,2018
2018,29,36.674510872002436,17.643999088417978,4369.73594794651,2038.7071709321688,2018
2018,30,30.927400150439286,16.748363736365324,3665.77797619048,1929.0016725678536,2018
2018,31,10.285594043663467,15.929578857543966,1137.38333333333,1828.7095135118298,2018
2018,32,32.22978605860152,15.185068884860353,3825.30595238095,1737.5152150696479,2018
2018,33,14.575774431347332,14.510930728605004,1662.88333333333,1654.9406915999157,2018
2018,34,1.0,13.903261299068411,0.0,1580.5078574612382,2018
2018,35,11.450883117634582,13.358157506541083,1280.11845238095,1513.7386270122229,2018
2018,36,1.0,12.871716261313521,0.0,1454.154914611475,2018
2018,37,1.0,12.440034473676235,0.0,1401.2786346176022,2018
2018,38,57.46849100207744,12.05920905391972,6916.77023809525,1354.6317013892096,2018
2018,39,1.0,11.725336912334487,0.0,1313.7360292849046,2018
2018,40,31.95861987241474,11.434514959211038,3792.09107142857,1278.113532663293,2018
2018,41,1.0,11.182840104839876,0.0,1247.2861258829814,2018
2018,42,12.348227868493776,10.966409259511506,1390.03333333333,1220.7757233025761,2018
2018,43,1.1157926898166495,10.78131933351643,14.1833333333333,1198.1042392806833,2018
2018,44,1.0,10.623667237145154,0.0,1178.7935881759097,2018
2018,45,10.28450551073925,10.48954988068818,1137.25,1162.3656843468614,2018
2018,46,43.96455631839382,10.375064174436014,5262.6864851958,1148.342442152145,2018
2018,47,1.0,10.276307028679161,0.0,1136.245775950367,2018
2018,48,1.0,10.18937535370812,0.0,1125.5976001001331,2018
2018,49,26.994710497452413,10.110366059813401,3184.06666666666,1115.9198289600506,2018
2018,50,2.175751624801026,10.035376057285504,144.016666666667,1106.7343768887254,2018
2018,51,3.000179248301707,9.96115467988297,245.0,1097.6430729573099,2018
2018,52,37.66546268721872,9.887060955236514,4491.11666666666,1088.5674050871455,2018
2018,53,20.013739894818745,9.813106334444878,2328.97440476191,1079.5087759121177,2018
2018,54,7.360297876368361,9.73930226860681,779.066666666666,1070.4685880661136,2018
2018,55,29.227665708273395,9.665660208821055,3457.57916666667,1061.4482441830196,2018
2018,56,1.0,9.592191606186361,0.0,1052.4491468967224,2018
2018,57,1.0,9.518907911801476,0.0,1043.4726988411085,2018
2018,58,1.2106311208415674,9.445820576765145,25.8,1034.5203026500647,2018
2018,59,1.8264686227336413,9.372941052176117,101.233333333333,1025.5933609574777,2018
2018,60,10.828268587650841,9.300280789133136,1203.85500750443,1016.6932763972338,2018
2018,61,1.0,9.227851238734953,0.0,1007.82145160322,2018
2018,62,1.0,9.155663852080309,0.0,998.9792892093224,2018
2018,63,23.864906207014652,9.083730080267957,2800.7,990.1681918494281,2018
2018,64,1.0,9.01206137439664,0.0,981.3895621574236,2018
2018,65,2.921834034887903,8.940669185565106,235.403571428571,972.6448027671956,2018
2018,66,1.083680968551398,8.8695649648721,10.25,963.9353163126302,2018
2018,67,4.175308854288874,8.798760163416372,388.940476190476,955.2625054276144,2018
2018,68,1.0,8.728266232296669,0.0,946.6277727460352,2018
2018,69,1.0,8.658094622611731,0.0,938.0325209017784,2018
2018,70,1.0,8.588256785460317,0.0,929.4781525287317,2018
2018,71,22.63921813431388,8.518764171941163,2650.56666666667,920.9660702607806,2018
2018,72,1.0,8.449628233153023,0.0,912.4976767318125,2018
2018,73,11.423655215962478,8.380860420194638,1276.78333333333,904.0743745757136,2018
2018,74,1.0,8.31247218416476,0.0,895.6975664263706,2018
2018,75,5.2787507919792835,8.244474976162131,524.1,887.3686549176703,2018
2018,76,1.0593250443713975,8.176880247285503,7.26666666666667,879.0890426834991,2018
2018,77,9.908009185565698,8.109699448633622,1091.13333333333,870.8601323577441,2018
2018,78,2.2489554639565528,8.042944031305229,152.983333333333,862.683326574291,2018
2018,79,1.0,7.976625446399076,0.0,854.560027967027,2018
2018,80,1.0,7.910755145013909,0.0,846.4916391698389,2018
2018,81,1.0,7.845344578248476,0.0,838.4795628166129,2018
2018,82,1.0,7.780405197201522,0.0,830.5252015412359,2018
2018,83,1.0,7.715948452971795,0.0,822.6299579775947,2018
2018,84,1.0,7.6519857966580425,0.0,814.7952347595756,2018
2018,85,1.0,7.588528679359008,0.0,807.0224345210648,2018
2018,86,1.0,7.52558855217344,0.0,799.3129598959497,2018
2018,87,1.8203456250347583,7.463176866200088,100.483333333333,791.6682135181168,2018
2018,88,1.3452107226454242,7.4013050725376965,42.2845238095238,784.0895980214522,2018
2018,89,1.0,7.339984622285014,0.0,776.5785160398432,2018
2018,90,1.0,7.279226966540784,0.0,769.1363702071758,2018
2018,91,2.3982205411937674,7.219043556403756,171.266666666667,761.7645631573371,2018
2018,92,15.263863306086279,7.159445842972676,1747.16666666667,754.4644975242132,2018
2018,93,1.0,7.100445277346291,0.0,747.2375759416911,2018
2018,94,1.0,7.04205331062335,0.0,740.0852010436578,2018
2018,95,2.050978538359343,6.984281393902597,128.733333333333,733.0087754639991,2018
2018,96,1.0,6.927140978282779,0.0,726.0097018366021,2018
2018,97,1.0,6.870643514862644,0.0,719.0893827953532,2018
2018,98,1.0,6.814800454740938,0.0,712.2492209741392,2018
2018,99,1.0,6.759623249016409,0.0,705.4906190068466,2018
2018,100,1.0,6.705123348787804,0.0,698.8149795273623,2018
2018,101,1.0,6.651308520584452,0.0,692.2232538502682,2018
2018,102,5.588438408927218,6.598171792658028,562.033333333333,685.71458801293,2018
2018,103,1.0,6.545702508690781,0.0,679.2876767334084,2018
2018,104,1.0,6.493890012364971,0.0,672.9412147297645,2018
2018,105,13.26327585793798,6.442723647362849,1502.11666666667,666.6738967200594,2018
2018,106,1.0,6.392192757366672,0.0,660.484417422354,2018
2018,107,1.0,6.342286686058695,0.0,654.3714715547094,2018
2018,108,1.0,6.2929947771211685,0.0,648.333753835186,2018
2018,109,1.0,6.244306374236355,0.0,642.369958981846,2018
2018,110,1.0,6.1962108210865035,0.0,636.4787817127494,2018
2018,111,1.0,6.148697461353871,0.0,630.6589167459578,2018
2018,112,5.104993723946538,6.101755638720712,502.816666666666,624.9090587995317,2018
2018,113,1.0,6.055374696869281,0.0,619.2279025915324,2018
2018,114,1.0,6.009543979481834,0.0,613.614142840021,2018
2018,115,21.010636813026537,5.964252830240625,2451.08333333333,608.0664742630584,2018
2018,116,1.0,5.9194905928279065,0.0,602.5835915787052,2018
2018,117,1.0,5.875246610925939,0.0,597.1641895050232,2018
2018,118,1.6336622285266023,5.831510228216973,77.6166666666667,591.8069627600727,2018
2018,119,1.0,5.788270788383263,0.0,586.5106060619149,2018
2018,120,42.29515357826167,5.745517635107066,5058.20297619047,581.273814128611,2018
2018,121,1.0,5.703240112070637,0.0,576.095281678222,2018
2018,122,1.0,5.6614275629562325,0.0,570.9737034288091,2018
2018,123,1.0,5.620069331446101,0.0,565.9077740984325,2018
2018,124,1.0,5.579154761222501,0.0,560.8961884051537,2018
2018,125,1.0,5.53867319596769,0.0,555.937641067034,2018
2018,126,2.073293463306388,5.4986139793639195,131.466666666667,551.0308268021339,2018
2018,127,1.0,5.458966455093445,0.0,546.1744403285147,2018
2018,128,1.0,5.419719966838524,0.0,541.3671763642376,2018
2018,129,1.0,5.380863858281405,0.0,536.6077296273629,2018
2018,130,1.0,5.34238747310435,0.0,531.8947948359523,2018
2018,131,5.682052240412363,5.304280154989609,573.5,527.2270667080664,2018
2018,132,1.0,5.26653124761944,0.0,522.6032399617666,2018
2018,133,1.0,5.229130094676095,0.0,518.0220093151135,2018
2018,134,1.0,5.19206603984183,0.0,513.482069486168,2018
2018,135,1.0,5.155328426798902,0.0,508.9821151929918,2018
2018,136,1.0,5.118906599229562,0.0,504.5208411536451,2018
2018,137,1.4877988166776612,5.082789900816067,59.75,500.09694208618936,2018
2018,138,1.4205819086054816,5.046967675240673,51.5166666666667,495.70911270868567,2018
2018,139,1.0,5.011429266185632,0.0,491.35604773919465,2018
2018,140,1.0,4.976164017333201,0.0,487.03644189577767,2018
2018,141,48.48781252477421,4.941161272365635,5816.73571428571,482.7489898964955,2018
2018,142,1.514195740090622,4.906410374965187,62.9833333333333,478.4923864594092,2018
2018,143,1.0,4.8719006688141135,0.0,474.2653263025798,2018
2018,144,1.0,4.837621497594669,0.0,470.0665041440684,2018
2018,145,1.0,4.803562204989107,0.0,465.8946147019358,2018
2018,146,1.0,4.769712134679684,0.0,461.7483526942431,2018
2018,147,1.0,4.736060630348654,0.0,457.62641283905145,2018
2018,148,1.0,4.702597035678274,0.0,453.5274898544217,2018
2018,149,1.1625996055592207,4.669310694350794,19.9166666666667,449.4502784584147,2018
2018,150,11.583261355980024,4.636190950048475,1296.33333333333,445.3934733690918,2018
2018,151,1.0,4.6032278707621685,0.0,441.35585802436606,2018
2018,152,1.0,4.570414421717146,0.0,437.3365707415606,2018
2018,153,1.0,4.537744292447277,0.0,433.3348385578505,2018
2018,154,1.0,4.50521117248643,0.0,429.34988851041095,2018
2018,155,1.1138877571992196,4.472808751368475,13.95,425.38094763641703,2018
2018,156,13.500576035423517,4.440530718627281,1531.18333333333,421.42724297304403,2018
2018,157,1.0,4.408370763796721,0.0,417.4880015574672,2018
2018,158,1.0,4.376322576410663,0.0,413.5624504268619,2018
2018,159,9.17134452908236,4.344379846002978,1000.9,409.6498166184031,2018
2018,160,1.0,4.312536262107534,0.0,405.74932716926605,2018
2018,161,1.0,4.280785514258203,0.0,401.86020911662604,2018
2018,162,1.0,4.249121291988852,0.0,397.981689497658,2018
2018,163,1.0,4.217537284833354,0.0,394.1129953495374,2018
2018,164,18.43394331472111,4.186027182325578,2135.46666666666,390.2533537094394,2018
2018,165,1.0,4.154584673999394,0.0,386.4019916145393,2018
2018,166,1.0,4.123203449388671,0.0,382.55813610201204,2018
2018,167,1.0,4.09187719802728,0.0,378.721014209033,2018
2018,168,1.0,4.060599609449091,0.0,374.8898529727774,2018
2018,169,1.0,4.029364373187973,0.0,371.0638794304204,2018
2018,170,1.0,3.998165178777796,0.0,367.2423206191371,2018
2018,171,2.616199259273994,3.9669957157524305,197.966666666667,363.42440357610286,2018
2018,172,1.0,3.9358496736457473,0.0,359.6093553384929,2018
2018,173,1.0,3.904720741991614,0.0,355.7964029434823,2018
2018,174,1.0,3.873602610323903,0.0,351.9847734282463,2018
2018,175,1.0,3.842488968176482,0.0,348.17369382996003,2018
2018,176,1.0,3.8113735050832225,0.0,344.3623911857989,2018
2018,177,1.0,3.7802499105779943,0.0,340.55009253293804,2018
2018,178,1.160966806172852,3.749111874194666,19.7166666666667,336.73602490855245,2018
2018,179,1.0,3.717953085467109,0.0,332.91941534981754,2018
2018,180,1.0,3.686767233929193,0.0,329.0994908939085,2018
2018,181,1.0,3.6555480091147867,0.0,325.2754785780004,2018
2018,182,9.106455332040156,3.6242891005577618,992.951785714286,321.44660543926864,2018
2018,183,6.685271396720428,3.5929841977919876,696.383333333334,317.6120985148883,2018
2018,184,1.0,3.561626990351333,0.0,313.7711848420346,2018
2018,185,1.0,3.530211167769669,0.0,309.92309145788266,2018
2018,186,1.0,3.4987304195808657,0.0,306.06704539960793,2018
2018,187,1.0,3.4671784353187918,0.0,302.2022737043853,2018
2018,188,1.0,3.4355489045173186,0.0,298.3280034093902,2018
2018,189,1.0,3.4038355167103163,0.0,294.44346155179784,2018
2018,190,1.0,3.3720319614316527,0.0,290.5478751687832,2018
2018,191,1.0,3.3401319282152,0.0,286.64047129752174,2018
2018,192,1.0,3.308129106594827,0.0,282.72047697518855,2018
2018,193,2.4731932463511956,3.2760171861044034,180.45,278.7871192389588,2018
2018,194,1.0,3.2437898562778003,0.0,274.8396251260078,2018
2018,195,1.0,3.211440806648885,0.0,270.87722167351046,2018
2018,196,1.0,3.178963726751532,0.0,266.89913591864246,2018
2018,197,1.0,3.1463523061196064,0.0,262.9045948985785,2018
2018,198,1.0,3.113600234286981,0.0,258.8928256504942,2018
2018,199,1.0,3.080701200787525,0.0,254.86305521156464,2018
2018,200,8.539315099942124,3.047648895155108,923.483333333333,250.81451061896482,2018
2018,201,1.0,3.01437978363815,0.0,246.73940968559825,2018
2018,202,1.0,2.980601439343265,0.0,242.6019333272801,2018
2018,203,1.0,2.94596421209162,0.0,238.35925323555418,2018
2018,204,3.2456434227191435,2.9101184517043768,275.066666666667,233.9685411019635,2018
2018,205,1.0,2.8727145080027023,0.0,229.38696861805184,2018
2018,206,1.0,2.8334027308077614,0.0,224.5717074753626,2018
2018,207,1.0,2.791833469940717,0.0,219.4799293654391,2018
2018,208,1.0,2.7476570752227345,0.0,214.06880597982482,2018
2018,209,1.0,2.700523896474979,0.0,208.29550901006337,2018
2018,210,1.0,2.6500842835186154,0.0,202.11721014769805,2018
2018,211,1.0,2.5959885861748084,0.0,195.49108108427245,2018
2018,212,1.0,2.5378871542647214,0.0,188.37429351132982,2018
2018,213,1.0,2.47543033760952,0.0,180.72401912041374,2018
2018,214,1.0,2.4082684860303694,0.0,172.4974296030677,2018
2018,215,1.0,2.3360519493484335,0.0,163.65169665083505,2018
2018,216,1.0,2.2584310773848775,0.0,154.14399195525937,2018
2018,217,1.0,2.1750562199608656,0.0,143.93148720788398,2018
